faixa_id,capa,concello,parroquia,codparro,bloque,px_medidos,ha_medida,ha_poligono_en_bloque,h_mediana,h_p90,h_max,ha_sobre_2m,pct_sobre_2m,ha_sobre_3m,pct_sobre_3m,ha_sobre_5m,pct_sobre_5m,ha_sobre_5.5m,pct_sobre_5.5m,ha_sobre_8m,pct_sobre_8m,ha_sobre_10m,pct_sobre_10m,ha_sobre_35m,pct_sobre_35m
ill-26,illadas,Covelo,Casteláns (Santo Estevo),3601303.0,PNOA-2024-GAL-548-4677-H29-NPC01_chm.tif,241,0.0241,0.0243,17.99,19.91,21.18,0.0209,86.72,0.0209,86.72,0.0209,86.72,0.0209,86.72,0.0209,86.72,0.0209,86.72,0.0,0.0
nuc-16,nucleos,Covelo,Barcia de Mera (San Martiño),3601301.0,PNOA-2024-GAL-548-4679-H29-NPC01_chm.tif,15001,1.5001,1.5012,15.25,21.67,173.05,1.4372,95.81,1.398,93.19,1.331,88.73,1.3189,87.92,1.2454,83.02,1.1647,77.64,0.0092,0.61
nuc-16,nucleos,Covelo,Barcia de Mera (San Martiño),3601301.0,PNOA-2024-GAL-548-4680-H29-NPC01_chm.tif,9321,0.9321,0.9366,19.24,30.37,37.85,0.9179,98.48,0.9156,98.23,0.9068,97.29,0.9034,96.92,0.879,94.3,0.8493,91.12,0.0068,0.73
nuc-18,nucleos,Covelo,Barcia de Mera (San Martiño),3601301.0,PNOA-2024-GAL-548-4680-H29-NPC01_chm.tif,69749,6.9749,6.972,5.93,23.1,41.94,4.5967,65.9,4.2377,60.76,3.7126,53.23,3.5955,51.55,3.0428,43.62,2.6659,38.22,0.0644,0.92
ill-20,illadas,Covelo,Barcia de Mera (San Martiño),3601301.0,PNOA-2024-GAL-548-4680-H29-NPC01_chm.tif,13097,1.3097,1.3103,2.15,14.86,34.95,0.6677,50.98,0.5926,45.25,0.4947,37.77,0.4789,36.57,0.3707,28.3,0.2877,21.97,0.0,0.0
ill-36,illadas,Covelo,Barcia de Mera (San Martiño),3601301.0,PNOA-2024-GAL-548-4680-H29-NPC01_chm.tif,3080,0.308,0.3079,15.23,23.66,32.05,0.2735,88.8,0.2657,86.27,0.2535,82.31,0.2522,81.88,0.2424,78.7,0.2235,72.56,0.0,0.0
nuc-18,nucleos,Covelo,Barcia de Mera (San Martiño),3601301.0,PNOA-2024-GAL-548-4681-H29-NPC01_chm.tif,11800,1.18,1.1869,16.79,26.0,39.8,1.0964,92.92,1.067,90.42,1.0145,85.97,0.9994,84.69,0.9322,79.0,0.8755,74.19,0.0223,1.89
ill-20,illadas,Covelo,Barcia de Mera (San Martiño),3601301.0,PNOA-2024-GAL-548-4681-H29-NPC01_chm.tif,813,0.0813,0.0817,18.28,23.5,26.62,0.0812,99.88,0.0812,99.88,0.081,99.63,0.0809,99.51,0.0789,97.05,0.0757,93.11,0.0,0.0
nuc-13,nucleos,Covelo,Paraños (Santa María),3601311.0,PNOA-2024-GAL-549-4673-H29-NPC01_chm.tif,21738,2.1738,2.1855,17.88,26.78,39.4,1.8891,86.9,1.8372,84.52,1.7419,80.13,1.7257,79.39,1.6418,75.53,1.5456,71.1,0.0166,0.76
ill-43,illadas,Covelo,Paraños (Santa María),3601311.0,PNOA-2024-GAL-549-4673-H29-NPC01_chm.tif,12235,1.2235,1.2244,1.21,19.88,40.24,0.538,43.97,0.4659,38.08,0.3588,29.33,0.3388,27.69,0.2791,22.81,0.2533,20.7,0.0094,0.77
ill-43,illadas,Covelo,Paraños (Santa María),3601311.0,PNOA-2024-GAL-549-4674-H29-NPC01_chm.tif,8659,0.8659,0.8655,10.37,17.23,28.27,0.6576,75.94,0.6375,73.62,0.5982,69.08,0.584,67.44,0.5194,59.98,0.4473,51.66,0.0,0.0
nuc-41,nucleos,Covelo,Covelo (Santa Mariña),3601304.0,PNOA-2024-GAL-549-4675-H29-NPC01_chm.tif,6647,0.6647,0.6653,0.31,10.29,19.96,0.1599,24.06,0.1436,21.6,0.1236,18.59,0.1195,17.98,0.087,13.09,0.0695,10.46,0.0,0.0
ill-21,illadas,Covelo,Covelo (Santa Mariña),3601304.0,PNOA-2024-GAL-549-4675-H29-NPC01_chm.tif,4445,0.4445,0.4437,0.4,9.3,18.3,0.1129,25.4,0.0959,21.57,0.0756,17.01,0.072,16.2,0.0504,11.34,0.0383,8.62,0.0,0.0
nuc-42,nucleos,Covelo,Casteláns (Santo Estevo),3601303.0,PNOA-2024-GAL-549-4676-H29-NPC01_chm.tif,15816,1.5816,1.5817,2.95,16.47,23.49,0.9136,57.76,0.7853,49.65,0.6297,39.81,0.6063,38.33,0.4665,29.5,0.3988,25.21,0.0,0.0
ill-11,illadas,Covelo,Casteláns (Santo Estevo),3601303.0,PNOA-2024-GAL-549-4676-H29-NPC01_chm.tif,24738,2.4738,2.4979,1.53,9.05,22.25,1.099,44.43,0.8336,33.7,0.4815,19.46,0.431,17.42,0.288,11.64,0.2155,8.71,0.0,0.0
nuc-20,nucleos,Covelo,Casteláns (Santo Estevo),3601303.0,PNOA-2024-GAL-549-4677-H29-NPC01_chm.tif,123952,12.3952,12.3947,11.33,20.82,33.73,9.0344,72.89,8.716,70.32,8.1567,65.81,8.0239,64.73,7.3671,59.44,6.7364,54.35,0.0,0.0
nuc-42,nucleos,Covelo,Casteláns (Santo Estevo),3601303.0,PNOA-2024-GAL-549-4677-H29-NPC01_chm.tif,4766,0.4766,0.4826,20.27,23.11,25.98,0.4765,99.98,0.4765,99.98,0.4764,99.96,0.4763,99.94,0.4762,99.92,0.476,99.87,0.0,0.0
ill-11,illadas,Covelo,Casteláns (Santo Estevo),3601303.0,PNOA-2024-GAL-549-4677-H29-NPC01_chm.tif,26609,2.6609,2.685,2.34,15.92,24.61,1.4145,53.16,1.2052,45.29,0.8788,33.03,0.824,30.97,0.6297,23.66,0.5024,18.88,0.0,0.0
nuc-18,nucleos,Covelo,Barcia de Mera (San Martiño),3601301.0,PNOA-2024-GAL-549-4678-H29-NPC01_chm.tif,62326,6.2326,6.2324,6.03,22.8,40.0,4.0613,65.16,3.725,59.77,3.2838,52.69,3.1977,51.31,2.8981,46.5,2.6934,43.21,0.0478,0.77
ill-20,illadas,Covelo,Barcia de Mera (San Martiño),3601301.0,PNOA-2024-GAL-549-4678-H29-NPC01_chm.tif,29204,2.9204,2.918,6.08,19.83,27.05,1.9051,65.23,1.7547,60.08,1.5498,53.07,1.5046,51.52,1.3079,44.78,1.1342,38.84,0.0,0.0
nuc-18,nucleos,Covelo,Barcia de Mera (San Martiño),3601301.0,PNOA-2024-GAL-549-4679-H29-NPC01_chm.tif,166713,16.6713,16.672,6.69,23.29,46.51,11.5482,69.27,10.5729,63.42,9.2676,55.59,8.9669,53.79,7.7144,46.27,6.8358,41.0,0.1807,1.08
ill-20,illadas,Covelo,Barcia de Mera (San Martiño),3601301.0,PNOA-2024-GAL-549-4679-H29-NPC01_chm.tif,136102,13.6102,13.6121,8.77,22.82,46.85,10.1379,74.49,9.379,68.91,8.3551,61.39,8.1329,59.76,7.0966,52.14,6.3396,46.58,0.1224,0.9
nuc-18,nucleos,Covelo,Barcia de Mera (San Martiño),3601301.0,PNOA-2024-GAL-549-4680-H29-NPC01_chm.tif,156313,15.6313,15.6304,3.49,16.55,44.68,9.1789,58.72,8.1546,52.17,6.8634,43.91,6.5768,42.07,5.28,33.78,4.2932,27.47,0.0153,0.1
ill-20,illadas,Covelo,Barcia de Mera (San Martiño),3601301.0,PNOA-2024-GAL-549-4680-H29-NPC01_chm.tif,38489,3.8489,3.847,2.59,16.16,34.84,2.1554,56.0,1.7992,46.75,1.3952,36.25,1.3291,34.53,1.0603,27.55,0.8845,22.98,0.0,0.0
nuc-18,nucleos,Covelo,Barcia de Mera (San Martiño),3601301.0,PNOA-2024-GAL-549-4681-H29-NPC01_chm.tif,98063,9.8063,9.8087,2.28,24.08,38.97,5.1624,52.64,4.5093,45.98,3.9115,39.89,3.8051,38.8,3.4494,35.18,3.2046,32.68,0.0627,0.64
ill-20,illadas,Covelo,Barcia de Mera (San Martiño),3601301.0,PNOA-2024-GAL-549-4681-H29-NPC01_chm.tif,1087,0.1087,0.1152,1.0,11.83,18.09,0.0447,41.12,0.0397,36.52,0.033,30.36,0.0306,28.15,0.0151,13.89,0.0125,11.5,0.0,0.0
nuc-18,nucleos,Covelo,Barcia de Mera (San Martiño),3601301.0,PNOA-2024-GAL-549-4682-H29-NPC01_chm.tif,25911,2.5911,2.6016,6.39,27.27,36.19,1.7859,68.92,1.6183,62.46,1.4057,54.25,1.3633,52.61,1.1774,45.44,1.023,39.48,0.0034,0.13
nuc-24,nucleos,A Cañiza,A Franqueira (Santa María),3600904.0,PNOA-2024-GAL-550-4670-H29-NPC01_chm.tif,74158,7.4158,7.4136,1.54,19.67,40.68,3.5061,47.28,3.1384,42.32,2.5373,34.21,2.4255,32.71,1.974,26.62,1.7311,23.34,0.1135,1.53
nuc-13,nucleos,Covelo,Paraños (Santa María),3601311.0,PNOA-2024-GAL-550-4673-H29-NPC01_chm.tif,157503,15.7503,15.7494,1.04,15.51,36.35,6.9826,44.33,6.4266,40.8,5.5551,35.27,5.3303,33.84,4.4222,28.08,3.6933,23.45,0.0035,0.02
ill-43,illadas,Covelo,Paraños (Santa María),3601311.0,PNOA-2024-GAL-550-4673-H29-NPC01_chm.tif,32543,3.2543,3.2554,3.18,14.76,27.23,1.849,56.82,1.6626,51.09,1.3076,40.18,1.2296,37.78,0.8413,25.85,0.6699,20.59,0.0,0.0
nuc-13,nucleos,Covelo,Paraños (Santa María),3601311.0,PNOA-2024-GAL-550-4674-H29-NPC01_chm.tif,44534,4.4534,4.4527,0.92,14.38,33.35,1.9143,42.99,1.6628,37.34,1.342,30.13,1.2752,28.63,0.9658,21.69,0.7848,17.62,0.0,0.0
nuc-41,nucleos,Covelo,Covelo (Santa Mariña),3601304.0,PNOA-2024-GAL-550-4674-H29-NPC01_chm.tif,68,0.0068,0.0067,11.65,13.52,14.81,0.0068,100.0,0.0068,100.0,0.0068,100.0,0.0068,100.0,0.0068,100.0,0.0058,85.29,0.0,0.0
ill-43,illadas,Covelo,Paraños (Santa María),3601311.0,PNOA-2024-GAL-550-4674-H29-NPC01_chm.tif,27847,2.7847,2.7848,1.05,11.99,22.66,1.1461,41.16,0.9434,33.88,0.6743,24.21,0.6224,22.35,0.4699,16.87,0.3739,13.43,0.0,0.0
nuc-41,nucleos,Covelo,Covelo (Santa Mariña),3601304.0,PNOA-2024-GAL-550-4675-H29-NPC01_chm.tif,89496,8.9496,8.9498,3.36,16.78,31.24,5.0871,56.84,4.6094,51.5,3.9928,44.61,3.859,43.12,3.2128,35.9,2.719,30.38,0.0,0.0
ill-21,illadas,Covelo,Covelo (Santa Mariña),3601304.0,PNOA-2024-GAL-550-4675-H29-NPC01_chm.tif,15473,1.5473,1.5463,0.63,10.72,19.33,0.5981,38.65,0.5145,33.25,0.4184,27.04,0.3989,25.78,0.2755,17.81,0.1821,11.77,0.0,0.0
nuc-41,nucleos,Covelo,Covelo (Santa Mariña),3601304.0,PNOA-2024-GAL-550-4676-H29-NPC01_chm.tif,14070,1.407,1.4117,6.59,34.51,46.26,0.903,64.18,0.8474,60.23,0.7736,54.98,0.7526,53.49,0.6269,44.56,0.5248,37.3,0.1325,9.42
ill-11,illadas,Covelo,Casteláns (Santo Estevo),3601303.0,PNOA-2024-GAL-550-4676-H29-NPC01_chm.tif,17600,1.76,1.7592,2.12,10.95,25.46,0.9076,51.57,0.7423,42.18,0.4978,28.28,0.4575,25.99,0.2974,16.9,0.2131,12.11,0.0,0.0
ill-21,illadas,Covelo,Covelo (Santa Mariña),3601304.0,PNOA-2024-GAL-550-4676-H29-NPC01_chm.tif,1052,0.1052,0.1061,0.34,3.47,10.49,0.0147,13.97,0.0125,11.88,0.0052,4.94,0.0037,3.52,0.0012,1.14,0.0002,0.19,0.0,0.0
nuc-20,nucleos,Covelo,Casteláns (Santo Estevo),3601303.0,PNOA-2024-GAL-550-4677-H29-NPC01_chm.tif,16513,1.6513,1.6497,7.25,20.36,26.42,1.0238,62.0,0.9834,59.55,0.8995,54.47,0.8819,53.41,0.7942,48.1,0.71,43.0,0.0,0.0
ill-11,illadas,Covelo,Casteláns (Santo Estevo),3601303.0,PNOA-2024-GAL-550-4677-H29-NPC01_chm.tif,6254,0.6254,0.6254,10.12,17.9,23.27,0.4277,68.39,0.4173,66.73,0.3963,63.37,0.3914,62.58,0.3511,56.14,0.3151,50.38,0.0,0.0
nuc-18,nucleos,Covelo,Barcia de Mera (San Martiño),3601301.0,PNOA-2024-GAL-550-4678-H29-NPC01_chm.tif,73617,7.3617,7.3651,10.98,22.4,38.53,5.3083,72.11,5.052,68.63,4.7081,63.95,4.6302,62.9,4.2396,57.59,3.9017,53.0,0.0122,0.17
nuc-20,nucleos,Covelo,Casteláns (Santo Estevo),3601303.0,PNOA-2024-GAL-550-4678-H29-NPC01_chm.tif,73710,7.371,7.3792,5.35,19.35,42.37,4.1845,56.77,4.0211,54.55,3.738,50.71,3.66,49.65,3.2,43.41,2.7877,37.82,0.0095,0.13
ill-11,illadas,Covelo,Casteláns (Santo Estevo),3601303.0,PNOA-2024-GAL-550-4678-H29-NPC01_chm.tif,15370,1.537,1.5381,14.03,21.41,28.71,1.3693,89.09,1.312,85.36,1.1876,77.27,1.1614,75.56,1.0337,67.25,0.9511,61.88,0.0,0.0
ill-20,illadas,Covelo,Barcia de Mera (San Martiño),3601301.0,PNOA-2024-GAL-550-4678-H29-NPC01_chm.tif,19183,1.9183,1.9168,3.65,16.55,23.54,1.1026,57.48,1.0225,53.3,0.8434,43.97,0.8031,41.87,0.6172,32.17,0.4775,24.89,0.0,0.0
nuc-18,nucleos,Covelo,Barcia de Mera (San Martiño),3601301.0,PNOA-2024-GAL-550-4679-H29-NPC01_chm.tif,92215,9.2215,9.2181,5.88,21.32,42.95,6.0048,65.12,5.5189,59.85,4.8308,52.39,4.6963,50.93,4.0906,44.36,3.5375,38.36,0.0295,0.32
nuc-5,nucleos,Covelo,O Piñeiro (San Xoán),3601312.0,PNOA-2024-GAL-550-4681-H29-NPC01_chm.tif,5227,0.5227,0.5286,0.4,9.12,15.73,0.1614,30.88,0.1321,25.27,0.1028,19.67,0.0997,19.07,0.0637,12.19,0.0434,8.3,0.0,0.0
ill-30,illadas,Covelo,O Piñeiro (San Xoán),3601312.0,PNOA-2024-GAL-550-4681-H29-NPC01_chm.tif,31341,3.1341,3.1333,0.57,15.17,27.98,0.8672,27.67,0.7393,23.59,0.6449,20.58,0.633,20.2,0.5821,18.57,0.5406,17.25,0.0,0.0
nuc-5,nucleos,Covelo,O Piñeiro (San Xoán),3601312.0,PNOA-2024-GAL-550-4682-H29-NPC01_chm.tif,103587,10.3587,10.3689,3.05,24.51,41.62,5.6435,54.48,5.1975,50.18,4.5776,44.19,4.4789,43.24,3.998,38.6,3.6191,34.94,0.0165,0.16
ill-30,illadas,Covelo,O Piñeiro (San Xoán),3601312.0,PNOA-2024-GAL-550-4682-H29-NPC01_chm.tif,1067,0.1067,0.1076,0.51,2.09,6.21,0.0112,10.5,0.0062,5.81,0.0011,1.03,0.0004,0.37,0.0,0.0,0.0,0.0,0.0,0.0
nuc-24,nucleos,A Cañiza,A Franqueira (Santa María),3600904.0,PNOA-2024-GAL-551-4670-H29-NPC01_chm.tif,156301,15.6301,15.6295,0.68,11.86,34.96,5.9882,38.31,5.4429,34.82,4.4494,28.47,4.1911,26.81,3.0484,19.5,2.2792,14.58,0.0,0.0
ill-27,illadas,A Cañiza,A Franqueira (Santa María),3600904.0,PNOA-2024-GAL-551-4670-H29-NPC01_chm.tif,141,0.0141,0.0141,2.52,11.71,14.73,0.0076,53.9,0.0065,46.1,0.0051,36.17,0.005,35.46,0.004,28.37,0.0031,21.99,0.0,0.0
ill-47,illadas,A Cañiza,A Franqueira (Santa María),3600904.0,PNOA-2024-GAL-551-4670-H29-NPC01_chm.tif,4787,0.4787,0.4791,1.86,7.21,16.3,0.2325,48.57,0.1747,36.49,0.0913,19.07,0.0775,16.19,0.0343,7.17,0.0133,2.78,0.0,0.0
nuc-13,nucleos,Covelo,Paraños (Santa María),3601311.0,PNOA-2024-GAL-551-4673-H29-NPC01_chm.tif,33635,3.3635,3.3649,0.42,13.84,40.6,1.1993,35.66,1.0996,32.69,0.9702,28.84,0.939,27.92,0.7806,23.21,0.6556,19.49,0.0088,0.26
ill-43,illadas,Covelo,Paraños (Santa María),3601311.0,PNOA-2024-GAL-551-4673-H29-NPC01_chm.tif,23874,2.3874,2.3882,1.15,13.15,30.74,1.0308,43.18,0.8438,35.34,0.6128,25.67,0.573,24.0,0.4442,18.61,0.365,15.29,0.0,0.0
ill-43,illadas,Covelo,Paraños (Santa María),3601311.0,PNOA-2024-GAL-551-4674-H29-NPC01_chm.tif,36816,3.6816,3.6796,1.44,13.46,22.98,1.7197,46.71,1.4831,40.28,0.9914,26.93,0.903,24.53,0.6686,18.16,0.5532,15.03,0.0,0.0
nuc-41,nucleos,Covelo,Covelo (Santa Mariña),3601304.0,PNOA-2024-GAL-551-4675-H29-NPC01_chm.tif,99595,9.9595,9.9598,10.73,26.23,43.2,7.305,73.35,7.0225,70.51,6.5096,65.36,6.3722,63.98,5.6947,57.18,5.1681,51.89,0.1581,1.59
ill-21,illadas,Covelo,Covelo (Santa Mariña),3601304.0,PNOA-2024-GAL-551-4675-H29-NPC01_chm.tif,6762,0.6762,0.6758,8.22,19.27,36.75,0.4477,66.21,0.4343,64.23,0.4103,60.68,0.3974,58.77,0.3424,50.64,0.2923,43.23,0.0011,0.16
nuc-41,nucleos,Covelo,Covelo (Santa Mariña),3601304.0,PNOA-2024-GAL-551-4676-H29-NPC01_chm.tif,95023,9.5023,9.4995,3.7,18.16,53.48,5.3874,56.7,4.984,52.45,4.3297,45.56,4.1786,43.97,3.4622,36.44,2.8511,30.0,0.1471,1.55
ill-21,illadas,Covelo,Covelo (Santa Mariña),3601304.0,PNOA-2024-GAL-551-4676-H29-NPC01_chm.tif,9563,0.9563,0.9555,5.91,18.07,26.9,0.5752,60.15,0.5421,56.69,0.5037,52.67,0.4897,51.21,0.4221,44.14,0.3715,38.85,0.0,0.0
nuc-41,nucleos,Covelo,Covelo (Santa Mariña),3601304.0,PNOA-2024-GAL-551-4677-H29-NPC01_chm.tif,64662,6.4662,6.4689,13.54,26.4,39.81,5.5852,86.38,5.426,83.91,5.165,79.88,5.0979,78.84,4.737,73.26,4.3286,66.94,0.0501,0.77
ill-21,illadas,Covelo,Covelo (Santa Mariña),3601304.0,PNOA-2024-GAL-551-4677-H29-NPC01_chm.tif,12822,1.2822,1.283,6.98,16.89,25.62,0.9187,71.65,0.8317,64.87,0.7251,56.55,0.7045,54.94,0.6004,46.83,0.5166,40.29,0.0,0.0
nuc-20,nucleos,Covelo,Casteláns (Santo Estevo),3601303.0,PNOA-2024-GAL-551-4679-H29-NPC01_chm.tif,101048,10.1048,10.1037,3.11,20.29,42.06,5.7062,56.47,5.1095,50.57,4.2696,42.25,4.0978,40.55,3.3549,33.2,2.7893,27.6,0.0614,0.61
ill-11,illadas,Covelo,Casteláns (Santo Estevo),3601303.0,PNOA-2024-GAL-551-4679-H29-NPC01_chm.tif,8501,0.8501,0.85,0.6,13.99,26.55,0.2981,35.07,0.2604,30.63,0.2205,25.94,0.21,24.7,0.1624,19.1,0.1372,16.14,0.0,0.0
nuc-5,nucleos,Covelo,O Piñeiro (San Xoán),3601312.0,PNOA-2024-GAL-551-4681-H29-NPC01_chm.tif,46614,4.6614,4.6611,0.81,14.95,28.25,1.693,36.32,1.4668,31.47,1.128,24.2,1.0725,23.01,0.8639,18.53,0.7251,15.56,0.0,0.0
ill-30,illadas,Covelo,O Piñeiro (San Xoán),3601312.0,PNOA-2024-GAL-551-4681-H29-NPC01_chm.tif,15462,1.5462,1.546,0.39,2.65,15.99,0.2044,13.22,0.1323,8.56,0.067,4.33,0.0568,3.67,0.0152,0.98,0.0078,0.5,0.0,0.0
nuc-5,nucleos,Covelo,O Piñeiro (San Xoán),3601312.0,PNOA-2024-GAL-551-4682-H29-NPC01_chm.tif,42975,4.2975,4.2973,1.15,13.58,33.88,1.6918,39.37,1.3548,31.53,0.9899,23.03,0.9012,20.97,0.6465,15.04,0.5337,12.42,0.0,0.0
ill-30,illadas,Covelo,O Piñeiro (San Xoán),3601312.0,PNOA-2024-GAL-551-4682-H29-NPC01_chm.tif,9598,0.9598,0.9611,2.1,23.77,29.12,0.4877,50.81,0.4325,45.06,0.3934,40.99,0.3881,40.44,0.3695,38.5,0.3553,37.02,0.0,0.0
nuc-45,nucleos,Arbo,Sela (Santa María),3600106.0,PNOA-2024-GAL-552-4661-H29-NPC01_chm.tif,137104,13.7104,13.7067,2.15,14.6,34.09,7.5233,54.87,5.5064,40.16,4.2166,30.75,4.0151,29.29,3.2695,23.85,2.7621,20.15,0.0,0.0
ill-3,illadas,Arbo,Sela (Santa María),3600106.0,PNOA-2024-GAL-552-4661-H29-NPC01_chm.tif,32740,3.274,3.2728,2.26,16.55,35.14,1.8128,55.37,1.4182,43.32,1.0437,31.88,0.9815,29.98,0.7479,22.84,0.5913,18.06,0.0002,0.01
nuc-45,nucleos,Arbo,Sela (Santa María),3600106.0,PNOA-2024-GAL-552-4662-H29-NPC01_chm.tif,74,0.0074,0.0074,0.94,1.66,2.66,0.0004,5.41,0.0,0.0,0.0,0.0,0.0,0.0,0.0,0.0,0.0,0.0,0.0,0.0
ill-47,illadas,A Cañiza,A Franqueira (Santa María),3600904.0,PNOA-2024-GAL-552-4670-H29-NPC01_chm.tif,6917,0.6917,0.6921,1.02,11.9,26.88,0.2752,39.79,0.2456,35.51,0.1934,27.96,0.1755,25.37,0.1129,16.32,0.091,13.16,0.0,0.0
nuc-12,nucleos,Covelo,Prado de Canda (Santiago),3601314.0,PNOA-2024-GAL-552-4671-H29-NPC01_chm.tif,126,0.0126,0.0129,0.16,2.78,20.96,0.0015,11.9,0.0013,10.32,0.0006,4.76,0.0005,3.97,0.0004,3.17,0.0002,1.59,0.0,0.0
nuc-24,nucleos,A Cañiza,A Franqueira (Santa María),3600904.0,PNOA-2024-GAL-552-4671-H29-NPC01_chm.tif,57537,5.7537,5.7507,0.42,7.77,29.01,1.6465,28.62,1.2982,22.56,0.9117,15.85,0.8366,14.54,0.5447,9.47,0.323,5.61,0.0,0.0
ill-15,illadas,Covelo,Prado de Canda (Santiago),3601314.0,PNOA-2024-GAL-552-4671-H29-NPC01_chm.tif,2478,0.2478,0.2473,7.64,21.32,25.71,0.2304,92.98,0.2242,90.48,0.1987,80.19,0.1895,76.47,0.1139,45.96,0.0868,35.03,0.0,0.0
ill-18,illadas,Covelo,Prado de Canda (Santiago),3601314.0,PNOA-2024-GAL-552-4671-H29-NPC01_chm.tif,2298,0.2298,0.2297,7.53,21.27,25.71,0.2125,92.47,0.2067,89.95,0.1828,79.55,0.1737,75.59,0.1016,44.21,0.0772,33.59,0.0,0.0
ill-45,illadas,A Cañiza,A Franqueira (Santa María),3600904.0,PNOA-2024-GAL-552-4671-H29-NPC01_chm.tif,7467,0.7467,0.7471,2.59,17.36,24.7,0.3918,52.47,0.3588,48.05,0.3158,42.29,0.3102,41.54,0.279,37.36,0.2369,31.73,0.0,0.0
ill-47,illadas,A Cañiza,A Franqueira (Santa María),3600904.0,PNOA-2024-GAL-552-4671-H29-NPC01_chm.tif,26544,2.6544,2.6737,4.74,17.42,36.07,1.6387,61.74,1.5112,56.93,1.307,49.24,1.2706,47.87,1.1019,41.51,0.9306,35.06,0.0023,0.09
nuc-26,nucleos,Covelo,Prado de Canda (Santiago),3601314.0,PNOA-2024-GAL-552-4672-H29-NPC01_chm.tif,46570,4.657,4.6605,0.56,8.32,24.03,1.5929,34.2,1.3409,28.79,0.9163,19.68,0.8438,18.12,0.5103,10.96,0.292,6.27,0.0,0.0
ill-38,illadas,Covelo,Prado de Canda (Santiago),3601314.0,PNOA-2024-GAL-552-4672-H29-NPC01_chm.tif,1219,0.1219,0.1214,9.9,14.74,18.32,0.1016,83.35,0.0995,81.62,0.0954,78.26,0.0936,76.78,0.0786,64.48,0.06,49.22,0.0,0.0
nuc-0,nucleos,Covelo,A Lamosa (San Bartolomeu),3601309.0,PNOA-2024-GAL-552-4673-H29-NPC01_chm.tif,12794,1.2794,1.2807,7.05,14.14,29.41,0.8678,67.83,0.8198,64.08,0.7597,59.38,0.7361,57.53,0.5649,44.15,0.3994,31.22,0.0,0.0
nuc-26,nucleos,Covelo,Prado de Canda (Santiago),3601314.0,PNOA-2024-GAL-552-4673-H29-NPC01_chm.tif,26793,2.6793,2.6786,1.62,11.65,19.67,1.2977,48.43,1.2055,44.99,1.0289,38.4,0.9802,36.58,0.6953,25.95,0.44,16.42,0.0,0.0
ill-38,illadas,Covelo,Prado de Canda (Santiago),3601314.0,PNOA-2024-GAL-552-4673-H29-NPC01_chm.tif,389,0.0389,0.039,6.33,11.22,13.95,0.0265,68.12,0.0245,62.98,0.0227,58.35,0.0216,55.53,0.0155,39.85,0.0084,21.59,0.0,0.0
ill-49,illadas,Covelo,A Lamosa (San Bartolomeu),3601309.0,PNOA-2024-GAL-552-4673-H29-NPC01_chm.tif,5225,0.5225,0.5229,14.59,32.03,39.8,0.5006,95.81,0.4858,92.98,0.4595,87.94,0.4551,87.1,0.4331,82.89,0.4073,77.95,0.0248,4.75
nuc-0,nucleos,Covelo,A Lamosa (San Bartolomeu),3601309.0,PNOA-2024-GAL-552-4674-H29-NPC01_chm.tif,31487,3.1487,3.1497,3.22,14.8,25.65,1.7512,55.62,1.607,51.04,1.3497,42.87,1.2993,41.26,1.0585,33.62,0.8111,25.76,0.0,0.0
nuc-26,nucleos,Covelo,Prado de Canda (Santiago),3601314.0,PNOA-2024-GAL-552-4674-H29-NPC01_chm.tif,3788,0.3788,0.3788,5.05,13.53,18.82,0.2318,61.19,0.2222,58.66,0.1904,50.26,0.181,47.78,0.1316,34.74,0.0909,24.0,0.0,0.0
nuc-41,nucleos,Covelo,Covelo (Santa Mariña),3601304.0,PNOA-2024-GAL-552-4674-H29-NPC01_chm.tif,13680,1.368,1.3684,16.88,21.41,28.97,1.3167,96.25,1.3029,95.24,1.2828,93.77,1.2754,93.23,1.2376,90.47,1.2011,87.8,0.0,0.0
ill-21,illadas,Covelo,Covelo (Santa Mariña),3601304.0,PNOA-2024-GAL-552-4674-H29-NPC01_chm.tif,312,0.0312,0.0305,1.82,3.32,13.99,0.0137,43.91,0.0053,16.99,0.0018,5.77,0.0018,5.77,0.0013,4.17,0.001,3.21,0.0,0.0
ill-49,illadas,Covelo,A Lamosa (San Bartolomeu),3601309.0,PNOA-2024-GAL-552-4674-H29-NPC01_chm.tif,23040,2.304,2.3062,1.77,16.91,38.83,1.125,48.83,1.0257,44.52,0.8383,36.38,0.8026,34.84,0.6466,28.06,0.5542,24.05,0.0176,0.76
nuc-21,nucleos,Covelo,Santiago de Covelo (Santiago),3601305.0,PNOA-2024-GAL-552-4675-H29-NPC01_chm.tif,9793,0.9793,0.9802,9.12,20.15,25.23,0.6618,67.58,0.6166,62.96,0.5694,58.14,0.5613,57.32,0.5251,53.62,0.4652,47.5,0.0,0.0
nuc-41,nucleos,Covelo,Covelo (Santa Mariña),3601304.0,PNOA-2024-GAL-552-4675-H29-NPC01_chm.tif,14308,1.4308,1.4306,8.8,19.72,32.46,1.0136,70.84,0.958,66.96,0.8544,59.71,0.8323,58.17,0.7447,52.05,0.673,47.04,0.0,0.0
nuc-21,nucleos,Covelo,Santiago de Covelo (Santiago),3601305.0,PNOA-2024-GAL-552-4676-H29-NPC01_chm.tif,160472,16.0472,16.0433,8.57,26.12,197.78,10.9107,67.99,10.2705,64.0,9.2975,57.94,9.1041,56.73,8.2315,51.3,7.4953,46.71,0.2286,1.42
nuc-41,nucleos,Covelo,Covelo (Santa Mariña),3601304.0,PNOA-2024-GAL-552-4676-H29-NPC01_chm.tif,58955,5.8955,5.9061,9.22,21.23,40.46,4.1224,69.92,3.9488,66.98,3.6325,61.61,3.5463,60.15,3.1535,53.49,2.821,47.85,0.0346,0.59
ill-4,illadas,Covelo,Santiago de Covelo (Santiago),3601305.0,PNOA-2024-GAL-552-4676-H29-NPC01_chm.tif,7922,0.7922,0.7922,3.65,18.31,27.1,0.4282,54.05,0.409,51.63,0.3702,46.73,0.3661,46.21,0.33,41.66,0.291,36.73,0.0,0.0
ill-21,illadas,Covelo,Covelo (Santa Mariña),3601304.0,PNOA-2024-GAL-552-4676-H29-NPC01_chm.tif,22498,2.2498,2.2493,1.31,14.43,34.45,0.9859,43.82,0.8385,37.27,0.6704,29.8,0.64,28.45,0.5194,23.09,0.4179,18.57,0.0,0.0
nuc-21,nucleos,Covelo,Santiago de Covelo (Santiago),3601305.0,PNOA-2024-GAL-552-4677-H29-NPC01_chm.tif,141411,14.1411,14.16,11.98,26.96,51.33,10.7973,76.35,10.2075,72.18,9.4083,66.53,9.254,65.44,8.4523,59.77,7.7671,54.93,0.186,1.32
nuc-41,nucleos,Covelo,Covelo (Santa Mariña),3601304.0,PNOA-2024-GAL-552-4677-H29-NPC01_chm.tif,99163,9.9163,9.9183,5.95,25.71,42.84,6.1212,61.73,5.7121,57.6,5.1617,52.05,5.0514,50.94,4.5403,45.79,4.1323,41.67,0.1636,1.65
ill-4,illadas,Covelo,Santiago de Covelo (Santiago),3601305.0,PNOA-2024-GAL-552-4677-H29-NPC01_chm.tif,3502,0.3502,0.3509,16.55,23.7,30.68,0.3217,91.86,0.3164,90.35,0.3058,87.32,0.3054,87.21,0.302,86.24,0.2945,84.09,0.0,0.0
ill-21,illadas,Covelo,Covelo (Santa Mariña),3601304.0,PNOA-2024-GAL-552-4677-H29-NPC01_chm.tif,7970,0.797,0.7959,17.02,33.8,38.3,0.641,80.43,0.6266,78.62,0.6066,76.11,0.6018,75.51,0.5795,72.71,0.5603,70.3,0.0416,5.22
ill-21,illadas,Covelo,Covelo (Santa Mariña),3601304.0,PNOA-2024-GAL-552-4678-H29-NPC01_chm.tif,15591,1.5591,1.5711,5.33,22.27,31.74,0.9966,63.92,0.926,59.39,0.7976,51.16,0.7698,49.37,0.6465,41.47,0.5599,35.91,0.0,0.0
nuc-43,nucleos,Arbo,Barcela (San Xoán),3600102.0,PNOA-2024-GAL-553-4661-H29-NPC01_chm.tif,7696,0.7696,0.7698,0.62,2.12,11.24,0.1231,16.0,0.0223,2.9,0.0122,1.59,0.012,1.56,0.0078,1.01,0.0022,0.29,0.0,0.0
nuc-45,nucleos,Arbo,Sela (Santa María),3600106.0,PNOA-2024-GAL-553-4661-H29-NPC01_chm.tif,155475,15.5475,15.5428,3.03,21.47,41.92,10.2737,66.08,7.8027,50.19,6.4724,41.63,6.2303,40.07,5.1197,32.93,4.4526,28.64,0.0454,0.29
ill-3,illadas,Arbo,Sela (Santa María),3600106.0,PNOA-2024-GAL-553-4661-H29-NPC01_chm.tif,34090,3.409,3.4093,1.84,3.27,36.74,1.4393,42.22,0.3936,11.55,0.1421,4.17,0.1135,3.33,0.0449,1.32,0.0263,0.77,0.0013,0.04
nuc-45,nucleos,Arbo,Sela (Santa María),3600106.0,PNOA-2024-GAL-553-4662-H29-NPC01_chm.tif,72812,7.2812,7.3259,2.25,13.78,33.69,4.1922,57.58,2.7537,37.82,2.2473,30.86,2.153,29.57,1.728,23.73,1.4038,19.28,0.0,0.0
ill-3,illadas,Arbo,Sela (Santa María),3600106.0,PNOA-2024-GAL-553-4662-H29-NPC01_chm.tif,10008,1.0008,1.0159,1.86,4.58,16.34,0.402,40.17,0.1912,19.1,0.0901,9.0,0.0799,7.98,0.046,4.6,0.0249,2.49,0.0,0.0
nuc-10,nucleos,Arbo,Cabeiras (San Sebastián),3600103.0,PNOA-2024-GAL-553-4665-H29-NPC01_chm.tif,23324,2.3324,2.3317,13.35,24.03,35.29,1.7599,75.45,1.7088,73.26,1.6308,69.92,1.612,69.11,1.5226,65.28,1.4293,61.28,0.0006,0.03
nuc-9,nucleos,Arbo,Arbo (Santa María),3600101.0,PNOA-2024-GAL-553-4666-H29-NPC01_chm.tif,122,0.0122,0.0124,1.51,20.84,22.69,0.0059,48.36,0.0059,48.36,0.0059,48.36,0.0059,48.36,0.0059,48.36,0.0059,48.36,0.0,0.0
nuc-10,nucleos,Arbo,Cabeiras (San Sebastián),3600103.0,PNOA-2024-GAL-553-4666-H29-NPC01_chm.tif,29886,2.9886,2.9887,2.99,15.81,44.67,1.6585,55.49,1.4928,49.95,1.2846,42.98,1.2356,41.34,1.019,34.1,0.8309,27.8,0.0062,0.21
ill-2,illadas,Arbo,Arbo (Santa María),3600101.0,PNOA-2024-GAL-553-4666-H29-NPC01_chm.tif,13397,1.3397,1.358,9.87,28.69,38.89,0.9222,68.84,0.8757,65.37,0.8051,60.1,0.7846,58.57,0.725,54.12,0.6648,49.62,0.0202,1.51
ill-41,illadas,Arbo,Cabeiras (San Sebastián),3600103.0,PNOA-2024-GAL-553-4666-H29-NPC01_chm.tif,5227,0.5227,0.5241,0.79,19.16,37.72,0.1976,37.8,0.1726,33.02,0.1514,28.96,0.1502,28.74,0.1433,27.42,0.1347,25.77,0.0004,0.08
ill-8,illadas,A Cañiza,Parada das Achas (Santiago),3600907.0,PNOA-2024-GAL-553-4670-H29-NPC01_chm.tif,13316,1.3316,1.3338,5.86,13.69,20.22,0.8144,61.16,0.7683,57.7,0.6949,52.19,0.6766,50.81,0.5707,42.86,0.4156,31.21,0.0,0.0
ill-47,illadas,A Cañiza,A Franqueira (Santa María),3600904.0,PNOA-2024-GAL-553-4670-H29-NPC01_chm.tif,8449,0.8449,0.8456,6.87,15.22,23.06,0.5901,69.84,0.5704,67.51,0.5193,61.46,0.4958,58.68,0.3595,42.55,0.2686,31.79,0.0,0.0
nuc-24,nucleos,A Cañiza,A Franqueira (Santa María),3600904.0,PNOA-2024-GAL-553-4671-H29-NPC01_chm.tif,13593,1.3593,1.3609,4.05,14.05,29.42,0.7783,57.26,0.7348,54.06,0.6202,45.63,0.592,43.55,0.4517,33.23,0.3556,26.16,0.0,0.0
ill-8,illadas,A Cañiza,Parada das Achas (Santiago),3600907.0,PNOA-2024-GAL-553-4671-H29-NPC01_chm.tif,3726,0.3726,0.3727,6.13,12.27,16.14,0.2783,74.69,0.2576,69.14,0.2096,56.25,0.1979,53.11,0.1352,36.29,0.0857,23.0,0.0,0.0
ill-47,illadas,A Cañiza,A Franqueira (Santa María),3600904.0,PNOA-2024-GAL-553-4671-H29-NPC01_chm.tif,14385,1.4385,1.4372,0.63,10.45,16.97,0.6276,43.63,0.5821,40.47,0.4855,33.75,0.463,32.19,0.31,21.55,0.1762,12.25,0.0,0.0
nuc-26,nucleos,Covelo,Prado de Canda (Santiago),3601314.0,PNOA-2024-GAL-553-4672-H29-NPC01_chm.tif,38109,3.8109,3.8097,6.04,15.49,24.13,2.9695,77.92,2.8034,73.56,2.2499,59.04,2.075,54.45,1.4231,37.34,1.042,27.34,0.0,0.0
nuc-0,nucleos,Covelo,A Lamosa (San Bartolomeu),3601309.0,PNOA-2024-GAL-553-4673-H29-NPC01_chm.tif,102034,10.2034,10.2019,3.26,13.62,32.76,5.6595,55.47,5.2138,51.1,4.3294,42.43,4.1048,40.23,2.9535,28.95,2.1201,20.78,0.0,0.0
nuc-26,nucleos,Covelo,Prado de Canda (Santiago),3601314.0,PNOA-2024-GAL-553-4673-H29-NPC01_chm.tif,22500,2.25,2.2605,3.09,13.09,24.97,1.2133,53.92,1.1321,50.32,0.9686,43.05,0.9371,41.65,0.7574,33.66,0.5646,25.09,0.0,0.0
ill-49,illadas,Covelo,A Lamosa (San Bartolomeu),3601309.0,PNOA-2024-GAL-553-4673-H29-NPC01_chm.tif,22808,2.2808,2.2825,4.53,15.75,36.57,1.4033,61.53,1.2938,56.73,1.0861,47.62,1.0342,45.34,0.7995,35.05,0.6152,26.97,0.0015,0.07
nuc-0,nucleos,Covelo,A Lamosa (San Bartolomeu),3601309.0,PNOA-2024-GAL-553-4674-H29-NPC01_chm.tif,46058,4.6058,4.6194,4.19,12.63,25.75,2.9993,65.12,2.62,56.88,2.1178,45.98,2.0094,43.63,1.4981,32.53,1.0472,22.74,0.0,0.0
ill-49,illadas,Covelo,A Lamosa (San Bartolomeu),3601309.0,PNOA-2024-GAL-553-4674-H29-NPC01_chm.tif,31375,3.1375,3.148,4.06,14.99,24.22,1.9673,62.7,1.7595,56.08,1.4151,45.1,1.3394,42.69,1.0121,32.26,0.7731,24.64,0.0,0.0
nuc-21,nucleos,Covelo,Santiago de Covelo (Santiago),3601305.0,PNOA-2024-GAL-553-4675-H29-NPC01_chm.tif,8088,0.8088,0.8078,0.33,7.82,19.97,0.2431,30.06,0.2027,25.06,0.1412,17.46,0.1275,15.76,0.0785,9.71,0.0604,7.47,0.0,0.0
ill-4,illadas,Covelo,Santiago de Covelo (Santiago),3601305.0,PNOA-2024-GAL-553-4675-H29-NPC01_chm.tif,1017,0.1017,0.1019,4.26,14.46,19.48,0.059,58.01,0.0565,55.56,0.0476,46.8,0.0449,44.15,0.0287,28.22,0.0241,23.7,0.0,0.0
nuc-21,nucleos,Covelo,Santiago de Covelo (Santiago),3601305.0,PNOA-2024-GAL-553-4676-H29-NPC01_chm.tif,155737,15.5737,15.5719,7.98,19.87,47.92,10.7381,68.95,10.2641,65.91,9.2423,59.35,9.0028,57.81,7.7733,49.91,6.6359,42.61,0.0808,0.52
ill-4,illadas,Covelo,Santiago de Covelo (Santiago),3601305.0,PNOA-2024-GAL-553-4676-H29-NPC01_chm.tif,19419,1.9419,1.9427,9.18,16.32,31.56,1.4653,75.46,1.3937,71.77,1.256,64.68,1.2262,63.14,1.0653,54.86,0.9023,46.46,0.0,0.0
nuc-21,nucleos,Covelo,Santiago de Covelo (Santiago),3601305.0,PNOA-2024-GAL-553-4677-H29-NPC01_chm.tif,121116,12.1116,12.1377,3.35,21.09,179.27,6.7215,55.5,6.2033,51.22,5.5189,45.57,5.3696,44.33,4.6403,38.31,4.0367,33.33,0.0253,0.21
ill-4,illadas,Covelo,Santiago de Covelo (Santiago),3601305.0,PNOA-2024-GAL-553-4677-H29-NPC01_chm.tif,5944,0.5944,0.5935,13.85,29.39,38.93,0.4841,81.44,0.4704,79.14,0.4458,75.0,0.4397,73.97,0.402,67.63,0.3695,62.16,0.0093,1.56
ill-5,illadas,Covelo,Maceira (San Salvador),3601310.0,PNOA-2024-GAL-553-4677-H29-NPC01_chm.tif,9619,0.9619,0.9641,1.7,13.61,31.12,0.451,46.89,0.3773,39.22,0.2818,29.3,0.2627,27.31,0.1769,18.39,0.1387,14.42,0.0,0.0
ill-5,illadas,Covelo,Maceira (San Salvador),3601310.0,PNOA-2024-GAL-553-4678-H29-NPC01_chm.tif,12302,1.2302,1.2295,0.6,3.93,17.88,0.221,17.96,0.154,12.52,0.109,8.86,0.1035,8.41,0.0691,5.62,0.045,3.66,0.0,0.0
nuc-36,nucleos,Covelo,Maceira (San Salvador),3601310.0,PNOA-2024-GAL-553-4679-H29-NPC01_chm.tif,94174,9.4174,9.4158,5.48,21.3,40.83,5.7307,60.85,5.4019,57.36,4.8338,51.33,4.7027,49.94,4.0563,43.07,3.4967,37.13,0.0276,0.29
ill-5,illadas,Covelo,Maceira (San Salvador),3601310.0,PNOA-2024-GAL-553-4679-H29-NPC01_chm.tif,14193,1.4193,1.4186,12.55,27.61,35.48,1.0723,75.55,0.9097,64.09,0.816,57.49,0.8058,56.77,0.7667,54.02,0.74,52.14,0.0004,0.03
nuc-36,nucleos,Covelo,Maceira (San Salvador),3601310.0,PNOA-2024-GAL-553-4680-H29-NPC01_chm.tif,147686,14.7686,14.7688,2.71,18.45,40.29,7.7228,52.29,7.2637,49.18,6.4852,43.91,6.295,42.62,5.3269,36.07,4.4616,30.21,0.0431,0.29
ill-5,illadas,Covelo,Maceira (San Salvador),3601310.0,PNOA-2024-GAL-553-4680-H29-NPC01_chm.tif,47389,4.7389,4.7385,4.52,17.55,37.14,2.8596,60.34,2.6199,55.28,2.2947,48.42,2.2136,46.71,1.8566,39.18,1.6099,33.97,0.0092,0.19
ill-5,illadas,Covelo,Maceira (San Salvador),3601310.0,PNOA-2024-GAL-553-4681-H29-NPC01_chm.tif,33172,3.3172,3.3198,2.94,14.49,36.61,1.8699,56.37,1.6477,49.67,1.3059,39.37,1.245,37.53,1.024,30.87,0.8482,25.57,0.0012,0.04
ill-12,illadas,Covelo,Fofe (San Miguel),3601306.0,PNOA-2024-GAL-553-4681-H29-NPC01_chm.tif,6721,0.6721,0.6735,1.75,12.93,20.55,0.3182,47.34,0.249,37.05,0.1677,24.95,0.155,23.06,0.1168,17.38,0.096,14.28,0.0,0.0
nuc-22,nucleos,Covelo,Fofe (San Miguel),3601306.0,PNOA-2024-GAL-553-4682-H29-NPC01_chm.tif,2910,0.291,0.3023,3.66,26.23,29.78,0.1733,59.55,0.1533,52.68,0.1304,44.81,0.1216,41.79,0.1018,34.98,0.0992,34.09,0.0,0.0
ill-12,illadas,Covelo,Fofe (San Miguel),3601306.0,PNOA-2024-GAL-553-4682-H29-NPC01_chm.tif,7191,0.7191,0.7293,0.52,18.09,30.48,0.2195,30.52,0.1759,24.46,0.1399,19.45,0.1355,18.84,0.1179,16.4,0.1029,14.31,0.0,0.0
nuc-43,nucleos,Arbo,Barcela (San Xoán),3600102.0,PNOA-2024-GAL-554-4660-H29-NPC01_chm.tif,26071,2.6071,2.6153,2.17,8.41,42.03,1.4681,56.31,0.7803,29.93,0.3723,14.28,0.3409,13.08,0.2694,10.33,0.2254,8.65,0.0502,1.93
nuc-43,nucleos,Arbo,Barcela (San Xoán),3600102.0,PNOA-2024-GAL-554-4661-H29-NPC01_chm.tif,145764,14.5764,14.5741,2.1,24.7,37.97,7.8046,53.54,5.9484,40.81,5.2392,35.94,5.101,34.99,4.5562,31.26,4.2182,28.94,0.0202,0.14
nuc-45,nucleos,Arbo,Sela (Santa María),3600106.0,PNOA-2024-GAL-554-4661-H29-NPC01_chm.tif,17723,1.7723,1.7723,4.74,14.6,32.6,1.186,66.92,1.0483,59.15,0.8606,48.56,0.8109,45.75,0.5549,31.31,0.4277,24.13,0.0,0.0
ill-3,illadas,Arbo,Sela (Santa María),3600106.0,PNOA-2024-GAL-554-4661-H29-NPC01_chm.tif,358,0.0358,0.036,26.4,30.89,33.18,0.0327,91.34,0.0317,88.55,0.0315,87.99,0.0315,87.99,0.0306,85.47,0.0297,82.96,0.0,0.0
ill-19,illadas,Arbo,Barcela (San Xoán),3600102.0,PNOA-2024-GAL-554-4661-H29-NPC01_chm.tif,22839,2.2839,2.2838,1.76,2.58,11.03,1.0307,45.13,0.1642,7.19,0.0736,3.22,0.0624,2.73,0.022,0.96,0.0038,0.17,0.0,0.0
nuc-10,nucleos,Arbo,Cabeiras (San Sebastián),3600103.0,PNOA-2024-GAL-554-4662-H29-NPC01_chm.tif,18960,1.896,1.8963,4.7,23.23,44.26,1.2579,66.34,1.0679,56.32,0.9283,48.96,0.8948,47.19,0.743,39.19,0.6178,32.58,0.0371,1.96
nuc-43,nucleos,Arbo,Barcela (San Xoán),3600102.0,PNOA-2024-GAL-554-4662-H29-NPC01_chm.tif,64995,6.4995,6.5397,4.44,27.77,38.62,4.7077,72.43,3.478,53.51,3.1888,49.06,3.1408,48.32,2.9282,45.05,2.7555,42.4,0.0382,0.59
nuc-45,nucleos,Arbo,Sela (Santa María),3600106.0,PNOA-2024-GAL-554-4662-H29-NPC01_chm.tif,338,0.0338,0.037,1.17,2.66,5.74,0.0079,23.37,0.0026,7.69,0.0002,0.59,0.0001,0.3,0.0,0.0,0.0,0.0,0.0,0.0
ill-3,illadas,Arbo,Sela (Santa María),3600106.0,PNOA-2024-GAL-554-4662-H29-NPC01_chm.tif,6671,0.6671,0.6668,5.79,23.15,29.94,0.5389,80.78,0.4866,72.94,0.3618,54.23,0.3442,51.6,0.2796,41.91,0.2452,36.76,0.0,0.0
ill-19,illadas,Arbo,Barcela (San Xoán),3600102.0,PNOA-2024-GAL-554-4662-H29-NPC01_chm.tif,16238,1.6238,1.6243,2.35,13.31,30.12,1.0404,64.07,0.573,35.29,0.4059,25.0,0.3837,23.63,0.2712,16.7,0.2194,13.51,0.0,0.0
nuc-10,nucleos,Arbo,Cabeiras (San Sebastián),3600103.0,PNOA-2024-GAL-554-4663-H29-NPC01_chm.tif,161871,16.1871,16.1893,2.06,13.2,31.58,8.6086,53.18,4.7195,29.16,3.6984,22.85,3.5483,21.92,2.9206,18.04,2.3591,14.57,0.0,0.0
ill-41,illadas,Arbo,Cabeiras (San Sebastián),3600103.0,PNOA-2024-GAL-554-4663-H29-NPC01_chm.tif,2087,0.2087,0.2092,2.15,10.55,17.23,0.125,59.89,0.0824,39.48,0.0719,34.45,0.0685,32.82,0.0448,21.47,0.0248,11.88,0.0,0.0
nuc-10,nucleos,Arbo,Cabeiras (San Sebastián),3600103.0,PNOA-2024-GAL-554-4664-H29-NPC01_chm.tif,79904,7.9904,7.9882,2.14,18.89,39.67,4.281,53.58,3.1299,39.17,2.5169,31.5,2.4036,30.08,2.0448,25.59,1.8243,22.83,0.0207,0.26
ill-41,illadas,Arbo,Cabeiras (San Sebastián),3600103.0,PNOA-2024-GAL-554-4664-H29-NPC01_chm.tif,10596,1.0596,1.0605,1.72,3.51,11.32,0.4163,39.29,0.1373,12.96,0.0641,6.05,0.0531,5.01,0.0162,1.53,0.0067,0.63,0.0,0.0
ill-2,illadas,Arbo,Arbo (Santa María),3600101.0,PNOA-2024-GAL-554-4666-H29-NPC01_chm.tif,5157,0.5157,0.5157,4.15,16.07,35.02,0.4069,78.9,0.3323,64.44,0.2269,44.0,0.2145,41.59,0.1694,32.85,0.1246,24.16,0.0001,0.02
ill-8,illadas,A Cañiza,Parada das Achas (Santiago),3600907.0,PNOA-2024-GAL-554-4670-H29-NPC01_chm.tif,7058,0.7058,0.7055,9.16,14.59,26.08,0.6217,88.08,0.5969,84.57,0.5364,76.0,0.5219,73.94,0.415,58.8,0.3026,42.87,0.0,0.0
nuc-47,nucleos,A Cañiza,Parada das Achas (Santiago),3600907.0,PNOA-2024-GAL-554-4671-H29-NPC01_chm.tif,107048,10.7048,10.7019,3.33,18.58,33.69,5.8001,54.18,5.4512,50.92,4.801,44.85,4.6283,43.24,3.8389,35.86,3.2985,30.81,0.0,0.0
ill-8,illadas,A Cañiza,Parada das Achas (Santiago),3600907.0,PNOA-2024-GAL-554-4671-H29-NPC01_chm.tif,14000,1.4,1.409,4.81,18.57,26.12,0.8947,63.91,0.8233,58.81,0.6851,48.94,0.6557,46.84,0.5287,37.76,0.4442,31.73,0.0,0.0
ill-49,illadas,Covelo,A Lamosa (San Bartolomeu),3601309.0,PNOA-2024-GAL-554-4673-H29-NPC01_chm.tif,5322,0.5322,0.5339,2.8,11.58,24.38,0.3111,58.46,0.255,47.91,0.1803,33.88,0.1648,30.97,0.1099,20.65,0.0787,14.79,0.0,0.0
nuc-21,nucleos,Covelo,Santiago de Covelo (Santiago),3601305.0,PNOA-2024-GAL-554-4676-H29-NPC01_chm.tif,904,0.0904,0.0894,4.36,8.62,12.15,0.0653,72.23,0.0588,65.04,0.0388,42.92,0.0345,38.16,0.012,13.27,0.0038,4.2,0.0,0.0
ill-4,illadas,Covelo,Santiago de Covelo (Santiago),3601305.0,PNOA-2024-GAL-554-4676-H29-NPC01_chm.tif,245,0.0245,0.0247,4.12,6.6,7.62,0.0206,84.08,0.0171,69.8,0.0093,37.96,0.0067,27.35,0.0,0.0,0.0,0.0,0.0,0.0
ill-5,illadas,Covelo,Maceira (San Salvador),3601310.0,PNOA-2024-GAL-554-4678-H29-NPC01_chm.tif,10540,1.054,1.055,0.27,10.1,20.82,0.3411,32.36,0.3367,31.94,0.3048,28.92,0.2856,27.1,0.1958,18.58,0.1073,10.18,0.0,0.0
nuc-36,nucleos,Covelo,Maceira (San Salvador),3601310.0,PNOA-2024-GAL-554-4679-H29-NPC01_chm.tif,114389,11.4389,11.4421,2.68,14.71,26.48,6.0661,53.03,5.5602,48.61,4.6877,40.98,4.4978,39.32,3.6623,32.02,3.0063,26.28,0.0,0.0
ill-5,illadas,Covelo,Maceira (San Salvador),3601310.0,PNOA-2024-GAL-554-4679-H29-NPC01_chm.tif,9302,0.9302,0.9297,0.95,16.29,30.85,0.3408,36.64,0.2999,32.24,0.2563,27.55,0.2502,26.9,0.2239,24.07,0.1942,20.88,0.0,0.0
nuc-36,nucleos,Covelo,Maceira (San Salvador),3601310.0,PNOA-2024-GAL-554-4680-H29-NPC01_chm.tif,116967,11.6967,11.7296,1.04,14.44,38.73,5.1963,44.43,4.776,40.83,4.156,35.53,4.0086,34.27,3.2493,27.78,2.5556,21.85,0.0233,0.2
ill-5,illadas,Covelo,Maceira (San Salvador),3601310.0,PNOA-2024-GAL-554-4680-H29-NPC01_chm.tif,42210,4.221,4.2209,7.25,17.79,42.56,2.9819,70.64,2.8228,66.88,2.4838,58.84,2.3984,56.82,2.0004,47.39,1.7129,40.58,0.0042,0.1
ill-5,illadas,Covelo,Maceira (San Salvador),3601310.0,PNOA-2024-GAL-554-4681-H29-NPC01_chm.tif,17633,1.7633,1.7659,0.86,10.82,22.05,0.7428,42.13,0.6459,36.63,0.4861,27.57,0.4516,25.61,0.3131,17.76,0.2131,12.09,0.0,0.0
ill-12,illadas,Covelo,Fofe (San Miguel),3601306.0,PNOA-2024-GAL-554-4681-H29-NPC01_chm.tif,527,0.0527,0.0525,7.87,14.41,17.14,0.0425,80.65,0.0386,73.24,0.0348,66.03,0.0334,63.38,0.0262,49.72,0.0221,41.94,0.0,0.0
nuc-19,nucleos,Covelo,Campo (Santa María),3601302.0,PNOA-2024-GAL-554-4682-H29-NPC01_chm.tif,26434,2.6434,2.6443,0.42,12.6,18.25,0.8115,30.7,0.7396,27.98,0.6596,24.95,0.6435,24.34,0.5547,20.98,0.4516,17.08,0.0,0.0
nuc-22,nucleos,Covelo,Fofe (San Miguel),3601306.0,PNOA-2024-GAL-554-4682-H29-NPC01_chm.tif,93481,9.3481,9.3498,4.44,17.03,38.06,6.0759,65.0,5.3988,57.75,4.4156,47.24,4.1947,44.87,3.1805,34.02,2.5258,27.02,0.0169,0.18
ill-12,illadas,Covelo,Fofe (San Miguel),3601306.0,PNOA-2024-GAL-554-4682-H29-NPC01_chm.tif,28352,2.8352,2.843,2.17,9.8,22.89,1.4626,51.59,1.1957,42.17,0.8041,28.36,0.7264,25.62,0.4331,15.28,0.2719,9.59,0.0,0.0
ill-42,illadas,Covelo,Campo (Santa María),3601302.0,PNOA-2024-GAL-554-4682-H29-NPC01_chm.tif,5620,0.562,0.5627,3.65,12.3,22.19,0.3694,65.73,0.3106,55.27,0.2269,40.37,0.2089,37.17,0.1395,24.82,0.0956,17.01,0.0,0.0
nuc-19,nucleos,Covelo,Campo (Santa María),3601302.0,PNOA-2024-GAL-554-4683-H29-NPC01_chm.tif,44666,4.4666,4.4674,2.5,15.31,35.88,2.3729,53.13,2.106,47.15,1.7372,38.89,1.678,37.57,1.3877,31.07,1.1205,25.09,0.0017,0.04
ill-42,illadas,Covelo,Campo (Santa María),3601302.0,PNOA-2024-GAL-554-4683-H29-NPC01_chm.tif,8765,0.8765,0.8766,0.79,10.39,23.25,0.2393,27.3,0.2114,24.12,0.1865,21.28,0.1798,20.51,0.1379,15.73,0.0974,11.11,0.0,0.0
nuc-43,nucleos,Arbo,Barcela (San Xoán),3600102.0,PNOA-2024-GAL-555-4660-H29-NPC01_chm.tif,34447,3.4447,3.4447,2.16,5.83,33.62,1.9156,55.61,1.2036,34.94,0.4843,14.06,0.3889,11.29,0.2415,7.01,0.231,6.71,0.0,0.0
nuc-9,nucleos,Arbo,Arbo (Santa María),3600101.0,PNOA-2024-GAL-555-4661-H29-NPC01_chm.tif,5438,0.5438,0.5424,8.64,25.79,35.91,0.4468,82.16,0.3853,70.85,0.3308,60.83,0.3214,59.1,0.2825,51.95,0.2526,46.45,0.001,0.18
nuc-43,nucleos,Arbo,Barcela (San Xoán),3600102.0,PNOA-2024-GAL-555-4661-H29-NPC01_chm.tif,144898,14.4898,14.4899,2.01,12.78,46.82,7.3445,50.69,2.9867,20.61,2.3391,16.14,2.2312,15.4,1.816,12.53,1.62,11.18,0.0773,0.53
ill-19,illadas,Arbo,Barcela (San Xoán),3600102.0,PNOA-2024-GAL-555-4661-H29-NPC01_chm.tif,7387,0.7387,0.7397,2.13,3.43,8.84,0.4761,64.45,0.087,11.78,0.0336,4.55,0.023,3.11,0.0014,0.19,0.0,0.0,0.0,0.0
nuc-9,nucleos,Arbo,Arbo (Santa María),3600101.0,PNOA-2024-GAL-555-4662-H29-NPC01_chm.tif,46824,4.6824,4.6819,2.21,11.68,26.39,2.7624,59.0,1.8083,38.62,1.2568,26.84,1.1493,24.55,0.8089,17.28,0.6192,13.22,0.0,0.0
nuc-10,nucleos,Arbo,Cabeiras (San Sebastián),3600103.0,PNOA-2024-GAL-555-4662-H29-NPC01_chm.tif,10843,1.0843,1.0845,1.95,3.22,17.7,0.506,46.67,0.119,10.97,0.0613,5.65,0.0495,4.57,0.0163,1.5,0.0103,0.95,0.0,0.0
nuc-43,nucleos,Arbo,Barcela (San Xoán),3600102.0,PNOA-2024-GAL-555-4662-H29-NPC01_chm.tif,111585,11.1585,11.1611,2.13,15.89,29.56,6.67,59.78,2.9556,26.49,2.3573,21.13,2.2549,20.21,1.8676,16.74,1.6369,14.67,0.0,0.0
ill-2,illadas,Arbo,Arbo (Santa María),3600101.0,PNOA-2024-GAL-555-4662-H29-NPC01_chm.tif,38272,3.8272,3.8309,2.43,15.23,31.49,2.4083,62.93,1.6475,43.05,1.2447,32.52,1.1663,30.47,0.8579,22.42,0.6861,17.93,0.0,0.0
ill-19,illadas,Arbo,Barcela (San Xoán),3600102.0,PNOA-2024-GAL-555-4662-H29-NPC01_chm.tif,14064,1.4064,1.4073,2.07,4.87,24.29,0.8147,57.93,0.2306,16.4,0.1343,9.55,0.1086,7.72,0.0322,2.29,0.0265,1.88,0.0,0.0
ill-41,illadas,Arbo,Cabeiras (San Sebastián),3600103.0,PNOA-2024-GAL-555-4662-H29-NPC01_chm.tif,16608,1.6608,1.6617,2.44,17.07,28.4,1.182,71.17,0.7084,42.65,0.5436,32.73,0.5205,31.34,0.4366,26.29,0.3948,23.77,0.0,0.0
nuc-9,nucleos,Arbo,Arbo (Santa María),3600101.0,PNOA-2024-GAL-555-4663-H29-NPC01_chm.tif,12079,1.2079,1.2084,2.13,2.51,15.73,0.7578,62.74,0.0633,5.24,0.0299,2.48,0.0263,2.18,0.0227,1.88,0.0198,1.64,0.0,0.0
nuc-10,nucleos,Arbo,Cabeiras (San Sebastián),3600103.0,PNOA-2024-GAL-555-4663-H29-NPC01_chm.tif,57134,5.7134,5.712,2.14,10.16,21.65,3.3066,57.87,1.5909,27.85,1.187,20.78,1.1085,19.4,0.7878,13.79,0.5884,10.3,0.0,0.0
ill-2,illadas,Arbo,Arbo (Santa María),3600101.0,PNOA-2024-GAL-555-4663-H29-NPC01_chm.tif,10052,1.0052,1.0061,2.37,23.35,35.47,0.8184,81.42,0.3949,39.29,0.366,36.41,0.3602,35.83,0.3306,32.89,0.3093,30.77,0.0003,0.03
ill-41,illadas,Arbo,Cabeiras (San Sebastián),3600103.0,PNOA-2024-GAL-555-4663-H29-NPC01_chm.tif,17765,1.7765,1.7769,1.95,5.63,18.58,0.8457,47.6,0.2905,16.35,0.1975,11.12,0.1821,10.25,0.0898,5.05,0.0454,2.56,0.0,0.0
nuc-9,nucleos,Arbo,Arbo (Santa María),3600101.0,PNOA-2024-GAL-555-4664-H29-NPC01_chm.tif,70470,7.047,7.0453,2.01,7.22,33.3,3.5447,50.3,1.4661,20.8,0.9537,13.53,0.878,12.46,0.6537,9.28,0.5459,7.75,0.0,0.0
nuc-10,nucleos,Arbo,Cabeiras (San Sebastián),3600103.0,PNOA-2024-GAL-555-4664-H29-NPC01_chm.tif,17601,1.7601,1.7624,2.08,14.59,32.36,0.9717,55.21,0.5307,30.15,0.455,25.85,0.4434,25.19,0.3879,22.04,0.3362,19.1,0.0,0.0
ill-2,illadas,Arbo,Arbo (Santa María),3600101.0,PNOA-2024-GAL-555-4664-H29-NPC01_chm.tif,9690,0.969,0.9715,2.6,9.08,31.39,0.6574,67.84,0.4416,45.57,0.2438,25.16,0.2035,21.0,0.116,11.97,0.0878,9.06,0.0,0.0
ill-41,illadas,Arbo,Cabeiras (San Sebastián),3600103.0,PNOA-2024-GAL-555-4664-H29-NPC01_chm.tif,1920,0.192,0.192,2.16,2.52,16.41,0.135,70.31,0.007,3.65,0.0059,3.07,0.0058,3.02,0.0054,2.81,0.0053,2.76,0.0,0.0
nuc-11,nucleos,A Cañiza,Luneda (Santa María),3600905.0,PNOA-2024-GAL-555-4667-H29-NPC01_chm.tif,23917,2.3917,2.3917,5.76,24.65,32.91,1.5022,62.81,1.3666,57.14,1.2383,51.77,1.2093,50.56,1.0504,43.92,0.9064,37.9,0.0,0.0
nuc-30,nucleos,Arbo,Mourentán (San Cristovo),3600105.0,PNOA-2024-GAL-555-4667-H29-NPC01_chm.tif,8291,0.8291,0.8298,9.83,19.98,30.85,0.5987,72.21,0.5694,68.68,0.5263,63.48,0.5178,62.45,0.4706,56.76,0.4077,49.17,0.0,0.0
nuc-44,nucleos,Arbo,Mourentán (San Cristovo),3600105.0,PNOA-2024-GAL-555-4667-H29-NPC01_chm.tif,130,0.013,0.0201,3.0,14.18,17.91,0.0095,73.08,0.0065,50.0,0.0045,34.62,0.0042,32.31,0.004,30.77,0.0037,28.46,0.0,0.0
ill-7,illadas,A Cañiza,Luneda (Santa María),3600905.0,PNOA-2024-GAL-555-4667-H29-NPC01_chm.tif,3390,0.339,0.3392,8.37,23.59,31.84,0.2529,74.6,0.2276,67.14,0.1946,57.4,0.1913,56.43,0.1747,51.53,0.1611,47.52,0.0,0.0
ill-10,illadas,Arbo,Mourentán (San Cristovo),3600105.0,PNOA-2024-GAL-555-4667-H29-NPC01_chm.tif,16989,1.6989,1.6997,4.32,17.7,33.98,1.1096,65.31,0.985,57.98,0.7912,46.57,0.7483,44.05,0.5872,34.56,0.4536,26.7,0.0,0.0
nuc-11,nucleos,A Cañiza,Luneda (Santa María),3600905.0,PNOA-2024-GAL-555-4668-H29-NPC01_chm.tif,388,0.0388,0.0436,20.95,26.66,29.36,0.0383,98.71,0.0381,98.2,0.0378,97.42,0.0378,97.42,0.0368,94.85,0.0368,94.85,0.0,0.0
nuc-11,nucleos,A Cañiza,Luneda (Santa María),3600905.0,PNOA-2024-GAL-555-4669-H29-NPC01_chm.tif,84976,8.4976,8.4985,4.44,23.93,46.77,4.9019,57.69,4.5879,53.99,4.1206,48.49,4.0128,47.22,3.3665,39.62,2.8082,33.05,0.061,0.72
ill-7,illadas,A Cañiza,Luneda (Santa María),3600905.0,PNOA-2024-GAL-555-4669-H29-NPC01_chm.tif,19318,1.9318,1.9329,1.41,16.05,32.16,0.9058,46.89,0.8357,43.26,0.7204,37.29,0.7055,36.52,0.6487,33.58,0.5871,30.39,0.0,0.0
nuc-47,nucleos,A Cañiza,Parada das Achas (Santiago),3600907.0,PNOA-2024-GAL-555-4671-H29-NPC01_chm.tif,96180,9.618,9.6194,0.77,14.5,28.81,3.8449,39.98,3.5616,37.03,2.9457,30.63,2.7929,29.04,2.15,22.35,1.7113,17.79,0.0,0.0
ill-8,illadas,A Cañiza,Parada das Achas (Santiago),3600907.0,PNOA-2024-GAL-555-4671-H29-NPC01_chm.tif,14397,1.4397,1.4396,2.35,18.14,36.74,0.7469,51.88,0.6823,47.39,0.6102,42.38,0.5918,41.11,0.5152,35.79,0.4437,30.82,0.0036,0.25
nuc-47,nucleos,A Cañiza,Parada das Achas (Santiago),3600907.0,PNOA-2024-GAL-555-4672-H29-NPC01_chm.tif,9220,0.922,0.9334,0.65,10.88,20.1,0.2563,27.8,0.2439,26.45,0.2118,22.97,0.2047,22.2,0.1589,17.23,0.1075,11.66,0.0,0.0
nuc-36,nucleos,Covelo,Maceira (San Salvador),3601310.0,PNOA-2024-GAL-555-4679-H29-NPC01_chm.tif,12669,1.2669,1.2684,10.31,20.49,31.45,0.8401,66.31,0.794,62.67,0.7575,59.79,0.7486,59.09,0.7047,55.62,0.6448,50.9,0.0,0.0
ill-5,illadas,Covelo,Maceira (San Salvador),3601310.0,PNOA-2024-GAL-555-4679-H29-NPC01_chm.tif,464,0.0464,0.0464,0.2,12.45,14.86,0.0178,38.36,0.0171,36.85,0.0169,36.42,0.0162,34.91,0.0129,27.8,0.0094,20.26,0.0,0.0
nuc-36,nucleos,Covelo,Maceira (San Salvador),3601310.0,PNOA-2024-GAL-555-4680-H29-NPC01_chm.tif,39789,3.9789,3.9775,0.33,11.65,37.51,1.2939,32.52,1.2095,30.4,1.0064,25.29,0.9581,24.08,0.7454,18.73,0.5613,14.11,0.0024,0.06
ill-5,illadas,Covelo,Maceira (San Salvador),3601310.0,PNOA-2024-GAL-555-4680-H29-NPC01_chm.tif,53994,5.3994,5.4079,0.62,10.53,21.32,2.2399,41.48,1.9697,36.48,1.4891,27.58,1.3746,25.46,0.9073,16.8,0.6124,11.34,0.0,0.0
nuc-4,nucleos,Covelo,Godóns (Santa María),3601307.0,PNOA-2024-GAL-555-4681-H29-NPC01_chm.tif,63868,6.3868,6.3836,5.89,15.3,30.83,3.9823,62.35,3.8044,59.57,3.4061,53.33,3.2908,51.53,2.6625,41.69,2.1023,32.92,0.0,0.0
ill-37,illadas,Covelo,Godóns (Santa María),3601307.0,PNOA-2024-GAL-555-4681-H29-NPC01_chm.tif,382,0.0382,0.0448,11.11,15.64,17.44,0.0258,67.54,0.0258,67.54,0.0253,66.23,0.0252,65.97,0.0223,58.38,0.02,52.36,0.0,0.0
nuc-4,nucleos,Covelo,Godóns (Santa María),3601307.0,PNOA-2024-GAL-555-4682-H29-NPC01_chm.tif,70765,7.0765,7.0755,0.92,13.29,36.95,2.9939,42.31,2.6824,37.91,2.2204,31.38,2.1127,29.86,1.6315,23.06,1.2744,18.01,0.0051,0.07
nuc-19,nucleos,Covelo,Campo (Santa María),3601302.0,PNOA-2024-GAL-555-4682-H29-NPC01_chm.tif,53134,5.3134,5.3104,0.97,13.88,21.54,2.246,42.27,1.9919,37.49,1.7383,32.72,1.6869,31.75,1.4496,27.28,1.1968,22.52,0.0,0.0
ill-37,illadas,Covelo,Godóns (Santa María),3601307.0,PNOA-2024-GAL-555-4682-H29-NPC01_chm.tif,17848,1.7848,1.7872,0.64,11.12,32.9,0.6793,38.06,0.5869,32.88,0.4582,25.67,0.4284,24.0,0.3069,17.2,0.2215,12.41,0.0,0.0
nuc-19,nucleos,Covelo,Campo (Santa María),3601302.0,PNOA-2024-GAL-555-4683-H29-NPC01_chm.tif,63617,6.3617,6.3616,0.39,10.09,28.21,1.9649,30.89,1.7404,27.36,1.3404,21.07,1.2619,19.84,0.886,13.93,0.645,10.14,0.0,0.0
ill-42,illadas,Covelo,Campo (Santa María),3601302.0,PNOA-2024-GAL-555-4683-H29-NPC01_chm.tif,15823,1.5823,1.5809,5.49,14.21,36.57,1.0593,66.95,0.9622,60.81,0.8265,52.23,0.7903,49.95,0.654,41.33,0.5136,32.46,0.0027,0.17
ill-42,illadas,Covelo,Campo (Santa María),3601302.0,PNOA-2024-GAL-555-4684-H29-NPC01_chm.tif,20815,2.0815,2.0817,1.34,9.33,18.73,0.9163,44.02,0.7198,34.58,0.4752,22.83,0.436,20.95,0.2825,13.57,0.1777,8.54,0.0,0.0
nuc-25,nucleos,Covelo,A Graña (San Bernabeu),3601308.0,PNOA-2024-GAL-555-4686-H29-NPC01_chm.tif,31869,3.1869,3.2022,8.47,16.12,2629.09,2.722,85.41,2.6081,81.84,2.2293,69.95,2.0671,64.86,1.6463,51.66,1.4114,44.29,0.0007,0.02
nuc-25,nucleos,Covelo,A Graña (San Bernabeu),3601308.0,PNOA-2024-GAL-555-4687-H29-NPC01_chm.tif,29941,2.9941,3.0133,4.18,10.68,2617.55,2.194,73.28,1.924,64.26,1.1924,39.82,0.9995,33.38,0.5302,17.71,0.3541,11.83,0.0008,0.03
ill-22,illadas,Covelo,A Graña (San Bernabeu),3601308.0,PNOA-2024-GAL-555-4687-H29-NPC01_chm.tif,8004,0.8004,0.8135,0.4,1.28,7.75,0.041,5.12,0.0273,3.41,0.0075,0.94,0.0062,0.77,0.0,0.0,0.0,0.0,0.0,0.0
nuc-9,nucleos,Arbo,Arbo (Santa María),3600101.0,PNOA-2024-GAL-556-4662-H29-NPC01_chm.tif,49671,4.9671,4.9683,2.27,15.76,31.56,3.524,70.95,1.6006,32.22,1.2255,24.67,1.1622,23.4,0.9162,18.45,0.7914,15.93,0.0,0.0
ill-2,illadas,Arbo,Arbo (Santa María),3600101.0,PNOA-2024-GAL-556-4662-H29-NPC01_chm.tif,50456,5.0456,5.0427,2.14,22.91,40.18,2.5996,51.52,2.1844,43.29,1.8586,36.84,1.814,35.95,1.5813,31.34,1.4339,28.42,0.0106,0.21
nuc-9,nucleos,Arbo,Arbo (Santa María),3600101.0,PNOA-2024-GAL-556-4663-H29-NPC01_chm.tif,259735,25.9735,25.97,2.03,4.22,35.12,13.6071,52.39,3.6791,14.16,2.2197,8.55,2.0223,7.79,1.2981,5.0,0.9283,3.57,0.0001,0.0
ill-2,illadas,Arbo,Arbo (Santa María),3600101.0,PNOA-2024-GAL-556-4663-H29-NPC01_chm.tif,21269,2.1269,2.1284,2.1,3.7,27.47,1.237,58.16,0.2759,12.97,0.1461,6.87,0.1269,5.97,0.0683,3.21,0.0633,2.98,0.0,0.0
nuc-9,nucleos,Arbo,Arbo (Santa María),3600101.0,PNOA-2024-GAL-556-4664-H29-NPC01_chm.tif,32062,3.2062,3.2059,1.76,6.39,29.82,1.411,44.01,0.8236,25.69,0.4717,14.71,0.4072,12.7,0.2235,6.97,0.1834,5.72,0.0,0.0
ill-2,illadas,Arbo,Arbo (Santa María),3600101.0,PNOA-2024-GAL-556-4664-H29-NPC01_chm.tif,11888,1.1888,1.1882,0.3,4.05,10.57,0.1867,15.7,0.1529,12.86,0.0908,7.64,0.0737,6.2,0.0281,2.36,0.0017,0.14,0.0,0.0
ill-10,illadas,Arbo,Mourentán (San Cristovo),3600105.0,PNOA-2024-GAL-556-4664-H29-NPC01_chm.tif,689,0.0689,0.069,1.35,3.59,4.2,0.0293,42.53,0.021,30.48,0.0,0.0,0.0,0.0,0.0,0.0,0.0,0.0,0.0,0.0
ill-10,illadas,Arbo,Mourentán (San Cristovo),3600105.0,PNOA-2024-GAL-556-4665-H29-NPC01_chm.tif,14874,1.4874,1.4871,7.93,21.15,31.33,1.0644,71.56,0.945,63.53,0.8251,55.47,0.8058,54.18,0.7422,49.9,0.6852,46.07,0.0,0.0
nuc-44,nucleos,Arbo,Mourentán (San Cristovo),3600105.0,PNOA-2024-GAL-556-4666-H29-NPC01_chm.tif,111751,11.1751,11.1882,2.65,17.01,42.15,7.0398,63.0,5.3632,47.99,4.5806,40.99,4.4153,39.51,3.7085,33.19,3.1559,28.24,0.0137,0.12
ill-10,illadas,Arbo,Mourentán (San Cristovo),3600105.0,PNOA-2024-GAL-556-4666-H29-NPC01_chm.tif,1031,0.1031,0.1022,22.01,29.07,40.36,0.0957,92.82,0.0913,88.55,0.0874,84.77,0.0866,84.0,0.0823,79.83,0.0796,77.21,0.0011,1.07
nuc-11,nucleos,A Cañiza,Luneda (Santa María),3600905.0,PNOA-2024-GAL-556-4667-H29-NPC01_chm.tif,16034,1.6034,1.6025,0.78,12.1,29.96,0.5963,37.19,0.5338,33.29,0.3578,22.32,0.3211,20.03,0.2331,14.54,0.1995,12.44,0.0,0.0
nuc-30,nucleos,Arbo,Mourentán (San Cristovo),3600105.0,PNOA-2024-GAL-556-4667-H29-NPC01_chm.tif,315,0.0315,0.0313,9.08,11.47,12.01,0.0296,93.97,0.0288,91.43,0.0251,79.68,0.0244,77.46,0.018,57.14,0.0117,37.14,0.0,0.0
nuc-44,nucleos,Arbo,Mourentán (San Cristovo),3600105.0,PNOA-2024-GAL-556-4667-H29-NPC01_chm.tif,113156,11.3156,11.3155,6.28,20.77,43.8,7.7242,68.26,6.9928,61.8,6.1263,54.14,5.9339,52.44,5.0875,44.96,4.3834,38.74,0.0327,0.29
ill-7,illadas,A Cañiza,Luneda (Santa María),3600905.0,PNOA-2024-GAL-556-4667-H29-NPC01_chm.tif,4066,0.4066,0.407,6.25,14.57,18.92,0.2745,67.51,0.251,61.73,0.2173,53.44,0.2092,51.45,0.1851,45.52,0.1521,37.41,0.0,0.0
ill-10,illadas,Arbo,Mourentán (San Cristovo),3600105.0,PNOA-2024-GAL-556-4667-H29-NPC01_chm.tif,13809,1.3809,1.3815,1.82,16.5,28.23,0.6719,48.66,0.6,43.45,0.525,38.02,0.511,37.0,0.4502,32.6,0.3994,28.92,0.0,0.0
ill-40,illadas,Arbo,Mourentán (San Cristovo),3600105.0,PNOA-2024-GAL-556-4667-H29-NPC01_chm.tif,15,0.0015,0.0018,16.83,17.91,18.69,0.0015,100.0,0.0015,100.0,0.0015,100.0,0.0015,100.0,0.0015,100.0,0.0015,100.0,0.0,0.0
nuc-11,nucleos,A Cañiza,Luneda (Santa María),3600905.0,PNOA-2024-GAL-556-4668-H29-NPC01_chm.tif,282439,28.2439,28.2465,2.15,19.4,45.13,14.4527,51.17,12.606,44.63,10.4944,37.16,10.062,35.63,8.2143,29.08,6.8556,24.27,0.3702,1.31
ill-7,illadas,A Cañiza,Luneda (Santa María),3600905.0,PNOA-2024-GAL-556-4668-H29-NPC01_chm.tif,37412,3.7412,3.7405,12.77,27.2,39.45,3.1448,84.06,3.0431,81.34,2.8493,76.16,2.801,74.87,2.5475,68.09,2.3179,61.96,0.0321,0.86
nuc-11,nucleos,A Cañiza,Luneda (Santa María),3600905.0,PNOA-2024-GAL-556-4669-H29-NPC01_chm.tif,108219,10.8219,10.8219,0.86,20.97,37.56,4.5135,41.71,4.1561,38.4,3.6496,33.72,3.5397,32.71,3.0858,28.51,2.7514,25.42,0.0073,0.07
nuc-47,nucleos,A Cañiza,Parada das Achas (Santiago),3600907.0,PNOA-2024-GAL-556-4669-H29-NPC01_chm.tif,20366,2.0366,2.0361,12.28,25.51,43.65,1.4589,71.63,1.4169,69.57,1.3367,65.63,1.3145,64.54,1.1973,58.79,1.1144,54.72,0.0568,2.79
ill-7,illadas,A Cañiza,Luneda (Santa María),3600905.0,PNOA-2024-GAL-556-4669-H29-NPC01_chm.tif,11728,1.1728,1.1788,0.62,17.96,33.0,0.3458,29.48,0.3185,27.16,0.2847,24.28,0.281,23.96,0.2565,21.87,0.234,19.95,0.0,0.0
ill-8,illadas,A Cañiza,Parada das Achas (Santiago),3600907.0,PNOA-2024-GAL-556-4669-H29-NPC01_chm.tif,8408,0.8408,0.8416,6.0,17.59,25.96,0.5929,70.52,0.5349,63.62,0.4531,53.89,0.4361,51.87,0.3484,41.44,0.2548,30.3,0.0,0.0
nuc-47,nucleos,A Cañiza,Parada das Achas (Santiago),3600907.0,PNOA-2024-GAL-556-4670-H29-NPC01_chm.tif,49735,4.9735,4.9721,5.62,18.36,45.45,3.0288,60.9,2.8637,57.58,2.5835,51.95,2.5079,50.43,2.0621,41.46,1.7174,34.53,0.0305,0.61
ill-8,illadas,A Cañiza,Parada das Achas (Santiago),3600907.0,PNOA-2024-GAL-556-4670-H29-NPC01_chm.tif,1153,0.1153,0.1147,20.2,34.86,39.25,0.1006,87.25,0.097,84.13,0.092,79.79,0.0901,78.14,0.0832,72.16,0.0786,68.17,0.0111,9.63
nuc-47,nucleos,A Cañiza,Parada das Achas (Santiago),3600907.0,PNOA-2024-GAL-556-4671-H29-NPC01_chm.tif,22940,2.294,2.294,0.38,7.89,15.67,0.6299,27.46,0.5799,25.28,0.4456,19.42,0.4105,17.89,0.2212,9.64,0.0953,4.15,0.0,0.0
nuc-47,nucleos,A Cañiza,Parada das Achas (Santiago),3600907.0,PNOA-2024-GAL-556-4672-H29-NPC01_chm.tif,92782,9.2782,9.2809,1.61,15.03,32.98,4.4796,48.28,4.201,45.28,3.6775,39.64,3.5339,38.09,2.7984,30.16,2.303,24.82,0.0,0.0
ill-8,illadas,A Cañiza,Parada das Achas (Santiago),3600907.0,PNOA-2024-GAL-556-4672-H29-NPC01_chm.tif,1105,0.1105,0.11,9.72,14.88,18.15,0.0952,86.15,0.0944,85.43,0.0911,82.44,0.0889,80.45,0.0738,66.79,0.0519,46.97,0.0,0.0
nuc-47,nucleos,A Cañiza,Parada das Achas (Santiago),3600907.0,PNOA-2024-GAL-556-4673-H29-NPC01_chm.tif,51421,5.1421,5.1527,5.31,15.67,25.26,3.1103,60.49,2.94,57.18,2.6222,50.99,2.5421,49.44,2.1035,40.91,1.6661,32.4,0.0,0.0
ill-8,illadas,A Cañiza,Parada das Achas (Santiago),3600907.0,PNOA-2024-GAL-556-4673-H29-NPC01_chm.tif,8818,0.8818,0.8824,0.86,8.72,19.76,0.2574,29.19,0.2114,23.97,0.1684,19.1,0.1542,17.49,0.1013,11.49,0.0629,7.13,0.0,0.0
ill-37,illadas,Covelo,Godóns (Santa María),3601307.0,PNOA-2024-GAL-556-4680-H29-NPC01_chm.tif,50717,5.0717,5.0727,3.26,13.03,20.62,2.9647,58.46,2.6085,51.43,2.092,41.25,1.9861,39.16,1.51,29.77,1.1284,22.25,0.0,0.0
nuc-4,nucleos,Covelo,Godóns (Santa María),3601307.0,PNOA-2024-GAL-556-4681-H29-NPC01_chm.tif,34359,3.4359,3.4365,0.37,10.53,21.97,0.8709,25.35,0.7246,21.09,0.574,16.71,0.5457,15.88,0.4483,13.05,0.3643,10.6,0.0,0.0
ill-37,illadas,Covelo,Godóns (Santa María),3601307.0,PNOA-2024-GAL-556-4681-H29-NPC01_chm.tif,46679,4.6679,4.6674,0.84,9.59,20.4,1.8387,39.39,1.5515,33.24,1.0447,22.38,0.9486,20.32,0.63,13.5,0.4242,9.09,0.0,0.0
nuc-4,nucleos,Covelo,Godóns (Santa María),3601307.0,PNOA-2024-GAL-556-4682-H29-NPC01_chm.tif,12555,1.2555,1.2756,0.72,10.91,22.52,0.5009,39.9,0.4292,34.19,0.3147,25.07,0.2949,23.49,0.2329,18.55,0.1609,12.82,0.0,0.0
ill-37,illadas,Covelo,Godóns (Santa María),3601307.0,PNOA-2024-GAL-556-4682-H29-NPC01_chm.tif,18464,1.8464,1.8545,1.13,7.28,24.82,0.7947,43.04,0.6702,36.3,0.4055,21.96,0.3441,18.64,0.1433,7.76,0.0695,3.76,0.0,0.0
nuc-14,nucleos,Covelo,Prado (San Salvador),3601313.0,PNOA-2024-GAL-556-4683-H29-NPC01_chm.tif,39,0.0039,0.0044,12.36,15.55,16.0,0.0039,100.0,0.0039,100.0,0.0039,100.0,0.0039,100.0,0.0035,89.74,0.0026,66.67,0.0,0.0
nuc-19,nucleos,Covelo,Campo (Santa María),3601302.0,PNOA-2024-GAL-556-4683-H29-NPC01_chm.tif,24595,2.4595,2.4587,0.27,11.19,30.62,0.5741,23.34,0.5149,20.94,0.4447,18.08,0.4331,17.61,0.3677,14.95,0.2919,11.87,0.0,0.0
ill-23,illadas,Covelo,Prado (San Salvador),3601313.0,PNOA-2024-GAL-556-4683-H29-NPC01_chm.tif,9371,0.9371,0.9379,9.61,16.77,24.46,0.7573,80.81,0.7239,77.25,0.6595,70.38,0.6395,68.24,0.5485,58.53,0.4448,47.47,0.0,0.0
nuc-19,nucleos,Covelo,Campo (Santa María),3601302.0,PNOA-2024-GAL-556-4684-H29-NPC01_chm.tif,14490,1.449,1.461,4.47,17.9,34.39,0.9082,62.68,0.8502,58.67,0.6892,47.56,0.6649,45.89,0.5773,39.84,0.5009,34.57,0.0,0.0
ill-42,illadas,Covelo,Campo (Santa María),3601302.0,PNOA-2024-GAL-556-4684-H29-NPC01_chm.tif,34033,3.4033,3.4067,2.76,11.94,34.6,1.8543,54.49,1.656,48.66,1.3056,38.36,1.2168,35.75,0.8363,24.57,0.5425,15.94,0.0,0.0
nuc-25,nucleos,Covelo,A Graña (San Bernabeu),3601308.0,PNOA-2024-GAL-556-4685-H29-NPC01_chm.tif,62961,6.2961,6.2983,0.49,7.4,15.29,1.9719,31.32,1.6865,26.79,1.2103,19.22,1.0858,17.25,0.5146,8.17,0.2365,3.76,0.0,0.0
ill-22,illadas,Covelo,A Graña (San Bernabeu),3601308.0,PNOA-2024-GAL-556-4685-H29-NPC01_chm.tif,8947,0.8947,0.8948,1.62,9.22,17.66,0.4246,47.46,0.3628,40.55,0.2405,26.88,0.2156,24.1,0.1274,14.24,0.0724,8.09,0.0,0.0
nuc-25,nucleos,Covelo,A Graña (San Bernabeu),3601308.0,PNOA-2024-GAL-556-4686-H29-NPC01_chm.tif,83561,8.3561,8.3574,2.1,13.37,24.24,4.2147,50.44,3.8275,45.8,2.9555,35.37,2.711,32.44,1.9879,23.79,1.5731,18.83,0.0,0.0
ill-22,illadas,Covelo,A Graña (San Bernabeu),3601308.0,PNOA-2024-GAL-556-4686-H29-NPC01_chm.tif,8773,0.8773,0.8781,0.21,0.99,17.17,0.063,7.18,0.0532,6.06,0.0453,5.16,0.0439,5.0,0.0305,3.48,0.0238,2.71,0.0,0.0
nuc-25,nucleos,Covelo,A Graña (San Bernabeu),3601308.0,PNOA-2024-GAL-556-4687-H29-NPC01_chm.tif,108611,10.8611,10.8627,4.04,15.42,28.13,6.309,58.09,5.8684,54.03,5.0508,46.5,4.8554,44.7,4.0513,37.3,3.3472,30.82,0.0,0.0
ill-22,illadas,Covelo,A Graña (San Bernabeu),3601308.0,PNOA-2024-GAL-556-4687-H29-NPC01_chm.tif,33622,3.3622,3.3607,0.79,8.6,19.5,1.1075,32.94,0.9422,28.02,0.6944,20.65,0.6338,18.85,0.3907,11.62,0.2399,7.14,0.0,0.0
ill-22,illadas,Covelo,A Graña (San Bernabeu),3601308.0,PNOA-2024-GAL-556-4688-H29-NPC01_chm.tif,5358,0.5358,0.5352,0.19,3.3,12.46,0.1037,19.35,0.0773,14.43,0.0184,3.43,0.0176,3.28,0.005,0.93,0.005,0.93,0.0,0.0
ill-22,illadas,Covelo,A Graña (San Bernabeu),3601308.0,PNOA-2024-GAL-556-4689-H29-NPC01_chm.tif,9741,0.9741,0.9887,0.23,1.06,5.75,0.0695,7.13,0.0454,4.66,0.0136,1.4,0.0063,0.65,0.0,0.0,0.0,0.0,0.0,0.0
nuc-9,nucleos,Arbo,Arbo (Santa María),3600101.0,PNOA-2024-GAL-557-4662-H29-NPC01_chm.tif,37699,3.7699,3.7699,2.62,15.27,36.92,2.1487,57.0,1.7612,46.72,1.3221,35.07,1.2307,32.65,0.8543,22.66,0.6691,17.75,0.005,0.13
ill-2,illadas,Arbo,Arbo (Santa María),3600101.0,PNOA-2024-GAL-557-4662-H29-NPC01_chm.tif,1475,0.1475,0.148,0.9,4.66,10.08,0.0435,29.49,0.0298,20.2,0.0126,8.54,0.0094,6.37,0.0002,0.14,0.0001,0.07,0.0,0.0
nuc-9,nucleos,Arbo,Arbo (Santa María),3600101.0,PNOA-2024-GAL-557-4663-H29-NPC01_chm.tif,265115,26.5115,26.5144,2.04,10.38,35.58,13.6793,51.6,7.1361,26.92,5.1957,19.6,4.856,18.32,3.4633,13.06,2.7634,10.42,0.0039,0.01
ill-2,illadas,Arbo,Arbo (Santa María),3600101.0,PNOA-2024-GAL-557-4663-H29-NPC01_chm.tif,35123,3.5123,3.5127,1.9,3.44,28.92,1.556,44.3,0.4105,11.69,0.2156,6.14,0.1872,5.33,0.1007,2.87,0.0664,1.89,0.0,0.0
nuc-9,nucleos,Arbo,Arbo (Santa María),3600101.0,PNOA-2024-GAL-557-4664-H29-NPC01_chm.tif,97260,9.726,9.7241,2.15,18.86,50.24,5.3418,54.92,3.9325,40.43,3.0889,31.76,2.897,29.79,2.1331,21.93,1.8104,18.61,0.0963,0.99
nuc-44,nucleos,Arbo,Mourentán (San Cristovo),3600105.0,PNOA-2024-GAL-557-4664-H29-NPC01_chm.tif,9565,0.9565,0.9544,7.75,31.47,46.85,0.7082,74.04,0.6577,68.76,0.6037,63.12,0.5855,61.21,0.4663,48.75,0.3618,37.83,0.057,5.96
ill-2,illadas,Arbo,Arbo (Santa María),3600101.0,PNOA-2024-GAL-557-4664-H29-NPC01_chm.tif,16234,1.6234,1.6246,7.83,22.13,36.55,1.2804,78.87,1.0968,67.56,0.9757,60.1,0.9471,58.34,0.8,49.28,0.6771,41.71,0.0079,0.49
ill-10,illadas,Arbo,Mourentán (San Cristovo),3600105.0,PNOA-2024-GAL-557-4664-H29-NPC01_chm.tif,9432,0.9432,0.9453,2.2,10.34,21.25,0.5314,56.34,0.2904,30.79,0.2129,22.57,0.2041,21.64,0.1531,16.23,0.1034,10.96,0.0,0.0
nuc-9,nucleos,Arbo,Arbo (Santa María),3600101.0,PNOA-2024-GAL-557-4665-H29-NPC01_chm.tif,1590,0.159,0.1596,36.61,43.09,47.37,0.1585,99.69,0.1581,99.43,0.1581,99.43,0.1581,99.43,0.158,99.37,0.1579,99.31,0.1023,64.34
nuc-44,nucleos,Arbo,Mourentán (San Cristovo),3600105.0,PNOA-2024-GAL-557-4665-H29-NPC01_chm.tif,101002,10.1002,10.0999,2.33,21.46,49.59,6.2232,61.61,4.1845,41.43,3.5631,35.28,3.4729,34.38,3.0676,30.37,2.7328,27.06,0.3631,3.59
ill-10,illadas,Arbo,Mourentán (San Cristovo),3600105.0,PNOA-2024-GAL-557-4665-H29-NPC01_chm.tif,50958,5.0958,5.0934,3.41,17.39,47.14,3.1936,62.67,2.6941,52.87,2.1087,41.38,1.9764,38.78,1.4961,29.36,1.2452,24.44,0.1134,2.23
nuc-44,nucleos,Arbo,Mourentán (San Cristovo),3600105.0,PNOA-2024-GAL-557-4666-H29-NPC01_chm.tif,228759,22.8759,22.8744,2.14,18.69,49.67,12.6209,55.17,8.3228,36.38,6.6614,29.12,6.3642,27.82,5.1367,22.45,4.3681,19.09,0.276,1.21
ill-10,illadas,Arbo,Mourentán (San Cristovo),3600105.0,PNOA-2024-GAL-557-4666-H29-NPC01_chm.tif,3815,0.3815,0.3812,9.49,24.35,30.86,0.3139,82.28,0.2964,77.69,0.2582,67.68,0.2478,64.95,0.2103,55.12,0.186,48.75,0.0,0.0
nuc-44,nucleos,Arbo,Mourentán (San Cristovo),3600105.0,PNOA-2024-GAL-557-4667-H29-NPC01_chm.tif,162487,16.2487,16.2506,4.1,21.69,44.2,10.2776,63.25,8.8421,54.42,7.6574,47.13,7.4155,45.64,6.5326,40.2,5.9833,36.82,0.0678,0.42
ill-10,illadas,Arbo,Mourentán (San Cristovo),3600105.0,PNOA-2024-GAL-557-4667-H29-NPC01_chm.tif,27788,2.7788,2.7812,3.95,12.85,29.38,2.0623,74.22,1.6141,58.09,1.181,42.5,1.0817,38.93,0.7191,25.88,0.5115,18.41,0.0,0.0
nuc-11,nucleos,A Cañiza,Luneda (Santa María),3600905.0,PNOA-2024-GAL-557-4668-H29-NPC01_chm.tif,39160,3.916,3.9178,3.03,17.99,45.3,2.2713,58.0,1.964,50.15,1.6784,42.86,1.6155,41.25,1.3327,34.03,1.1263,28.76,0.0262,0.67
nuc-30,nucleos,Arbo,Mourentán (San Cristovo),3600105.0,PNOA-2024-GAL-557-4668-H29-NPC01_chm.tif,2869,0.2869,0.2866,18.28,24.22,33.72,0.2646,92.23,0.2621,91.36,0.258,89.93,0.2568,89.51,0.2516,87.7,0.2461,85.78,0.0,0.0
nuc-32,nucleos,A Cañiza,Valeixe (Santa Cristina),3600909.0,PNOA-2024-GAL-557-4668-H29-NPC01_chm.tif,62484,6.2484,6.301,4.76,22.44,48.02,3.9422,63.09,3.4791,55.68,3.0845,49.36,3.0071,48.13,2.6448,42.33,2.3446,37.52,0.0746,1.19
nuc-44,nucleos,Arbo,Mourentán (San Cristovo),3600105.0,PNOA-2024-GAL-557-4668-H29-NPC01_chm.tif,18907,1.8907,1.8916,4.14,19.02,39.09,1.1656,61.65,1.0227,54.09,0.8919,47.17,0.8564,45.3,0.72,38.08,0.607,32.1,0.0069,0.36
ill-7,illadas,A Cañiza,Luneda (Santa María),3600905.0,PNOA-2024-GAL-557-4668-H29-NPC01_chm.tif,6462,0.6462,0.6474,2.46,14.0,22.28,0.3765,58.26,0.2703,41.83,0.2043,31.62,0.1931,29.88,0.1456,22.53,0.1099,17.01,0.0,0.0
ill-10,illadas,Arbo,Mourentán (San Cristovo),3600105.0,PNOA-2024-GAL-557-4668-H29-NPC01_chm.tif,16955,1.6955,1.6963,12.96,29.68,45.52,1.5192,89.6,1.4427,85.09,1.3125,77.41,1.2788,75.42,1.1351,66.95,1.0302,60.76,0.0699,4.12
ill-17,illadas,A Cañiza,Valeixe (Santa Cristina),3600909.0,PNOA-2024-GAL-557-4668-H29-NPC01_chm.tif,37325,3.7325,3.7356,8.63,23.03,48.17,2.7406,73.43,2.5126,67.32,2.2297,59.74,2.1632,57.96,1.9232,51.53,1.756,47.05,0.0802,2.15
nuc-32,nucleos,A Cañiza,Valeixe (Santa Cristina),3600909.0,PNOA-2024-GAL-557-4669-H29-NPC01_chm.tif,12960,1.296,1.2971,2.69,16.12,31.18,0.7449,57.48,0.6101,47.08,0.453,34.95,0.4239,32.71,0.3327,25.67,0.2696,20.8,0.0,0.0
nuc-47,nucleos,A Cañiza,Parada das Achas (Santiago),3600907.0,PNOA-2024-GAL-557-4669-H29-NPC01_chm.tif,69842,6.9842,6.9848,5.57,17.79,37.2,4.6227,66.19,4.2043,60.2,3.6309,51.99,3.5079,50.23,2.9486,42.22,2.5387,36.35,0.0058,0.08
ill-7,illadas,A Cañiza,Luneda (Santa María),3600905.0,PNOA-2024-GAL-557-4669-H29-NPC01_chm.tif,211,0.0211,0.0221,24.83,28.12,29.63,0.0193,91.47,0.0192,91.0,0.0186,88.15,0.0185,87.68,0.0181,85.78,0.0176,83.41,0.0,0.0
ill-8,illadas,A Cañiza,Parada das Achas (Santiago),3600907.0,PNOA-2024-GAL-557-4669-H29-NPC01_chm.tif,19903,1.9903,1.9897,6.59,17.92,25.62,1.4677,73.74,1.3081,65.72,1.111,55.82,1.0702,53.77,0.9016,45.3,0.7604,38.21,0.0,0.0
ill-17,illadas,A Cañiza,Valeixe (Santa Cristina),3600909.0,PNOA-2024-GAL-557-4669-H29-NPC01_chm.tif,5896,0.5896,0.5895,11.44,24.4,35.58,0.4346,73.71,0.4015,68.1,0.3632,61.6,0.358,60.72,0.3325,56.39,0.3076,52.17,0.0014,0.24
nuc-47,nucleos,A Cañiza,Parada das Achas (Santiago),3600907.0,PNOA-2024-GAL-557-4670-H29-NPC01_chm.tif,291113,29.1113,29.1142,5.3,19.09,46.67,18.6247,63.98,17.0039,58.41,14.8386,50.97,14.3755,49.38,12.1958,41.89,10.3727,35.63,0.1097,0.38
ill-8,illadas,A Cañiza,Parada das Achas (Santiago),3600907.0,PNOA-2024-GAL-557-4670-H29-NPC01_chm.tif,60264,6.0264,6.0249,3.94,19.48,41.52,3.8008,63.07,3.3258,55.19,2.7446,45.54,2.6311,43.66,2.1944,36.41,1.8656,30.96,0.0323,0.54
nuc-47,nucleos,A Cañiza,Parada das Achas (Santiago),3600907.0,PNOA-2024-GAL-557-4671-H29-NPC01_chm.tif,111137,11.1137,11.1116,2.42,17.41,42.41,5.9374,53.42,5.2325,47.08,4.4534,40.07,4.2906,38.61,3.4939,31.44,2.8833,25.94,0.0708,0.64
ill-8,illadas,A Cañiza,Parada das Achas (Santiago),3600907.0,PNOA-2024-GAL-557-4671-H29-NPC01_chm.tif,36033,3.6033,3.6102,3.27,15.37,30.53,2.091,58.03,1.8511,51.37,1.5145,42.03,1.4443,40.08,1.1639,32.3,0.9569,26.56,0.0,0.0
nuc-47,nucleos,A Cañiza,Parada das Achas (Santiago),3600907.0,PNOA-2024-GAL-557-4672-H29-NPC01_chm.tif,51476,5.1476,5.1476,2.37,14.26,31.99,2.6987,52.43,2.3968,46.56,1.9893,38.65,1.8925,36.76,1.4317,27.81,1.1298,21.95,0.0,0.0
ill-8,illadas,A Cañiza,Parada das Achas (Santiago),3600907.0,PNOA-2024-GAL-557-4672-H29-NPC01_chm.tif,59724,5.9724,5.9726,4.77,17.1,29.09,3.8816,64.99,3.4561,57.87,2.9272,49.01,2.7975,46.84,2.314,38.74,2.0022,33.52,0.0,0.0
nuc-46,nucleos,A Cañiza,As Achas (San Sebastián),3600901.0,PNOA-2024-GAL-557-4673-H29-NPC01_chm.tif,111783,11.1783,11.1753,0.44,11.04,42.0,3.6192,32.38,3.1809,28.46,2.5819,23.1,2.449,21.91,1.7922,16.03,1.326,11.86,0.0242,0.22
nuc-47,nucleos,A Cañiza,Parada das Achas (Santiago),3600907.0,PNOA-2024-GAL-557-4673-H29-NPC01_chm.tif,3741,0.3741,0.3738,5.66,13.69,16.89,0.2305,61.61,0.2165,57.87,0.1945,51.99,0.189,50.52,0.1597,42.69,0.1268,33.89,0.0,0.0
ill-8,illadas,A Cañiza,Parada das Achas (Santiago),3600907.0,PNOA-2024-GAL-557-4673-H29-NPC01_chm.tif,130,0.013,0.0128,0.77,3.41,5.48,0.0039,30.0,0.002,15.38,0.0001,0.77,0.0,0.0,0.0,0.0,0.0,0.0,0.0,0.0
ill-46,illadas,A Cañiza,As Achas (San Sebastián),3600901.0,PNOA-2024-GAL-557-4673-H29-NPC01_chm.tif,10188,1.0188,1.0197,0.38,10.86,27.3,0.3344,32.82,0.3184,31.25,0.2725,26.75,0.2564,25.17,0.1864,18.3,0.1253,12.3,0.0,0.0
nuc-46,nucleos,A Cañiza,As Achas (San Sebastián),3600901.0,PNOA-2024-GAL-557-4674-H29-NPC01_chm.tif,164352,16.4352,16.4346,5.81,18.52,42.3,10.6978,65.09,10.0117,60.92,8.7644,53.33,8.4289,51.29,6.7408,41.01,5.4887,33.4,0.0274,0.17
ill-46,illadas,A Cañiza,As Achas (San Sebastián),3600901.0,PNOA-2024-GAL-557-4674-H29-NPC01_chm.tif,9050,0.905,0.9061,12.88,29.55,36.01,0.7045,77.85,0.6719,74.24,0.6178,68.27,0.6069,67.06,0.5491,60.67,0.5195,57.4,0.0031,0.34
nuc-46,nucleos,A Cañiza,As Achas (San Sebastián),3600901.0,PNOA-2024-GAL-557-4675-H29-NPC01_chm.tif,188467,18.8467,18.8461,0.76,11.4,43.39,6.7933,36.05,5.5242,29.31,4.3344,23.0,4.1094,21.8,3.1031,16.46,2.3614,12.53,0.0592,0.31
ill-46,illadas,A Cañiza,As Achas (San Sebastián),3600901.0,PNOA-2024-GAL-557-4675-H29-NPC01_chm.tif,10442,1.0442,1.0499,0.77,12.71,28.08,0.3356,32.14,0.2846,27.26,0.2164,20.72,0.2059,19.72,0.1546,14.81,0.1286,12.32,0.0,0.0
nuc-46,nucleos,A Cañiza,As Achas (San Sebastián),3600901.0,PNOA-2024-GAL-557-4676-H29-NPC01_chm.tif,33269,3.3269,3.3255,0.8,13.76,37.4,1.2181,36.61,1.0428,31.34,0.8293,24.93,0.7864,23.64,0.6205,18.65,0.5058,15.2,0.0022,0.07
ill-46,illadas,A Cañiza,As Achas (San Sebastián),3600901.0,PNOA-2024-GAL-557-4676-H29-NPC01_chm.tif,11282,1.1282,1.1284,1.28,15.7,38.04,0.5299,46.97,0.4966,44.02,0.4369,38.73,0.4224,37.44,0.3475,30.8,0.294,26.06,0.0006,0.05
nuc-48,nucleos,A Cañiza,Petán (San Xián),3600908.0,PNOA-2024-GAL-557-4677-H29-NPC01_chm.tif,50928,5.0928,5.1064,3.83,16.74,43.37,3.2757,64.32,2.8651,56.26,2.2087,43.37,2.1032,41.3,1.6879,33.14,1.3726,26.95,0.0319,0.63
ill-1,illadas,A Cañiza,Petán (San Xián),3600908.0,PNOA-2024-GAL-557-4677-H29-NPC01_chm.tif,29696,2.9696,2.9691,6.61,27.5,36.81,2.1854,73.59,2.0085,67.64,1.6802,56.58,1.6017,53.94,1.3512,45.5,1.2088,40.71,0.0019,0.06
nuc-48,nucleos,A Cañiza,Petán (San Xián),3600908.0,PNOA-2024-GAL-557-4678-H29-NPC01_chm.tif,116150,11.615,11.6304,3.04,14.85,32.57,6.2516,53.82,5.8252,50.15,5.0399,43.39,4.8809,42.02,3.9764,34.24,3.164,27.24,0.0,0.0
ill-1,illadas,A Cañiza,Petán (San Xián),3600908.0,PNOA-2024-GAL-557-4678-H29-NPC01_chm.tif,10707,1.0707,1.0711,2.4,13.8,23.84,0.551,51.46,0.5084,47.48,0.4413,41.22,0.4222,39.43,0.3048,28.47,0.2349,21.94,0.0,0.0
nuc-48,nucleos,A Cañiza,Petán (San Xián),3600908.0,PNOA-2024-GAL-557-4679-H29-NPC01_chm.tif,41401,4.1401,4.1383,0.86,8.91,24.31,1.6031,38.72,1.3847,33.45,0.9538,23.04,0.858,20.72,0.516,12.46,0.3087,7.46,0.0,0.0
ill-37,illadas,Covelo,Godóns (Santa María),3601307.0,PNOA-2024-GAL-557-4680-H29-NPC01_chm.tif,71,0.0071,0.0073,10.5,13.92,15.61,0.0066,92.96,0.0064,90.14,0.0062,87.32,0.0061,85.92,0.0054,76.06,0.0041,57.75,0.0,0.0
nuc-4,nucleos,Covelo,Godóns (Santa María),3601307.0,PNOA-2024-GAL-557-4681-H29-NPC01_chm.tif,25875,2.5875,2.5864,4.29,12.95,32.75,1.5876,61.36,1.4777,57.11,1.1851,45.8,1.1118,42.97,0.7907,30.56,0.5351,20.68,0.0,0.0
ill-37,illadas,Covelo,Godóns (Santa María),3601307.0,PNOA-2024-GAL-557-4681-H29-NPC01_chm.tif,13148,1.3148,1.3159,6.71,15.26,33.94,0.9371,71.27,0.888,67.54,0.7652,58.2,0.7324,55.7,0.5819,44.26,0.4602,35.0,0.0,0.0
nuc-4,nucleos,Covelo,Godóns (Santa María),3601307.0,PNOA-2024-GAL-557-4682-H29-NPC01_chm.tif,131439,13.1439,13.1416,1.14,17.06,36.65,5.988,45.56,5.4064,41.13,4.4722,34.02,4.2865,32.61,3.5485,27.0,3.0544,23.24,0.0111,0.08
nuc-14,nucleos,Covelo,Prado (San Salvador),3601313.0,PNOA-2024-GAL-557-4682-H29-NPC01_chm.tif,1479,0.1479,0.1477,7.05,13.85,17.99,0.0943,63.76,0.0843,57.0,0.0765,51.72,0.0758,51.25,0.0709,47.94,0.0559,37.8,0.0,0.0
ill-23,illadas,Covelo,Prado (San Salvador),3601313.0,PNOA-2024-GAL-557-4682-H29-NPC01_chm.tif,1409,0.1409,0.1422,0.44,2.18,3.72,0.0158,11.21,0.0058,4.12,0.0,0.0,0.0,0.0,0.0,0.0,0.0,0.0,0.0,0.0
ill-37,illadas,Covelo,Godóns (Santa María),3601307.0,PNOA-2024-GAL-557-4682-H29-NPC01_chm.tif,14678,1.4678,1.4673,3.32,13.11,28.51,0.8113,55.27,0.7552,51.45,0.5737,39.09,0.5134,34.98,0.3216,21.91,0.2325,15.84,0.0,0.0
nuc-4,nucleos,Covelo,Godóns (Santa María),3601307.0,PNOA-2024-GAL-557-4683-H29-NPC01_chm.tif,16,0.0016,0.0014,8.57,16.5,18.08,0.0015,93.75,0.0015,93.75,0.0015,93.75,0.0015,93.75,0.0011,68.75,0.0006,37.5,0.0,0.0
nuc-14,nucleos,Covelo,Prado (San Salvador),3601313.0,PNOA-2024-GAL-557-4683-H29-NPC01_chm.tif,195345,19.5345,19.5352,0.96,13.07,28.63,8.0617,41.27,7.0319,36.0,5.5638,28.48,5.2581,26.92,4.0847,20.91,3.2647,16.71,0.0,0.0
ill-23,illadas,Covelo,Prado (San Salvador),3601313.0,PNOA-2024-GAL-557-4683-H29-NPC01_chm.tif,22696,2.2696,2.2782,0.6,9.67,15.93,0.6749,29.74,0.5485,24.17,0.4438,19.55,0.4176,18.4,0.2875,12.67,0.214,9.43,0.0,0.0
nuc-14,nucleos,Covelo,Prado (San Salvador),3601313.0,PNOA-2024-GAL-557-4684-H29-NPC01_chm.tif,38857,3.8857,3.8957,1.27,11.7,18.41,1.5075,38.8,1.171,30.14,0.8436,21.71,0.7968,20.51,0.6059,15.59,0.4761,12.25,0.0,0.0
nuc-9,nucleos,Arbo,Arbo (Santa María),3600101.0,PNOA-2024-GAL-558-4663-H29-NPC01_chm.tif,125829,12.5829,12.5825,2.24,13.47,24.97,7.7075,61.25,5.0642,40.25,4.148,32.97,3.9647,31.51,3.1886,25.34,2.5314,20.12,0.0,0.0
ill-2,illadas,Arbo,Arbo (Santa María),3600101.0,PNOA-2024-GAL-558-4663-H29-NPC01_chm.tif,13346,1.3346,1.3351,2.19,6.95,15.72,0.8487,63.59,0.3475,26.04,0.2045,15.32,0.1808,13.55,0.0953,7.14,0.0545,4.08,0.0,0.0
nuc-9,nucleos,Arbo,Arbo (Santa María),3600101.0,PNOA-2024-GAL-558-4664-H29-NPC01_chm.tif,120482,12.0482,12.0705,2.1,14.61,44.98,6.417,53.26,4.6557,38.64,3.5585,29.54,3.3359,27.69,2.5017,20.76,2.0592,17.09,0.0391,0.32
nuc-44,nucleos,Arbo,Mourentán (San Cristovo),3600105.0,PNOA-2024-GAL-558-4664-H29-NPC01_chm.tif,5025,0.5025,0.5014,1.47,5.6,23.07,0.2065,41.09,0.0948,18.87,0.0588,11.7,0.0526,10.47,0.0219,4.36,0.0128,2.55,0.0,0.0
ill-2,illadas,Arbo,Arbo (Santa María),3600101.0,PNOA-2024-GAL-558-4664-H29-NPC01_chm.tif,45353,4.5353,4.5356,3.86,18.03,51.13,3.1161,68.71,2.5117,55.38,1.9678,43.39,1.8416,40.61,1.4206,31.32,1.1573,25.52,0.1362,3.0
ill-10,illadas,Arbo,Mourentán (San Cristovo),3600105.0,PNOA-2024-GAL-558-4664-H29-NPC01_chm.tif,80,0.008,0.008,21.35,23.38,23.74,0.008,100.0,0.008,100.0,0.008,100.0,0.008,100.0,0.008,100.0,0.008,100.0,0.0,0.0
nuc-9,nucleos,Arbo,Arbo (Santa María),3600101.0,PNOA-2024-GAL-558-4665-H29-NPC01_chm.tif,12,0.0012,0.0013,22.61,24.02,25.27,0.0012,100.0,0.0012,100.0,0.0012,100.0,0.0012,100.0,0.0012,100.0,0.0012,100.0,0.0,0.0
nuc-44,nucleos,Arbo,Mourentán (San Cristovo),3600105.0,PNOA-2024-GAL-558-4665-H29-NPC01_chm.tif,59847,5.9847,5.989,9.05,26.15,50.97,4.5972,76.82,4.1716,69.7,3.6846,61.57,3.5914,60.01,3.1604,52.81,2.8327,47.33,0.2314,3.87
ill-2,illadas,Arbo,Arbo (Santa María),3600101.0,PNOA-2024-GAL-558-4665-H29-NPC01_chm.tif,14470,1.447,1.4465,4.19,13.29,32.12,1.0472,72.37,0.8786,60.72,0.6494,44.88,0.5996,41.44,0.3978,27.49,0.3042,21.02,0.0,0.0
ill-10,illadas,Arbo,Mourentán (San Cristovo),3600105.0,PNOA-2024-GAL-558-4665-H29-NPC01_chm.tif,16245,1.6245,1.6276,4.26,21.7,35.06,1.1507,70.83,0.9551,58.79,0.7298,44.92,0.6796,41.83,0.5076,31.25,0.4185,25.76,0.0001,0.01
nuc-44,nucleos,Arbo,Mourentán (San Cristovo),3600105.0,PNOA-2024-GAL-558-4666-H29-NPC01_chm.tif,256300,25.63,25.6233,2.4,22.93,50.68,14.9894,58.48,11.8338,46.17,10.0443,39.19,9.6694,37.73,8.2663,32.25,7.3132,28.53,0.686,2.68
ill-10,illadas,Arbo,Mourentán (San Cristovo),3600105.0,PNOA-2024-GAL-558-4666-H29-NPC01_chm.tif,27061,2.7061,2.7075,5.19,20.4,37.82,1.754,64.82,1.5739,58.16,1.374,50.77,1.3218,48.85,1.131,41.79,1.0253,37.89,0.005,0.18
nuc-30,nucleos,Arbo,Mourentán (San Cristovo),3600105.0,PNOA-2024-GAL-558-4667-H29-NPC01_chm.tif,1071,0.1071,0.1074,25.54,33.88,45.46,0.0938,87.58,0.0934,87.21,0.091,84.97,0.0906,84.59,0.0902,84.22,0.0869,81.14,0.0062,5.79
nuc-32,nucleos,A Cañiza,Valeixe (Santa Cristina),3600909.0,PNOA-2024-GAL-558-4667-H29-NPC01_chm.tif,13367,1.3367,1.3364,6.76,22.74,36.13,0.9743,72.89,0.9048,67.69,0.7566,56.6,0.7259,54.31,0.6069,45.4,0.5238,39.19,0.0036,0.27
nuc-44,nucleos,Arbo,Mourentán (San Cristovo),3600105.0,PNOA-2024-GAL-558-4667-H29-NPC01_chm.tif,191060,19.106,19.1063,2.08,17.9,47.22,9.8232,51.41,8.4701,44.33,7.4155,38.81,7.1788,37.57,5.9981,31.39,5.15,26.95,0.1172,0.61
ill-10,illadas,Arbo,Mourentán (San Cristovo),3600105.0,PNOA-2024-GAL-558-4667-H29-NPC01_chm.tif,13919,1.3919,1.3929,3.01,20.83,41.64,0.803,57.69,0.6968,50.06,0.5486,39.41,0.5187,37.27,0.4082,29.33,0.3659,26.29,0.0066,0.47
ill-17,illadas,A Cañiza,Valeixe (Santa Cristina),3600909.0,PNOA-2024-GAL-558-4667-H29-NPC01_chm.tif,1857,0.1857,0.1863,11.09,18.13,20.73,0.1526,82.18,0.1473,79.32,0.1368,73.67,0.1332,71.73,0.1158,62.36,0.1003,54.01,0.0,0.0
ill-40,illadas,Arbo,Mourentán (San Cristovo),3600105.0,PNOA-2024-GAL-558-4667-H29-NPC01_chm.tif,2262,0.2262,0.2264,15.76,39.0,47.74,0.197,87.09,0.1939,85.72,0.189,83.55,0.1873,82.8,0.1777,78.56,0.1702,75.24,0.0397,17.55
nuc-30,nucleos,Arbo,Mourentán (San Cristovo),3600105.0,PNOA-2024-GAL-558-4668-H29-NPC01_chm.tif,623,0.0623,0.0623,20.82,22.85,23.88,0.0623,100.0,0.0623,100.0,0.0619,99.36,0.0619,99.36,0.0619,99.36,0.0617,99.04,0.0,0.0
nuc-32,nucleos,A Cañiza,Valeixe (Santa Cristina),3600909.0,PNOA-2024-GAL-558-4668-H29-NPC01_chm.tif,105098,10.5098,10.509,2.38,20.65,44.21,6.4926,61.78,4.8759,46.39,4.4787,42.61,4.3872,41.74,3.9648,37.72,3.5555,33.83,0.0293,0.28
nuc-44,nucleos,Arbo,Mourentán (San Cristovo),3600105.0,PNOA-2024-GAL-558-4668-H29-NPC01_chm.tif,11241,1.1241,1.1235,1.94,16.44,22.37,0.5299,47.14,0.461,41.01,0.4302,38.27,0.4224,37.58,0.3615,32.16,0.295,26.24,0.0,0.0
ill-10,illadas,Arbo,Mourentán (San Cristovo),3600105.0,PNOA-2024-GAL-558-4668-H29-NPC01_chm.tif,16538,1.6538,1.6552,1.74,10.9,26.52,0.7207,43.58,0.4707,28.46,0.3132,18.94,0.2934,17.74,0.219,13.24,0.1786,10.8,0.0,0.0
ill-17,illadas,A Cañiza,Valeixe (Santa Cristina),3600909.0,PNOA-2024-GAL-558-4668-H29-NPC01_chm.tif,22050,2.205,2.2104,4.49,23.12,43.89,1.466,66.49,1.246,56.51,1.0592,48.04,1.0196,46.24,0.8328,37.77,0.7352,33.34,0.0984,4.46
nuc-32,nucleos,A Cañiza,Valeixe (Santa Cristina),3600909.0,PNOA-2024-GAL-558-4669-H29-NPC01_chm.tif,155852,15.5852,15.5827,2.6,20.71,41.92,9.0376,57.99,7.498,48.11,6.5575,42.08,6.3765,40.91,5.5201,35.42,4.9103,31.51,0.0642,0.41
nuc-47,nucleos,A Cañiza,Parada das Achas (Santiago),3600907.0,PNOA-2024-GAL-558-4669-H29-NPC01_chm.tif,36920,3.692,3.6939,9.79,21.53,45.89,2.4957,67.6,2.303,62.38,2.1459,58.12,2.1116,57.19,1.9665,53.26,1.8311,49.6,0.036,0.98
ill-8,illadas,A Cañiza,Parada das Achas (Santiago),3600907.0,PNOA-2024-GAL-558-4669-H29-NPC01_chm.tif,964,0.0964,0.0974,19.4,27.86,46.8,0.092,95.44,0.0906,93.98,0.0882,91.49,0.0878,91.08,0.0867,89.94,0.0857,88.9,0.0045,4.67
ill-17,illadas,A Cañiza,Valeixe (Santa Cristina),3600909.0,PNOA-2024-GAL-558-4669-H29-NPC01_chm.tif,30495,3.0495,3.048,1.33,11.99,21.84,1.29,42.3,1.0601,34.76,0.822,26.96,0.7777,25.5,0.5655,18.54,0.416,13.64,0.0,0.0
nuc-32,nucleos,A Cañiza,Valeixe (Santa Cristina),3600909.0,PNOA-2024-GAL-558-4670-H29-NPC01_chm.tif,169827,16.9827,17.0032,2.93,18.47,46.96,9.8155,57.8,8.4401,49.7,7.184,42.3,6.9262,40.78,5.7704,33.98,4.9156,28.94,0.0739,0.44
nuc-47,nucleos,A Cañiza,Parada das Achas (Santiago),3600907.0,PNOA-2024-GAL-558-4670-H29-NPC01_chm.tif,68332,6.8332,6.8332,10.72,23.41,43.53,5.1672,75.62,4.6466,68.0,4.3456,63.6,4.2793,62.63,3.9049,57.15,3.5486,51.93,0.0414,0.61
ill-8,illadas,A Cañiza,Parada das Achas (Santiago),3600907.0,PNOA-2024-GAL-558-4670-H29-NPC01_chm.tif,388,0.0388,0.0388,19.67,26.17,28.54,0.0359,92.53,0.0355,91.49,0.0354,91.24,0.0354,91.24,0.0352,90.72,0.0344,88.66,0.0,0.0
ill-17,illadas,A Cañiza,Valeixe (Santa Cristina),3600909.0,PNOA-2024-GAL-558-4670-H29-NPC01_chm.tif,48509,4.8509,4.8602,2.64,18.02,38.61,2.8647,59.06,2.2831,47.07,1.7134,35.32,1.6086,33.16,1.2304,25.36,1.049,21.62,0.0023,0.05
nuc-32,nucleos,A Cañiza,Valeixe (Santa Cristina),3600909.0,PNOA-2024-GAL-558-4671-H29-NPC01_chm.tif,63526,6.3526,6.369,3.74,19.5,43.06,3.7813,59.52,3.4078,53.64,2.8157,44.32,2.6936,42.4,2.1966,34.58,1.8161,28.59,0.0654,1.03
nuc-47,nucleos,A Cañiza,Parada das Achas (Santiago),3600907.0,PNOA-2024-GAL-558-4671-H29-NPC01_chm.tif,180996,18.0996,18.0972,11.97,21.83,48.89,14.0975,77.89,13.5894,75.08,12.6941,70.13,12.4764,68.93,11.3771,62.86,10.3405,57.13,0.0649,0.36
ill-8,illadas,A Cañiza,Parada das Achas (Santiago),3600907.0,PNOA-2024-GAL-558-4671-H29-NPC01_chm.tif,50325,5.0325,5.0314,10.13,20.06,42.84,3.836,76.22,3.5938,71.41,3.2537,64.65,3.1768,63.13,2.8491,56.61,2.5387,50.45,0.0167,0.33
ill-17,illadas,A Cañiza,Valeixe (Santa Cristina),3600909.0,PNOA-2024-GAL-558-4671-H29-NPC01_chm.tif,2318,0.2318,0.2343,3.64,13.37,23.85,0.1453,62.68,0.1271,54.83,0.0987,42.58,0.0947,40.85,0.069,29.77,0.0498,21.48,0.0,0.0
nuc-46,nucleos,A Cañiza,As Achas (San Sebastián),3600901.0,PNOA-2024-GAL-558-4672-H29-NPC01_chm.tif,41680,4.168,4.1671,13.31,24.25,38.28,3.6947,88.64,3.5611,85.44,3.2985,79.14,3.2344,77.6,2.9105,69.83,2.5825,61.96,0.0074,0.18
nuc-47,nucleos,A Cañiza,Parada das Achas (Santiago),3600907.0,PNOA-2024-GAL-558-4672-H29-NPC01_chm.tif,5279,0.5279,0.5301,11.13,17.63,21.68,0.51,96.61,0.5071,96.06,0.4911,93.03,0.4863,92.12,0.4092,77.51,0.31,58.72,0.0,0.0
ill-8,illadas,A Cañiza,Parada das Achas (Santiago),3600907.0,PNOA-2024-GAL-558-4672-H29-NPC01_chm.tif,452,0.0452,0.0446,19.84,22.37,24.35,0.0452,100.0,0.0452,100.0,0.0452,100.0,0.0452,100.0,0.0452,100.0,0.0452,100.0,0.0,0.0
ill-46,illadas,A Cañiza,As Achas (San Sebastián),3600901.0,PNOA-2024-GAL-558-4672-H29-NPC01_chm.tif,3216,0.3216,0.3223,15.64,19.43,23.11,0.315,97.95,0.3132,97.39,0.31,96.39,0.3086,95.96,0.3005,93.44,0.2921,90.83,0.0,0.0
nuc-46,nucleos,A Cañiza,As Achas (San Sebastián),3600901.0,PNOA-2024-GAL-558-4673-H29-NPC01_chm.tif,78852,7.8852,7.8862,5.72,15.9,31.46,4.9334,62.57,4.6843,59.41,4.1524,52.66,4.0044,50.78,3.2583,41.32,2.5987,32.96,0.0,0.0
ill-46,illadas,A Cañiza,As Achas (San Sebastián),3600901.0,PNOA-2024-GAL-558-4673-H29-NPC01_chm.tif,19258,1.9258,1.9275,0.75,15.73,24.03,0.8506,44.17,0.7637,39.66,0.7008,36.39,0.6909,35.88,0.6367,33.06,0.5722,29.71,0.0,0.0
nuc-46,nucleos,A Cañiza,As Achas (San Sebastián),3600901.0,PNOA-2024-GAL-558-4674-H29-NPC01_chm.tif,150964,15.0964,15.0946,1.38,14.93,32.57,7.18,47.56,6.7381,44.63,5.8667,38.86,5.6519,37.44,4.6091,30.53,3.6649,24.28,0.0,0.0
ill-46,illadas,A Cañiza,As Achas (San Sebastián),3600901.0,PNOA-2024-GAL-558-4674-H29-NPC01_chm.tif,22470,2.247,2.2513,8.63,20.68,31.94,1.5678,69.77,1.4925,66.42,1.3615,60.59,1.33,59.19,1.1661,51.9,1.0228,45.52,0.0,0.0
nuc-46,nucleos,A Cañiza,As Achas (San Sebastián),3600901.0,PNOA-2024-GAL-558-4675-H29-NPC01_chm.tif,74967,7.4967,7.4953,1.06,15.47,39.33,3.2954,43.96,3.0479,40.66,2.642,35.24,2.5459,33.96,2.0825,27.78,1.6964,22.63,0.0324,0.43
nuc-48,nucleos,A Cañiza,Petán (San Xián),3600908.0,PNOA-2024-GAL-558-4675-H29-NPC01_chm.tif,11217,1.1217,1.1216,5.23,19.59,28.99,0.9859,87.89,0.8912,79.45,0.5935,52.91,0.5207,46.42,0.2975,26.52,0.2524,22.5,0.0,0.0
ill-46,illadas,A Cañiza,As Achas (San Sebastián),3600901.0,PNOA-2024-GAL-558-4675-H29-NPC01_chm.tif,18149,1.8149,1.8125,0.76,15.07,31.85,0.7468,41.15,0.7108,39.16,0.6269,34.54,0.5977,32.93,0.4648,25.61,0.3948,21.75,0.0,0.0
nuc-48,nucleos,A Cañiza,Petán (San Xián),3600908.0,PNOA-2024-GAL-558-4676-H29-NPC01_chm.tif,143570,14.357,14.3546,1.21,24.25,39.61,6.5697,45.76,6.0071,41.84,5.072,35.33,4.861,33.86,4.0138,27.96,3.5873,24.99,0.0647,0.45
ill-1,illadas,A Cañiza,Petán (San Xián),3600908.0,PNOA-2024-GAL-558-4676-H29-NPC01_chm.tif,7172,0.7172,0.7179,24.06,34.31,41.21,0.615,85.75,0.6031,84.09,0.5937,82.78,0.5917,82.5,0.5817,81.11,0.5761,80.33,0.0575,8.02
ill-46,illadas,A Cañiza,As Achas (San Sebastián),3600901.0,PNOA-2024-GAL-558-4676-H29-NPC01_chm.tif,13681,1.3681,1.3721,0.35,5.94,29.91,0.355,25.95,0.3083,22.53,0.1766,12.91,0.1541,11.26,0.0822,6.01,0.0474,3.46,0.0,0.0
nuc-48,nucleos,A Cañiza,Petán (San Xián),3600908.0,PNOA-2024-GAL-558-4677-H29-NPC01_chm.tif,53385,5.3385,5.3357,0.67,13.86,33.17,2.0238,37.91,1.8062,33.83,1.4124,26.46,1.3193,24.71,0.9498,17.79,0.7523,14.09,0.0,0.0
ill-1,illadas,A Cañiza,Petán (San Xián),3600908.0,PNOA-2024-GAL-558-4677-H29-NPC01_chm.tif,65517,6.5517,6.5522,6.05,21.39,35.47,4.2874,65.44,3.8948,59.45,3.4531,52.71,3.3648,51.36,3.011,45.96,2.7405,41.83,0.0008,0.01
nuc-48,nucleos,A Cañiza,Petán (San Xián),3600908.0,PNOA-2024-GAL-558-4678-H29-NPC01_chm.tif,65073,6.5073,6.5068,4.73,16.87,35.95,4.1409,63.63,3.8256,58.79,3.1947,49.09,3.0983,47.61,2.6606,40.89,2.187,33.61,0.0013,0.02
ill-1,illadas,A Cañiza,Petán (San Xián),3600908.0,PNOA-2024-GAL-558-4678-H29-NPC01_chm.tif,34304,3.4304,3.4316,3.76,19.48,26.21,2.1857,63.72,1.9186,55.93,1.3762,40.12,1.2694,37.0,1.0873,31.7,0.9797,28.56,0.0,0.0
nuc-48,nucleos,A Cañiza,Petán (San Xián),3600908.0,PNOA-2024-GAL-558-4679-H29-NPC01_chm.tif,220680,22.068,22.0657,1.4,13.92,37.83,10.5917,48.0,9.9821,45.23,8.5925,38.94,8.2266,37.28,6.3405,28.73,4.8431,21.95,0.0108,0.05
ill-1,illadas,A Cañiza,Petán (San Xián),3600908.0,PNOA-2024-GAL-558-4679-H29-NPC01_chm.tif,12898,1.2898,1.2954,14.7,19.13,22.74,1.1511,89.25,1.1099,86.05,1.0517,81.54,1.0426,80.83,0.9813,76.08,0.9199,71.32,0.0,0.0
ill-23,illadas,Covelo,Prado (San Salvador),3601313.0,PNOA-2024-GAL-558-4682-H29-NPC01_chm.tif,1175,0.1175,0.1176,0.5,2.11,13.0,0.013,11.06,0.0068,5.79,0.0054,4.6,0.0049,4.17,0.0032,2.72,0.0006,0.51,0.0,0.0
ill-37,illadas,Covelo,Godóns (Santa María),3601307.0,PNOA-2024-GAL-558-4682-H29-NPC01_chm.tif,15557,1.5557,1.5573,1.21,7.42,22.68,0.6555,42.14,0.5152,33.12,0.3051,19.61,0.2646,17.01,0.1368,8.79,0.0895,5.75,0.0,0.0
nuc-14,nucleos,Covelo,Prado (San Salvador),3601313.0,PNOA-2024-GAL-558-4683-H29-NPC01_chm.tif,104,0.0104,0.01,10.4,13.16,15.43,0.0074,71.15,0.0073,70.19,0.0072,69.23,0.007,67.31,0.0064,61.54,0.0057,54.81,0.0,0.0
ill-23,illadas,Covelo,Prado (San Salvador),3601313.0,PNOA-2024-GAL-558-4683-H29-NPC01_chm.tif,1383,0.1383,0.1383,9.76,17.6,22.98,0.1024,74.04,0.0974,70.43,0.0881,63.7,0.0857,61.97,0.0778,56.25,0.0681,49.24,0.0,0.0
ill-37,illadas,Covelo,Godóns (Santa María),3601307.0,PNOA-2024-GAL-558-4683-H29-NPC01_chm.tif,10555,1.0555,1.0684,0.37,5.16,22.23,0.2026,19.19,0.1532,14.51,0.1085,10.28,0.0976,9.25,0.0535,5.07,0.0369,3.5,0.0,0.0
nuc-14,nucleos,Covelo,Prado (San Salvador),3601313.0,PNOA-2024-GAL-558-4684-H29-NPC01_chm.tif,14224,1.4224,1.4229,7.12,13.2,21.5,1.0504,73.85,0.9595,67.46,0.8699,61.16,0.846,59.48,0.6332,44.52,0.438,30.79,0.0,0.0
nuc-9,nucleos,Arbo,Arbo (Santa María),3600101.0,PNOA-2024-GAL-559-4664-H29-NPC01_chm.tif,23522,2.3522,2.3522,2.93,21.84,37.4,1.3993,59.49,1.1694,49.72,0.9967,42.37,0.9378,39.87,0.7585,32.25,0.6918,29.41,0.002,0.09
nuc-40,nucleos,Arbo,Cequeliños (San Miguel),3600104.0,PNOA-2024-GAL-559-4665-H29-NPC01_chm.tif,33928,3.3928,3.3936,4.05,18.88,36.05,2.1329,62.87,1.8902,55.71,1.5443,45.52,1.466,43.21,1.1643,34.32,0.992,29.24,0.001,0.03
ill-9,illadas,Arbo,Cequeliños (San Miguel),3600104.0,PNOA-2024-GAL-559-4665-H29-NPC01_chm.tif,20985,2.0985,2.1009,3.41,19.13,33.35,1.2289,58.56,1.0915,52.01,0.9334,44.48,0.896,42.7,0.7842,37.37,0.7006,33.39,0.0,0.0
nuc-15,nucleos,Crecente,Albeos (San Xoán),3601401.0,PNOA-2024-GAL-559-4666-H29-NPC01_chm.tif,19874,1.9874,1.9869,8.82,21.35,38.4,1.5125,76.1,1.4329,72.1,1.2289,61.83,1.1662,58.68,1.0252,51.58,0.948,47.7,0.0026,0.13
nuc-40,nucleos,Arbo,Cequeliños (San Miguel),3600104.0,PNOA-2024-GAL-559-4666-H29-NPC01_chm.tif,4614,0.4614,0.4704,6.6,15.48,20.17,0.2986,64.72,0.2817,61.05,0.2572,55.74,0.249,53.97,0.2053,44.5,0.1587,34.4,0.0,0.0
nuc-15,nucleos,Crecente,Albeos (San Xoán),3601401.0,PNOA-2024-GAL-559-4667-H29-NPC01_chm.tif,98197,9.8197,9.8195,1.94,16.18,38.35,4.7457,48.33,3.6856,37.53,2.9926,30.48,2.8367,28.89,2.2036,22.44,1.8339,18.68,0.0034,0.03
nuc-32,nucleos,A Cañiza,Valeixe (Santa Cristina),3600909.0,PNOA-2024-GAL-559-4667-H29-NPC01_chm.tif,40010,4.001,4.0021,2.88,16.07,29.79,2.4056,60.12,1.9765,49.4,1.6695,41.73,1.5937,39.83,1.2906,32.26,1.1098,27.74,0.0,0.0
nuc-33,nucleos,Arbo,Mourentán (San Cristovo),3600105.0,PNOA-2024-GAL-559-4667-H29-NPC01_chm.tif,11250,1.125,1.1255,6.16,21.24,40.8,0.8277,73.57,0.7581,67.39,0.6251,55.56,0.5974,53.1,0.4876,43.34,0.3983,35.4,0.025,2.22
nuc-37,nucleos,A Cañiza,Valeixe (Santa Cristina),3600909.0,PNOA-2024-GAL-559-4667-H29-NPC01_chm.tif,235,0.0235,0.0235,19.3,22.03,23.43,0.0234,99.57,0.0234,99.57,0.0234,99.57,0.0234,99.57,0.0234,99.57,0.0234,99.57,0.0,0.0
nuc-44,nucleos,Arbo,Mourentán (San Cristovo),3600105.0,PNOA-2024-GAL-559-4667-H29-NPC01_chm.tif,65743,6.5743,6.5763,3.6,17.93,43.58,4.0524,61.64,3.4378,52.29,2.926,44.51,2.8033,42.64,2.2532,34.27,1.8652,28.37,0.0156,0.24
ill-10,illadas,Arbo,Mourentán (San Cristovo),3600105.0,PNOA-2024-GAL-559-4667-H29-NPC01_chm.tif,6654,0.6654,0.6661,13.37,21.35,34.54,0.5571,83.72,0.5245,78.82,0.4785,71.91,0.47,70.63,0.427,64.17,0.4075,61.24,0.0,0.0
ill-13,illadas,Crecente,Albeos (San Xoán),3601401.0,PNOA-2024-GAL-559-4667-H29-NPC01_chm.tif,8797,0.8797,0.8789,2.17,15.12,35.65,0.5148,58.52,0.2992,34.01,0.2255,25.63,0.2178,24.76,0.1716,19.51,0.1464,16.64,0.0012,0.14
ill-17,illadas,A Cañiza,Valeixe (Santa Cristina),3600909.0,PNOA-2024-GAL-559-4667-H29-NPC01_chm.tif,14283,1.4283,1.4283,9.63,20.71,30.13,0.9877,69.15,0.9299,65.11,0.8618,60.34,0.8504,59.54,0.7748,54.25,0.6974,48.83,0.0,0.0
ill-24,illadas,A Cañiza,Valeixe (Santa Cristina),3600909.0,PNOA-2024-GAL-559-4667-H29-NPC01_chm.tif,2203,0.2203,0.2205,9.2,24.97,34.95,0.1628,73.9,0.1448,65.73,0.1323,60.05,0.1309,59.42,0.1191,54.06,0.1065,48.34,0.0,0.0
ill-31,illadas,Arbo,Mourentán (San Cristovo),3600105.0,PNOA-2024-GAL-559-4667-H29-NPC01_chm.tif,1830,0.183,0.1827,24.59,34.19,39.94,0.1739,95.03,0.1716,93.77,0.1692,92.46,0.1683,91.97,0.1627,88.91,0.1603,87.6,0.0109,5.96
nuc-32,nucleos,A Cañiza,Valeixe (Santa Cristina),3600909.0,PNOA-2024-GAL-559-4668-H29-NPC01_chm.tif,227932,22.7932,22.7892,3.57,18.35,43.3,14.7262,64.61,11.9639,52.49,10.2486,44.96,9.885,43.37,8.2272,36.09,6.953,30.5,0.0473,0.21
ill-17,illadas,A Cañiza,Valeixe (Santa Cristina),3600909.0,PNOA-2024-GAL-559-4668-H29-NPC01_chm.tif,39516,3.9516,3.9548,5.37,28.01,38.99,2.5224,63.83,2.2005,55.69,2.0086,50.83,1.9679,49.8,1.7613,44.57,1.5886,40.2,0.0754,1.91
nuc-32,nucleos,A Cañiza,Valeixe (Santa Cristina),3600909.0,PNOA-2024-GAL-559-4669-H29-NPC01_chm.tif,248842,24.8842,24.8755,1.99,12.79,44.72,12.347,49.62,8.3753,33.66,6.4846,26.06,6.0949,24.49,4.5785,18.4,3.6155,14.53,0.1143,0.46
ill-17,illadas,A Cañiza,Valeixe (Santa Cristina),3600909.0,PNOA-2024-GAL-559-4669-H29-NPC01_chm.tif,65594,6.5594,6.5565,2.25,15.68,47.12,3.6351,55.42,2.5963,39.58,2.2057,33.63,2.138,32.59,1.8105,27.6,1.5414,23.5,0.035,0.53
nuc-32,nucleos,A Cañiza,Valeixe (Santa Cristina),3600909.0,PNOA-2024-GAL-559-4670-H29-NPC01_chm.tif,191481,19.1481,19.1484,2.35,16.4,41.46,10.8679,56.76,8.3896,43.81,6.6589,34.78,6.351,33.17,5.0493,26.37,4.1558,21.7,0.0728,0.38
ill-17,illadas,A Cañiza,Valeixe (Santa Cristina),3600909.0,PNOA-2024-GAL-559-4670-H29-NPC01_chm.tif,86601,8.6601,8.6604,2.87,21.85,39.38,4.9119,56.72,4.2527,49.11,3.4261,39.56,3.2567,37.61,2.5829,29.83,2.1059,24.32,0.0258,0.3
nuc-31,nucleos,A Cañiza,A Cañiza (Santa Teresa),3600902.0,PNOA-2024-GAL-559-4671-H29-NPC01_chm.tif,3868,0.3868,0.3873,11.3,22.78,27.78,0.3158,81.64,0.2942,76.06,0.2647,68.43,0.2611,67.5,0.2402,62.1,0.2159,55.82,0.0,0.0
nuc-32,nucleos,A Cañiza,Valeixe (Santa Cristina),3600909.0,PNOA-2024-GAL-559-4671-H29-NPC01_chm.tif,98202,9.8202,9.8279,4.08,23.14,48.67,5.8304,59.37,5.2906,53.87,4.6354,47.2,4.5001,45.82,3.8693,39.4,3.4862,35.5,0.2533,2.58
ill-6,illadas,A Cañiza,A Cañiza (Santa Teresa),3600902.0,PNOA-2024-GAL-559-4671-H29-NPC01_chm.tif,9069,0.9069,0.9084,3.29,20.68,38.86,0.5713,62.99,0.4678,51.58,0.4035,44.49,0.3904,43.05,0.3675,40.52,0.35,38.59,0.0092,1.01
ill-17,illadas,A Cañiza,Valeixe (Santa Cristina),3600909.0,PNOA-2024-GAL-559-4671-H29-NPC01_chm.tif,650,0.065,0.0652,35.44,38.9,41.1,0.0631,97.08,0.0612,94.15,0.057,87.69,0.056,86.15,0.0536,82.46,0.053,81.54,0.0341,52.46
nuc-31,nucleos,A Cañiza,A Cañiza (Santa Teresa),3600902.0,PNOA-2024-GAL-559-4672-H29-NPC01_chm.tif,51911,5.1911,5.2183,2.23,27.73,40.31,2.6379,50.82,2.4802,47.78,2.2501,43.35,2.1972,42.33,1.9538,37.64,1.7524,33.76,0.0671,1.29
nuc-46,nucleos,A Cañiza,As Achas (San Sebastián),3600901.0,PNOA-2024-GAL-559-4672-H29-NPC01_chm.tif,1430,0.143,0.143,8.74,15.12,18.35,0.1072,74.97,0.1033,72.24,0.0947,66.22,0.0918,64.2,0.0762,53.29,0.0629,43.99,0.0,0.0
nuc-31,nucleos,A Cañiza,A Cañiza (Santa Teresa),3600902.0,PNOA-2024-GAL-559-4673-H29-NPC01_chm.tif,2198,0.2198,0.2194,14.73,18.0,21.33,0.2116,96.27,0.2071,94.22,0.1999,90.95,0.1974,89.81,0.181,82.35,0.1679,76.39,0.0,0.0
nuc-46,nucleos,A Cañiza,As Achas (San Sebastián),3600901.0,PNOA-2024-GAL-559-4673-H29-NPC01_chm.tif,45826,4.5826,4.5808,0.56,9.62,21.82,1.7221,37.58,1.514,33.04,1.1452,24.99,1.0533,22.98,0.6696,14.61,0.4197,9.16,0.0,0.0
ill-6,illadas,A Cañiza,A Cañiza (Santa Teresa),3600902.0,PNOA-2024-GAL-559-4673-H29-NPC01_chm.tif,40373,4.0373,4.0395,1.77,22.43,40.02,1.9772,48.97,1.7926,44.4,1.5894,39.37,1.5539,38.49,1.387,34.35,1.2201,30.22,0.0288,0.71
ill-46,illadas,A Cañiza,As Achas (San Sebastián),3600901.0,PNOA-2024-GAL-559-4673-H29-NPC01_chm.tif,35864,3.5864,3.5832,0.2,8.21,40.8,0.9075,25.3,0.7766,21.65,0.5939,16.56,0.5485,15.29,0.3716,10.36,0.2477,6.91,0.0115,0.32
nuc-31,nucleos,A Cañiza,A Cañiza (Santa Teresa),3600902.0,PNOA-2024-GAL-559-4674-H29-NPC01_chm.tif,123670,12.367,12.3728,2.92,14.81,31.72,6.847,55.37,6.1208,49.49,4.8266,39.03,4.5712,36.96,3.4917,28.23,2.7773,22.46,0.0,0.0
nuc-46,nucleos,A Cañiza,As Achas (San Sebastián),3600901.0,PNOA-2024-GAL-559-4674-H29-NPC01_chm.tif,138061,13.8061,13.8052,0.29,8.56,40.43,4.1054,29.74,3.6353,26.33,2.7346,19.81,2.5088,18.17,1.5842,11.47,0.8874,6.43,0.0167,0.12
ill-6,illadas,A Cañiza,A Cañiza (Santa Teresa),3600902.0,PNOA-2024-GAL-559-4674-H29-NPC01_chm.tif,84634,8.4634,8.4744,2.79,15.36,44.88,4.8189,56.94,4.1016,48.46,3.3162,39.18,3.1886,37.68,2.5411,30.02,1.9987,23.62,0.0699,0.83
ill-46,illadas,A Cañiza,As Achas (San Sebastián),3600901.0,PNOA-2024-GAL-559-4674-H29-NPC01_chm.tif,33700,3.37,3.3706,0.47,13.79,24.97,1.2377,36.73,1.0941,32.47,0.8494,25.2,0.7993,23.72,0.6399,18.99,0.5364,15.92,0.0,0.0
nuc-31,nucleos,A Cañiza,A Cañiza (Santa Teresa),3600902.0,PNOA-2024-GAL-559-4675-H29-NPC01_chm.tif,220810,22.081,22.0815,7.87,21.69,46.11,15.0308,68.07,14.2222,64.41,12.8228,58.07,12.4966,56.59,10.9625,49.65,9.4922,42.99,0.1488,0.67
nuc-46,nucleos,A Cañiza,As Achas (San Sebastián),3600901.0,PNOA-2024-GAL-559-4675-H29-NPC01_chm.tif,12678,1.2678,1.2679,1.02,24.49,42.22,0.5437,42.89,0.5163,40.72,0.4711,37.16,0.4594,36.24,0.3914,30.87,0.3438,27.12,0.0317,2.5
ill-1,illadas,A Cañiza,Petán (San Xián),3600908.0,PNOA-2024-GAL-559-4675-H29-NPC01_chm.tif,168,0.0168,0.0171,24.39,29.35,30.76,0.0162,96.43,0.0156,92.86,0.0151,89.88,0.0151,89.88,0.0145,86.31,0.0145,86.31,0.0,0.0
ill-6,illadas,A Cañiza,A Cañiza (Santa Teresa),3600902.0,PNOA-2024-GAL-559-4675-H29-NPC01_chm.tif,28591,2.8591,2.8595,6.18,19.21,35.31,1.8878,66.03,1.7846,62.42,1.5805,55.28,1.5185,53.11,1.2492,43.69,1.0446,36.54,0.0009,0.03
ill-46,illadas,A Cañiza,As Achas (San Sebastián),3600901.0,PNOA-2024-GAL-559-4675-H29-NPC01_chm.tif,29415,2.9415,2.9429,0.34,13.27,35.31,0.8708,29.6,0.7529,25.6,0.5991,20.37,0.5639,19.17,0.4606,15.66,0.401,13.63,0.0008,0.03
nuc-46,nucleos,A Cañiza,As Achas (San Sebastián),3600901.0,PNOA-2024-GAL-559-4676-H29-NPC01_chm.tif,88650,8.865,8.865,0.75,13.78,38.84,3.8092,42.97,3.5031,39.52,2.8222,31.84,2.6798,30.23,2.0585,23.22,1.6016,18.07,0.0379,0.43
nuc-48,nucleos,A Cañiza,Petán (San Xián),3600908.0,PNOA-2024-GAL-559-4676-H29-NPC01_chm.tif,83047,8.3047,8.3043,0.53,12.75,42.52,2.8966,34.88,2.6078,31.4,2.1409,25.78,2.025,24.38,1.5533,18.7,1.1989,14.44,0.0554,0.67
ill-1,illadas,A Cañiza,Petán (San Xián),3600908.0,PNOA-2024-GAL-559-4676-H29-NPC01_chm.tif,5983,0.5983,0.5978,0.69,17.9,31.73,0.1983,33.14,0.1857,31.04,0.1643,27.46,0.1598,26.71,0.1441,24.08,0.1307,21.85,0.0,0.0
ill-46,illadas,A Cañiza,As Achas (San Sebastián),3600901.0,PNOA-2024-GAL-559-4676-H29-NPC01_chm.tif,29413,2.9413,2.9428,4.6,22.73,33.51,1.5944,54.21,1.5476,52.62,1.4512,49.34,1.4248,48.44,1.3123,44.62,1.1969,40.69,0.0,0.0
nuc-48,nucleos,A Cañiza,Petán (San Xián),3600908.0,PNOA-2024-GAL-559-4677-H29-NPC01_chm.tif,148473,14.8473,14.8472,0.53,12.2,32.91,5.4082,36.43,4.9289,33.2,4.2036,28.31,4.0418,27.22,3.1557,21.25,2.3421,15.77,0.0,0.0
ill-1,illadas,A Cañiza,Petán (San Xián),3600908.0,PNOA-2024-GAL-559-4677-H29-NPC01_chm.tif,17353,1.7353,1.7357,0.4,9.84,22.41,0.5851,33.72,0.5209,30.02,0.4049,23.33,0.3724,21.46,0.25,14.41,0.1673,9.64,0.0,0.0
nuc-48,nucleos,A Cañiza,Petán (San Xián),3600908.0,PNOA-2024-GAL-559-4678-H29-NPC01_chm.tif,50047,5.0047,5.006,6.49,15.57,38.98,3.6766,73.46,3.4376,68.69,2.9149,58.24,2.7764,55.48,2.0497,40.96,1.439,28.75,0.0113,0.23
ill-1,illadas,A Cañiza,Petán (San Xián),3600908.0,PNOA-2024-GAL-559-4678-H29-NPC01_chm.tif,4330,0.433,0.4319,3.79,12.95,17.65,0.3028,69.93,0.2553,58.96,0.1712,39.54,0.1582,36.54,0.1161,26.81,0.0856,19.77,0.0,0.0
nuc-48,nucleos,A Cañiza,Petán (San Xián),3600908.0,PNOA-2024-GAL-559-4679-H29-NPC01_chm.tif,13868,1.3868,1.388,4.57,12.55,19.41,0.831,59.92,0.7901,56.97,0.6555,47.27,0.6212,44.79,0.4401,31.73,0.2793,20.14,0.0,0.0
ill-1,illadas,A Cañiza,Petán (San Xián),3600908.0,PNOA-2024-GAL-559-4679-H29-NPC01_chm.tif,1173,0.1173,0.1181,0.76,4.22,6.78,0.0231,19.69,0.0186,15.86,0.007,5.97,0.0029,2.47,0.0,0.0,0.0,0.0,0.0,0.0
nuc-14,nucleos,Covelo,Prado (San Salvador),3601313.0,PNOA-2024-GAL-559-4685-H29-NPC01_chm.tif,18315,1.8315,1.8315,0.7,4.93,13.67,0.4328,23.63,0.3141,17.15,0.1806,9.86,0.1586,8.66,0.0653,3.57,0.0242,1.32,0.0,0.0
nuc-14,nucleos,Covelo,Prado (San Salvador),3601313.0,PNOA-2024-GAL-559-4686-H29-NPC01_chm.tif,45153,4.5153,4.5143,0.98,9.82,19.55,1.4072,31.17,1.1118,24.62,0.8734,19.34,0.8356,18.51,0.6148,13.62,0.4339,9.61,0.0,0.0
nuc-35,nucleos,Covelo,Prado (San Salvador),3601313.0,PNOA-2024-GAL-559-4686-H29-NPC01_chm.tif,5874,0.5874,0.5868,1.02,5.12,16.62,0.1586,27.0,0.1003,17.08,0.061,10.38,0.0517,8.8,0.0187,3.18,0.0152,2.59,0.0,0.0
nuc-40,nucleos,Arbo,Cequeliños (San Miguel),3600104.0,PNOA-2024-GAL-560-4664-H29-NPC01_chm.tif,27276,2.7276,2.7289,2.47,13.34,38.44,1.5352,56.28,1.2428,45.56,0.9229,33.84,0.8488,31.12,0.5595,20.51,0.4127,15.13,0.0126,0.46
nuc-40,nucleos,Arbo,Cequeliños (San Miguel),3600104.0,PNOA-2024-GAL-560-4665-H29-NPC01_chm.tif,198138,19.8138,19.8123,1.86,17.64,44.14,9.3721,47.3,7.2602,36.64,5.7448,28.99,5.4655,27.58,4.3985,22.2,3.6469,18.41,0.031,0.16
ill-9,illadas,Arbo,Cequeliños (San Miguel),3600104.0,PNOA-2024-GAL-560-4665-H29-NPC01_chm.tif,97619,9.7619,9.7613,3.26,21.93,33.74,6.189,63.4,5.0491,51.72,4.0665,41.66,3.8989,39.94,3.274,33.54,2.9881,30.61,0.0,0.0
nuc-40,nucleos,Arbo,Cequeliños (San Miguel),3600104.0,PNOA-2024-GAL-560-4666-H29-NPC01_chm.tif,61311,6.1311,6.1305,2.49,16.62,39.01,3.6685,59.83,2.8651,46.73,2.3509,38.34,2.2496,36.69,1.895,30.91,1.6683,27.21,0.0178,0.29
ill-9,illadas,Arbo,Cequeliños (San Miguel),3600104.0,PNOA-2024-GAL-560-4666-H29-NPC01_chm.tif,13595,1.3595,1.3648,2.17,2.53,9.29,0.8946,65.8,0.0556,4.09,0.0308,2.27,0.0282,2.07,0.0044,0.32,0.0,0.0,0.0,0.0
ill-13,illadas,Crecente,Albeos (San Xoán),3601401.0,PNOA-2024-GAL-560-4666-H29-NPC01_chm.tif,29941,2.9941,3.0132,2.88,19.91,37.31,1.9374,64.71,1.4682,49.04,1.0108,33.76,0.9343,31.2,0.7014,23.43,0.6464,21.59,0.0067,0.22
nuc-15,nucleos,Crecente,Albeos (San Xoán),3601401.0,PNOA-2024-GAL-560-4667-H29-NPC01_chm.tif,108212,10.8212,10.8236,2.88,19.93,42.88,6.3662,58.83,5.3703,49.63,4.828,44.62,4.7021,43.45,4.2242,39.04,3.7767,34.9,0.0579,0.54
ill-13,illadas,Crecente,Albeos (San Xoán),3601401.0,PNOA-2024-GAL-560-4667-H29-NPC01_chm.tif,79163,7.9163,7.9161,1.93,18.85,32.53,3.8267,48.34,2.7054,34.18,2.2635,28.59,2.1767,27.5,1.8732,23.66,1.6975,21.44,0.0,0.0
ill-17,illadas,A Cañiza,Valeixe (Santa Cristina),3600909.0,PNOA-2024-GAL-560-4667-H29-NPC01_chm.tif,4718,0.4718,0.4721,15.9,26.94,34.74,0.3359,71.2,0.3346,70.92,0.3238,68.63,0.3151,66.79,0.2855,60.51,0.2654,56.25,0.0,0.0
ill-29,illadas,Crecente,Albeos (San Xoán),3601401.0,PNOA-2024-GAL-560-4667-H29-NPC01_chm.tif,3278,0.3278,0.3286,9.72,21.74,26.41,0.2493,76.05,0.2139,65.25,0.2063,62.93,0.2033,62.02,0.1876,57.23,0.1604,48.93,0.0,0.0
nuc-32,nucleos,A Cañiza,Valeixe (Santa Cristina),3600909.0,PNOA-2024-GAL-560-4668-H29-NPC01_chm.tif,155418,15.5418,15.5373,2.06,16.92,47.78,8.0074,51.52,5.4003,34.75,4.394,28.27,4.1949,26.99,3.2913,21.18,2.7426,17.65,0.0571,0.37
ill-13,illadas,Crecente,Albeos (San Xoán),3601401.0,PNOA-2024-GAL-560-4668-H29-NPC01_chm.tif,17331,1.7331,1.7468,3.3,24.71,37.93,1.1968,69.06,0.8942,51.6,0.7281,42.01,0.6958,40.15,0.5736,33.1,0.5245,30.26,0.0064,0.37
ill-17,illadas,A Cañiza,Valeixe (Santa Cristina),3600909.0,PNOA-2024-GAL-560-4668-H29-NPC01_chm.tif,16808,1.6808,1.6973,2.18,18.37,35.38,0.9526,56.68,0.5785,34.42,0.4746,28.24,0.4548,27.06,0.3536,21.04,0.2989,17.78,0.0001,0.01
ill-29,illadas,Crecente,Albeos (San Xoán),3601401.0,PNOA-2024-GAL-560-4668-H29-NPC01_chm.tif,337,0.0337,0.0367,2.1,2.55,3.45,0.0186,55.19,0.0007,2.08,0.0,0.0,0.0,0.0,0.0,0.0,0.0,0.0,0.0,0.0
nuc-32,nucleos,A Cañiza,Valeixe (Santa Cristina),3600909.0,PNOA-2024-GAL-560-4669-H29-NPC01_chm.tif,172495,17.2495,17.2467,2.24,14.27,36.58,9.4189,54.6,7.2044,41.77,5.7401,33.28,5.4777,31.76,4.3357,25.14,3.438,19.93,0.0021,0.01
ill-17,illadas,A Cañiza,Valeixe (Santa Cristina),3600909.0,PNOA-2024-GAL-560-4669-H29-NPC01_chm.tif,60152,6.0152,6.0133,3.73,18.85,39.0,3.6679,60.98,3.2215,53.56,2.7123,45.09,2.6014,43.25,2.1694,36.07,1.8274,30.38,0.0098,0.16
nuc-32,nucleos,A Cañiza,Valeixe (Santa Cristina),3600909.0,PNOA-2024-GAL-560-4670-H29-NPC01_chm.tif,156021,15.6021,15.6042,3.56,19.53,45.35,9.199,58.96,8.208,52.61,6.8994,44.22,6.6039,42.33,5.2391,33.58,4.318,27.68,0.148,0.95
ill-17,illadas,A Cañiza,Valeixe (Santa Cristina),3600909.0,PNOA-2024-GAL-560-4670-H29-NPC01_chm.tif,9734,0.9734,0.9732,7.81,17.33,32.15,0.6786,69.71,0.6472,66.49,0.5855,60.15,0.5716,58.72,0.4779,49.1,0.3525,36.21,0.0,0.0
nuc-31,nucleos,A Cañiza,A Cañiza (Santa Teresa),3600902.0,PNOA-2024-GAL-560-4671-H29-NPC01_chm.tif,9302,0.9302,0.9301,10.34,26.65,35.28,0.7363,79.16,0.7097,76.3,0.6356,68.33,0.6163,66.25,0.5257,56.51,0.4709,50.62,0.0004,0.04
ill-6,illadas,A Cañiza,A Cañiza (Santa Teresa),3600902.0,PNOA-2024-GAL-560-4671-H29-NPC01_chm.tif,12344,1.2344,1.2373,5.41,16.71,27.04,0.8483,68.72,0.78,63.19,0.6458,52.32,0.612,49.58,0.4534,36.73,0.356,28.84,0.0,0.0
nuc-31,nucleos,A Cañiza,A Cañiza (Santa Teresa),3600902.0,PNOA-2024-GAL-560-4672-H29-NPC01_chm.tif,69865,6.9865,6.9863,2.23,25.86,39.98,3.5576,50.92,3.3035,47.28,2.9218,41.82,2.8459,40.73,2.5231,36.11,2.3068,33.02,0.0359,0.51
ill-6,illadas,A Cañiza,A Cañiza (Santa Teresa),3600902.0,PNOA-2024-GAL-560-4672-H29-NPC01_chm.tif,315,0.0315,0.032,0.31,4.56,9.37,0.0094,29.84,0.0068,21.59,0.0026,8.25,0.0015,4.76,0.0009,2.86,0.0,0.0,0.0,0.0
nuc-31,nucleos,A Cañiza,A Cañiza (Santa Teresa),3600902.0,PNOA-2024-GAL-560-4673-H29-NPC01_chm.tif,38082,3.8082,3.8085,2.26,22.23,38.78,1.9394,50.93,1.7917,47.05,1.4933,39.21,1.4446,37.93,1.2273,32.23,1.1149,29.28,0.0059,0.15
ill-6,illadas,A Cañiza,A Cañiza (Santa Teresa),3600902.0,PNOA-2024-GAL-560-4673-H29-NPC01_chm.tif,80788,8.0788,8.0772,0.27,12.28,35.99,2.7824,34.44,2.4518,30.35,1.6202,20.05,1.5292,18.93,1.2509,15.48,1.022,12.65,0.0032,0.04
ill-16,illadas,A Cañiza,Oroso (Santa María),3600906.0,PNOA-2024-GAL-560-4673-H29-NPC01_chm.tif,14574,1.4574,1.4599,0.25,6.99,27.6,0.5428,37.24,0.4296,29.48,0.2548,17.48,0.2052,14.08,0.1155,7.93,0.0612,4.2,0.0,0.0
nuc-17,nucleos,A Cañiza,Oroso (Santa María),3600906.0,PNOA-2024-GAL-560-4674-H29-NPC01_chm.tif,16633,1.6633,1.6626,0.33,5.5,21.3,0.3162,19.01,0.2631,15.82,0.1864,11.21,0.1663,10.0,0.095,5.71,0.0635,3.82,0.0,0.0
nuc-31,nucleos,A Cañiza,A Cañiza (Santa Teresa),3600902.0,PNOA-2024-GAL-560-4674-H29-NPC01_chm.tif,223548,22.3548,22.3525,2.76,16.21,40.37,12.2145,54.64,10.8559,48.56,8.7201,39.01,8.3142,37.19,6.5281,29.2,5.3539,23.95,0.0636,0.28
ill-6,illadas,A Cañiza,A Cañiza (Santa Teresa),3600902.0,PNOA-2024-GAL-560-4674-H29-NPC01_chm.tif,80033,8.0033,8.0027,3.5,16.06,36.23,4.5493,56.84,4.1529,51.89,3.6294,45.35,3.5093,43.85,2.7989,34.97,2.133,26.65,0.0041,0.05
ill-16,illadas,A Cañiza,Oroso (Santa María),3600906.0,PNOA-2024-GAL-560-4674-H29-NPC01_chm.tif,28137,2.8137,2.8153,1.59,14.94,35.92,1.2663,45.0,1.0748,38.2,0.8999,31.98,0.8617,30.63,0.6948,24.69,0.5444,19.35,0.0008,0.03
nuc-17,nucleos,A Cañiza,Oroso (Santa María),3600906.0,PNOA-2024-GAL-560-4675-H29-NPC01_chm.tif,72990,7.299,7.314,0.76,11.6,26.97,2.9754,40.76,2.6415,36.19,2.1531,29.5,2.0521,28.11,1.4562,19.95,1.0137,13.89,0.0,0.0
nuc-31,nucleos,A Cañiza,A Cañiza (Santa Teresa),3600902.0,PNOA-2024-GAL-560-4675-H29-NPC01_chm.tif,92071,9.2071,9.2054,5.39,18.7,36.11,5.8079,63.08,5.3772,58.4,4.7092,51.15,4.5722,49.66,3.921,42.59,3.3705,36.61,0.0081,0.09
ill-6,illadas,A Cañiza,A Cañiza (Santa Teresa),3600902.0,PNOA-2024-GAL-560-4675-H29-NPC01_chm.tif,49545,4.9545,4.9611,5.34,24.87,36.75,3.1748,64.08,2.8937,58.41,2.531,51.08,2.4543,49.54,2.1059,42.5,1.8352,37.04,0.025,0.5
ill-16,illadas,A Cañiza,Oroso (Santa María),3600906.0,PNOA-2024-GAL-560-4675-H29-NPC01_chm.tif,31789,3.1789,3.1791,0.55,7.12,32.93,0.938,29.51,0.7332,23.06,0.4947,15.56,0.4354,13.7,0.2707,8.52,0.1817,5.72,0.0,0.0
ill-1,illadas,A Cañiza,Petán (San Xián),3600908.0,PNOA-2024-GAL-560-4676-H29-NPC01_chm.tif,24852,2.4852,2.4852,0.43,18.99,28.0,0.8967,36.08,0.8365,33.66,0.731,29.41,0.7135,28.71,0.6244,25.12,0.5822,23.43,0.0,0.0
nuc-29,nucleos,A Cañiza,Petán (San Xián),3600908.0,PNOA-2024-GAL-560-4679-H29-NPC01_chm.tif,13034,1.3034,1.306,0.17,0.8,6.71,0.0675,5.18,0.0582,4.47,0.015,1.15,0.0053,0.41,0.0,0.0,0.0,0.0,0.0,0.0
nuc-29,nucleos,A Cañiza,Petán (San Xián),3600908.0,PNOA-2024-GAL-560-4680-H29-NPC01_chm.tif,6402,0.6402,0.64,0.22,6.23,10.35,0.1897,29.63,0.18,28.12,0.1375,21.48,0.1344,20.99,0.0436,6.81,0.0147,2.3,0.0,0.0
nuc-40,nucleos,Arbo,Cequeliños (San Miguel),3600104.0,PNOA-2024-GAL-561-4665-H29-NPC01_chm.tif,9447,0.9447,0.9449,2.1,16.55,25.19,0.49,51.87,0.4453,47.14,0.3989,42.23,0.3861,40.87,0.2978,31.52,0.2167,22.94,0.0,0.0
ill-9,illadas,Arbo,Cequeliños (San Miguel),3600104.0,PNOA-2024-GAL-561-4665-H29-NPC01_chm.tif,9760,0.976,0.9748,1.89,3.8,16.98,0.4073,41.73,0.1454,14.9,0.0599,6.14,0.0491,5.03,0.0197,2.02,0.0145,1.49,0.0,0.0
nuc-15,nucleos,Crecente,Albeos (San Xoán),3601401.0,PNOA-2024-GAL-561-4666-H29-NPC01_chm.tif,42486,4.2486,4.2722,2.02,16.86,35.17,2.1476,50.55,1.5897,37.42,1.3167,30.99,1.2721,29.94,1.0622,25.0,0.8969,21.11,0.0001,0.0
ill-9,illadas,Arbo,Cequeliños (San Miguel),3600104.0,PNOA-2024-GAL-561-4666-H29-NPC01_chm.tif,4112,0.4112,0.4107,2.92,15.85,26.94,0.2688,65.37,0.2035,49.49,0.1639,39.86,0.1556,37.84,0.1235,30.03,0.1046,25.44,0.0,0.0
ill-13,illadas,Crecente,Albeos (San Xoán),3601401.0,PNOA-2024-GAL-561-4666-H29-NPC01_chm.tif,150742,15.0742,15.077,2.98,17.22,38.55,9.0699,60.17,7.5201,49.89,6.0782,40.32,5.7716,38.29,4.6199,30.65,3.8463,25.52,0.0075,0.05
nuc-15,nucleos,Crecente,Albeos (San Xoán),3601401.0,PNOA-2024-GAL-561-4667-H29-NPC01_chm.tif,210925,21.0925,21.1162,2.94,23.46,43.57,13.0866,62.04,10.5031,49.8,9.4997,45.04,9.3341,44.25,8.6382,40.95,7.9803,37.83,0.1149,0.54
ill-13,illadas,Crecente,Albeos (San Xoán),3601401.0,PNOA-2024-GAL-561-4667-H29-NPC01_chm.tif,91788,9.1788,9.1794,4.16,24.55,42.88,6.012,65.5,5.0283,54.78,4.3477,47.37,4.2144,45.91,3.6453,39.71,3.202,34.88,0.1621,1.77
nuc-8,nucleos,Crecente,Vilar (San Xorxe),3601411.0,PNOA-2024-GAL-561-4668-H29-NPC01_chm.tif,3328,0.3328,0.3323,11.18,28.93,32.86,0.2893,86.93,0.2639,79.3,0.2189,65.78,0.2139,64.27,0.1915,57.54,0.1748,52.52,0.0,0.0
nuc-15,nucleos,Crecente,Albeos (San Xoán),3601401.0,PNOA-2024-GAL-561-4668-H29-NPC01_chm.tif,14400,1.44,1.4389,1.95,23.92,28.96,0.7137,49.56,0.6267,43.52,0.5579,38.74,0.5481,38.06,0.5006,34.76,0.4719,32.77,0.0,0.0
nuc-32,nucleos,A Cañiza,Valeixe (Santa Cristina),3600909.0,PNOA-2024-GAL-561-4668-H29-NPC01_chm.tif,58397,5.8397,5.8401,0.72,10.49,34.98,1.7537,30.03,1.2548,21.49,1.0153,17.39,0.9625,16.48,0.7334,12.56,0.6102,10.45,0.0,0.0
ill-13,illadas,Crecente,Albeos (San Xoán),3601401.0,PNOA-2024-GAL-561-4668-H29-NPC01_chm.tif,9922,0.9922,0.9922,9.76,27.32,34.2,0.7946,80.08,0.7651,77.11,0.6898,69.52,0.667,67.22,0.5687,57.32,0.4856,48.94,0.0,0.0
ill-17,illadas,A Cañiza,Valeixe (Santa Cristina),3600909.0,PNOA-2024-GAL-561-4668-H29-NPC01_chm.tif,21417,2.1417,2.1421,3.81,17.85,34.07,1.3282,62.02,1.1815,55.17,0.9682,45.21,0.9356,43.68,0.8136,37.99,0.7269,33.94,0.0,0.0
ill-29,illadas,Crecente,Albeos (San Xoán),3601401.0,PNOA-2024-GAL-561-4668-H29-NPC01_chm.tif,1963,0.1963,0.1974,24.92,29.44,33.1,0.1592,81.1,0.1462,74.48,0.1404,71.52,0.14,71.32,0.1398,71.22,0.139,70.81,0.0,0.0
nuc-32,nucleos,A Cañiza,Valeixe (Santa Cristina),3600909.0,PNOA-2024-GAL-561-4669-H29-NPC01_chm.tif,122745,12.2745,12.2745,2.36,21.2,37.15,7.0937,57.79,5.5195,44.97,4.739,38.61,4.5761,37.28,3.9291,32.01,3.5261,28.73,0.0138,0.11
ill-17,illadas,A Cañiza,Valeixe (Santa Cristina),3600909.0,PNOA-2024-GAL-561-4669-H29-NPC01_chm.tif,18451,1.8451,1.8441,2.44,20.83,36.68,1.088,58.97,0.8671,46.99,0.7545,40.89,0.7348,39.82,0.6299,34.14,0.5275,28.59,0.0038,0.21
ill-48,illadas,Crecente,Vilar (San Xorxe),3601411.0,PNOA-2024-GAL-561-4669-H29-NPC01_chm.tif,3583,0.3583,0.358,16.45,20.5,24.53,0.3416,95.34,0.337,94.06,0.3282,91.6,0.3251,90.73,0.3125,87.22,0.2865,79.96,0.0,0.0
ill-51,illadas,Crecente,Vilar (San Xorxe),3601411.0,PNOA-2024-GAL-561-4669-H29-NPC01_chm.tif,1929,0.1929,0.1936,15.98,25.99,30.68,0.1897,98.34,0.1891,98.03,0.1889,97.93,0.1889,97.93,0.1889,97.93,0.1868,96.84,0.0,0.0
nuc-3,nucleos,A Cañiza,O Couto (San Bartolomeu),3600903.0,PNOA-2024-GAL-561-4670-H29-NPC01_chm.tif,20530,2.053,2.0532,2.23,11.9,22.83,1.0552,51.4,0.9348,45.53,0.7234,35.24,0.6775,33.0,0.4598,22.4,0.3171,15.45,0.0,0.0
nuc-32,nucleos,A Cañiza,Valeixe (Santa Cristina),3600909.0,PNOA-2024-GAL-561-4670-H29-NPC01_chm.tif,28074,2.8074,2.8063,10.4,20.82,36.6,2.1481,76.52,2.0287,72.26,1.8912,67.36,1.8524,65.98,1.6293,58.04,1.4435,51.42,0.0045,0.16
ill-0,illadas,A Cañiza,O Couto (San Bartolomeu),3600903.0,PNOA-2024-GAL-561-4670-H29-NPC01_chm.tif,18536,1.8536,1.854,4.2,12.34,20.83,1.1141,60.1,1.0346,55.82,0.8471,45.7,0.804,43.38,0.5609,30.26,0.3871,20.88,0.0,0.0
nuc-3,nucleos,A Cañiza,O Couto (San Bartolomeu),3600903.0,PNOA-2024-GAL-561-4671-H29-NPC01_chm.tif,178242,17.8242,17.8554,4.59,23.21,48.25,10.4561,58.66,9.8088,55.03,8.6986,48.8,8.4464,47.39,7.2637,40.75,6.3692,35.73,0.3472,1.95
ill-0,illadas,A Cañiza,O Couto (San Bartolomeu),3600903.0,PNOA-2024-GAL-561-4671-H29-NPC01_chm.tif,6235,0.6235,0.6236,11.65,25.08,34.69,0.4342,69.64,0.4218,67.65,0.4107,65.87,0.4066,65.21,0.3737,59.94,0.3363,53.94,0.0,0.0
nuc-3,nucleos,A Cañiza,O Couto (San Bartolomeu),3600903.0,PNOA-2024-GAL-561-4672-H29-NPC01_chm.tif,65115,6.5115,6.5099,4.77,27.45,42.8,3.9649,60.89,3.6452,55.98,3.2144,49.36,3.1151,47.84,2.6425,40.58,2.3029,35.37,0.1728,2.65
ill-0,illadas,A Cañiza,O Couto (San Bartolomeu),3600903.0,PNOA-2024-GAL-561-4672-H29-NPC01_chm.tif,1985,0.1985,0.198,27.5,37.73,42.84,0.1852,93.3,0.1786,89.97,0.1754,88.36,0.1743,87.81,0.1672,84.23,0.1638,82.52,0.0433,21.81
ill-0,illadas,A Cañiza,O Couto (San Bartolomeu),3600903.0,PNOA-2024-GAL-561-4673-H29-NPC01_chm.tif,9401,0.9401,0.9405,0.93,12.29,19.33,0.3368,35.83,0.2772,29.49,0.1993,21.2,0.1864,19.83,0.1473,15.67,0.1258,13.38,0.0,0.0
ill-6,illadas,A Cañiza,A Cañiza (Santa Teresa),3600902.0,PNOA-2024-GAL-561-4673-H29-NPC01_chm.tif,877,0.0877,0.0879,11.26,24.96,27.38,0.0764,87.12,0.0753,85.86,0.0745,84.95,0.074,84.38,0.0657,74.91,0.0565,64.42,0.0,0.0
ill-16,illadas,A Cañiza,Oroso (Santa María),3600906.0,PNOA-2024-GAL-561-4673-H29-NPC01_chm.tif,370,0.037,0.0369,6.13,10.26,11.91,0.0288,77.84,0.0278,75.14,0.0225,60.81,0.0206,55.68,0.0135,36.49,0.0057,15.41,0.0,0.0
nuc-17,nucleos,A Cañiza,Oroso (Santa María),3600906.0,PNOA-2024-GAL-561-4674-H29-NPC01_chm.tif,104271,10.4271,10.429,0.63,12.79,36.49,3.972,38.09,3.5662,34.2,2.9438,28.23,2.7843,26.7,2.1441,20.56,1.644,15.77,0.0049,0.05
ill-16,illadas,A Cañiza,Oroso (Santa María),3600906.0,PNOA-2024-GAL-561-4674-H29-NPC01_chm.tif,43011,4.3011,4.2992,1.49,17.71,36.35,1.9591,45.55,1.7229,40.06,1.5452,35.93,1.5171,35.27,1.3698,31.85,1.2021,27.95,0.0035,0.08
nuc-17,nucleos,A Cañiza,Oroso (Santa María),3600906.0,PNOA-2024-GAL-561-4675-H29-NPC01_chm.tif,208280,20.828,20.8275,2.35,16.52,38.67,10.8873,52.27,9.6989,46.57,8.0191,38.5,7.6677,36.81,6.2123,29.83,5.1636,24.79,0.0036,0.02
ill-16,illadas,A Cañiza,Oroso (Santa María),3600906.0,PNOA-2024-GAL-561-4675-H29-NPC01_chm.tif,37329,3.7329,3.7329,3.32,15.45,32.69,2.14,57.33,1.9162,51.33,1.6777,44.94,1.625,43.53,1.2908,34.58,0.981,26.28,0.0,0.0
nuc-17,nucleos,A Cañiza,Oroso (Santa María),3600906.0,PNOA-2024-GAL-561-4676-H29-NPC01_chm.tif,85873,8.5873,8.5872,0.67,10.23,26.4,2.2875,26.64,2.0459,23.82,1.6814,19.58,1.5926,18.55,1.1989,13.96,0.8913,10.38,0.0,0.0
ill-16,illadas,A Cañiza,Oroso (Santa María),3600906.0,PNOA-2024-GAL-561-4676-H29-NPC01_chm.tif,26082,2.6082,2.6257,12.27,19.73,30.37,2.2401,85.89,2.2166,84.99,2.1283,81.6,2.098,80.44,1.9121,73.31,1.7105,65.58,0.0,0.0
nuc-15,nucleos,Crecente,Albeos (San Xoán),3601401.0,PNOA-2024-GAL-562-4666-H29-NPC01_chm.tif,50555,5.0555,5.0555,4.65,20.89,33.33,3.7088,73.36,2.7476,54.35,2.4897,49.25,2.4362,48.19,2.1303,42.14,1.802,35.64,0.0,0.0
ill-13,illadas,Crecente,Albeos (San Xoán),3601401.0,PNOA-2024-GAL-562-4666-H29-NPC01_chm.tif,2365,0.2365,0.2382,4.86,13.14,23.38,0.1722,72.81,0.1502,63.51,0.1168,49.39,0.1054,44.57,0.0606,25.62,0.0385,16.28,0.0,0.0
ill-50,illadas,Crecente,Ribeira (Santa Mariña),3601409.0,PNOA-2024-GAL-562-4666-H29-NPC01_chm.tif,13910,1.391,1.413,3.8,13.92,27.29,0.9153,65.8,0.7713,55.45,0.5995,43.1,0.5564,40.0,0.384,27.61,0.2513,18.07,0.0,0.0
nuc-8,nucleos,Crecente,Vilar (San Xorxe),3601411.0,PNOA-2024-GAL-562-4667-H29-NPC01_chm.tif,2489,0.2489,0.2488,1.58,14.61,22.42,0.115,46.2,0.1065,42.79,0.0976,39.21,0.0948,38.09,0.0813,32.66,0.0638,25.63,0.0,0.0
nuc-15,nucleos,Crecente,Albeos (San Xoán),3601401.0,PNOA-2024-GAL-562-4667-H29-NPC01_chm.tif,233865,23.3865,23.3901,1.97,15.93,42.8,11.2551,48.13,6.335,27.09,5.3404,22.84,5.1604,22.07,4.383,18.74,3.8709,16.55,0.0386,0.17
nuc-39,nucleos,Crecente,Ribeira (Santa Mariña),3601409.0,PNOA-2024-GAL-562-4667-H29-NPC01_chm.tif,7667,0.7667,0.7805,7.06,18.89,29.31,0.5619,73.29,0.5299,69.11,0.4635,60.45,0.4413,57.56,0.3559,46.42,0.298,38.87,0.0,0.0
ill-13,illadas,Crecente,Albeos (San Xoán),3601401.0,PNOA-2024-GAL-562-4667-H29-NPC01_chm.tif,79881,7.9881,7.9893,2.16,15.53,38.05,4.4392,55.57,2.7988,35.04,2.1823,27.32,2.0713,25.93,1.6531,20.69,1.4203,17.78,0.003,0.04
ill-51,illadas,Crecente,Vilar (San Xorxe),3601411.0,PNOA-2024-GAL-562-4667-H29-NPC01_chm.tif,1934,0.1934,0.1948,16.24,22.51,25.48,0.1758,90.9,0.1733,89.61,0.1702,88.0,0.1702,88.0,0.1692,87.49,0.1656,85.63,0.0,0.0
nuc-8,nucleos,Crecente,Vilar (San Xorxe),3601411.0,PNOA-2024-GAL-562-4668-H29-NPC01_chm.tif,135083,13.5083,13.5087,2.44,22.62,50.94,8.4799,62.78,6.1603,45.6,5.3224,39.4,5.1939,38.45,4.6396,34.35,4.2274,31.29,0.2519,1.86
nuc-15,nucleos,Crecente,Albeos (San Xoán),3601401.0,PNOA-2024-GAL-562-4668-H29-NPC01_chm.tif,94742,9.4742,9.4832,2.15,9.1,26.46,5.422,57.23,2.349,24.79,1.6507,17.42,1.5324,16.17,1.0875,11.48,0.8308,8.77,0.0,0.0
ill-13,illadas,Crecente,Albeos (San Xoán),3601401.0,PNOA-2024-GAL-562-4668-H29-NPC01_chm.tif,56113,5.6113,5.6126,2.38,19.22,33.31,3.5125,62.6,2.3959,42.7,1.8721,33.36,1.8001,32.08,1.51,26.91,1.3312,23.72,0.0,0.0
ill-51,illadas,Crecente,Vilar (San Xorxe),3601411.0,PNOA-2024-GAL-562-4668-H29-NPC01_chm.tif,73520,7.352,7.3635,2.03,5.14,26.62,3.7336,50.78,1.2608,17.15,0.7491,10.19,0.6988,9.5,0.5039,6.85,0.418,5.69,0.0,0.0
nuc-8,nucleos,Crecente,Vilar (San Xorxe),3601411.0,PNOA-2024-GAL-562-4669-H29-NPC01_chm.tif,163252,16.3252,16.3233,2.31,20.4,40.05,10.2168,62.58,6.6304,40.61,5.8051,35.56,5.659,34.66,5.0175,30.73,4.5598,27.93,0.0305,0.19
ill-51,illadas,Crecente,Vilar (San Xorxe),3601411.0,PNOA-2024-GAL-562-4669-H29-NPC01_chm.tif,84508,8.4508,8.4489,3.65,21.0,39.75,5.8501,69.23,4.5348,53.66,3.7144,43.95,3.5369,41.85,2.9113,34.45,2.5421,30.08,0.0049,0.06
nuc-3,nucleos,A Cañiza,O Couto (San Bartolomeu),3600903.0,PNOA-2024-GAL-562-4670-H29-NPC01_chm.tif,79448,7.9448,7.9465,4.73,25.14,37.58,5.1584,64.93,4.5035,56.68,3.9033,49.13,3.7738,47.5,3.1964,40.23,2.7787,34.98,0.0105,0.13
ill-0,illadas,A Cañiza,O Couto (San Bartolomeu),3600903.0,PNOA-2024-GAL-562-4670-H29-NPC01_chm.tif,10615,1.0615,1.0614,3.66,18.93,28.55,0.6383,60.13,0.5715,53.84,0.4767,44.91,0.4596,43.3,0.3648,34.37,0.2837,26.73,0.0,0.0
nuc-3,nucleos,A Cañiza,O Couto (San Bartolomeu),3600903.0,PNOA-2024-GAL-562-4671-H29-NPC01_chm.tif,220224,22.0224,22.0191,4.63,23.61,54.05,13.2392,60.12,12.2296,55.53,10.7668,48.89,10.4575,47.49,9.0127,40.93,7.9006,35.88,0.3202,1.45
ill-0,illadas,A Cañiza,O Couto (San Bartolomeu),3600903.0,PNOA-2024-GAL-562-4671-H29-NPC01_chm.tif,18244,1.8244,1.8391,3.8,22.99,39.98,1.117,61.23,0.997,54.65,0.8173,44.8,0.7892,43.26,0.6439,35.29,0.5396,29.58,0.0214,1.17
nuc-3,nucleos,A Cañiza,O Couto (San Bartolomeu),3600903.0,PNOA-2024-GAL-562-4672-H29-NPC01_chm.tif,159687,15.9687,15.992,2.09,19.58,56.65,8.0677,50.52,7.4069,46.38,6.4311,40.27,6.2061,38.86,5.1986,32.55,4.4011,27.56,0.2136,1.34
ill-0,illadas,A Cañiza,O Couto (San Bartolomeu),3600903.0,PNOA-2024-GAL-562-4672-H29-NPC01_chm.tif,34255,3.4255,3.4254,2.13,15.48,36.63,1.7355,50.66,1.5878,46.35,1.383,40.37,1.3414,39.16,1.1059,32.28,0.8757,25.56,0.0013,0.04
ill-16,illadas,A Cañiza,Oroso (Santa María),3600906.0,PNOA-2024-GAL-562-4672-H29-NPC01_chm.tif,1246,0.1246,0.1248,8.64,14.8,25.55,0.0955,76.65,0.0931,74.72,0.0889,71.35,0.0857,68.78,0.0691,55.46,0.0486,39.0,0.0,0.0
nuc-17,nucleos,A Cañiza,Oroso (Santa María),3600906.0,PNOA-2024-GAL-562-4673-H29-NPC01_chm.tif,49528,4.9528,4.9548,7.8,19.8,34.5,3.6397,73.49,3.4722,70.11,3.1076,62.74,3.0062,60.7,2.4274,49.01,1.9113,38.59,0.0,0.0
nuc-17,nucleos,A Cañiza,Oroso (Santa María),3600906.0,PNOA-2024-GAL-562-4674-H29-NPC01_chm.tif,56907,5.6907,5.7179,0.54,8.44,22.98,1.8598,32.68,1.5938,28.01,1.2416,21.82,1.1479,20.17,0.6452,11.34,0.3618,6.36,0.0,0.0
ill-16,illadas,A Cañiza,Oroso (Santa María),3600906.0,PNOA-2024-GAL-562-4674-H29-NPC01_chm.tif,27335,2.7335,2.7321,7.43,16.55,38.69,1.6598,60.72,1.5757,57.64,1.4939,54.65,1.4693,53.75,1.3323,48.74,1.1422,41.79,0.0088,0.32
nuc-17,nucleos,A Cañiza,Oroso (Santa María),3600906.0,PNOA-2024-GAL-562-4675-H29-NPC01_chm.tif,135678,13.5678,13.5664,1.01,11.3,30.41,5.644,41.6,5.0258,37.04,3.888,28.66,3.6356,26.8,2.5831,19.04,1.7922,13.21,0.0,0.0
ill-16,illadas,A Cañiza,Oroso (Santa María),3600906.0,PNOA-2024-GAL-562-4675-H29-NPC01_chm.tif,14140,1.414,1.4168,4.12,19.15,37.06,0.7821,55.31,0.741,52.4,0.673,47.6,0.6496,45.94,0.5409,38.25,0.4693,33.19,0.0067,0.47
nuc-17,nucleos,A Cañiza,Oroso (Santa María),3600906.0,PNOA-2024-GAL-562-4676-H29-NPC01_chm.tif,62633,6.2633,6.2641,4.05,19.41,34.99,3.6281,57.93,3.3577,53.61,2.9542,47.17,2.8546,45.58,2.282,36.43,1.8139,28.96,0.0,0.0
ill-16,illadas,A Cañiza,Oroso (Santa María),3600906.0,PNOA-2024-GAL-562-4676-H29-NPC01_chm.tif,53190,5.319,5.316,1.47,11.36,21.06,2.5122,47.23,2.184,41.06,1.6786,31.56,1.5792,29.69,1.1753,22.1,0.7992,15.03,0.0,0.0
nuc-17,nucleos,A Cañiza,Oroso (Santa María),3600906.0,PNOA-2024-GAL-562-4677-H29-NPC01_chm.tif,19781,1.9781,1.9769,3.14,13.21,30.27,1.1035,55.79,1.0047,50.79,0.8033,40.61,0.7514,37.99,0.5318,26.88,0.3701,18.71,0.0,0.0
ill-16,illadas,A Cañiza,Oroso (Santa María),3600906.0,PNOA-2024-GAL-562-4677-H29-NPC01_chm.tif,19306,1.9306,1.9296,0.23,4.61,19.91,0.2753,14.26,0.2237,11.59,0.1823,9.44,0.1711,8.86,0.1304,6.75,0.1108,5.74,0.0,0.0
nuc-17,nucleos,A Cañiza,Oroso (Santa María),3600906.0,PNOA-2024-GAL-562-4678-H29-NPC01_chm.tif,16942,1.6942,1.6946,3.76,15.03,32.76,0.9155,54.04,0.8789,51.88,0.7872,46.46,0.7574,44.71,0.6007,35.46,0.4616,27.25,0.0,0.0
ill-16,illadas,A Cañiza,Oroso (Santa María),3600906.0,PNOA-2024-GAL-562-4678-H29-NPC01_chm.tif,6801,0.6801,0.6825,11.86,17.96,31.18,0.6551,96.32,0.6467,95.09,0.6088,89.52,0.5945,87.41,0.5098,74.96,0.4202,61.79,0.0,0.0
nuc-39,nucleos,Crecente,Ribeira (Santa Mariña),3601409.0,PNOA-2024-GAL-563-4666-H29-NPC01_chm.tif,161831,16.1831,16.1831,6.9,25.11,38.09,10.855,67.08,9.8382,60.79,8.9022,55.01,8.6919,53.71,7.6529,47.29,6.9262,42.8,0.036,0.22
ill-50,illadas,Crecente,Ribeira (Santa Mariña),3601409.0,PNOA-2024-GAL-563-4666-H29-NPC01_chm.tif,77464,7.7464,7.7455,5.41,21.79,39.79,5.2381,67.62,4.5768,59.08,3.9696,51.24,3.8519,49.73,3.3642,43.43,3.0101,38.86,0.0342,0.44
nuc-8,nucleos,Crecente,Vilar (San Xorxe),3601411.0,PNOA-2024-GAL-563-4667-H29-NPC01_chm.tif,96,0.0096,0.0096,2.18,12.56,13.46,0.0058,60.42,0.0029,30.21,0.0026,27.08,0.0026,27.08,0.0026,27.08,0.0024,25.0,0.0,0.0
nuc-15,nucleos,Crecente,Albeos (San Xoán),3601401.0,PNOA-2024-GAL-563-4667-H29-NPC01_chm.tif,7655,0.7655,0.766,12.85,24.09,36.63,0.6584,86.01,0.5988,78.22,0.5723,74.76,0.5672,74.1,0.5299,69.22,0.485,63.36,0.0015,0.2
nuc-28,nucleos,Crecente,Crecente (San Pedro),3601404.0,PNOA-2024-GAL-563-4667-H29-NPC01_chm.tif,103621,10.3621,10.365,3.55,23.78,47.55,6.866,66.26,5.3469,51.6,4.8509,46.81,4.7476,45.82,4.2704,41.21,3.9002,37.64,0.0744,0.72
nuc-39,nucleos,Crecente,Ribeira (Santa Mariña),3601409.0,PNOA-2024-GAL-563-4667-H29-NPC01_chm.tif,75501,7.5501,7.5494,11.71,26.98,48.95,5.6134,74.35,5.3599,70.99,5.0189,66.47,4.9391,65.42,4.5581,60.37,4.1762,55.31,0.0726,0.96
ill-25,illadas,Crecente,Crecente (San Pedro),3601404.0,PNOA-2024-GAL-563-4667-H29-NPC01_chm.tif,11946,1.1946,1.194,2.38,24.71,36.02,0.726,60.77,0.5592,46.81,0.5165,43.24,0.5114,42.81,0.4846,40.57,0.4542,38.02,0.0034,0.28
ill-50,illadas,Crecente,Ribeira (Santa Mariña),3601409.0,PNOA-2024-GAL-563-4667-H29-NPC01_chm.tif,17470,1.747,1.7486,5.66,19.08,37.73,1.1533,66.02,1.0263,58.75,0.912,52.2,0.8818,50.48,0.721,41.27,0.6119,35.03,0.0043,0.25
nuc-8,nucleos,Crecente,Vilar (San Xorxe),3601411.0,PNOA-2024-GAL-563-4668-H29-NPC01_chm.tif,9810,0.981,0.9806,0.44,4.8,23.88,0.1786,18.21,0.1346,13.72,0.0959,9.78,0.0919,9.37,0.0729,7.43,0.0619,6.31,0.0,0.0
nuc-28,nucleos,Crecente,Crecente (San Pedro),3601404.0,PNOA-2024-GAL-563-4668-H29-NPC01_chm.tif,52627,5.2627,5.2957,2.33,17.85,36.77,2.9872,56.76,2.265,43.04,1.7476,33.21,1.6582,31.51,1.3529,25.71,1.1216,21.31,0.0073,0.14
ill-25,illadas,Crecente,Crecente (San Pedro),3601404.0,PNOA-2024-GAL-563-4668-H29-NPC01_chm.tif,19064,1.9064,1.9175,3.22,13.32,36.79,1.3532,70.98,1.0107,53.02,0.6747,35.39,0.6301,33.05,0.4806,25.21,0.3533,18.53,0.0005,0.03
ill-51,illadas,Crecente,Vilar (San Xorxe),3601411.0,PNOA-2024-GAL-563-4668-H29-NPC01_chm.tif,17538,1.7538,1.754,3.01,15.07,21.9,1.4199,80.96,0.8809,50.23,0.6305,35.95,0.6151,35.07,0.5192,29.6,0.4443,25.33,0.0,0.0
nuc-8,nucleos,Crecente,Vilar (San Xorxe),3601411.0,PNOA-2024-GAL-563-4669-H29-NPC01_chm.tif,128553,12.8553,12.8605,12.67,30.65,51.44,10.2523,79.75,9.3864,73.02,8.7706,68.23,8.639,67.2,7.9746,62.03,7.3536,57.2,0.5837,4.54
nuc-28,nucleos,Crecente,Crecente (San Pedro),3601404.0,PNOA-2024-GAL-563-4669-H29-NPC01_chm.tif,18197,1.8197,1.8193,22.22,36.46,46.1,1.7823,97.94,1.7608,96.76,1.7267,94.89,1.7168,94.35,1.6802,92.33,1.6296,89.55,0.2614,14.37
ill-51,illadas,Crecente,Vilar (San Xorxe),3601411.0,PNOA-2024-GAL-563-4669-H29-NPC01_chm.tif,39206,3.9206,3.9293,2.31,10.05,34.97,2.5296,64.52,0.9928,25.32,0.7389,18.85,0.6969,17.78,0.518,13.21,0.3958,10.1,0.0,0.0
nuc-3,nucleos,A Cañiza,O Couto (San Bartolomeu),3600903.0,PNOA-2024-GAL-563-4671-H29-NPC01_chm.tif,147780,14.778,14.7794,5.32,18.73,41.83,9.2164,62.37,8.5169,57.63,7.524,50.91,7.3176,49.52,6.2007,41.96,5.156,34.89,0.0172,0.12
ill-0,illadas,A Cañiza,O Couto (San Bartolomeu),3600903.0,PNOA-2024-GAL-563-4671-H29-NPC01_chm.tif,18258,1.8258,1.826,2.38,15.58,26.88,0.9564,52.38,0.8442,46.24,0.6843,37.48,0.65,35.6,0.4985,27.3,0.3879,21.25,0.0,0.0
nuc-3,nucleos,A Cañiza,O Couto (San Bartolomeu),3600903.0,PNOA-2024-GAL-563-4672-H29-NPC01_chm.tif,33164,3.3164,3.3165,1.61,17.12,35.34,1.5206,45.85,1.3286,40.06,1.1318,34.13,1.0927,32.95,0.9419,28.4,0.7917,23.87,0.0003,0.01
nuc-17,nucleos,A Cañiza,Oroso (Santa María),3600906.0,PNOA-2024-GAL-563-4672-H29-NPC01_chm.tif,7666,0.7666,0.7663,11.33,17.86,34.7,0.7025,91.64,0.6883,89.79,0.6499,84.78,0.6382,83.25,0.5645,73.64,0.4655,60.72,0.0,0.0
ill-0,illadas,A Cañiza,O Couto (San Bartolomeu),3600903.0,PNOA-2024-GAL-563-4672-H29-NPC01_chm.tif,8901,0.8901,0.8914,1.33,8.06,30.67,0.3385,38.03,0.2583,29.02,0.1841,20.68,0.1667,18.73,0.0904,10.16,0.0528,5.93,0.0,0.0
ill-16,illadas,A Cañiza,Oroso (Santa María),3600906.0,PNOA-2024-GAL-563-4672-H29-NPC01_chm.tif,3197,0.3197,0.3202,9.93,14.9,20.67,0.2712,84.83,0.2644,82.7,0.2482,77.64,0.2433,76.1,0.2047,64.03,0.1578,49.36,0.0,0.0
nuc-6,nucleos,Crecente,A Ameixeira (San Bernabeu),3601402.0,PNOA-2024-GAL-563-4674-H29-NPC01_chm.tif,67264,6.7264,6.726,6.17,24.79,37.69,4.1203,61.26,3.9118,58.16,3.5529,52.82,3.475,51.66,3.069,45.63,2.7127,40.33,0.0314,0.47
nuc-17,nucleos,A Cañiza,Oroso (Santa María),3600906.0,PNOA-2024-GAL-563-4674-H29-NPC01_chm.tif,36088,3.6088,3.6089,6.23,16.66,38.5,2.3606,65.41,2.1965,60.87,1.9494,54.02,1.8961,52.54,1.5368,42.58,1.1883,32.93,0.0065,0.18
ill-16,illadas,A Cañiza,Oroso (Santa María),3600906.0,PNOA-2024-GAL-563-4674-H29-NPC01_chm.tif,4409,0.4409,0.4505,12.16,27.41,31.92,0.3204,72.67,0.3077,69.79,0.3018,68.45,0.2987,67.75,0.2703,61.31,0.2481,56.27,0.0,0.0
ill-32,illadas,A Cañiza,Oroso (Santa María),3600906.0,PNOA-2024-GAL-563-4674-H29-NPC01_chm.tif,3588,0.3588,0.3581,6.67,16.53,27.1,0.2373,66.14,0.2221,61.9,0.1961,54.65,0.1909,53.21,0.1676,46.71,0.1397,38.94,0.0,0.0
ill-33,illadas,Crecente,A Ameixeira (San Bernabeu),3601402.0,PNOA-2024-GAL-563-4674-H29-NPC01_chm.tif,41612,4.1612,4.1592,7.31,15.47,34.44,3.0879,74.21,2.9229,70.24,2.5371,60.97,2.4419,58.68,1.9411,46.65,1.5221,36.58,0.0,0.0
nuc-6,nucleos,Crecente,A Ameixeira (San Bernabeu),3601402.0,PNOA-2024-GAL-563-4675-H29-NPC01_chm.tif,3825,0.3825,0.3836,0.68,20.52,26.98,0.166,43.4,0.1601,41.86,0.1378,36.03,0.1337,34.95,0.0893,23.35,0.0842,22.01,0.0,0.0
nuc-17,nucleos,A Cañiza,Oroso (Santa María),3600906.0,PNOA-2024-GAL-563-4675-H29-NPC01_chm.tif,71891,7.1891,7.1899,3.21,14.3,39.88,3.9624,55.12,3.6535,50.82,3.0684,42.68,2.9102,40.48,2.2601,31.44,1.703,23.69,0.0037,0.05
ill-16,illadas,A Cañiza,Oroso (Santa María),3600906.0,PNOA-2024-GAL-563-4675-H29-NPC01_chm.tif,20947,2.0947,2.0957,7.95,25.88,33.62,1.3684,65.33,1.3045,62.28,1.1988,57.23,1.1791,56.29,1.0434,49.81,0.9029,43.1,0.0,0.0
nuc-2,nucleos,A Cañiza,Oroso (Santa María),3600906.0,PNOA-2024-GAL-563-4676-H29-NPC01_chm.tif,4318,0.4318,0.4321,6.75,15.79,31.71,0.2868,66.42,0.2722,63.04,0.2377,55.05,0.2328,53.91,0.196,45.39,0.1502,34.78,0.0,0.0
nuc-17,nucleos,A Cañiza,Oroso (Santa María),3600906.0,PNOA-2024-GAL-563-4676-H29-NPC01_chm.tif,8807,0.8807,0.8796,3.93,12.36,31.36,0.5664,64.31,0.4933,56.01,0.3849,43.7,0.3614,41.04,0.2725,30.94,0.1934,21.96,0.0,0.0
ill-16,illadas,A Cañiza,Oroso (Santa María),3600906.0,PNOA-2024-GAL-563-4676-H29-NPC01_chm.tif,15007,1.5007,1.5028,3.3,14.16,28.01,0.8429,56.17,0.7682,51.19,0.66,43.98,0.6351,42.32,0.4994,33.28,0.3877,25.83,0.0,0.0
nuc-2,nucleos,A Cañiza,Oroso (Santa María),3600906.0,PNOA-2024-GAL-563-4677-H29-NPC01_chm.tif,2164,0.2164,0.2166,6.96,15.73,31.93,0.1189,54.94,0.1185,54.76,0.1149,53.1,0.1143,52.82,0.1028,47.5,0.0899,41.54,0.0,0.0
nuc-17,nucleos,A Cañiza,Oroso (Santa María),3600906.0,PNOA-2024-GAL-563-4677-H29-NPC01_chm.tif,6149,0.6149,0.615,0.88,14.19,30.1,0.2891,47.02,0.277,45.05,0.2457,39.96,0.2369,38.53,0.2065,33.58,0.1781,28.96,0.0,0.0
nuc-34,nucleos,Crecente,Quintela (San Caetano),3601407.0,PNOA-2024-GAL-564-4666-H29-NPC01_chm.tif,81,0.0081,0.008,5.27,7.22,8.05,0.008,98.77,0.0077,95.06,0.0055,67.9,0.0035,43.21,0.0001,1.23,0.0,0.0,0.0,0.0
nuc-39,nucleos,Crecente,Ribeira (Santa Mariña),3601409.0,PNOA-2024-GAL-564-4666-H29-NPC01_chm.tif,59547,5.9547,5.9549,10.06,23.72,43.94,4.194,70.43,3.9726,66.71,3.6598,61.46,3.5866,60.23,3.2592,54.73,2.9867,50.16,0.046,0.77
ill-50,illadas,Crecente,Ribeira (Santa Mariña),3601409.0,PNOA-2024-GAL-564-4666-H29-NPC01_chm.tif,48101,4.8101,4.8134,4.76,19.9,37.71,3.2661,67.9,2.8498,59.25,2.3614,49.09,2.2884,47.57,2.0007,41.59,1.7716,36.83,0.0045,0.09
nuc-28,nucleos,Crecente,Crecente (San Pedro),3601404.0,PNOA-2024-GAL-564-4667-H29-NPC01_chm.tif,69999,6.9999,6.9996,10.42,22.28,41.37,5.3415,76.31,5.0868,72.67,4.657,66.53,4.5599,65.14,4.0433,57.76,3.5991,51.42,0.0035,0.05
nuc-34,nucleos,Crecente,Quintela (San Caetano),3601407.0,PNOA-2024-GAL-564-4667-H29-NPC01_chm.tif,68344,6.8344,6.8507,3.75,22.24,35.63,4.1499,60.72,3.6294,53.1,3.1078,45.47,3.0054,43.97,2.4866,36.38,2.0599,30.14,0.0025,0.04
nuc-39,nucleos,Crecente,Ribeira (Santa Mariña),3601409.0,PNOA-2024-GAL-564-4667-H29-NPC01_chm.tif,103519,10.3519,10.3529,4.96,22.25,40.95,6.8697,66.36,6.0803,58.74,5.1593,49.84,4.9767,48.08,4.2219,40.78,3.6024,34.8,0.0404,0.39
ill-14,illadas,Crecente,Quintela (San Caetano),3601407.0,PNOA-2024-GAL-564-4667-H29-NPC01_chm.tif,11333,1.1333,1.1347,3.14,13.26,32.77,0.6782,59.84,0.5793,51.12,0.4072,35.93,0.3713,32.76,0.2313,20.41,0.1705,15.04,0.0,0.0
ill-25,illadas,Crecente,Crecente (San Pedro),3601404.0,PNOA-2024-GAL-564-4667-H29-NPC01_chm.tif,6688,0.6688,0.669,8.47,19.87,36.51,0.4568,68.3,0.4424,66.15,0.4065,60.78,0.3958,59.18,0.3442,51.47,0.2922,43.69,0.0044,0.66
ill-50,illadas,Crecente,Ribeira (Santa Mariña),3601409.0,PNOA-2024-GAL-564-4667-H29-NPC01_chm.tif,19396,1.9396,1.94,7.43,22.16,41.47,1.5643,80.65,1.4296,73.71,1.194,61.56,1.1414,58.85,0.9219,47.53,0.7585,39.11,0.0372,1.92
nuc-28,nucleos,Crecente,Crecente (San Pedro),3601404.0,PNOA-2024-GAL-564-4668-H29-NPC01_chm.tif,195109,19.5109,19.5063,7.56,23.16,50.97,13.7285,70.36,12.5195,64.17,11.1345,57.07,10.8498,55.61,9.5319,48.85,8.4697,43.41,0.2676,1.37
nuc-34,nucleos,Crecente,Quintela (San Caetano),3601407.0,PNOA-2024-GAL-564-4668-H29-NPC01_chm.tif,1530,0.153,0.1537,10.82,15.49,22.98,0.1504,98.3,0.1496,97.78,0.1455,95.1,0.1428,93.33,0.1198,78.3,0.0869,56.8,0.0,0.0
ill-14,illadas,Crecente,Quintela (San Caetano),3601407.0,PNOA-2024-GAL-564-4668-H29-NPC01_chm.tif,1411,0.1411,0.1437,10.11,23.39,28.03,0.1211,85.83,0.1193,84.55,0.1132,80.23,0.1113,78.88,0.0947,67.12,0.0713,50.53,0.0,0.0
ill-25,illadas,Crecente,Crecente (San Pedro),3601404.0,PNOA-2024-GAL-564-4668-H29-NPC01_chm.tif,63161,6.3161,6.317,4.82,22.57,42.89,4.182,66.21,3.7032,58.63,3.1144,49.31,2.9957,47.43,2.5181,39.87,2.203,34.88,0.0256,0.41
nuc-28,nucleos,Crecente,Crecente (San Pedro),3601404.0,PNOA-2024-GAL-564-4669-H29-NPC01_chm.tif,181867,18.1867,18.2155,12.17,27.66,48.66,13.5666,74.6,12.909,70.98,12.1411,66.76,11.9367,65.63,10.9689,60.31,10.158,55.85,0.3214,1.77
ill-25,illadas,Crecente,Crecente (San Pedro),3601404.0,PNOA-2024-GAL-564-4669-H29-NPC01_chm.tif,15400,1.54,1.5464,7.8,22.58,38.19,1.0827,70.31,0.9961,64.68,0.8984,58.34,0.8783,57.03,0.7625,49.51,0.6752,43.84,0.0041,0.27
nuc-3,nucleos,A Cañiza,O Couto (San Bartolomeu),3600903.0,PNOA-2024-GAL-564-4671-H29-NPC01_chm.tif,1477,0.1477,0.1476,7.58,28.06,34.64,0.1063,71.97,0.1034,70.01,0.095,64.32,0.0925,62.63,0.0694,46.99,0.0495,33.51,0.0,0.0
nuc-6,nucleos,Crecente,A Ameixeira (San Bernabeu),3601402.0,PNOA-2024-GAL-564-4672-H29-NPC01_chm.tif,12256,1.2256,1.225,4.18,12.97,35.81,0.8002,65.29,0.7255,59.2,0.5181,42.27,0.463,37.78,0.2896,23.63,0.2117,17.27,0.0003,0.02
ill-33,illadas,Crecente,A Ameixeira (San Bernabeu),3601402.0,PNOA-2024-GAL-564-4672-H29-NPC01_chm.tif,26477,2.6477,2.6489,4.19,12.32,24.95,1.692,63.9,1.5313,57.84,1.2129,45.81,1.1522,43.52,0.8295,31.33,0.5534,20.9,0.0,0.0
nuc-6,nucleos,Crecente,A Ameixeira (San Bernabeu),3601402.0,PNOA-2024-GAL-564-4673-H29-NPC01_chm.tif,101553,10.1553,10.1743,2.8,15.78,38.15,5.4904,54.06,4.9856,49.09,4.2175,41.53,4.0592,39.97,3.2154,31.66,2.4674,24.3,0.0151,0.15
ill-33,illadas,Crecente,A Ameixeira (San Bernabeu),3601402.0,PNOA-2024-GAL-564-4673-H29-NPC01_chm.tif,4759,0.4759,0.4758,1.7,11.58,20.36,0.2305,48.43,0.1978,41.56,0.1547,32.51,0.1476,31.01,0.1,21.01,0.076,15.97,0.0,0.0
nuc-6,nucleos,Crecente,A Ameixeira (San Bernabeu),3601402.0,PNOA-2024-GAL-564-4674-H29-NPC01_chm.tif,34813,3.4813,3.4797,8.1,22.0,33.59,2.4026,69.01,2.3344,67.06,2.1545,61.89,2.0972,60.24,1.7545,50.4,1.4638,42.05,0.0,0.0
ill-33,illadas,Crecente,A Ameixeira (San Bernabeu),3601402.0,PNOA-2024-GAL-564-4674-H29-NPC01_chm.tif,26709,2.6709,2.6706,0.82,16.31,32.27,1.1475,42.96,1.0873,40.71,0.9646,36.12,0.934,34.97,0.7648,28.63,0.6037,22.6,0.0,0.0
nuc-6,nucleos,Crecente,A Ameixeira (San Bernabeu),3601402.0,PNOA-2024-GAL-564-4675-H29-NPC01_chm.tif,2950,0.295,0.2952,20.22,26.83,33.45,0.2835,96.1,0.2783,94.34,0.267,90.51,0.262,88.81,0.2429,82.34,0.225,76.27,0.0,0.0
ill-33,illadas,Crecente,A Ameixeira (San Bernabeu),3601402.0,PNOA-2024-GAL-564-4675-H29-NPC01_chm.tif,43200,4.32,4.3324,3.67,16.73,49.63,2.6292,60.86,2.3459,54.3,1.8416,42.63,1.7296,40.04,1.239,28.68,0.9096,21.06,0.0178,0.41
nuc-34,nucleos,Crecente,Quintela (San Caetano),3601407.0,PNOA-2024-GAL-565-4667-H29-NPC01_chm.tif,133059,13.3059,13.3044,2.74,23.42,48.32,7.5932,57.07,6.4616,48.56,5.4172,40.71,5.2207,39.24,4.4335,33.32,3.9261,29.51,0.0908,0.68
ill-14,illadas,Crecente,Quintela (San Caetano),3601407.0,PNOA-2024-GAL-565-4667-H29-NPC01_chm.tif,23850,2.385,2.3864,5.85,24.53,35.18,1.5558,65.23,1.428,59.87,1.2535,52.56,1.2148,50.94,1.0596,44.43,0.9237,38.73,0.0005,0.02
nuc-28,nucleos,Crecente,Crecente (San Pedro),3601404.0,PNOA-2024-GAL-565-4668-H29-NPC01_chm.tif,71,0.0071,0.0069,23.73,28.37,29.52,0.0071,100.0,0.0071,100.0,0.0071,100.0,0.0071,100.0,0.0071,100.0,0.0071,100.0,0.0,0.0
nuc-34,nucleos,Crecente,Quintela (San Caetano),3601407.0,PNOA-2024-GAL-565-4668-H29-NPC01_chm.tif,30593,3.0593,3.0736,9.61,28.21,43.49,2.4243,79.24,2.2335,73.01,1.9691,64.36,1.9201,62.76,1.6873,55.15,1.4856,48.56,0.0367,1.2
nuc-38,nucleos,Crecente,O Freixo (San Roque),3601406.0,PNOA-2024-GAL-565-4668-H29-NPC01_chm.tif,23764,2.3764,2.3827,15.3,30.95,46.61,2.2189,93.37,2.135,89.84,1.9753,83.12,1.934,81.38,1.7873,75.21,1.6612,69.9,0.1117,4.7
ill-14,illadas,Crecente,Quintela (San Caetano),3601407.0,PNOA-2024-GAL-565-4668-H29-NPC01_chm.tif,43386,4.3386,4.347,7.54,22.69,42.7,3.2146,74.09,2.9172,67.24,2.5104,57.86,2.4303,56.02,2.1165,48.78,1.9216,44.29,0.0286,0.66
ill-25,illadas,Crecente,Crecente (San Pedro),3601404.0,PNOA-2024-GAL-565-4668-H29-NPC01_chm.tif,3485,0.3485,0.3481,24.79,31.15,41.94,0.3386,97.16,0.3384,97.1,0.337,96.7,0.3354,96.24,0.3262,93.6,0.3213,92.2,0.0154,4.42
ill-44,illadas,Crecente,O Freixo (San Roque),3601406.0,PNOA-2024-GAL-565-4668-H29-NPC01_chm.tif,14362,1.4362,1.4379,19.14,32.32,41.39,1.2561,87.46,1.2408,86.39,1.1821,82.31,1.169,81.4,1.0873,75.71,1.0309,71.78,0.0546,3.8
nuc-28,nucleos,Crecente,Crecente (San Pedro),3601404.0,PNOA-2024-GAL-565-4669-H29-NPC01_chm.tif,29595,2.9595,2.9598,19.22,31.88,45.56,2.5459,86.02,2.3852,80.59,2.2813,77.08,2.2584,76.31,2.1586,72.94,2.0778,70.21,0.1487,5.02
nuc-38,nucleos,Crecente,O Freixo (San Roque),3601406.0,PNOA-2024-GAL-565-4669-H29-NPC01_chm.tif,9924,0.9924,0.9984,25.29,36.27,49.66,0.9388,94.6,0.9229,93.0,0.8989,90.58,0.8942,90.1,0.8727,87.94,0.8369,84.33,0.1351,13.61
ill-25,illadas,Crecente,Crecente (San Pedro),3601404.0,PNOA-2024-GAL-565-4669-H29-NPC01_chm.tif,301,0.0301,0.0303,17.86,35.11,41.58,0.0184,61.13,0.0178,59.14,0.0177,58.8,0.0176,58.47,0.0175,58.14,0.0175,58.14,0.0033,10.96
ill-44,illadas,Crecente,O Freixo (San Roque),3601406.0,PNOA-2024-GAL-565-4670-H29-NPC01_chm.tif,38325,3.8325,3.832,0.43,15.69,41.47,1.3752,35.88,1.3172,34.37,1.1999,31.31,1.1694,30.51,1.0604,27.67,0.9422,24.58,0.0041,0.11
nuc-7,nucleos,Crecente,Rebordechán (Santa María),3601408.0,PNOA-2024-GAL-565-4671-H29-NPC01_chm.tif,42142,4.2142,4.2149,7.75,21.38,35.69,2.6597,63.11,2.5556,60.64,2.3894,56.7,2.348,55.72,2.0816,49.39,1.8124,43.01,0.0013,0.03
ill-39,illadas,Crecente,Rebordechán (Santa María),3601408.0,PNOA-2024-GAL-565-4671-H29-NPC01_chm.tif,897,0.0897,0.0911,9.87,30.06,37.27,0.07,78.04,0.0672,74.92,0.0652,72.69,0.064,71.35,0.0572,63.77,0.0436,48.61,0.002,2.23
nuc-7,nucleos,Crecente,Rebordechán (Santa María),3601408.0,PNOA-2024-GAL-565-4672-H29-NPC01_chm.tif,37068,3.7068,3.7192,18.96,29.11,40.59,3.458,93.29,3.4244,92.38,3.3516,90.42,3.3332,89.92,3.1996,86.32,3.0755,82.97,0.044,1.19
ill-39,illadas,Crecente,Rebordechán (Santa María),3601408.0,PNOA-2024-GAL-565-4672-H29-NPC01_chm.tif,318,0.0318,0.0315,21.21,24.26,26.17,0.0304,95.6,0.0293,92.14,0.0278,87.42,0.0273,85.85,0.0272,85.53,0.026,81.76,0.0,0.0
nuc-1,nucleos,Crecente,Filgueira (San Pedro),3601405.0,PNOA-2024-GAL-565-4673-H29-NPC01_chm.tif,50572,5.0572,5.075,12.07,23.44,40.19,4.2331,83.7,4.0957,80.99,3.7783,74.71,3.6901,72.97,3.2208,63.69,2.8581,56.52,0.0167,0.33
nuc-1,nucleos,Crecente,Filgueira (San Pedro),3601405.0,PNOA-2024-GAL-565-4674-H29-NPC01_chm.tif,39405,3.9405,3.9562,13.06,26.77,41.98,3.6108,91.63,3.521,89.35,3.2208,81.74,3.1266,79.35,2.6802,68.02,2.3557,59.78,0.0556,1.41
ill-35,illadas,Crecente,Filgueira (San Pedro),3601405.0,PNOA-2024-GAL-565-4674-H29-NPC01_chm.tif,10272,1.0272,1.0289,16.82,24.59,36.16,0.9897,96.35,0.9827,95.67,0.9564,93.11,0.946,92.1,0.8844,86.1,0.8235,80.17,0.0007,0.07
nuc-23,nucleos,Crecente,Sendelle (Santa Cruz),3601410.0,PNOA-2024-GAL-566-4668-H29-NPC01_chm.tif,3,0.0003,0.0003,13.49,14.21,14.39,0.0003,100.0,0.0003,100.0,0.0003,100.0,0.0003,100.0,0.0003,100.0,0.0003,100.0,0.0,0.0
nuc-38,nucleos,Crecente,O Freixo (San Roque),3601406.0,PNOA-2024-GAL-566-4668-H29-NPC01_chm.tif,93087,9.3087,9.3094,11.42,25.71,50.91,7.278,78.18,6.8154,73.22,6.125,65.8,5.9894,64.34,5.3919,57.92,4.9757,53.45,0.4655,5.0
ill-14,illadas,Crecente,Quintela (San Caetano),3601407.0,PNOA-2024-GAL-566-4668-H29-NPC01_chm.tif,21245,2.1245,2.1237,5.33,19.9,32.02,1.6821,79.18,1.4724,69.31,1.1117,52.33,1.036,48.76,0.7569,35.63,0.596,28.05,0.0,0.0
ill-44,illadas,Crecente,O Freixo (San Roque),3601406.0,PNOA-2024-GAL-566-4668-H29-NPC01_chm.tif,6346,0.6346,0.6342,9.97,21.4,35.75,0.5653,89.08,0.5407,85.2,0.4694,73.97,0.4537,71.49,0.3703,58.35,0.3159,49.78,0.0001,0.02
nuc-23,nucleos,Crecente,Sendelle (Santa Cruz),3601410.0,PNOA-2024-GAL-566-4669-H29-NPC01_chm.tif,11337,1.1337,1.1346,19.57,27.39,36.26,1.034,91.21,0.9997,88.18,0.9449,83.35,0.9358,82.54,0.8928,78.75,0.853,75.24,0.0047,0.41
nuc-38,nucleos,Crecente,O Freixo (San Roque),3601406.0,PNOA-2024-GAL-566-4669-H29-NPC01_chm.tif,47466,4.7466,4.7441,14.17,32.25,46.96,4.2899,90.38,4.1258,86.92,3.7873,79.79,3.7158,78.28,3.3495,70.57,3.0292,63.82,0.345,7.27
ill-28,illadas,Crecente,Sendelle (Santa Cruz),3601410.0,PNOA-2024-GAL-566-4669-H29-NPC01_chm.tif,82,0.0082,0.0082,27.01,28.97,30.09,0.0082,100.0,0.0082,100.0,0.0082,100.0,0.0082,100.0,0.0082,100.0,0.0082,100.0,0.0,0.0
ill-44,illadas,Crecente,O Freixo (San Roque),3601406.0,PNOA-2024-GAL-566-4669-H29-NPC01_chm.tif,12306,1.2306,1.2308,15.79,27.18,42.45,1.1294,91.78,1.0711,87.04,0.9726,79.03,0.9554,77.64,0.8916,72.45,0.8406,68.31,0.0329,2.67
ill-34,illadas,Crecente,Angudes (San Xoán),3601403.0,PNOA-2024-GAL-566-4670-H29-NPC01_chm.tif,616,0.0616,0.0617,0.5,0.91,1.78,0.0,0.0,0.0,0.0,0.0,0.0,0.0,0.0,0.0,0.0,0.0,0.0,0.0,0.0
ill-44,illadas,Crecente,O Freixo (San Roque),3601406.0,PNOA-2024-GAL-566-4670-H29-NPC01_chm.tif,1568,0.1568,0.1575,0.53,2.9,13.57,0.0263,16.77,0.015,9.57,0.0113,7.21,0.0107,6.82,0.0101,6.44,0.0076,4.85,0.0,0.0
nuc-7,nucleos,Crecente,Rebordechán (Santa María),3601408.0,PNOA-2024-GAL-566-4671-H29-NPC01_chm.tif,13773,1.3773,1.3776,14.65,27.35,34.43,1.0867,78.9,1.0376,75.34,0.9862,71.6,0.9769,70.93,0.9127,66.27,0.8548,62.06,0.0,0.0
ill-39,illadas,Crecente,Rebordechán (Santa María),3601408.0,PNOA-2024-GAL-566-4671-H29-NPC01_chm.tif,2574,0.2574,0.2571,11.06,22.59,31.89,0.1984,77.08,0.1919,74.55,0.1783,69.27,0.1719,66.78,0.1502,58.35,0.1371,53.26,0.0,0.0
nuc-7,nucleos,Crecente,Rebordechán (Santa María),3601408.0,PNOA-2024-GAL-566-4672-H29-NPC01_chm.tif,145815,14.5815,14.6259,10.9,25.56,42.23,10.9335,74.98,10.459,71.73,9.6374,66.09,9.4475,64.79,8.5197,58.43,7.6728,52.62,0.1385,0.95
ill-39,illadas,Crecente,Rebordechán (Santa María),3601408.0,PNOA-2024-GAL-566-4672-H29-NPC01_chm.tif,14279,1.4279,1.4277,0.45,18.97,25.84,0.5294,37.08,0.4982,34.89,0.4436,31.07,0.432,30.25,0.3656,25.6,0.3235,22.66,0.0,0.0
nuc-1,nucleos,Crecente,Filgueira (San Pedro),3601405.0,PNOA-2024-GAL-566-4673-H29-NPC01_chm.tif,64058,6.4058,6.4071,14.72,26.71,49.84,4.9428,77.16,4.6918,73.24,4.4708,69.79,4.4266,69.1,4.1794,65.24,3.9461,61.6,0.0939,1.47
ill-35,illadas,Crecente,Filgueira (San Pedro),3601405.0,PNOA-2024-GAL-566-4673-H29-NPC01_chm.tif,11868,1.1868,1.1858,17.62,25.84,34.02,1.0305,86.83,0.8995,75.79,0.8484,71.49,0.8415,70.9,0.8122,68.44,0.7853,66.17,0.0,0.0
nuc-1,nucleos,Crecente,Filgueira (San Pedro),3601405.0,PNOA-2024-GAL-566-4674-H29-NPC01_chm.tif,100593,10.0593,10.0624,14.52,26.74,51.53,8.6968,86.46,8.3753,83.26,7.9408,78.94,7.8367,77.91,7.164,71.22,6.5755,65.37,0.3281,3.26
ill-35,illadas,Crecente,Filgueira (San Pedro),3601405.0,PNOA-2024-GAL-566-4674-H29-NPC01_chm.tif,27316,2.7316,2.7348,17.87,27.77,58.15,2.2945,84.0,2.2259,81.49,2.1238,77.75,2.1033,77.0,2.0105,73.6,1.9175,70.2,0.1538,5.63
nuc-1,nucleos,Crecente,Filgueira (San Pedro),3601405.0,PNOA-2024-GAL-566-4675-H29-NPC01_chm.tif,91715,9.1715,9.1736,18.72,28.01,50.01,8.4571,92.21,8.2562,90.02,7.9321,86.49,7.8451,85.54,7.3813,80.48,6.9906,76.22,0.1637,1.78
ill-35,illadas,Crecente,Filgueira (San Pedro),3601405.0,PNOA-2024-GAL-566-4675-H29-NPC01_chm.tif,3837,0.3837,0.3839,22.56,27.21,30.94,0.3778,98.46,0.3773,98.33,0.3759,97.97,0.3756,97.89,0.3732,97.26,0.3693,96.25,0.0,0.0
ill-28,illadas,Crecente,Sendelle (Santa Cruz),3601410.0,PNOA-2024-GAL-567-4668-H29-NPC01_chm.tif,4511,0.4511,0.4513,8.15,16.26,21.53,0.3306,73.29,0.3136,69.52,0.277,61.41,0.2672,59.23,0.2288,50.72,0.1832,40.61,0.0,0.0
nuc-23,nucleos,Crecente,Sendelle (Santa Cruz),3601410.0,PNOA-2024-GAL-567-4669-H29-NPC01_chm.tif,172411,17.2411,17.2397,11.5,24.22,42.27,13.2772,77.01,12.5645,72.88,11.4586,66.46,11.223,65.09,10.2257,59.31,9.4046,54.55,0.1864,1.08
ill-28,illadas,Crecente,Sendelle (Santa Cruz),3601410.0,PNOA-2024-GAL-567-4669-H29-NPC01_chm.tif,16650,1.665,1.6648,13.24,25.21,41.69,1.4691,88.23,1.4369,86.3,1.3766,82.68,1.3579,81.56,1.2602,75.69,1.1482,68.96,0.0302,1.81
nuc-23,nucleos,Crecente,Sendelle (Santa Cruz),3601410.0,PNOA-2024-GAL-567-4670-H29-NPC01_chm.tif,506,0.0506,0.0504,13.54,21.38,25.01,0.0419,82.81,0.0403,79.64,0.0397,78.46,0.0396,78.26,0.0388,76.68,0.0372,73.52,0.0,0.0
nuc-27,nucleos,Crecente,Angudes (San Xoán),3601403.0,PNOA-2024-GAL-567-4670-H29-NPC01_chm.tif,62834,6.2834,6.2828,16.08,26.61,45.32,5.6802,90.4,5.5535,88.38,5.3223,84.7,5.264,83.78,4.9283,78.43,4.5817,72.92,0.1128,1.8
nuc-27,nucleos,Crecente,Angudes (San Xoán),3601403.0,PNOA-2024-GAL-567-4671-H29-NPC01_chm.tif,100281,10.0281,10.0257,13.0,28.86,47.89,7.7168,76.95,7.3673,73.47,6.9626,69.43,6.8662,68.47,6.3165,62.99,5.8517,58.35,0.3725,3.71
ill-34,illadas,Crecente,Angudes (San Xoán),3601403.0,PNOA-2024-GAL-567-4671-H29-NPC01_chm.tif,6241,0.6241,0.6259,11.66,23.95,31.67,0.4149,66.48,0.3951,63.31,0.3739,59.91,0.3698,59.25,0.3533,56.61,0.3315,53.12,0.0,0.0
nuc-7,nucleos,Crecente,Rebordechán (Santa María),3601408.0,PNOA-2024-GAL-567-4672-H29-NPC01_chm.tif,116335,11.6335,11.6353,12.66,26.31,44.36,9.2732,79.71,8.9069,76.56,8.2881,71.24,8.1398,69.97,7.3408,63.1,6.6633,57.28,0.1993,1.71
ill-39,illadas,Crecente,Rebordechán (Santa María),3601408.0,PNOA-2024-GAL-567-4672-H29-NPC01_chm.tif,12443,1.2443,1.2472,5.47,25.57,41.39,0.8955,71.97,0.8014,64.41,0.6394,51.39,0.6212,49.92,0.5345,42.96,0.4616,37.1,0.0435,3.5
nuc-7,nucleos,Crecente,Rebordechán (Santa María),3601408.0,PNOA-2024-GAL-567-4673-H29-NPC01_chm.tif,98638,9.8638,9.8633,15.55,30.26,44.73,8.6654,87.85,8.4598,85.77,8.0778,81.89,7.9866,80.97,7.4161,75.19,6.8457,69.4,0.3248,3.29
nuc-1,nucleos,Crecente,Filgueira (San Pedro),3601405.0,PNOA-2024-GAL-567-4675-H29-NPC01_chm.tif,76143,7.6143,7.6136,9.68,22.77,40.39,5.9165,77.7,5.6053,73.62,5.0834,66.76,4.9524,65.04,4.2985,56.45,3.7031,48.63,0.0445,0.58
ill-35,illadas,Crecente,Filgueira (San Pedro),3601405.0,PNOA-2024-GAL-567-4675-H29-NPC01_chm.tif,9477,0.9477,0.9501,15.4,24.11,38.91,0.8649,91.26,0.8529,90.0,0.8139,85.88,0.8052,84.96,0.7613,80.33,0.7221,76.19,0.0123,1.3
ill-35,illadas,Crecente,Filgueira (San Pedro),3601405.0,PNOA-2024-GAL-567-4676-H29-NPC01_chm.tif,9465,0.9465,0.9459,19.16,27.37,42.28,0.9242,97.64,0.9158,96.76,0.8891,93.94,0.8828,93.27,0.8379,88.53,0.7881,83.26,0.0199,2.1
nuc-23,nucleos,Crecente,Sendelle (Santa Cruz),3601410.0,PNOA-2024-GAL-568-4670-H29-NPC01_chm.tif,54,0.0054,0.0057,9.28,12.22,12.78,0.0036,66.67,0.0036,66.67,0.0036,66.67,0.0036,66.67,0.0035,64.81,0.0024,44.44,0.0,0.0
nuc-27,nucleos,Crecente,Angudes (San Xoán),3601403.0,PNOA-2024-GAL-568-4670-H29-NPC01_chm.tif,17301,1.7301,1.7298,13.2,23.76,38.52,1.4477,83.68,1.395,80.63,1.2992,75.09,1.2829,74.15,1.2119,70.05,1.1227,64.89,0.0062,0.36
ill-28,illadas,Crecente,Sendelle (Santa Cruz),3601410.0,PNOA-2024-GAL-568-4670-H29-NPC01_chm.tif,510,0.051,0.051,9.95,13.17,17.26,0.0425,83.33,0.041,80.39,0.04,78.43,0.0397,77.84,0.0341,66.86,0.0252,49.41,0.0,0.0
ill-34,illadas,Crecente,Angudes (San Xoán),3601403.0,PNOA-2024-GAL-568-4670-H29-NPC01_chm.tif,91,0.0091,0.0093,12.4,15.63,16.01,0.0083,91.21,0.0081,89.01,0.0073,80.22,0.0073,80.22,0.007,76.92,0.0069,75.82,0.0,0.0
nuc-27,nucleos,Crecente,Angudes (San Xoán),3601403.0,PNOA-2024-GAL-568-4671-H29-NPC01_chm.tif,33415,3.3415,3.3411,14.16,24.27,44.33,2.8871,86.4,2.797,83.7,2.6511,79.34,2.6166,78.31,2.4344,72.85,2.233,66.83,0.0635,1.9
ill-34,illadas,Crecente,Angudes (San Xoán),3601403.0,PNOA-2024-GAL-568-4671-H29-NPC01_chm.tif,8345,0.8345,0.8342,7.36,20.5,42.55,0.645,77.29,0.598,71.66,0.5172,61.98,0.4952,59.34,0.3897,46.7,0.3075,36.85,0.0135,1.62
