OBJECTID_12,sp,prohibida,n_px,ha_faixa,estado,anho_evento,caida,etiqueta
48,Quercus_robur,False,11829,0.0,persistente,,0.135,ifn_2010
49,Eucalyptus_globulus,True,2177,0.0,persistente,,0.062,ifn_2010
50,Acacia_melanoxylon,True,248,0.0,persistente,,0.059,ifn_2010
53,Eucalyptus_globulus,True,489,0.0,persistente,,0.061,ifn_2010
54,Eucalyptus_globulus,True,1180,0.0,persistente,,0.034,ifn_2010
55,Eucalyptus_globulus,True,3318,0.0,persistente,,0.03,ifn_2010
56,Quercus_suber,False,1832,0.0,persistente,,0.041,ifn_2010
57,Pinus_pinaster,True,29234,0.0,persistente,,0.026,ifn_2010
58,Eucalyptus_globulus,True,1868,0.0,persistente,,0.065,ifn_2010
59,Eucalyptus_globulus,True,23711,0.0,persistente,,0.055,ifn_2010
60,Pinus_radiata,True,1373,0.0,evento,2024.0,0.465,desconocida
61,Eucalyptus_globulus,True,5055,0.0,persistente,,0.09,ifn_2010
64,Eucalyptus_globulus,True,9122,0.0,persistente,,0.025,ifn_2010
65,Pinus_pinaster,True,4913,0.0,persistente,,0.046,ifn_2010
66,Acacia_melanoxylon,True,1081,0.0,persistente,,0.014,ifn_2010
67,Pinus_pinaster,True,16026,0.0,persistente,,0.08,ifn_2010
69,Acacia_melanoxylon,True,700,0.0,persistente,,0.037,ifn_2010
70,Eucalyptus_globulus,True,1815,0.0,persistente,,0.067,ifn_2010
71,Eucalyptus_globulus,True,897,0.0,persistente,,0.083,ifn_2010
72,Eucalyptus_globulus,True,439,0.0,persistente,,0.084,ifn_2010
73,Eucalyptus_globulus,True,2235,0.0,persistente,,0.038,ifn_2010
74,Eucalyptus_globulus,True,0,0.0,sin_dato,,,sin_serie
75,Eucalyptus_globulus,True,0,0.0,sin_dato,,,sin_serie
76,Quercus_robur,False,1368,0.0,persistente,,0.047,ifn_2010
78,Eucalyptus_globulus,True,1208,0.0,persistente,,0.031,ifn_2010
79,Acacia_melanoxylon,True,254,0.0,persistente,,0.049,ifn_2010
80,Eucalyptus_globulus,True,2051,0.0,persistente,,0.031,ifn_2010
81,Pinus_pinaster,True,255,0.0,persistente,,0.029,ifn_2010
82,Pinus_pinaster,True,0,0.0,sin_dato,,,sin_serie
83,Pinus_pinaster,True,16306,0.0,persistente,,0.025,ifn_2010
85,Pinus_pinaster,True,2874,0.0,persistente,,0.099,ifn_2010
86,Alnus_glutinosa,False,0,0.0,sin_dato,,,sin_serie
89,Eucalyptus_globulus,True,6268,0.0,persistente,,0.023,ifn_2010
90,Eucalyptus_globulus,True,588,0.0,persistente,,0.019,ifn_2010
95,Castanea_sativa,False,111,0.0,persistente,,0.018,ifn_2010
97,Pinus_pinaster,True,7089,0.0,persistente,,0.018,ifn_2010
99,Pinus_pinaster,True,927,0.0,evento,2024.0,0.367,desconocida
100,Pinus_pinaster,True,1150,0.0,persistente,,0.093,ifn_2010
102,Pinus_pinaster,True,262,0.0,persistente,,0.086,ifn_2010
103,Pinus_pinaster,True,181,0.0,persistente,,0.041,ifn_2010
104,Eucalyptus_globulus,True,1287,0.0,persistente,,0.019,ifn_2010
106,Eucalyptus_globulus,True,7547,0.0,persistente,,0.052,ifn_2010
108,Eucalyptus_globulus,True,4709,0.0,persistente,,0.023,ifn_2010
109,Eucalyptus_globulus,True,7502,0.0,persistente,,0.018,ifn_2010
110,Pinus_pinaster,True,4827,0.0,persistente,,0.038,ifn_2010
111,Pinus_pinaster,True,4644,0.0,persistente,,0.022,ifn_2010
112,Pinus_pinaster,True,3754,0.0,persistente,,0.032,ifn_2010
113,Eucalyptus_globulus,True,0,0.0,sin_dato,,,sin_serie
115,Eucalyptus_globulus,True,3959,0.0,persistente,,0.031,ifn_2010
118,Pinus_pinaster,True,649,0.0,persistente,,0.019,ifn_2010
119,Eucalyptus_globulus,True,0,0.0,sin_dato,,,sin_serie
120,Quercus_robur,False,6620,0.0,persistente,,0.026,ifn_2010
121,Pinus_pinaster,True,695,0.0,persistente,,0.111,ifn_2010
122,Eucalyptus_globulus,True,6904,0.0,persistente,,0.062,ifn_2010
124,Eucalyptus_globulus,True,1705,0.0,persistente,,0.122,ifn_2010
126,Eucalyptus_globulus,True,0,0.0,sin_dato,,,sin_serie
127,Pinus_pinaster,True,1857,0.0,persistente,,0.014,ifn_2010
128,Eucalyptus_globulus,True,11559,0.0,persistente,,0.042,ifn_2010
129,Eucalyptus_globulus,True,750,0.0,persistente,,0.026,ifn_2010
130,Eucalyptus_globulus,True,2871,0.0,persistente,,0.022,ifn_2010
590,Quercus_robur,False,1449,0.0,persistente,,0.029,ifn_2010
591,Pinus_pinaster,True,336,0.0,persistente,,0.048,ifn_2010
592,Pinus_pinaster,True,3706,0.0,persistente,,0.039,ifn_2010
648,Pinus_pinaster,True,1538,0.0,persistente,,0.02,ifn_2010
649,Pinus_pinaster,True,2280,0.0,persistente,,0.024,ifn_2010
650,Pinus_pinaster,True,360,0.0,persistente,,0.034,ifn_2010
651,Pinus_pinaster,True,528,0.0,persistente,,0.042,ifn_2010
652,Pinus_pinaster,True,216,0.0,persistente,,0.022,ifn_2010
656,Pinus_pinaster,True,2362,0.0,persistente,,0.041,ifn_2010
658,Pinus_pinaster,True,1550,0.0,persistente,,0.055,ifn_2010
664,Quercus_robur,False,795,0.0,persistente,,0.016,ifn_2010
665,Pinus_pinaster,True,495,0.0,persistente,,0.076,ifn_2010
666,Pinus_pinaster,True,133,0.0,persistente,,0.08,ifn_2010
667,Quercus_robur,False,885,0.0,persistente,,0.05,ifn_2010
668,Pinus_pinaster,True,9469,0.0,persistente,,0.035,ifn_2010
669,Quercus_robur,False,893,0.0,persistente,,0.019,ifn_2010
671,Salix_spp,False,327,0.0,persistente,,0.039,ifn_2010
675,Pinus_pinaster,True,2035,0.0,persistente,,0.036,ifn_2010
678,Pinus_pinaster,True,3962,0.0,persistente,,0.018,ifn_2010
682,Pinus_pinaster,True,1281,0.0,persistente,,0.02,ifn_2010
683,Pinus_pinaster,True,430,0.0,persistente,,0.041,ifn_2010
684,Pinus_pinaster,True,13273,0.0,persistente,,0.021,ifn_2010
689,Eucalyptus_globulus,True,4816,0.0,persistente,,0.135,ifn_2010
691,Eucalyptus_globulus,True,5909,0.0,persistente,,0.023,ifn_2010
694,Eucalyptus_globulus,True,5724,0.0,evento,2019.0,0.193,prohibida_rebrote
696,Eucalyptus_globulus,True,2377,0.0,evento,2019.0,0.296,prohibida_rebrote
700,Pinus_pinaster,True,3030,0.0,evento,2020.0,0.209,desconocida
701,Pinus_pinaster,True,1079,0.0,evento,2020.0,0.237,desconocida
702,Pinus_pinaster,True,1837,0.0,persistente,,0.092,ifn_2010
712,Alnus_glutinosa,False,0,0.0,sin_dato,,,sin_serie
715,Pinus_pinaster,True,0,0.0,sin_dato,,,sin_serie
749,Pinus_pinaster,True,1517,0.0,persistente,,0.03,ifn_2010
750,Quercus_robur,False,137,0.0,persistente,,0.077,ifn_2010
753,Pinus_pinaster,True,315,0.0,persistente,,0.031,ifn_2010
756,Pinus_pinaster,True,621,0.0,persistente,,0.103,ifn_2010
757,Eucalyptus_globulus,True,24374,0.0,persistente,,0.087,ifn_2010
758,Quercus_robur,False,867,0.0,persistente,,0.032,ifn_2010
759,Pinus_pinaster,True,532,0.0,persistente,,0.049,ifn_2010
760,Pinus_pinaster,True,391,0.0,persistente,,0.039,ifn_2010
761,Eucalyptus_globulus,True,640,0.0,persistente,,0.045,ifn_2010
762,Pinus_pinaster,True,453,0.0,persistente,,0.046,ifn_2010
763,Eucalyptus_globulus,True,776,0.0,persistente,,0.119,ifn_2010
769,Pinus_pinaster,True,10325,0.0,persistente,,0.031,ifn_2010
770,Pinus_radiata,True,1315,0.0,persistente,,0.092,ifn_2010
771,Pinus_pinaster,True,8015,0.0,persistente,,0.047,ifn_2010
772,Pinus_pinaster,True,1236,0.0,persistente,,0.077,ifn_2010
773,Eucalyptus_globulus,True,1526,0.0,persistente,,0.008,ifn_2010
774,Eucalyptus_globulus,True,579,0.0,persistente,,0.019,ifn_2010
775,Pinus_pinaster,True,519,0.0,persistente,,0.037,ifn_2010
776,Eucalyptus_globulus,True,6919,0.0,persistente,,0.113,ifn_2010
780,Pinus_pinaster,True,2880,0.0,persistente,,0.022,ifn_2010
794,Eucalyptus_globulus,True,7295,0.0,persistente,,0.044,ifn_2010
796,Pinus_pinaster,True,5733,0.0,persistente,,0.101,ifn_2010
797,Eucalyptus_globulus,True,7084,0.0,persistente,,0.141,ifn_2010
799,Eucalyptus_globulus,True,13026,0.0,persistente,,0.024,ifn_2010
835,Pinus_pinaster,True,3450,0.0,persistente,,0.038,ifn_2010
836,Pinus_pinaster,True,135,0.0,persistente,,0.037,ifn_2010
837,Pinus_pinaster,True,250,0.0,persistente,,0.1,ifn_2010
838,Pinus_pinaster,True,147,0.0,persistente,,0.037,ifn_2010
843,Eucalyptus_globulus,True,2701,0.103,persistente,,0.042,ifn_2010
848,Pinus_pinaster,True,21344,0.0,persistente,,0.017,ifn_2010
849,Pinus_pinaster,True,4040,0.0,persistente,,0.03,ifn_2010
850,Quercus_robur,False,1334,0.0,persistente,,0.025,ifn_2010
863,Pinus_pinaster,True,0,0.0,sin_dato,,,sin_serie
864,Pinus_pinaster,True,0,0.0,sin_dato,,,sin_serie
866,Pinus_pinaster,True,116,0.0,persistente,,0.05,ifn_2010
867,Pinus_pinaster,True,0,0.0,sin_dato,,,sin_serie
873,Pinus_pinaster,True,0,0.0,sin_dato,,,sin_serie
874,Pinus_pinaster,True,0,0.0,sin_dato,,,sin_serie
875,Pinus_pinaster,True,0,0.0,sin_dato,,,sin_serie
883,Eucalyptus_globulus,True,8727,0.0,persistente,,0.031,ifn_2010
884,Pinus_pinaster,True,1246,0.0,persistente,,0.022,ifn_2010
885,Eucalyptus_globulus,True,382,0.0,persistente,,0.06,ifn_2010
887,Salix_atrocinerea,False,0,0.0,sin_dato,,,sin_serie
890,Pinus_pinaster,True,128,0.0,persistente,,0.044,ifn_2010
891,Pinus_pinaster,True,14334,0.0,persistente,,0.039,ifn_2010
892,Pinus_pinaster,True,516,0.0,persistente,,0.095,ifn_2010
912,Pinus_pinaster,True,1072,0.0,persistente,,0.037,ifn_2010
913,Pinus_pinaster,True,1164,0.0,persistente,,0.053,ifn_2010
914,Pinus_pinaster,True,1595,0.0,persistente,,0.074,ifn_2010
915,Pinus_pinaster,True,304,0.0,persistente,,0.047,ifn_2010
916,Pinus_pinaster,True,294,0.0,persistente,,0.028,ifn_2010
920,Pinus_pinaster,True,1508,0.0,persistente,,0.048,ifn_2010
922,Pinus_pinaster,True,2503,0.0,persistente,,0.038,ifn_2010
930,Pinus_pinaster,True,2996,0.0,persistente,,0.032,ifn_2010
932,Eucalyptus_globulus,True,17005,0.0,persistente,,0.027,ifn_2010
935,Pinus_pinaster,True,578,0.0,persistente,,0.053,ifn_2010
937,Pinus_pinaster,True,3821,0.0,persistente,,0.025,ifn_2010
940,Pinus_pinaster,True,1731,0.0,persistente,,0.048,ifn_2010
943,Pinus_pinaster,True,651,0.0,persistente,,0.033,ifn_2010
944,Quercus_robur,False,159,0.0,persistente,,0.019,ifn_2010
945,Eucalyptus_globulus,True,1698,0.0,persistente,,0.039,ifn_2010
946,Pinus_pinaster,True,595,0.0,persistente,,0.042,ifn_2010
947,Pinus_pinaster,True,119,0.0,persistente,,0.06,ifn_2010
948,Pinus_pinaster,True,139,0.0,persistente,,0.056,ifn_2010
984,Eucalyptus_globulus,True,6343,0.0,persistente,,0.02,ifn_2010
987,Pinus_pinaster,True,512,0.0,persistente,,0.046,ifn_2010
989,Pinus_pinaster,True,8081,0.0,persistente,,0.03,ifn_2010
990,Pinus_pinaster,True,1243,0.0,persistente,,0.051,ifn_2010
991,Pinus_pinaster,True,173,0.0,persistente,,0.048,ifn_2010
992,Eucalyptus_globulus,True,2342,0.0,persistente,,0.024,ifn_2010
993,Pinus_pinaster,True,107,0.0,persistente,,0.053,ifn_2010
994,Eucalyptus_globulus,True,143,0.0,persistente,,0.029,ifn_2010
995,Pinus_pinaster,True,263,0.0,persistente,,0.028,ifn_2010
996,Eucalyptus_globulus,True,498,0.0,persistente,,0.027,ifn_2010
997,Eucalyptus_globulus,True,250,0.0,persistente,,0.043,ifn_2010
998,Pinus_pinaster,True,692,0.0,persistente,,0.09,ifn_2010
999,Pinus_pinaster,True,138,0.0,persistente,,0.056,ifn_2010
1000,Eucalyptus_globulus,True,3612,0.0,persistente,,0.044,ifn_2010
1002,Eucalyptus_globulus,True,347,0.0,persistente,,0.039,ifn_2010
1005,Eucalyptus_globulus,True,2784,0.0,persistente,,0.061,ifn_2010
1011,Pinus_radiata,True,2069,0.0,persistente,,0.107,ifn_2010
1013,Pinus_radiata,True,333,0.0,persistente,,0.068,ifn_2010
1017,Eucalyptus_globulus,True,1777,0.0,persistente,,0.058,ifn_2010
1023,Quercus_robur,False,5460,0.0,persistente,,0.015,ifn_2010
1024,Pinus_pinaster,True,1219,0.0,persistente,,0.029,ifn_2010
1025,Pinus_pinaster,True,224,0.0,persistente,,0.027,ifn_2010
1026,Pinus_pinaster,True,367,0.0,persistente,,0.054,ifn_2010
1027,Pinus_pinaster,True,277,0.0,persistente,,0.029,ifn_2010
1069,Quercus_robur,False,1426,0.0,persistente,,0.017,ifn_2010
1085,Eucalyptus_globulus,True,1636,0.0,persistente,,0.037,ifn_2010
1089,Pinus_pinaster,True,344,0.0,persistente,,0.035,ifn_2010
1090,Eucalyptus_globulus,True,460,0.0,persistente,,0.028,ifn_2010
1094,Eucalyptus_globulus,True,702,0.0,persistente,,0.037,ifn_2010
1100,Pinus_pinaster,True,2042,0.0,persistente,,0.025,ifn_2010
1101,Pinus_pinaster,True,2759,0.0,persistente,,0.056,ifn_2010
1102,Eucalyptus_globulus,True,735,0.0,persistente,,0.049,ifn_2010
1103,Pinus_pinaster,True,1573,0.0,persistente,,0.041,ifn_2010
1104,Eucalyptus_globulus,True,22620,0.0,persistente,,0.024,ifn_2010
1108,Pinus_pinaster,True,416,0.0,persistente,,0.106,ifn_2010
1109,Pinus_pinaster,True,112,0.0,persistente,,0.033,ifn_2010
1110,Salix_spp,False,892,0.0,persistente,,0.04,ifn_2010
1111,Quercus_robur,False,230,0.0,persistente,,0.036,ifn_2010
1112,Eucalyptus_globulus,True,2788,0.0,persistente,,0.023,ifn_2010
1113,Eucalyptus_globulus,True,626,0.0,persistente,,0.095,ifn_2010
1114,Pinus_pinaster,True,1198,0.0,persistente,,0.065,ifn_2010
1115,Pinus_pinaster,True,17229,0.0,persistente,,0.067,ifn_2010
1116,Quercus_robur,False,3988,0.0,persistente,,0.027,ifn_2010
1132,Pinus_pinaster,True,27683,0.0,persistente,,0.034,ifn_2010
1136,Eucalyptus_globulus,True,1562,0.0,persistente,,0.044,ifn_2010
1137,Pinus_pinaster,True,394,0.0,evento,2024.0,0.368,desconocida
1138,Pinus_pinaster,True,2568,0.0,persistente,,0.06,ifn_2010
1139,Pinus_pinaster,True,459,0.0,persistente,,0.101,ifn_2010
1140,Eucalyptus_globulus,True,8094,0.0,persistente,,0.019,ifn_2010
1143,Eucalyptus_globulus,True,163,0.0,evento,2021.0,0.198,prohibida_rebrote
1144,Pinus_pinaster,True,748,0.0,persistente,,0.026,ifn_2010
1149,Pinus_pinaster,True,1046,0.0,persistente,,0.033,ifn_2010
1150,Pinus_pinaster,True,727,0.0,persistente,,0.039,ifn_2010
1151,Quercus_robur,False,1152,0.0,persistente,,0.009,ifn_2010
1152,Quercus_robur,False,249,0.0,persistente,,0.035,ifn_2010
1159,Pinus_pinaster,True,368,0.0,persistente,,0.116,ifn_2010
1160,Pinus_pinaster,True,3300,0.0,persistente,,0.018,ifn_2010
1161,Pinus_pinaster,True,14858,0.0,persistente,,0.047,ifn_2010
1162,Pinus_pinaster,True,476,0.0,persistente,,0.024,ifn_2010
1163,Pinus_pinaster,True,212,0.0,persistente,,0.038,ifn_2010
1164,Pinus_pinaster,True,132,0.0,persistente,,0.136,ifn_2010
1166,Quercus_robur,False,19809,0.0,persistente,,0.033,ifn_2010
1168,Quercus_robur,False,2921,0.0,persistente,,0.054,ifn_2010
1172,Pinus_pinaster,True,26957,0.0,persistente,,0.055,ifn_2010
1173,Pinus_pinaster,True,383,0.0,persistente,,0.009,ifn_2010
1174,Quercus_robur,False,4457,0.0,persistente,,0.027,ifn_2010
1175,Pinus_pinaster,True,16712,0.0,persistente,,0.029,ifn_2010
1185,Pinus_pinaster,True,0,0.0,sin_dato,,,sin_serie
1187,Pinus_pinaster,True,0,0.0,sin_dato,,,sin_serie
1190,Pinus_radiata,True,4482,0.0,persistente,,0.068,ifn_2010
1191,Eucalyptus_globulus,True,193,0.0,persistente,,0.024,ifn_2010
1192,Pinus_radiata,True,842,0.0,persistente,,0.069,ifn_2010
1202,Quercus_robur,False,4964,0.0,persistente,,0.041,ifn_2010
1204,Salix_spp,False,1950,0.0,persistente,,0.032,ifn_2010
1210,Pinus_pinaster,True,819,0.0,persistente,,0.017,ifn_2010
1212,Eucalyptus_globulus,True,1128,0.0,persistente,,0.048,ifn_2010
1217,Quercus_robur,False,535,0.0,persistente,,0.015,ifn_2010
1218,Pinus_pinaster,True,865,0.0,persistente,,0.097,ifn_2010
1219,Eucalyptus_globulus,True,4178,0.0,persistente,,0.056,ifn_2010
1220,Pinus_pinaster,True,618,0.0,persistente,,0.165,ifn_2010
1221,Pinus_pinaster,True,7301,0.0,persistente,,0.024,ifn_2010
1222,Eucalyptus_globulus,True,0,0.0,sin_dato,,,sin_serie
1223,Pinus_pinaster,True,14879,0.0,persistente,,0.03,ifn_2010
1228,Eucalyptus_globulus,True,18062,0.0,persistente,,0.038,ifn_2010
1229,Eucalyptus_globulus,True,1783,0.0,persistente,,0.033,ifn_2010
1230,Eucalyptus_globulus,True,16231,0.0,persistente,,0.104,ifn_2010
1233,Quercus_robur,False,114,0.0,persistente,,0.124,ifn_2010
1235,Eucalyptus_globulus,True,0,0.0,sin_dato,,,sin_serie
1236,Eucalyptus_globulus,True,988,0.0,persistente,,0.056,ifn_2010
1237,Quercus_robur,False,0,0.0,sin_dato,,,sin_serie
1238,Pinus_pinaster,True,760,0.0,persistente,,0.186,ifn_2010
1239,Quercus_robur,False,337,0.0,persistente,,0.027,ifn_2010
1240,Pinus_radiata,True,461,0.0,evento,2020.0,0.367,desconocida
1241,Quercus_robur,False,0,0.0,sin_dato,,,sin_serie
1242,Pinus_pinaster,True,382,0.0,persistente,,0.165,ifn_2010
1243,Pinus_pinaster,True,12365,0.0,persistente,,0.035,ifn_2010
1245,Pinus_pinaster,True,2718,0.0,persistente,,0.031,ifn_2010
1261,Alnus_glutinosa,False,5089,0.0,persistente,,0.029,ifn_2010
1262,Quercus_robur,False,904,0.0,persistente,,0.031,ifn_2010
1263,Quercus_robur,False,979,0.0,persistente,,0.035,ifn_2010
1264,Eucalyptus_globulus,True,0,0.0,sin_dato,,,sin_serie
1265,Pinus_pinaster,True,333,0.0,persistente,,0.04,ifn_2010
1266,Pinus_pinaster,True,1686,0.0,persistente,,0.095,ifn_2010
1269,Pinus_pinaster,True,4978,0.0,persistente,,0.024,ifn_2010
1270,Eucalyptus_globulus,True,2034,0.0,persistente,,0.037,ifn_2010
1271,Pinus_pinaster,True,777,0.0,persistente,,0.029,ifn_2010
1272,Pinus_radiata,True,660,0.0,evento,2025.0,0.19,desconocida
1273,Pinus_pinaster,True,1714,0.0,persistente,,0.026,ifn_2010
1274,Eucalyptus_globulus,True,457,0.0,persistente,,0.046,ifn_2010
1284,Pinus_pinaster,True,548,0.0,persistente,,0.032,ifn_2010
1285,Eucalyptus_globulus,True,16143,0.0,persistente,,0.038,ifn_2010
1286,Pinus_pinaster,True,27062,0.0,persistente,,0.048,ifn_2010
1288,Pinus_pinaster,True,1242,0.0,persistente,,0.03,ifn_2010
1289,Pinus_pinaster,True,646,0.0,persistente,,0.041,ifn_2010
1290,Quercus_robur,False,534,0.0,persistente,,0.028,ifn_2010
1291,Eucalyptus_globulus,True,0,0.0,sin_dato,,,sin_serie
1292,Eucalyptus_globulus,True,763,0.0,persistente,,0.068,ifn_2010
1293,Pinus_radiata,True,0,0.0,sin_dato,,,sin_serie
1294,Pinus_pinaster,True,0,0.0,sin_dato,,,sin_serie
1295,Pinus_pinaster,True,0,0.0,sin_dato,,,sin_serie
1296,Pinus_radiata,True,1150,0.0,persistente,,0.133,ifn_2010
1301,Pinus_pinaster,True,0,0.0,sin_dato,,,sin_serie
1302,Pinus_pinaster,True,0,0.0,sin_dato,,,sin_serie
1304,Eucalyptus_globulus,True,0,0.0,sin_dato,,,sin_serie
1305,Pinus_pinaster,True,2004,0.0,persistente,,0.03,ifn_2010
1306,Pinus_pinaster,True,163,0.0,persistente,,0.038,ifn_2010
1307,Eucalyptus_globulus,True,0,0.0,sin_dato,,,sin_serie
1308,Pinus_radiata,True,0,0.0,sin_dato,,,sin_serie
1309,Quercus_robur,False,0,0.0,sin_dato,,,sin_serie
1310,Quercus_robur,False,0,0.0,sin_dato,,,sin_serie
1311,Eucalyptus_globulus,True,0,0.0,sin_dato,,,sin_serie
1325,Quercus_robur,False,1089,0.0,persistente,,0.027,ifn_2010
1342,Eucalyptus_globulus,True,2944,0.0,persistente,,0.036,ifn_2010
1352,Quercus_robur,False,2821,0.0,persistente,,0.023,ifn_2010
1355,Pinus_pinaster,True,1886,0.0,persistente,,0.04,ifn_2010
1356,Quercus_robur,False,9277,0.0,persistente,,0.033,ifn_2010
1357,Quercus_robur,False,1096,0.0,persistente,,0.028,ifn_2010
1358,Quercus_robur,False,706,0.0,persistente,,0.036,ifn_2010
1359,Quercus_robur,False,751,0.0,persistente,,0.034,ifn_2010
1360,Eucalyptus_globulus,True,148,0.0,persistente,,0.067,ifn_2010
1361,Eucalyptus_globulus,True,1360,0.0,persistente,,0.043,ifn_2010
1362,Eucalyptus_globulus,True,1244,0.0,persistente,,0.032,ifn_2010
1363,Eucalyptus_globulus,True,660,0.0,persistente,,0.029,ifn_2010
1364,Quercus_robur,False,597,0.0,persistente,,0.039,ifn_2010
1365,Quercus_robur,False,967,0.0,persistente,,0.031,ifn_2010
1366,Eucalyptus_globulus,True,4300,0.0,persistente,,0.016,ifn_2010
1367,Eucalyptus_globulus,True,607,0.0,persistente,,0.04,ifn_2010
1368,Eucalyptus_globulus,True,5435,0.0,persistente,,0.019,ifn_2010
1369,Eucalyptus_globulus,True,2173,0.0,persistente,,0.03,ifn_2010
1370,Eucalyptus_globulus,True,4821,0.0,persistente,,0.019,ifn_2010
1371,Eucalyptus_globulus,True,1039,0.0,persistente,,0.008,ifn_2010
1372,Pinus_pinaster,True,1210,0.0,persistente,,0.036,ifn_2010
1373,Eucalyptus_globulus,True,907,0.0,persistente,,0.026,ifn_2010
1374,Pinus_pinaster,True,2302,0.0,persistente,,0.04,ifn_2010
1375,Eucalyptus_globulus,True,2317,0.0,persistente,,0.019,ifn_2010
1376,Pinus_pinaster,True,1877,0.0,evento,2025.0,0.195,desconocida
1378,Pinus_pinaster,True,3082,0.0,persistente,,0.02,ifn_2010
1379,Pinus_pinaster,True,4188,0.0,persistente,,0.091,ifn_2010
1380,Pinus_pinaster,True,713,0.0,persistente,,0.162,ifn_2010
1381,Pinus_pinaster,True,1109,0.0,persistente,,0.031,ifn_2010
1382,Pinus_radiata,True,248,0.0,evento,2026.0,0.212,desconocida
1383,Eucalyptus_globulus,True,113,0.0,persistente,,0.028,ifn_2010
1384,Quercus_robur,False,602,0.0,evento,2025.0,0.22,desconocida
1385,Eucalyptus_globulus,True,3602,0.0,persistente,,0.032,ifn_2010
1386,Eucalyptus_globulus,True,5427,0.0,persistente,,0.03,ifn_2010
1387,Eucalyptus_globulus,True,2184,0.0,persistente,,0.072,ifn_2010
1388,Eucalyptus_globulus,True,4018,0.0,persistente,,0.03,ifn_2010
1389,Quercus_robur,False,659,0.0,persistente,,0.142,ifn_2010
1390,Pinus_pinaster,True,0,0.0,sin_dato,,,sin_serie
1391,Eucalyptus_globulus,True,0,0.0,sin_dato,,,sin_serie
1392,Pinus_pinaster,True,632,0.0,persistente,,0.12,ifn_2010
1393,Pinus_pinaster,True,0,0.0,sin_dato,,,sin_serie
1394,Eucalyptus_globulus,True,1226,0.0,persistente,,0.13,ifn_2010
1395,Eucalyptus_globulus,True,293,0.0,persistente,,0.021,ifn_2010
1396,Pinus_pinaster,True,0,0.0,sin_dato,,,sin_serie
1397,Pinus_pinaster,True,0,0.0,sin_dato,,,sin_serie
1398,Pinus_pinaster,True,0,0.0,sin_dato,,,sin_serie
1399,Pinus_pinaster,True,1320,0.0,persistente,,0.02,ifn_2010
1400,Quercus_robur,False,2385,0.0,persistente,,0.038,ifn_2010
1401,Eucalyptus_globulus,True,1529,0.0,persistente,,0.023,ifn_2010
1402,Eucalyptus_globulus,True,363,0.0,persistente,,0.086,ifn_2010
1403,Eucalyptus_globulus,True,3175,0.0,persistente,,0.025,ifn_2010
1404,Eucalyptus_camaldulensis,True,2943,0.0,persistente,,0.018,ifn_2010
1405,Eucalyptus_globulus,True,18313,0.0,persistente,,0.026,ifn_2010
1406,Eucalyptus_globulus,True,5202,0.0,persistente,,0.037,ifn_2010
1407,Eucalyptus_globulus,True,11047,0.0,persistente,,0.022,ifn_2010
1408,Quercus_robur,False,5718,0.0,persistente,,0.041,ifn_2010
1409,Eucalyptus_globulus,True,14889,0.0,persistente,,0.022,ifn_2010
1410,Pinus_pinaster,True,8303,0.0,persistente,,0.035,ifn_2010
1411,Pinus_pinaster,True,2740,0.0,persistente,,0.054,ifn_2010
1412,Eucalyptus_globulus,True,1847,0.0,persistente,,0.025,ifn_2010
1413,Eucalyptus_globulus,True,20046,0.0,persistente,,0.034,ifn_2010
1414,Pinus_radiata,True,515,0.0,persistente,,0.042,ifn_2010
1424,Pinus_pinaster,True,21024,0.0,persistente,,0.081,ifn_2010
1425,Eucalyptus_globulus,True,5934,0.0,persistente,,0.03,ifn_2010
1426,Eucalyptus_globulus,True,2096,0.0,evento,2024.0,0.255,prohibida_rebrote
1427,Eucalyptus_globulus,True,4932,0.0,persistente,,0.053,ifn_2010
1430,Pinus_radiata,True,402,0.0,persistente,,0.164,ifn_2010
1431,Pinus_radiata,True,0,0.0,sin_dato,,,sin_serie
1432,Pinus_radiata,True,0,0.0,sin_dato,,,sin_serie
1433,Pinus_pinaster,True,18404,0.0,persistente,,0.047,ifn_2010
1434,Eucalyptus_globulus,True,25702,0.0,persistente,,0.055,ifn_2010
1435,Eucalyptus_globulus,True,498,0.0,persistente,,0.106,ifn_2010
1436,Eucalyptus_globulus,True,2598,0.0,persistente,,0.114,ifn_2010
1437,Eucalyptus_globulus,True,4138,0.0,persistente,,0.054,ifn_2010
1438,Eucalyptus_globulus,True,896,0.0,persistente,,0.062,ifn_2010
1439,Eucalyptus_globulus,True,0,0.0,sin_dato,,,sin_serie
1440,Eucalyptus_globulus,True,0,0.0,sin_dato,,,sin_serie
1442,Eucalyptus_globulus,True,0,0.0,sin_dato,,,sin_serie
1443,Pinus_radiata,True,0,0.0,sin_dato,,,sin_serie
1444,Pinus_radiata,True,0,0.0,sin_dato,,,sin_serie
1445,Pinus_pinaster,True,0,0.0,sin_dato,,,sin_serie
1457,Pinus_pinaster,True,3106,0.0,persistente,,0.055,ifn_2010
1458,Pinus_pinaster,True,1851,0.0,persistente,,0.031,ifn_2010
1459,Pinus_pinaster,True,576,0.0,persistente,,0.136,ifn_2010
1460,Eucalyptus_globulus,True,3140,0.0,persistente,,0.077,ifn_2010
1461,Eucalyptus_globulus,True,832,0.0,persistente,,0.07,ifn_2010
1463,Pinus_pinaster,True,1706,0.0,persistente,,0.053,ifn_2010
1464,Pinus_pinaster,True,628,0.0,persistente,,0.042,ifn_2010
1465,Pinus_radiata,True,1544,0.0,persistente,,0.035,ifn_2010
1466,Pinus_radiata,True,3450,0.0,persistente,,0.034,ifn_2010
1468,Eucalyptus_globulus,True,38050,0.0,persistente,,0.048,ifn_2010
1469,Eucalyptus_globulus,True,2146,0.0,persistente,,0.081,ifn_2010
1470,Eucalyptus_globulus,True,2944,0.0,persistente,,0.118,ifn_2010
1471,Pinus_pinaster,True,6584,0.0,persistente,,0.068,ifn_2010
1475,Pinus_pinaster,True,3878,0.0,persistente,,0.091,ifn_2010
1478,Eucalyptus_globulus,True,0,0.0,sin_dato,,,sin_serie
1479,Pinus_pinaster,True,0,0.0,sin_dato,,,sin_serie
1480,Eucalyptus_globulus,True,0,0.0,sin_dato,,,sin_serie
1481,Pinus_pinaster,True,36,0.0,persistente,,0.197,ifn_2010
1482,Pinus_radiata,True,0,0.0,sin_dato,,,sin_serie
1485,Pinus_pinaster,True,1710,0.0,persistente,,0.053,ifn_2010
1505,Pinus_pinaster,True,6712,0.0,persistente,,0.032,ifn_2010
1506,Pinus_pinaster,True,133,0.0,persistente,,0.034,ifn_2010
1507,Pinus_pinaster,True,823,0.0,persistente,,0.045,ifn_2010
1508,Pinus_pinaster,True,544,0.0,evento,2019.0,0.265,desconocida
1509,Pinus_pinaster,True,998,0.0,persistente,,0.087,ifn_2010
1510,Pinus_pinaster,True,1117,0.0,persistente,,0.035,ifn_2010
1511,Pinus_pinaster,True,1323,0.0,persistente,,0.123,ifn_2010
1512,Pinus_pinaster,True,144,0.0,persistente,,0.034,ifn_2010
1513,Eucalyptus_globulus,True,1258,0.0,persistente,,0.077,ifn_2010
1515,Pinus_pinaster,True,198,0.0,persistente,,0.04,ifn_2010
1516,Eucalyptus_globulus,True,132,0.0,persistente,,0.072,ifn_2010
1517,Eucalyptus_globulus,True,3897,0.0,persistente,,0.019,ifn_2010
1519,Alnus_glutinosa,False,0,0.0,sin_dato,,,sin_serie
1522,Alnus_glutinosa,False,0,0.0,sin_dato,,,sin_serie
1527,Pinus_pinaster,True,8551,0.0,persistente,,0.019,ifn_2010
1531,Quercus_robur,False,5644,0.0,persistente,,0.014,ifn_2010
1532,Pinus_pinaster,True,1512,0.0,persistente,,0.043,ifn_2010
1533,Pinus_pinaster,True,3402,0.0,persistente,,0.041,ifn_2010
1534,Quercus_robur,False,774,0.0,persistente,,0.028,ifn_2010
1535,Pinus_pinaster,True,146,0.0,persistente,,0.043,ifn_2010
1536,Pinus_pinaster,True,4142,0.0,persistente,,0.017,ifn_2010
1537,Eucalyptus_globulus,True,589,0.0,persistente,,0.02,ifn_2010
1538,Quercus_robur,False,2768,0.0,persistente,,0.033,ifn_2010
1539,Quercus_robur,False,1568,0.0,persistente,,0.029,ifn_2010
1540,Eucalyptus_globulus,True,2315,0.0,persistente,,0.019,ifn_2010
1541,Eucalyptus_globulus,True,7293,0.0,persistente,,0.018,ifn_2010
1542,Pinus_pinaster,True,1334,0.0,persistente,,0.139,ifn_2010
1543,Pinus_pinaster,True,2915,0.0,persistente,,0.074,ifn_2010
1544,Pinus_radiata,True,121,0.0,persistente,,0.047,ifn_2010
1545,Eucalyptus_globulus,True,321,0.0,persistente,,0.025,ifn_2010
1546,Pinus_radiata,True,148,0.0,persistente,,0.147,ifn_2010
1547,Eucalyptus_globulus,True,8392,0.0,persistente,,0.015,ifn_2010
1548,Alnus_glutinosa,False,474,0.0,persistente,,0.07,ifn_2010
1549,Alnus_glutinosa,False,1035,0.0,persistente,,0.041,ifn_2010
1550,Pinus_pinaster,True,182,0.0,persistente,,0.033,ifn_2010
1551,Quercus_robur,False,2011,0.0,persistente,,0.038,ifn_2010
1552,Eucalyptus_globulus,True,433,0.0,evento,2022.0,0.226,prohibida_rebrote
1566,Eucalyptus_globulus,True,3899,0.0,persistente,,0.015,ifn_2010
1568,Eucalyptus_globulus,True,6028,0.0,persistente,,0.033,ifn_2010
1571,Eucalyptus_globulus,True,6993,0.0,persistente,,0.014,ifn_2010
1573,Eucalyptus_globulus,True,138,0.0,persistente,,0.051,ifn_2010
1575,Pinus_pinaster,True,344,0.0,persistente,,0.093,ifn_2010
1576,Quercus_robur,False,108,0.0,persistente,,0.023,ifn_2010
1577,Pinus_pinaster,True,1029,0.0,persistente,,0.022,ifn_2010
1578,Eucalyptus_globulus,True,718,0.0,persistente,,0.017,ifn_2010
1579,Pinus_pinaster,True,235,0.0,persistente,,0.049,ifn_2010
1588,Eucalyptus_globulus,True,155,0.0,persistente,,0.043,ifn_2010
1624,Pinus_pinaster,True,210,0.0,persistente,,0.221,ifn_2010
1626,Pinus_pinaster,True,204,0.0,persistente,,0.013,ifn_2010
1630,Pinus_radiata,True,1735,0.0,persistente,,0.146,ifn_2010
1631,Eucalyptus_globulus,True,967,0.0,persistente,,0.034,ifn_2010
1632,Eucalyptus_globulus,True,4275,0.0,persistente,,0.024,ifn_2010
1635,Eucalyptus_globulus,True,3973,0.0,persistente,,0.03,ifn_2010
1637,Pinus_pinaster,True,5199,0.0,persistente,,0.016,ifn_2010
1638,Pinus_radiata,True,102,0.0,persistente,,0.021,ifn_2010
1639,Eucalyptus_globulus,True,927,0.0,persistente,,0.037,ifn_2010
1640,Pinus_pinaster,True,2884,0.0,persistente,,0.022,ifn_2010
1641,Pinus_pinaster,True,300,0.0,persistente,,0.065,ifn_2010
1642,Quercus_robur,False,769,0.0,persistente,,0.025,ifn_2010
1656,Pinus_pinaster,True,1176,0.0,persistente,,0.023,ifn_2010
1657,Pinus_pinaster,True,216,0.0,persistente,,0.064,ifn_2010
1658,Pinus_pinaster,True,8753,0.0,persistente,,0.032,ifn_2010
1659,Pinus_pinaster,True,7269,0.0,persistente,,0.022,ifn_2010
1663,Pinus_pinaster,True,15184,0.0,persistente,,0.014,ifn_2010
1664,Pinus_pinaster,True,9116,0.0,persistente,,0.016,ifn_2010
1665,Eucalyptus_globulus,True,4898,0.0,persistente,,0.038,ifn_2010
1669,Pinus_pinaster,True,5962,0.0,persistente,,0.031,ifn_2010
1674,Pinus_radiata,True,764,0.0,persistente,,0.087,ifn_2010
1675,Pinus_pinaster,True,2137,0.0,persistente,,0.051,ifn_2010
1676,Eucalyptus_globulus,True,1843,0.0,persistente,,0.033,ifn_2010
1677,Eucalyptus_globulus,True,391,0.0,persistente,,0.041,ifn_2010
1681,Quercus_robur,False,0,0.0,sin_dato,,,sin_serie
1683,Pinus_pinaster,True,0,0.0,sin_dato,,,sin_serie
1685,Pinus_pinaster,True,2950,0.0,persistente,,0.033,ifn_2010
1688,Pinus_pinaster,True,0,0.0,sin_dato,,,sin_serie
1689,Quercus_robur,False,0,0.0,sin_dato,,,sin_serie
1694,Pinus_pinaster,True,0,0.0,sin_dato,,,sin_serie
1697,Pinus_pinaster,True,18570,0.0,persistente,,0.012,ifn_2010
1698,Pinus_pinaster,True,878,0.0,persistente,,0.047,ifn_2010
1699,Pinus_pinaster,True,2828,0.0,persistente,,0.027,ifn_2010
1700,Quercus_robur,False,7612,0.0,persistente,,0.02,ifn_2010
1701,Eucalyptus_globulus,True,1553,0.0,persistente,,0.041,ifn_2010
1702,Pinus_pinaster,True,700,0.0,persistente,,0.035,ifn_2010
1703,Pinus_pinaster,True,3920,0.0,persistente,,0.02,ifn_2010
1704,Pinus_pinaster,True,592,0.0,persistente,,0.035,ifn_2010
1706,Eucalyptus_globulus,True,15939,0.0,persistente,,0.007,ifn_2010
1710,Pinus_pinaster,True,499,0.0,persistente,,0.023,ifn_2010
1714,Pinus_pinaster,True,4320,0.0,persistente,,0.035,ifn_2010
1715,Pinus_pinaster,True,1353,0.0,persistente,,0.024,ifn_2010
1717,Pinus_pinaster,True,418,0.0,persistente,,0.038,ifn_2010
1719,Eucalyptus_globulus,True,1200,0.0,evento,2024.0,0.422,prohibida_rebrote
1723,Pinus_pinaster,True,3303,0.0,persistente,,0.047,ifn_2010
1724,Pinus_pinaster,True,587,0.0,persistente,,0.028,ifn_2010
1729,Pinus_pinaster,True,1372,0.0,persistente,,0.039,ifn_2010
1730,Pinus_pinaster,True,602,0.0,persistente,,0.061,ifn_2010
1734,Pinus_pinaster,True,3870,0.0,persistente,,0.013,ifn_2010
1735,Eucalyptus_globulus,True,4916,0.0,persistente,,0.033,ifn_2010
1736,Eucalyptus_globulus,True,22173,0.0,persistente,,0.057,ifn_2010
1795,Pinus_pinaster,True,964,0.0,persistente,,0.038,ifn_2010
1798,Pinus_pinaster,True,244,0.0,persistente,,0.024,ifn_2010
1800,Pinus_pinaster,True,1574,0.0,persistente,,0.024,ifn_2010
1802,Eucalyptus_globulus,True,761,0.0,persistente,,0.024,ifn_2010
1804,Pinus_pinaster,True,687,0.0,persistente,,0.037,ifn_2010
1805,Pinus_pinaster,True,639,0.0,persistente,,0.038,ifn_2010
1806,Pinus_pinaster,True,239,0.0,persistente,,0.048,ifn_2010
1818,Quercus_robur,False,197,0.0,persistente,,0.059,ifn_2010
1824,Quercus_robur,False,460,0.0,persistente,,0.05,ifn_2010
1826,Pinus_pinaster,True,1857,0.0,persistente,,0.106,ifn_2010
1827,Quercus_robur,False,959,0.0,persistente,,0.029,ifn_2010
1829,Eucalyptus_globulus,True,389,0.0,persistente,,0.122,ifn_2010
1833,Eucalyptus_globulus,True,6209,0.0,persistente,,0.011,ifn_2010
1835,Pinus_pinaster,True,3223,0.0,persistente,,0.025,ifn_2010
1837,Pinus_pinaster,True,122,0.0,persistente,,0.025,ifn_2010
1839,Pinus_pinaster,True,3938,0.0,persistente,,0.029,ifn_2010
1846,Eucalyptus_globulus,True,6046,0.0,persistente,,0.025,ifn_2010
1851,Pinus_pinaster,True,13522,0.0,persistente,,0.016,ifn_2010
1855,Eucalyptus_globulus,True,1612,0.0,evento,2023.0,0.273,prohibida_rebrote
1857,Eucalyptus_globulus,True,1241,0.0,persistente,,0.011,ifn_2010
1891,Eucalyptus_globulus,True,238,0.0,persistente,,0.027,ifn_2010
1897,Eucalyptus_globulus,True,9052,0.0,persistente,,0.028,ifn_2010
1898,Eucalyptus_globulus,True,1391,0.0,persistente,,0.054,ifn_2010
1906,Pinus_pinaster,True,1008,0.0,persistente,,0.016,ifn_2010
1907,Pinus_pinaster,True,5698,0.0,persistente,,0.028,ifn_2010
1908,Eucalyptus_globulus,True,153,0.0,persistente,,0.029,ifn_2010
1909,Pinus_pinaster,True,1365,0.0,persistente,,0.025,ifn_2010
1914,Pinus_pinaster,True,1194,0.0,persistente,,0.14,ifn_2010
1915,Pinus_pinaster,True,138,0.0,persistente,,0.059,ifn_2010
1916,Pinus_pinaster,True,170,0.0,evento,2026.0,0.234,desconocida
1917,Pinus_pinaster,True,333,0.0,persistente,,0.069,ifn_2010
1918,Eucalyptus_globulus,True,3396,0.0,persistente,,0.021,ifn_2010
1919,Eucalyptus_globulus,True,203,0.0,persistente,,0.026,ifn_2010
1920,Eucalyptus_globulus,True,4308,0.0,persistente,,0.015,ifn_2010
1921,Eucalyptus_globulus,True,3574,0.0,persistente,,0.011,ifn_2010
1922,Pinus_pinaster,True,2156,0.0,persistente,,0.023,ifn_2010
1923,Eucalyptus_globulus,True,5270,0.0,persistente,,0.013,ifn_2010
1924,Eucalyptus_globulus,True,933,0.0,persistente,,0.033,ifn_2010
1925,Eucalyptus_globulus,True,419,0.0,persistente,,0.019,ifn_2010
1926,Eucalyptus_globulus,True,209,0.0,persistente,,0.206,ifn_2010
1940,Eucalyptus_globulus,True,1831,0.0,evento,2023.0,0.227,prohibida_rebrote
1942,Eucalyptus_globulus,True,4658,0.0,persistente,,0.062,ifn_2010
1945,Eucalyptus_globulus,True,2310,0.0,persistente,,0.117,ifn_2010
1954,Eucalyptus_globulus,True,3774,0.0,persistente,,0.088,ifn_2010
1957,Quercus_robur,False,443,0.0,persistente,,0.021,ifn_2010
1958,Quercus_robur,False,137,0.0,persistente,,0.03,ifn_2010
1961,Eucalyptus_globulus,True,1105,0.0,persistente,,0.017,ifn_2010
1969,Pinus_pinaster,True,2424,0.0,persistente,,0.03,ifn_2010
1975,Pinus_pinaster,True,668,0.0,persistente,,0.07,ifn_2010
1986,Pinus_pinaster,True,1088,0.0,persistente,,0.029,ifn_2010
1997,Pinus_pinaster,True,2493,0.0,persistente,,0.027,ifn_2010
1999,Pinus_pinaster,True,217,0.0,persistente,,0.059,ifn_2010
2000,Alnus_glutinosa,False,6423,0.0,persistente,,0.035,ifn_2010
2003,Pinus_pinaster,True,8211,0.0,persistente,,0.026,ifn_2010
2006,Pinus_pinaster,True,7178,0.0,persistente,,0.03,ifn_2010
2007,Pinus_pinaster,True,505,0.0,persistente,,0.029,ifn_2010
2020,Pinus_pinaster,True,4588,0.0,persistente,,0.027,ifn_2010
2027,Pinus_pinaster,True,5623,0.0,persistente,,0.032,ifn_2010
2029,Pinus_pinaster,True,644,0.0,persistente,,0.135,ifn_2010
2030,Pinus_pinaster,True,384,0.0,persistente,,0.042,ifn_2010
2033,Eucalyptus_globulus,True,0,0.0,sin_dato,,,sin_serie
2039,Pinus_pinaster,True,0,0.0,sin_dato,,,sin_serie
2041,Eucalyptus_globulus,True,0,0.0,sin_dato,,,sin_serie
2042,Pinus_pinaster,True,0,0.0,sin_dato,,,sin_serie
2049,Eucalyptus_globulus,True,3377,0.0,persistente,,0.037,ifn_2010
2062,Pinus_pinaster,True,207,0.0,persistente,,0.03,ifn_2010
2065,Pinus_pinaster,True,1584,0.0,persistente,,0.017,ifn_2010
2069,Eucalyptus_globulus,True,2158,0.0,persistente,,0.046,ifn_2010
2070,Eucalyptus_globulus,True,1344,0.0,persistente,,0.217,ifn_2010
2072,Eucalyptus_globulus,True,2746,0.0,persistente,,0.037,ifn_2010
2073,Eucalyptus_globulus,True,4731,0.0,persistente,,0.014,ifn_2010
2074,Eucalyptus_globulus,True,678,0.0,persistente,,0.032,ifn_2010
2075,Eucalyptus_globulus,True,722,0.0,persistente,,0.057,ifn_2010
2076,Pinus_pinaster,True,3826,0.0,persistente,,0.027,ifn_2010
2077,Quercus_robur,False,131,0.0,persistente,,0.03,ifn_2010
2082,Eucalyptus_globulus,True,1480,0.0,evento,2018.0,0.296,prohibida_rebrote
2090,Pinus_pinaster,True,784,0.0,persistente,,0.046,ifn_2010
2091,Eucalyptus_globulus,True,4997,0.0,persistente,,0.028,ifn_2010
2097,Eucalyptus_globulus,True,2247,0.0,persistente,,0.029,ifn_2010
2098,Eucalyptus_globulus,True,893,0.0,persistente,,0.021,ifn_2010
2099,Pinus_pinaster,True,1290,0.0,persistente,,0.127,ifn_2010
2100,Pinus_radiata,True,190,0.0,persistente,,0.086,ifn_2010
2105,Eucalyptus_globulus,True,2865,0.0,persistente,,0.029,ifn_2010
2107,Eucalyptus_globulus,True,306,0.0,persistente,,0.164,ifn_2010
2108,Eucalyptus_globulus,True,12881,0.0,persistente,,0.06,ifn_2010
2109,Eucalyptus_globulus,True,3179,0.0,persistente,,0.043,ifn_2010
2112,Eucalyptus_globulus,True,3428,0.0,persistente,,0.033,ifn_2010
2115,Pinus_radiata,True,814,0.0,persistente,,0.046,ifn_2010
2116,Pinus_radiata,True,452,0.0,persistente,,0.027,ifn_2010
2117,Pinus_radiata,True,708,0.0,persistente,,0.043,ifn_2010
2118,Pinus_pinaster,True,621,0.0,persistente,,0.176,ifn_2010
2120,Pinus_radiata,True,450,0.0,persistente,,0.037,ifn_2010
2122,Pinus_sylvestris,True,1395,0.0,persistente,,0.024,ifn_2010
2124,Pinus_radiata,True,911,0.0,persistente,,0.068,ifn_2010
2125,Pinus_radiata,True,4222,0.0,persistente,,0.039,ifn_2010
2176,Eucalyptus_globulus,True,8751,0.0,persistente,,0.021,ifn_2010
2178,Pinus_pinaster,True,4972,0.0,persistente,,0.071,ifn_2010
2187,Pinus_pinaster,True,0,0.0,sin_dato,,,sin_serie
2188,Pinus_pinaster,True,579,0.0,persistente,,0.039,ifn_2010
2194,Pinus_pinaster,True,5801,0.0,persistente,,0.029,ifn_2010
2197,Eucalyptus_globulus,True,4124,0.0,persistente,,0.043,ifn_2010
2201,Pinus_pinaster,True,1693,0.0,persistente,,0.04,ifn_2010
2202,Pinus_pinaster,True,3088,0.0,persistente,,0.024,ifn_2010
2203,Pinus_pinaster,True,3105,0.0,persistente,,0.024,ifn_2010
2212,Pinus_pinaster,True,0,0.0,sin_dato,,,sin_serie
2222,Eucalyptus_globulus,True,2885,0.0,evento,2024.0,0.281,prohibida_rebrote
2224,Eucalyptus_globulus,True,320,0.0,persistente,,0.152,ifn_2010
2226,Eucalyptus_globulus,True,2164,0.0,persistente,,0.057,ifn_2010
2229,Eucalyptus_globulus,True,10981,0.0,persistente,,0.046,ifn_2010
2232,Quercus_robur,False,347,0.0,persistente,,0.029,ifn_2010
2237,Eucalyptus_globulus,True,2758,0.0,persistente,,0.032,ifn_2010
2238,Eucalyptus_globulus,True,4565,0.0,persistente,,0.013,ifn_2010
2239,Eucalyptus_globulus,True,894,0.0,persistente,,0.035,ifn_2010
2240,Pinus_pinaster,True,667,0.0,persistente,,0.176,ifn_2010
2241,Eucalyptus_globulus,True,1530,0.0,persistente,,0.038,ifn_2010
2244,Pinus_radiata,True,316,0.0,persistente,,0.093,ifn_2010
2245,Pinus_pinaster,True,114,0.0,persistente,,0.105,ifn_2010
2246,Pinus_radiata,True,651,0.0,persistente,,0.07,ifn_2010
2247,Eucalyptus_globulus,True,1048,0.0,persistente,,0.057,ifn_2010
2248,Pinus_pinaster,True,231,0.0,persistente,,0.119,ifn_2010
2249,Pinus_radiata,True,370,0.0,persistente,,0.135,ifn_2010
2250,Pinus_pinaster,True,7436,0.0,persistente,,0.03,ifn_2010
2251,Pinus_pinaster,True,16683,0.0,persistente,,0.021,ifn_2010
2252,Pinus_pinaster,True,1834,0.0,persistente,,0.055,ifn_2010
2253,Pinus_radiata,True,666,0.0,persistente,,0.054,ifn_2010
2254,Pinus_radiata,True,341,0.0,persistente,,0.026,ifn_2010
2255,Pinus_radiata,True,1354,0.0,persistente,,0.058,ifn_2010
2256,Pinus_pinaster,True,2253,0.0,persistente,,0.032,ifn_2010
2258,Pinus_pinaster,True,5403,0.0,persistente,,0.013,ifn_2010
2276,Pinus_pinaster,True,1623,0.0,persistente,,0.05,ifn_2010
2279,Pinus_pinaster,True,0,0.0,sin_dato,,,sin_serie
2285,Pinus_pinaster,True,6519,0.0,persistente,,0.021,ifn_2010
2329,Eucalyptus_globulus,True,0,0.0,sin_dato,,,sin_serie
2377,Quercus_robur,False,611,0.0,persistente,,0.034,ifn_2010
2379,Salix_spp,False,157,0.0,persistente,,0.035,ifn_2010
2382,Pinus_pinaster,True,0,0.0,sin_dato,,,sin_serie
5002,Eucalyptus_globulus,True,3938,0.0,persistente,,0.027,ifn_2010
5003,Eucalyptus_globulus,True,502,0.0,persistente,,0.04,ifn_2010
5010,Eucalyptus_globulus,True,1346,0.0,persistente,,0.033,ifn_2010
5011,Pinus_pinaster,True,288,0.0,persistente,,0.18,ifn_2010
5012,Eucalyptus_globulus,True,2841,0.0,persistente,,0.03,ifn_2010
5019,Acacia_melanoxylon,True,298,0.0,persistente,,0.041,ifn_2010
5020,Pinus_pinaster,True,5996,0.0,persistente,,0.121,ifn_2010
5023,Eucalyptus_globulus,True,2677,0.0,persistente,,0.049,ifn_2010
5024,Eucalyptus_globulus,True,226,0.0,persistente,,0.029,ifn_2010
5025,Eucalyptus_globulus,True,1046,0.0,persistente,,0.04,ifn_2010
5026,Eucalyptus_globulus,True,7701,0.0,persistente,,0.049,ifn_2010
5027,Eucalyptus_globulus,True,503,0.0,persistente,,0.141,ifn_2010
5032,Eucalyptus_globulus,True,1029,0.0,persistente,,0.121,ifn_2010
5033,Eucalyptus_globulus,True,6426,0.0,persistente,,0.031,ifn_2010
5034,Eucalyptus_globulus,True,1900,0.0,persistente,,0.049,ifn_2010
5035,Eucalyptus_globulus,True,2859,0.0,persistente,,0.044,ifn_2010
5036,Eucalyptus_globulus,True,1364,0.0,persistente,,0.059,ifn_2010
5038,Eucalyptus_globulus,True,0,0.0,sin_dato,,,sin_serie
5040,Quercus_robur,False,156,0.0,persistente,,0.063,ifn_2010
5043,Eucalyptus_globulus,True,1673,0.0,persistente,,0.062,ifn_2010
5044,Alnus_glutinosa,False,3341,0.0,persistente,,0.011,ifn_2010
5049,Eucalyptus_globulus,True,12436,0.0,persistente,,0.134,ifn_2010
5050,Eucalyptus_globulus,True,317,0.0,persistente,,0.023,ifn_2010
5051,Pinus_pinaster,True,1357,0.0,persistente,,0.011,ifn_2010
5052,Quercus_robur,False,807,0.0,persistente,,0.02,ifn_2010
5053,Eucalyptus_globulus,True,7805,0.0,persistente,,0.019,ifn_2010
5054,Pinus_pinaster,True,1582,0.0,persistente,,0.048,ifn_2010
5055,Quercus_robur,False,13941,0.0,persistente,,0.064,ifn_2010
5058,Pinus_pinaster,True,124,0.0,persistente,,0.036,ifn_2010
5061,Eucalyptus_globulus,True,6420,0.0,persistente,,0.016,ifn_2010
5062,Pinus_pinaster,True,830,0.0,persistente,,0.033,ifn_2010
5063,Pinus_pinaster,True,146,0.0,persistente,,0.022,ifn_2010
5064,Eucalyptus_globulus,True,1171,0.0,persistente,,0.046,ifn_2010
5065,Eucalyptus_globulus,True,1941,0.0,persistente,,0.03,ifn_2010
5066,Eucalyptus_globulus,True,454,0.0,evento,2023.0,0.312,prohibida_rebrote
5067,Eucalyptus_globulus,True,3608,0.0,persistente,,0.092,ifn_2010
5068,Eucalyptus_globulus,True,482,0.0,persistente,,0.046,ifn_2010
5069,Eucalyptus_globulus,True,319,0.0,persistente,,0.093,ifn_2010
5071,Acacia_dealbata,True,734,0.0,persistente,,0.086,ifn_2010
5072,Eucalyptus_globulus,True,686,0.0,persistente,,0.074,ifn_2010
5073,Eucalyptus_globulus,True,1232,0.0,persistente,,0.048,ifn_2010
5081,Quercus_robur,False,317,0.0,persistente,,0.063,ifn_2010
5082,Alnus_glutinosa,False,1952,0.0,persistente,,0.024,ifn_2010
5093,Pinus_pinaster,True,3739,0.0,persistente,,0.047,ifn_2010
5094,Pinus_pinaster,True,3842,0.0,persistente,,0.154,ifn_2010
5095,Eucalyptus_globulus,True,2098,0.0,persistente,,0.172,ifn_2010
5096,Eucalyptus_globulus,True,7661,0.0,persistente,,0.114,ifn_2010
5097,Eucalyptus_globulus,True,2970,0.0,persistente,,0.198,ifn_2010
5098,Pinus_pinaster,True,2442,0.0,persistente,,0.152,ifn_2010
5099,Pinus_pinaster,True,9033,0.0,persistente,,0.073,ifn_2010
5100,Eucalyptus_globulus,True,4469,0.0,persistente,,0.161,ifn_2010
5101,Eucalyptus_globulus,True,2724,0.0,persistente,,0.013,ifn_2010
5102,Eucalyptus_globulus,True,9734,0.0,persistente,,0.014,ifn_2010
5103,Eucalyptus_globulus,True,3280,0.0,persistente,,0.12,ifn_2010
5104,Eucalyptus_globulus,True,531,0.0,persistente,,0.079,ifn_2010
5105,Quercus_suber,False,2054,0.0,persistente,,0.04,ifn_2010
5107,Pinus_pinaster,True,18426,0.0,persistente,,0.099,ifn_2010
5108,Eucalyptus_globulus,True,12044,0.0,persistente,,0.02,ifn_2010
5109,Eucalyptus_globulus,True,4099,0.0,persistente,,0.02,ifn_2010
5110,Eucalyptus_globulus,True,5176,0.0,persistente,,0.066,ifn_2010
5111,Eucalyptus_globulus,True,4821,0.0,persistente,,0.016,ifn_2010
5112,Pinus_pinaster,True,16398,0.0,persistente,,0.023,ifn_2010
5113,Pinus_radiata,True,8863,0.0,persistente,,0.103,ifn_2010
5114,Eucalyptus_globulus,True,6593,0.0,persistente,,0.048,ifn_2010
5115,Quercus_robur,False,29895,0.0,persistente,,0.051,ifn_2010
5116,Pinus_pinaster,True,2059,0.0,persistente,,0.062,ifn_2010
5117,Pinus_pinaster,True,6318,0.0,persistente,,0.015,ifn_2010
5120,Eucalyptus_globulus,True,0,0.0,sin_dato,,,sin_serie
5122,Eucalyptus_globulus,True,145,0.0,persistente,,0.035,ifn_2010
5123,Eucalyptus_globulus,True,375,0.0,persistente,,0.026,ifn_2010
5125,Eucalyptus_globulus,True,445,0.0,persistente,,0.054,ifn_2010
5126,Acacia_melanoxylon,True,0,0.0,sin_dato,,,sin_serie
5127,Eucalyptus_globulus,True,460,0.0,persistente,,0.051,ifn_2010
5128,Pinus_pinaster,True,1011,0.0,persistente,,0.06,ifn_2010
5129,Eucalyptus_globulus,True,1545,0.0,persistente,,0.118,ifn_2010
5130,Eucalyptus_globulus,True,446,0.0,persistente,,0.037,ifn_2010
5131,Acacia_melanoxylon,True,1626,0.0,persistente,,0.008,ifn_2010
5132,Pinus_pinaster,True,576,0.0,evento,2024.0,0.308,desconocida
5133,Eucalyptus_globulus,True,481,0.0,persistente,,0.166,ifn_2010
5134,Pinus_pinaster,True,4294,0.0,persistente,,0.056,ifn_2010
5135,Pinus_pinaster,True,1250,0.0,persistente,,0.038,ifn_2010
5136,Pinus_pinaster,True,2063,0.0,persistente,,0.046,ifn_2010
5137,Quercus_robur,False,2758,0.0,persistente,,0.05,ifn_2010
5138,Robinia_pseudoacacia,False,102,0.0,persistente,,0.031,ifn_2010
5139,Eucalyptus_globulus,True,715,0.0,persistente,,0.023,ifn_2010
5140,Eucalyptus_globulus,True,1150,0.0,persistente,,0.176,ifn_2010
5141,Eucalyptus_globulus,True,2394,0.0,persistente,,0.022,ifn_2010
5142,Eucalyptus_globulus,True,3189,0.0,persistente,,0.063,ifn_2010
5143,Quercus_robur,False,551,0.0,persistente,,0.033,ifn_2010
5144,Pinus_pinaster,True,673,0.0,persistente,,0.167,ifn_2010
5145,Eucalyptus_globulus,True,1323,0.0,persistente,,0.103,ifn_2010
5146,Eucalyptus_globulus,True,1615,0.0,persistente,,0.045,ifn_2010
5147,Quercus_robur,False,966,0.0,persistente,,0.042,ifn_2010
5149,Eucalyptus_globulus,True,1325,0.0,persistente,,0.047,ifn_2010
5150,Eucalyptus_globulus,True,2148,0.0,persistente,,0.041,ifn_2010
5151,Eucalyptus_globulus,True,19467,0.0,persistente,,0.097,ifn_2010
5152,Eucalyptus_globulus,True,1818,0.0,persistente,,0.04,ifn_2010
5153,Eucalyptus_globulus,True,185,0.0,persistente,,0.031,ifn_2010
5154,Pinus_radiata,True,924,0.0,persistente,,0.058,ifn_2010
5155,Eucalyptus_globulus,True,117,0.0,evento,2024.0,0.443,prohibida_rebrote
5156,Quercus_robur,False,265,0.0,persistente,,0.019,ifn_2010
5157,Pinus_pinaster,True,0,0.0,sin_dato,,,sin_serie
5158,Pinus_pinaster,True,1610,0.0,persistente,,0.074,ifn_2010
5159,Pinus_pinaster,True,3308,0.0,persistente,,0.04,ifn_2010
5179,Pinus_pinaster,True,0,0.0,sin_dato,,,sin_serie
5180,Pinus_pinaster,True,2496,0.0,persistente,,0.028,ifn_2010
5183,Eucalyptus_globulus,True,4451,0.0,persistente,,0.04,ifn_2010
5184,Pinus_pinaster,True,549,0.0,persistente,,0.025,ifn_2010
5185,Pinus_radiata,True,0,0.0,sin_dato,,,sin_serie
5187,Eucalyptus_globulus,True,3829,0.0,persistente,,0.027,ifn_2010
5188,Pinus_pinaster,True,2870,0.0,persistente,,0.02,ifn_2010
5189,Quercus_robur,False,141,0.0,persistente,,0.018,ifn_2010
5190,Eucalyptus_globulus,True,0,0.0,sin_dato,,,sin_serie
5200,Eucalyptus_globulus,True,495,0.0,persistente,,0.067,ifn_2010
5201,Quercus_robur,False,0,0.0,sin_dato,,,sin_serie
5202,Eucalyptus_globulus,True,485,0.0,persistente,,0.046,ifn_2010
5211,Eucalyptus_globulus,True,248,0.0,persistente,,0.055,ifn_2010
5225,Quercus_robur,False,623,0.0,persistente,,0.061,ifn_2010
5226,Quercus_robur,False,639,0.0,persistente,,0.027,ifn_2010
5248,Eucalyptus_globulus,True,0,0.0,sin_dato,,,sin_serie
5264,Eucalyptus_globulus,True,7095,0.0,persistente,,0.035,ifn_2010
5265,Pinus_radiata,True,243,0.0,persistente,,0.04,ifn_2010
5266,Pinus_pinaster,True,2485,0.0,persistente,,0.027,ifn_2010
5267,Pinus_radiata,True,1342,0.0,persistente,,0.037,ifn_2010
5268,Pinus_radiata,True,2743,0.0,persistente,,0.136,ifn_2010
5269,Eucalyptus_globulus,True,2690,0.0,persistente,,0.049,ifn_2010
5271,Eucalyptus_globulus,True,0,0.0,sin_dato,,,sin_serie
5277,Eucalyptus_globulus,True,0,0.0,sin_dato,,,sin_serie
5284,Eucalyptus_globulus,True,0,0.0,sin_dato,,,sin_serie
5305,Pinus_pinaster,True,1197,0.0,evento,2020.0,0.33,desconocida
5309,Pinus_pinaster,True,1353,0.0,persistente,,0.029,ifn_2010
5312,Pinus_pinaster,True,1375,0.0,persistente,,0.103,ifn_2010
5313,Pinus_pinaster,True,686,0.0,persistente,,0.176,ifn_2010
5314,Eucalyptus_globulus,True,0,0.0,sin_dato,,,sin_serie
5401,Eucalyptus_globulus,True,629,0.0,persistente,,0.004,ifn_2010
5402,Pinus_pinaster,True,329,0.0,persistente,,0.046,ifn_2010
5403,Eucalyptus_globulus,True,680,0.0,persistente,,0.046,ifn_2010
5404,Pinus_pinaster,True,2068,0.0,persistente,,0.036,ifn_2010
5405,Pinus_pinaster,True,331,0.0,persistente,,0.03,ifn_2010
5406,Eucalyptus_globulus,True,145,0.0,persistente,,0.031,ifn_2010
5407,Eucalyptus_globulus,True,377,0.0,persistente,,0.016,ifn_2010
5408,Eucalyptus_globulus,True,1658,0.0,persistente,,0.04,ifn_2010
5409,Pinus_pinaster,True,4727,0.0,persistente,,0.034,ifn_2010
5410,Pinus_pinaster,True,2205,0.0,persistente,,0.033,ifn_2010
5411,Pinus_pinaster,True,1009,0.0,persistente,,0.023,ifn_2010
5416,Pinus_pinaster,True,20420,0.0,persistente,,0.03,ifn_2010
5427,Pinus_pinaster,True,6133,0.0,persistente,,0.02,ifn_2010
5428,Pinus_pinaster,True,7862,0.0,persistente,,0.033,ifn_2010
5429,Pinus_pinaster,True,19955,0.0,persistente,,0.034,ifn_2010
5430,Eucalyptus_globulus,True,878,0.0,persistente,,0.112,ifn_2010
5431,Eucalyptus_globulus,True,8039,0.0,persistente,,0.179,ifn_2010
5432,Pinus_pinaster,True,224,0.0,persistente,,0.065,ifn_2010
5457,Pinus_pinaster,True,3166,0.0,persistente,,0.019,ifn_2010
5458,Eucalyptus_globulus,True,166,0.0,evento,2024.0,0.368,prohibida_rebrote
5459,Pinus_pinaster,True,103,0.0,persistente,,0.032,ifn_2010
5460,Pinus_pinaster,True,107,0.0,persistente,,0.043,ifn_2010
5461,Pinus_radiata,True,3409,0.0,persistente,,0.076,ifn_2010
5462,Pinus_pinaster,True,9891,0.0,persistente,,0.01,ifn_2010
5463,Eucalyptus_globulus,True,613,0.0,persistente,,0.054,ifn_2010
5464,Eucalyptus_globulus,True,1896,0.0,persistente,,0.026,ifn_2010
5465,Eucalyptus_globulus,True,10567,0.0,persistente,,0.031,ifn_2010
5466,Pinus_pinaster,True,2843,0.0,persistente,,0.04,ifn_2010
5467,Pinus_radiata,True,1004,0.0,persistente,,0.055,ifn_2010
5468,Eucalyptus_globulus,True,1132,0.0,persistente,,0.111,ifn_2010
5469,Eucalyptus_globulus,True,2569,0.0,persistente,,0.017,ifn_2010
5470,Eucalyptus_globulus,True,1297,0.0,persistente,,0.03,ifn_2010
5471,Eucalyptus_globulus,True,2866,0.0,persistente,,0.162,ifn_2010
5472,Pinus_pinaster,True,13170,0.0,persistente,,0.028,ifn_2010
5473,Eucalyptus_globulus,True,481,0.0,persistente,,0.018,ifn_2010
5474,Eucalyptus_globulus,True,1982,0.0,persistente,,0.021,ifn_2010
5475,Pinus_pinaster,True,1220,0.0,persistente,,0.052,ifn_2010
5476,Pinus_pinaster,True,1772,0.0,persistente,,0.083,ifn_2010
5477,Eucalyptus_globulus,True,614,0.0,persistente,,0.026,ifn_2010
5478,Eucalyptus_globulus,True,968,0.0,persistente,,0.027,ifn_2010
5479,Eucalyptus_globulus,True,671,0.0,persistente,,0.083,ifn_2010
5480,Pinus_pinaster,True,593,0.0,persistente,,0.075,ifn_2010
5481,Pinus_radiata,True,757,0.0,persistente,,0.049,ifn_2010
5482,Pinus_radiata,True,204,0.0,persistente,,0.061,ifn_2010
5483,Eucalyptus_globulus,True,9621,0.0,persistente,,0.026,ifn_2010
5484,Eucalyptus_globulus,True,4303,0.0,persistente,,0.021,ifn_2010
5485,Eucalyptus_globulus,True,403,0.0,persistente,,0.175,ifn_2010
5486,Eucalyptus_globulus,True,406,0.0,persistente,,0.045,ifn_2010
5487,Pinus_pinaster,True,2839,0.0,persistente,,0.05,ifn_2010
5488,Pinus_pinaster,True,7821,0.0,persistente,,0.033,ifn_2010
5489,Eucalyptus_globulus,True,3518,0.0,persistente,,0.019,ifn_2010
5490,Pinus_pinaster,True,186,0.0,persistente,,0.048,ifn_2010
5509,Eucalyptus_globulus,True,0,0.0,sin_dato,,,sin_serie
5510,Eucalyptus_globulus,True,0,0.0,sin_dato,,,sin_serie
5528,Eucalyptus_globulus,True,335,0.0,persistente,,0.013,ifn_2010
5529,Eucalyptus_globulus,True,744,0.0,persistente,,0.029,ifn_2010
5530,Eucalyptus_globulus,True,1756,0.0,persistente,,0.139,ifn_2010
5531,Eucalyptus_globulus,True,2743,0.0,persistente,,0.018,ifn_2010
5532,Eucalyptus_globulus,True,5327,0.0,persistente,,0.098,ifn_2010
5533,Pinus_radiata,True,541,0.0,evento,2020.0,0.405,desconocida
5534,Quercus_robur,False,1735,0.0,persistente,,0.026,ifn_2010
5535,Pinus_radiata,True,797,0.0,persistente,,0.034,ifn_2010
5536,Pinus_pinaster,True,409,0.0,persistente,,0.05,ifn_2010
5537,Pinus_pinaster,True,4057,0.0,persistente,,0.088,ifn_2010
5538,Eucalyptus_globulus,True,4876,0.0,persistente,,0.025,ifn_2010
5539,Quercus_robur,False,3439,0.0,persistente,,0.028,ifn_2010
5540,Eucalyptus_globulus,True,5405,0.0,persistente,,0.019,ifn_2010
5541,Pinus_radiata,True,1112,0.0,persistente,,0.039,ifn_2010
5542,Pinus_pinaster,True,411,0.0,persistente,,0.018,ifn_2010
5543,Eucalyptus_globulus,True,4577,0.0,persistente,,0.031,ifn_2010
5544,Eucalyptus_globulus,True,5308,0.0,persistente,,0.026,ifn_2010
5545,Eucalyptus_globulus,True,904,0.0,persistente,,0.024,ifn_2010
5546,Eucalyptus_globulus,True,445,0.0,persistente,,0.013,ifn_2010
5547,Pinus_radiata,True,232,0.0,persistente,,0.053,ifn_2010
5548,Eucalyptus_globulus,True,17179,0.0,persistente,,0.024,ifn_2010
5549,Eucalyptus_globulus,True,3457,0.0,persistente,,0.054,ifn_2010
5550,Pinus_pinaster,True,822,0.0,evento,2021.0,0.216,desconocida
5551,Quercus_robur,False,1461,0.0,persistente,,0.051,ifn_2010
5552,Eucalyptus_globulus,True,1988,0.0,persistente,,0.002,ifn_2010
5553,Eucalyptus_globulus,True,2618,0.0,persistente,,0.054,ifn_2010
5554,Pinus_pinaster,True,1101,0.0,persistente,,0.063,ifn_2010
5555,Pinus_pinaster,True,435,0.0,evento,2021.0,0.237,desconocida
5556,Eucalyptus_globulus,True,3149,0.0,persistente,,0.071,ifn_2010
5557,Eucalyptus_globulus,True,363,0.0,persistente,,0.04,ifn_2010
5558,Eucalyptus_globulus,True,266,0.0,persistente,,0.029,ifn_2010
5559,Eucalyptus_globulus,True,202,0.0,persistente,,0.218,ifn_2010
5560,Pinus_pinaster,True,395,0.0,persistente,,0.059,ifn_2010
5561,Eucalyptus_globulus,True,282,0.0,persistente,,0.042,ifn_2010
5562,Eucalyptus_globulus,True,474,0.0,persistente,,0.043,ifn_2010
5563,Pinus_radiata,True,290,0.0,persistente,,0.021,ifn_2010
5564,Pinus_pinaster,True,2632,0.0,persistente,,0.059,ifn_2010
5565,Pinus_pinaster,True,2708,0.0,persistente,,0.043,ifn_2010
5566,Pinus_pinaster,True,13461,0.0,persistente,,0.017,ifn_2010
5567,Pinus_pinaster,True,2658,0.0,persistente,,0.025,ifn_2010
5568,Pinus_pinaster,True,4348,0.0,persistente,,0.051,ifn_2010
5569,Eucalyptus_globulus,True,3494,0.0,persistente,,0.075,ifn_2010
5570,Eucalyptus_globulus,True,19356,0.0,persistente,,0.016,ifn_2010
5571,Pinus_pinaster,True,3579,0.0,persistente,,0.042,ifn_2010
5572,Eucalyptus_globulus,True,10454,0.0,persistente,,0.006,ifn_2010
5573,Pinus_pinaster,True,3041,0.0,persistente,,0.05,ifn_2010
5574,Pinus_pinaster,True,213,0.0,persistente,,0.021,ifn_2010
5575,Pinus_pinaster,True,8061,0.0,persistente,,0.022,ifn_2010
5576,Eucalyptus_globulus,True,765,0.0,persistente,,0.067,ifn_2010
5577,Pinus_pinaster,True,3549,0.0,persistente,,0.062,ifn_2010
5578,Pinus_pinaster,True,4989,0.0,persistente,,0.043,ifn_2010
5579,Eucalyptus_globulus,True,0,0.0,sin_dato,,,sin_serie
5581,Pinus_pinaster,True,0,0.0,sin_dato,,,sin_serie
5585,Eucalyptus_globulus,True,0,0.0,sin_dato,,,sin_serie
5594,Quercus_robur,False,395,0.0,persistente,,0.029,ifn_2010
5595,Eucalyptus_globulus,True,1873,0.0,persistente,,0.021,ifn_2010
5596,Pinus_pinaster,True,1008,0.0,persistente,,0.088,ifn_2010
5597,Pinus_pinaster,True,1067,0.0,persistente,,0.034,ifn_2010
5598,Pinus_pinaster,True,2042,0.0,persistente,,0.067,ifn_2010
5599,Pinus_pinaster,True,889,0.0,persistente,,0.037,ifn_2010
5600,Eucalyptus_globulus,True,426,0.0,persistente,,0.086,ifn_2010
5601,Eucalyptus_globulus,True,311,0.0,persistente,,0.042,ifn_2010
5602,Pinus_radiata,True,592,0.0,persistente,,0.133,ifn_2010
5603,Quercus_robur,False,700,0.0,persistente,,0.032,ifn_2010
5604,Eucalyptus_globulus,True,428,0.0,persistente,,0.029,ifn_2010
5605,Eucalyptus_globulus,True,1794,0.0,persistente,,0.021,ifn_2010
5606,Eucalyptus_globulus,True,1398,0.0,persistente,,0.047,ifn_2010
5607,Eucalyptus_globulus,True,877,0.0,persistente,,0.035,ifn_2010
5608,Pinus_radiata,True,277,0.0,persistente,,0.063,ifn_2010
5609,Pinus_radiata,True,234,0.0,evento,2020.0,0.212,desconocida
5610,Pinus_pinaster,True,1346,0.0,persistente,,0.102,ifn_2010
5611,Quercus_robur,False,1160,0.0,persistente,,0.024,ifn_2010
5612,Eucalyptus_globulus,True,1948,0.0,persistente,,0.045,ifn_2010
5613,Eucalyptus_globulus,True,531,0.0,persistente,,0.016,ifn_2010
5614,Quercus_robur,False,529,0.0,persistente,,0.029,ifn_2010
5615,Eucalyptus_globulus,True,4581,0.0,persistente,,0.019,ifn_2010
5616,Eucalyptus_globulus,True,332,0.0,persistente,,0.04,ifn_2010
5617,Eucalyptus_globulus,True,500,0.0,evento,2025.0,0.333,prohibida_rebrote
5618,Eucalyptus_globulus,True,4618,0.0,persistente,,0.052,ifn_2010
5619,Pinus_pinaster,True,1154,0.0,persistente,,0.055,ifn_2010
5620,Pinus_pinaster,True,8803,0.0,persistente,,0.038,ifn_2010
5621,Eucalyptus_globulus,True,1866,0.0,persistente,,0.111,ifn_2010
5622,Pinus_pinaster,True,873,0.0,persistente,,0.03,ifn_2010
5623,Pinus_pinaster,True,3711,0.0,persistente,,0.04,ifn_2010
5624,Eucalyptus_globulus,True,10961,0.0,persistente,,0.033,ifn_2010
5625,Pinus_pinaster,True,1347,0.0,persistente,,0.171,ifn_2010
5626,Eucalyptus_globulus,True,1429,0.0,persistente,,0.026,ifn_2010
5627,Pinus_radiata,True,5073,0.0,persistente,,0.007,ifn_2010
5628,Eucalyptus_globulus,True,5735,0.0,persistente,,0.01,ifn_2010
5629,Pinus_radiata,True,108,0.0,persistente,,0.025,ifn_2010
5630,Pinus_pinaster,True,348,0.0,persistente,,0.032,ifn_2010
5631,Eucalyptus_globulus,True,267,0.0,persistente,,0.008,ifn_2010
5632,Eucalyptus_globulus,True,2975,0.0,persistente,,0.024,ifn_2010
5633,Eucalyptus_globulus,True,170,0.0,persistente,,0.095,ifn_2010
5634,Eucalyptus_globulus,True,3139,0.0,persistente,,0.036,ifn_2010
5635,Eucalyptus_globulus,True,2034,0.0,persistente,,0.025,ifn_2010
5637,Pinus_pinaster,True,3778,0.0,persistente,,0.028,ifn_2010
5638,Pinus_pinaster,True,1649,0.0,persistente,,0.088,ifn_2010
5639,Pinus_pinaster,True,2201,0.0,persistente,,0.043,ifn_2010
5640,Eucalyptus_globulus,True,3210,0.0,persistente,,0.024,ifn_2010
5643,Eucalyptus_globulus,True,1141,0.0,persistente,,0.052,ifn_2010
5644,Eucalyptus_globulus,True,13,0.0,persistente,,0.145,ifn_2010
5704,Pinus_pinaster,True,5435,0.007,persistente,,0.024,ifn_2010
5705,Pinus_pinaster,True,2812,0.0,persistente,,0.007,ifn_2010
5706,Pinus_pinaster,True,1769,0.0,persistente,,0.024,ifn_2010
5707,Quercus_robur,False,387,0.0,persistente,,0.031,ifn_2010
5708,Pinus_pinaster,True,1553,0.0,persistente,,0.017,ifn_2010
5709,Pinus_pinaster,True,1902,0.0,persistente,,0.021,ifn_2010
5710,Eucalyptus_globulus,True,295,0.0,persistente,,0.019,ifn_2010
5711,Eucalyptus_globulus,True,1001,0.0,persistente,,0.067,ifn_2010
5712,Eucalyptus_globulus,True,376,0.0,persistente,,0.024,ifn_2010
5713,Eucalyptus_globulus,True,554,0.0,persistente,,0.034,ifn_2010
5714,Eucalyptus_globulus,True,798,0.0,persistente,,0.02,ifn_2010
5715,Eucalyptus_globulus,True,876,0.0,persistente,,0.039,ifn_2010
5716,Eucalyptus_globulus,True,2535,0.0,persistente,,0.175,ifn_2010
5717,Pinus_pinaster,True,313,0.0,persistente,,0.05,ifn_2010
5718,Pinus_radiata,True,3206,0.0,persistente,,0.037,ifn_2010
5719,Eucalyptus_globulus,True,179,0.0,persistente,,0.053,ifn_2010
5720,Quercus_robur,False,879,0.0,persistente,,0.02,ifn_2010
5721,Eucalyptus_globulus,True,4643,0.0,persistente,,0.148,ifn_2010
5722,Eucalyptus_globulus,True,2948,0.0,persistente,,0.061,ifn_2010
5723,Quercus_robur,False,453,0.0,persistente,,0.032,ifn_2010
5724,Eucalyptus_globulus,True,8532,0.0,persistente,,0.043,ifn_2010
5725,Pinus_pinaster,True,8045,0.0,persistente,,0.031,ifn_2010
5726,Eucalyptus_globulus,True,108,0.0,persistente,,0.126,ifn_2010
5731,Eucalyptus_globulus,True,0,0.0,sin_dato,,,sin_serie
5732,Quercus_robur,False,0,0.0,sin_dato,,,sin_serie
5734,Pinus_pinaster,True,3040,0.0,persistente,,0.017,ifn_2010
5735,Pinus_pinaster,True,588,0.0,persistente,,0.025,ifn_2010
5736,Pinus_pinaster,True,1053,0.0,persistente,,0.122,ifn_2010
5737,Pinus_pinaster,True,640,0.0,persistente,,0.068,ifn_2010
5739,Pinus_pinaster,True,2702,0.0,persistente,,0.023,ifn_2010
5740,Quercus_robur,False,700,0.0,persistente,,0.017,ifn_2010
5741,Quercus_robur,False,1216,0.0,persistente,,0.026,ifn_2010
5742,Quercus_robur,False,1567,0.0,persistente,,0.018,ifn_2010
5744,Eucalyptus_globulus,True,270,0.0,persistente,,0.021,ifn_2010
5745,Eucalyptus_globulus,True,387,0.0,persistente,,0.041,ifn_2010
5746,Eucalyptus_globulus,True,992,0.0,persistente,,0.06,ifn_2010
5762,Eucalyptus_globulus,True,0,0.0,sin_dato,,,sin_serie
5763,Eucalyptus_globulus,True,0,0.0,sin_dato,,,sin_serie
5766,Eucalyptus_globulus,True,901,0.0,persistente,,0.022,ifn_2010
5767,Pinus_pinaster,True,1567,0.0,persistente,,0.056,ifn_2010
5768,Pinus_pinaster,True,711,0.0,persistente,,0.042,ifn_2010
5769,Pinus_pinaster,True,268,0.0,persistente,,0.035,ifn_2010
5771,Pinus_pinaster,True,880,0.0,persistente,,0.117,ifn_2010
5772,Pinus_pinaster,True,459,0.0,persistente,,0.026,ifn_2010
5773,Pinus_pinaster,True,546,0.0,persistente,,0.026,ifn_2010
5774,Pinus_pinaster,True,213,0.0,persistente,,0.045,ifn_2010
5775,Pinus_pinaster,True,842,0.0,persistente,,0.085,ifn_2010
5776,Pinus_pinaster,True,956,0.0,persistente,,0.025,ifn_2010
5777,Pinus_pinaster,True,271,0.0,persistente,,0.1,ifn_2010
5778,Pinus_pinaster,True,522,0.0,persistente,,0.033,ifn_2010
5779,Pinus_pinaster,True,465,0.0,persistente,,0.038,ifn_2010
5780,Pinus_pinaster,True,557,0.0,persistente,,0.058,ifn_2010
5781,Pinus_pinaster,True,1822,0.0,persistente,,0.023,ifn_2010
5782,Pinus_pinaster,True,708,0.0,persistente,,0.042,ifn_2010
5783,Pinus_pinaster,True,120,0.0,persistente,,0.027,ifn_2010
5784,Salix_spp,False,118,0.0,persistente,,0.123,ifn_2010
5789,Pinus_pinaster,True,222,0.0,persistente,,0.02,ifn_2010
5795,Pinus_pinaster,True,448,0.0,persistente,,0.014,ifn_2010
5796,Pinus_pinaster,True,1106,0.0,persistente,,0.021,ifn_2010
5797,Pinus_pinaster,True,988,0.0,persistente,,0.061,ifn_2010
5798,Pinus_pinaster,True,850,0.0,persistente,,0.027,ifn_2010
5799,Pinus_pinaster,True,589,0.0,persistente,,0.123,ifn_2010
5801,Quercus_robur,False,334,0.0,persistente,,0.048,ifn_2010
5802,Eucalyptus_globulus,True,206,0.0,persistente,,0.028,ifn_2010
5816,Eucalyptus_globulus,True,186,0.0,persistente,,0.052,ifn_2010
5818,Eucalyptus_globulus,True,355,0.0,persistente,,0.03,ifn_2010
5819,Pinus_pinaster,True,490,0.0,persistente,,0.035,ifn_2010
5822,Pinus_pinaster,True,606,0.0,persistente,,0.062,ifn_2010
5823,Eucalyptus_globulus,True,202,0.0,persistente,,0.156,ifn_2010
5824,Eucalyptus_globulus,True,4112,0.0,persistente,,0.101,ifn_2010
5825,Eucalyptus_globulus,True,5004,0.0,persistente,,0.027,ifn_2010
5826,Eucalyptus_globulus,True,876,0.0,persistente,,0.081,ifn_2010
5827,Quercus_robur,False,1471,0.0,persistente,,0.017,ifn_2010
5828,Pinus_pinaster,True,4164,0.0,persistente,,0.027,ifn_2010
5829,Quercus_robur,False,136,0.0,persistente,,0.074,ifn_2010
5830,Eucalyptus_globulus,True,346,0.0,persistente,,0.016,ifn_2010
5831,Quercus_robur,False,294,0.0,persistente,,0.023,ifn_2010
5832,Pinus_pinaster,True,1177,0.0,persistente,,0.029,ifn_2010
5833,Eucalyptus_globulus,True,997,0.0,persistente,,0.075,ifn_2010
5834,Eucalyptus_globulus,True,216,0.0,persistente,,0.031,ifn_2010
5835,Pinus_pinaster,True,1578,0.0,persistente,,0.012,ifn_2010
5836,Pinus_pinaster,True,4397,0.0,persistente,,0.012,ifn_2010
5837,Pinus_pinaster,True,16007,0.0,persistente,,0.015,ifn_2010
5838,Eucalyptus_globulus,True,1696,0.0,persistente,,0.019,ifn_2010
5839,Pinus_pinaster,True,19030,0.0,persistente,,0.018,ifn_2010
5840,Quercus_robur,False,196,0.0,persistente,,0.013,ifn_2010
5841,Pinus_pinaster,True,14377,0.0,persistente,,0.014,ifn_2010
5842,Pinus_pinaster,True,782,0.0,persistente,,0.062,ifn_2010
5843,Pinus_pinaster,True,0,0.0,sin_dato,,,sin_serie
5844,Pinus_pinaster,True,0,0.0,sin_dato,,,sin_serie
5845,Pinus_pinaster,True,0,0.0,sin_dato,,,sin_serie
5846,Pinus_pinaster,True,0,0.0,sin_dato,,,sin_serie
5847,Pinus_pinaster,True,0,0.0,sin_dato,,,sin_serie
5850,Pinus_pinaster,True,182,0.0,persistente,,0.072,ifn_2010
5851,Pinus_pinaster,True,827,0.0,persistente,,0.027,ifn_2010
5863,Alnus_glutinosa,False,111,0.0,persistente,,0.024,ifn_2010
5864,Pinus_pinaster,True,459,0.0,persistente,,0.02,ifn_2010
5878,Pinus_pinaster,True,634,0.0,persistente,,0.051,ifn_2010
5879,Pinus_pinaster,True,412,0.0,persistente,,0.023,ifn_2010
5880,Pinus_pinaster,True,290,0.0,persistente,,0.072,ifn_2010
5881,Pinus_pinaster,True,262,0.0,persistente,,0.063,ifn_2010
5940,Alnus_glutinosa,False,64,0.0,persistente,,0.108,ifn_2010
5941,Pinus_pinaster,True,0,0.0,sin_dato,,,sin_serie
5942,Eucalyptus_globulus,True,345,0.0,persistente,,0.016,ifn_2010
5954,Eucalyptus_globulus,True,0,0.0,sin_dato,,,sin_serie
5964,Pinus_pinaster,True,53,0.0,persistente,,0.057,ifn_2010
5965,Pinus_pinaster,True,0,0.0,sin_dato,,,sin_serie
5971,Pinus_pinaster,True,200,0.0,persistente,,0.153,ifn_2010
5972,Eucalyptus_globulus,True,185,0.0,persistente,,0.051,ifn_2010
5973,Eucalyptus_globulus,True,219,0.0,persistente,,0.037,ifn_2010
5974,Pinus_pinaster,True,624,0.0,persistente,,0.017,ifn_2010
5975,Pinus_pinaster,True,1437,0.0,persistente,,0.014,ifn_2010
5976,Eucalyptus_globulus,True,468,0.0,persistente,,0.05,ifn_2010
5977,Pinus_pinaster,True,424,0.0,persistente,,0.013,ifn_2010
5978,Eucalyptus_globulus,True,240,0.0,persistente,,0.07,ifn_2010
5979,Pinus_pinaster,True,1334,0.0,persistente,,0.039,ifn_2010
5980,Pinus_pinaster,True,2841,0.0,persistente,,0.026,ifn_2010
5981,Eucalyptus_globulus,True,2346,0.0,persistente,,0.025,ifn_2010
5982,Pinus_pinaster,True,843,0.0,persistente,,0.018,ifn_2010
5983,Eucalyptus_globulus,True,188,0.0,persistente,,0.1,ifn_2010
5984,Eucalyptus_globulus,True,1873,0.0,persistente,,0.035,ifn_2010
5985,Eucalyptus_globulus,True,1596,0.0,persistente,,0.017,ifn_2010
5986,Eucalyptus_globulus,True,13332,0.0,persistente,,0.013,ifn_2010
5987,Eucalyptus_globulus,True,2227,0.0,persistente,,0.02,ifn_2010
5988,Quercus_robur,False,217,0.0,persistente,,0.006,ifn_2010
5989,Pinus_pinaster,True,172,0.0,persistente,,0.056,ifn_2010
5990,Eucalyptus_globulus,True,783,0.0,persistente,,0.033,ifn_2010
5991,Pinus_pinaster,True,6968,0.0,persistente,,0.013,ifn_2010
5992,Pinus_pinaster,True,938,0.0,persistente,,0.049,ifn_2010
5993,Pinus_pinaster,True,5554,0.0,persistente,,0.049,ifn_2010
5994,Quercus_robur,False,192,0.0,persistente,,0.029,ifn_2010
5995,Eucalyptus_globulus,True,617,0.0,persistente,,0.054,ifn_2010
5996,Pinus_pinaster,True,139,0.0,persistente,,0.042,ifn_2010
5997,Pinus_pinaster,True,780,0.0,persistente,,0.06,ifn_2010
5998,Pinus_pinaster,True,154,0.0,persistente,,0.021,ifn_2010
5999,Pinus_pinaster,True,304,0.0,persistente,,0.042,ifn_2010
6000,Pinus_pinaster,True,9810,0.0,persistente,,0.071,ifn_2010
6001,Pinus_pinaster,True,3084,0.0,persistente,,0.027,ifn_2010
6002,Eucalyptus_globulus,True,8225,0.0,persistente,,0.011,ifn_2010
6003,Pinus_pinaster,True,3542,0.0,persistente,,0.025,ifn_2010
6016,Eucalyptus_globulus,True,1296,0.0,persistente,,0.111,ifn_2010
6017,Pinus_pinaster,True,123,0.0,persistente,,0.041,ifn_2010
6043,Pinus_pinaster,True,7590,0.0,persistente,,0.039,ifn_2010
6044,Pinus_radiata,True,110,0.0,persistente,,0.13,ifn_2010
6045,Pinus_pinaster,True,7612,0.0,persistente,,0.022,ifn_2010
6046,Eucalyptus_globulus,True,12697,0.0,persistente,,0.019,ifn_2010
6047,Pinus_pinaster,True,19018,0.0,persistente,,0.018,ifn_2010
6048,Pinus_pinaster,True,1677,0.0,persistente,,0.009,ifn_2010
6049,Pinus_pinaster,True,6039,0.0,persistente,,0.022,ifn_2010
6050,Pinus_pinaster,True,375,0.0,persistente,,0.046,ifn_2010
6051,Eucalyptus_globulus,True,1014,0.0,persistente,,0.058,ifn_2010
6052,Quercus_robur,False,548,0.0,persistente,,0.032,ifn_2010
6053,Eucalyptus_globulus,True,559,0.0,persistente,,0.064,ifn_2010
6054,Pinus_pinaster,True,408,0.0,persistente,,0.11,ifn_2010
6055,Quercus_robur,False,1681,0.0,persistente,,0.025,ifn_2010
6056,Pinus_pinaster,True,983,0.0,persistente,,0.122,ifn_2010
6057,Pinus_pinaster,True,1666,0.0,persistente,,0.029,ifn_2010
6058,Eucalyptus_globulus,True,469,0.0,persistente,,0.092,ifn_2010
6059,Eucalyptus_globulus,True,2799,0.0,persistente,,0.058,ifn_2010
6060,Pinus_pinaster,True,1210,0.0,persistente,,0.04,ifn_2010
6061,Eucalyptus_globulus,True,1460,0.0,persistente,,0.033,ifn_2010
6062,Eucalyptus_globulus,True,933,0.0,persistente,,0.051,ifn_2010
6063,Eucalyptus_globulus,True,1133,0.0,evento,2018.0,0.393,prohibida_rebrote
6064,Eucalyptus_globulus,True,2797,0.0,persistente,,0.087,ifn_2010
6065,Pinus_radiata,True,2838,0.0,evento,2025.0,0.185,desconocida
6066,Eucalyptus_globulus,True,445,0.0,persistente,,0.009,ifn_2010
6067,Pinus_radiata,True,5971,0.0,persistente,,0.034,ifn_2010
6068,Eucalyptus_globulus,True,4094,0.0,persistente,,0.035,ifn_2010
6069,Eucalyptus_globulus,True,270,0.0,persistente,,0.004,ifn_2010
6070,Pinus_radiata,True,273,0.0,persistente,,0.074,ifn_2010
6071,Eucalyptus_globulus,True,6372,0.0,persistente,,0.028,ifn_2010
6072,Quercus_robur,False,316,0.0,persistente,,0.048,ifn_2010
6073,Eucalyptus_globulus,True,1688,0.0,persistente,,0.045,ifn_2010
6074,Eucalyptus_globulus,True,935,0.0,persistente,,0.063,ifn_2010
6075,Pinus_pinaster,True,1714,0.0,persistente,,0.16,ifn_2010
6076,Eucalyptus_globulus,True,175,0.0,persistente,,0.085,ifn_2010
6077,Quercus_robur,False,518,0.0,persistente,,0.231,ifn_2010
6078,Eucalyptus_globulus,True,3605,0.0,persistente,,0.032,ifn_2010
6079,Pinus_pinaster,True,455,0.0,persistente,,0.144,ifn_2010
6080,Eucalyptus_globulus,True,6072,0.0,persistente,,0.044,ifn_2010
6081,Castanea_sativa,False,157,0.0,persistente,,0.038,ifn_2010
6082,Quercus_robur,False,279,0.0,persistente,,0.022,ifn_2010
6083,Quercus_robur,False,153,0.0,persistente,,0.031,ifn_2010
6084,Pinus_radiata,True,203,0.0,persistente,,0.083,ifn_2010
6087,Eucalyptus_globulus,True,1799,0.0,persistente,,0.032,ifn_2010
6088,Eucalyptus_globulus,True,856,0.0,persistente,,0.043,ifn_2010
6090,Eucalyptus_globulus,True,1295,0.0,persistente,,0.083,ifn_2010
6094,Pinus_pinaster,True,2889,0.0,persistente,,0.053,ifn_2010
6095,Eucalyptus_globulus,True,845,0.0,persistente,,0.067,ifn_2010
6097,Eucalyptus_globulus,True,263,0.0,persistente,,0.048,ifn_2010
6098,Pinus_pinaster,True,289,0.0,persistente,,0.091,ifn_2010
6099,Eucalyptus_globulus,True,193,0.0,persistente,,0.132,ifn_2010
6101,Quercus_robur,False,151,0.0,persistente,,0.049,ifn_2010
6103,Eucalyptus_globulus,True,162,0.0,persistente,,0.082,ifn_2010
6105,Pinus_pinaster,True,110,0.0,persistente,,0.034,ifn_2010
6106,Pinus_pinaster,True,244,0.0,persistente,,0.033,ifn_2010
6107,Eucalyptus_globulus,True,1003,0.0,evento,2023.0,0.252,prohibida_rebrote
6109,Pinus_radiata,True,103,0.0,persistente,,0.173,ifn_2010
6119,Pinus_pinaster,True,0,0.0,sin_dato,,,sin_serie
6121,Pinus_radiata,True,0,0.0,sin_dato,,,sin_serie
6134,Pinus_pinaster,True,0,0.0,sin_dato,,,sin_serie
6138,Pinus_pinaster,True,0,0.0,sin_dato,,,sin_serie
6143,Pinus_pinaster,True,0,0.0,sin_dato,,,sin_serie
6144,Pinus_pinaster,True,0,0.0,sin_dato,,,sin_serie
6145,Pinus_pinaster,True,0,0.0,sin_dato,,,sin_serie
6147,Pinus_pinaster,True,0,0.0,sin_dato,,,sin_serie
6152,Pinus_pinaster,True,3792,0.0,persistente,,0.028,ifn_2010
6164,Eucalyptus_globulus,True,2619,0.0,persistente,,0.057,ifn_2010
6165,Pinus_pinaster,True,6829,0.0,persistente,,0.036,ifn_2010
6166,Pinus_pinaster,True,14839,0.0,persistente,,0.036,ifn_2010
6167,Pinus_pinaster,True,1432,0.0,persistente,,0.038,ifn_2010
6168,Pinus_pinaster,True,0,0.0,sin_dato,,,sin_serie
6169,Pinus_pinaster,True,1641,0.0,persistente,,0.049,ifn_2010
6170,Pinus_pinaster,True,1275,0.0,persistente,,0.023,ifn_2010
6171,Pinus_pinaster,True,1589,0.0,persistente,,0.059,ifn_2010
6172,Pinus_pinaster,True,56105,0.0,persistente,,0.032,ifn_2010
6173,Pinus_pinaster,True,34479,0.0,persistente,,0.086,ifn_2010
6174,Eucalyptus_globulus,True,7613,0.0,persistente,,0.081,ifn_2010
6175,Quercus_robur,False,2472,0.0,persistente,,0.026,ifn_2010
6176,Pinus_pinaster,True,5151,0.0,persistente,,0.049,ifn_2010
6177,Quercus_robur,False,0,0.0,sin_dato,,,sin_serie
6178,Quercus_robur,False,0,0.0,sin_dato,,,sin_serie
6179,Eucalyptus_globulus,True,0,0.0,sin_dato,,,sin_serie
6180,Pinus_pinaster,True,0,0.0,sin_dato,,,sin_serie
6181,Pinus_pinaster,True,14566,0.0,evento,2023.0,0.334,desconocida
6182,Pinus_pinaster,True,0,0.0,sin_dato,,,sin_serie
6183,Pinus_pinaster,True,24,0.0,persistente,,0.11,ifn_2010
6184,Pinus_pinaster,True,1051,0.0,persistente,,0.04,ifn_2010
6185,Pinus_pinaster,True,629,0.0,persistente,,0.034,ifn_2010
6186,Eucalyptus_globulus,True,5186,0.0,persistente,,0.026,ifn_2010
6187,Pinus_pinaster,True,26174,0.0,persistente,,0.021,ifn_2010
6188,Pinus_pinaster,True,32,0.0,persistente,,0.053,ifn_2010
6189,Eucalyptus_globulus,True,0,0.0,sin_dato,,,sin_serie
6190,Eucalyptus_globulus,True,0,0.0,sin_dato,,,sin_serie
6191,Pinus_pinaster,True,21335,0.0,persistente,,0.026,ifn_2010
6192,Eucalyptus_globulus,True,11674,0.0,persistente,,0.027,ifn_2010
6193,Quercus_robur,False,2316,0.0,persistente,,0.046,ifn_2010
6194,Quercus_robur,False,2382,0.0,persistente,,0.012,ifn_2010
6195,Eucalyptus_globulus,True,39479,0.0,persistente,,0.04,ifn_2010
6196,Pinus_pinaster,True,2259,0.0,persistente,,0.064,ifn_2010
6197,Pinus_radiata,True,253,0.0,persistente,,0.089,ifn_2010
6198,Pinus_pinaster,True,256,0.0,persistente,,0.045,ifn_2010
6199,Eucalyptus_globulus,True,9451,0.0,persistente,,0.026,ifn_2010
6200,Eucalyptus_globulus,True,5509,0.0,persistente,,0.146,ifn_2010
6201,Pinus_pinaster,True,197,0.0,persistente,,0.109,ifn_2010
6202,Eucalyptus_globulus,True,380,0.0,persistente,,0.058,ifn_2010
6203,Eucalyptus_globulus,True,33864,0.0,persistente,,0.031,ifn_2010
6204,Quercus_robur,False,1070,0.0,persistente,,0.039,ifn_2010
6205,Eucalyptus_globulus,True,15105,0.0,persistente,,0.066,ifn_2010
6206,Eucalyptus_globulus,True,20490,0.0,persistente,,0.051,ifn_2010
6207,Eucalyptus_globulus,True,15878,0.0,persistente,,0.013,ifn_2010
6208,Eucalyptus_globulus,True,4781,0.0,persistente,,0.093,ifn_2010
6209,Eucalyptus_globulus,True,1407,0.0,persistente,,0.02,ifn_2010
6210,Pinus_pinaster,True,643,0.0,persistente,,0.055,ifn_2010
6211,Pinus_pinaster,True,0,0.0,sin_dato,,,sin_serie
6214,Eucalyptus_globulus,True,0,0.0,sin_dato,,,sin_serie
6215,Pinus_pinaster,True,898,0.0,persistente,,0.023,ifn_2010
6219,Pinus_pinaster,True,0,0.0,sin_dato,,,sin_serie
6222,Pinus_pinaster,True,5615,0.0,persistente,,0.056,ifn_2010
6244,Eucalyptus_globulus,True,0,0.0,sin_dato,,,sin_serie
6245,Eucalyptus_globulus,True,0,0.0,sin_dato,,,sin_serie
6246,Pinus_pinaster,True,0,0.0,sin_dato,,,sin_serie
6247,Pinus_pinaster,True,0,0.0,sin_dato,,,sin_serie
6251,Pinus_pinaster,True,0,0.0,sin_dato,,,sin_serie
6252,Eucalyptus_globulus,True,0,0.0,sin_dato,,,sin_serie
6253,Eucalyptus_globulus,True,0,0.0,sin_dato,,,sin_serie
6263,Pinus_pinaster,True,0,0.0,sin_dato,,,sin_serie
6266,Eucalyptus_globulus,True,2466,0.0,persistente,,0.071,ifn_2010
6267,Eucalyptus_globulus,True,992,0.0,persistente,,0.123,ifn_2010
6268,Eucalyptus_globulus,True,1861,0.0,persistente,,0.077,ifn_2010
6269,Eucalyptus_globulus,True,5839,0.0,evento,2023.0,0.363,prohibida_rebrote
6270,Quercus_robur,False,0,0.0,sin_dato,,,sin_serie
6272,Eucalyptus_globulus,True,0,0.0,sin_dato,,,sin_serie
6293,Pinus_pinaster,True,1256,0.0,persistente,,0.049,ifn_2010
6361,Alnus_glutinosa,False,534,0.0,persistente,,0.052,ifn_2010
6363,Pinus_pinaster,True,1644,0.0,persistente,,0.062,ifn_2010
6364,Pinus_pinaster,True,10000,0.0,persistente,,0.043,ifn_2010
6365,Pinus_pinaster,True,245,0.0,persistente,,0.108,ifn_2010
6366,Pinus_pinaster,True,1643,0.0,persistente,,0.031,ifn_2010
6367,Pinus_pinaster,True,435,0.0,persistente,,0.054,ifn_2010
6369,Pinus_pinaster,True,592,0.0,persistente,,0.036,ifn_2010
6370,Pinus_pinaster,True,736,0.0,persistente,,0.044,ifn_2010
6372,Pinus_pinaster,True,192,0.0,persistente,,0.029,ifn_2010
6375,Pinus_pinaster,True,1400,0.0,persistente,,0.043,ifn_2010
6377,Pinus_pinaster,True,2035,0.0,persistente,,0.039,ifn_2010
6379,Pinus_pinaster,True,381,0.0,persistente,,0.083,ifn_2010
6380,Eucalyptus_globulus,True,2237,0.0,persistente,,0.104,ifn_2010
6382,Pinus_pinaster,True,138,0.0,persistente,,0.101,ifn_2010
6383,Pinus_pinaster,True,5613,0.0,persistente,,0.019,ifn_2010
6385,Pinus_pinaster,True,7099,0.0,persistente,,0.026,ifn_2010
6386,Pinus_pinaster,True,4749,0.0,persistente,,0.047,ifn_2010
6393,Pinus_pinaster,True,27538,0.0,persistente,,0.055,ifn_2010
6394,Pinus_pinaster,True,2869,0.0,persistente,,0.055,ifn_2010
6395,Pinus_pinaster,True,3700,0.0,persistente,,0.028,ifn_2010
6398,Pinus_pinaster,True,626,0.0,persistente,,0.055,ifn_2010
6399,Eucalyptus_globulus,True,1530,0.0,persistente,,0.032,ifn_2010
6400,Pinus_pinaster,True,1700,0.0,persistente,,0.068,ifn_2010
6401,Pinus_pinaster,True,682,0.0,persistente,,0.037,ifn_2010
6402,Pinus_pinaster,True,262,0.0,persistente,,0.178,ifn_2010
6403,Eucalyptus_globulus,True,1250,0.0,persistente,,0.069,ifn_2010
6404,Eucalyptus_globulus,True,0,0.0,sin_dato,,,sin_serie
6405,Eucalyptus_globulus,True,0,0.0,sin_dato,,,sin_serie
6407,Eucalyptus_globulus,True,0,0.0,sin_dato,,,sin_serie
6408,Eucalyptus_globulus,True,0,0.0,sin_dato,,,sin_serie
6409,Eucalyptus_globulus,True,0,0.0,sin_dato,,,sin_serie
6413,Eucalyptus_globulus,True,0,0.0,sin_dato,,,sin_serie
6414,Eucalyptus_globulus,True,0,0.0,sin_dato,,,sin_serie
6415,Pinus_pinaster,True,0,0.0,sin_dato,,,sin_serie
6471,Pinus_pinaster,True,0,0.0,sin_dato,,,sin_serie
6652,Quercus_robur,False,0,0.0,sin_dato,,,sin_serie
6677,Pinus_pinaster,True,713,0.0,persistente,,0.07,ifn_2010
6678,Pinus_pinaster,True,1642,0.0,persistente,,0.053,ifn_2010
6679,Eucalyptus_globulus,True,3294,0.0,persistente,,0.126,ifn_2010
6680,Eucalyptus_globulus,True,6155,0.0,persistente,,0.058,ifn_2010
6681,Eucalyptus_globulus,True,394,0.0,evento,2019.0,0.242,prohibida_rebrote
6682,Eucalyptus_globulus,True,369,0.0,persistente,,0.007,ifn_2010
6683,Eucalyptus_globulus,True,1200,0.0,evento,2019.0,0.368,prohibida_rebrote
6684,Eucalyptus_globulus,True,441,0.0,evento,2022.0,0.205,prohibida_rebrote
6685,Eucalyptus_globulus,True,3046,0.0,persistente,,0.149,ifn_2010
6686,Eucalyptus_globulus,True,206,0.0,persistente,,0.178,ifn_2010
6687,Pinus_pinaster,True,1640,0.0,persistente,,0.036,ifn_2010
6688,Pinus_pinaster,True,837,0.0,persistente,,0.054,ifn_2010
6689,Eucalyptus_globulus,True,468,0.0,persistente,,0.03,ifn_2010
6690,Eucalyptus_globulus,True,124,0.0,persistente,,0.07,ifn_2010
6691,Eucalyptus_globulus,True,1238,0.0,persistente,,0.09,ifn_2010
6692,Eucalyptus_globulus,True,167,0.0,persistente,,0.014,ifn_2010
6693,Eucalyptus_globulus,True,531,0.0,persistente,,0.091,ifn_2010
6694,Eucalyptus_globulus,True,95,0.0,persistente,,0.079,ifn_2010
6695,Pinus_pinaster,True,134,0.0,persistente,,0.068,ifn_2010
6696,Pinus_pinaster,True,256,0.0,persistente,,0.056,ifn_2010
6697,Eucalyptus_globulus,True,484,0.0,persistente,,0.059,ifn_2010
6698,Eucalyptus_globulus,True,384,0.0,persistente,,0.047,ifn_2010
6699,Eucalyptus_globulus,True,381,0.0,persistente,,0.089,ifn_2010
6700,Pinus_pinaster,True,4111,0.0,persistente,,0.036,ifn_2010
6717,Pinus_pinaster,True,0,0.0,sin_dato,,,sin_serie
6718,Pinus_pinaster,True,0,0.0,sin_dato,,,sin_serie
6726,Eucalyptus_globulus,True,80,0.0,persistente,,0.093,ifn_2010
6732,Pinus_pinaster,True,24312,0.0,persistente,,0.029,ifn_2010
6733,Pinus_pinaster,True,1770,0.0,persistente,,0.082,ifn_2010
6735,Pinus_pinaster,True,0,0.0,sin_dato,,,sin_serie
6739,Pinus_pinaster,True,2476,0.0,persistente,,0.02,ifn_2010
6740,Pinus_pinaster,True,700,0.0,persistente,,0.024,ifn_2010
6741,Pinus_pinaster,True,604,0.0,persistente,,0.022,ifn_2010
6742,Eucalyptus_globulus,True,13175,0.0,persistente,,0.029,ifn_2010
6743,Pinus_radiata,True,622,0.0,evento,2020.0,0.235,desconocida
6744,Alnus_glutinosa,False,166,0.0,persistente,,0.012,ifn_2010
6745,Pinus_pinaster,True,696,0.0,evento,2024.0,0.21,desconocida
6746,Pinus_pinaster,True,1988,0.0,persistente,,0.039,ifn_2010
6747,Pinus_pinaster,True,9197,0.0,persistente,,0.016,ifn_2010
6748,Eucalyptus_globulus,True,3326,0.0,persistente,,0.039,ifn_2010
6749,Pinus_radiata,True,359,0.0,persistente,,0.029,ifn_2010
6758,Pinus_pinaster,True,279,0.0,persistente,,0.138,ifn_2010
6772,Eucalyptus_globulus,True,8329,0.0,persistente,,0.037,ifn_2010
6773,Pinus_pinaster,True,266,0.0,persistente,,0.045,ifn_2010
6789,Pinus_pinaster,True,508,0.0,persistente,,0.124,ifn_2010
6790,Eucalyptus_globulus,True,270,0.0,persistente,,0.02,ifn_2010
6793,Eucalyptus_globulus,True,214,0.0,persistente,,0.041,ifn_2010
6794,Pinus_pinaster,True,0,0.0,sin_dato,,,sin_serie
6795,Pinus_radiata,True,0,0.0,sin_dato,,,sin_serie
6796,Quercus_robur,False,4145,0.0,persistente,,0.012,ifn_2010
6798,Pinus_pinaster,True,5660,0.0,persistente,,0.008,ifn_2010
6800,Eucalyptus_globulus,True,592,0.0,persistente,,0.011,ifn_2010
6803,Quercus_robur,False,0,0.0,sin_dato,,,sin_serie
6805,Eucalyptus_globulus,True,1935,0.0,persistente,,0.044,ifn_2010
6806,Eucalyptus_globulus,True,1977,0.0,evento,2020.0,0.233,prohibida_rebrote
6807,Quercus_robur,False,1443,0.0,persistente,,0.029,ifn_2010
6809,Quercus_rubra,False,849,0.0,persistente,,0.051,ifn_2010
6813,Eucalyptus_globulus,True,9380,0.0,persistente,,0.033,ifn_2010
6815,Pinus_pinaster,True,344,0.0,persistente,,0.028,ifn_2010
6817,Quercus_robur,False,707,0.0,persistente,,0.075,ifn_2010
6818,Eucalyptus_globulus,True,197,0.0,persistente,,0.117,ifn_2010
6819,Quercus_robur,False,729,0.0,persistente,,0.019,ifn_2010
6821,Quercus_robur,False,160,0.0,persistente,,0.058,ifn_2010
6822,Pinus_pinaster,True,316,0.0,persistente,,0.122,ifn_2010
6823,Pinus_pinaster,True,0,0.0,sin_dato,,,sin_serie
6826,Pinus_pinaster,True,4023,0.0,persistente,,0.024,ifn_2010
6827,Quercus_robur,False,1975,0.0,persistente,,0.069,ifn_2010
6829,Pinus_pinaster,True,1597,0.0,persistente,,0.02,ifn_2010
6832,Pinus_pinaster,True,203,0.0,persistente,,0.047,ifn_2010
6833,Eucalyptus_globulus,True,2056,0.0,persistente,,0.195,ifn_2010
6837,Quercus_robur,False,1176,0.0,persistente,,0.016,ifn_2010
6839,Eucalyptus_globulus,True,432,0.0,persistente,,0.035,ifn_2010
6840,Eucalyptus_globulus,True,0,0.0,sin_dato,,,sin_serie
6842,Quercus_robur,False,3826,0.0,persistente,,0.146,ifn_2010
6843,Pinus_pinaster,True,153,0.0,evento,2026.0,0.319,desconocida
6844,Eucalyptus_globulus,True,4935,0.0,persistente,,0.017,ifn_2010
6845,Pinus_pinaster,True,992,0.0,persistente,,0.067,ifn_2010
6846,Quercus_robur,False,365,0.0,persistente,,0.044,ifn_2010
6847,Quercus_robur,False,266,0.0,persistente,,0.031,ifn_2010
6848,Pinus_pinaster,True,6833,0.0,persistente,,0.018,ifn_2010
6849,Pinus_pinaster,True,461,0.0,persistente,,0.026,ifn_2010
6850,Pinus_pinaster,True,1154,0.0,persistente,,0.039,ifn_2010
6851,Quercus_robur,False,1255,0.0,persistente,,0.022,ifn_2010
6852,Populus_x_canadensis,False,135,0.0,persistente,,0.065,ifn_2010
6853,Eucalyptus_globulus,True,888,0.0,persistente,,0.036,ifn_2010
6854,Eucalyptus_globulus,True,559,0.0,persistente,,0.022,ifn_2010
6855,Pinus_pinaster,True,105,0.0,persistente,,0.01,ifn_2010
6856,Pinus_pinaster,True,477,0.0,persistente,,0.03,ifn_2010
6857,Eucalyptus_globulus,True,3205,0.0,persistente,,0.018,ifn_2010
6858,Pinus_pinaster,True,602,0.0,persistente,,0.073,ifn_2010
6859,Quercus_robur,False,2161,0.0,persistente,,0.043,ifn_2010
6860,Quercus_robur,False,1970,0.0,persistente,,0.084,ifn_2010
6862,Pinus_pinaster,True,1565,0.0,persistente,,0.031,ifn_2010
6863,Eucalyptus_globulus,True,786,0.0,persistente,,0.034,ifn_2010
6865,Eucalyptus_globulus,True,365,0.0,persistente,,0.098,ifn_2010
6866,Pinus_pinaster,True,1190,0.0,persistente,,0.066,ifn_2010
6867,Pinus_pinaster,True,300,0.0,persistente,,0.014,ifn_2010
6869,Quercus_robur,False,274,0.0,persistente,,0.044,ifn_2010
6870,Eucalyptus_globulus,True,746,0.0,persistente,,0.099,ifn_2010
6871,Quercus_robur,False,422,0.0,persistente,,0.016,ifn_2010
6873,Eucalyptus_globulus,True,348,0.0,persistente,,0.013,ifn_2010
6875,Eucalyptus_globulus,True,797,0.0,evento,2020.0,0.395,prohibida_rebrote
6876,Eucalyptus_globulus,True,1429,0.0,persistente,,0.065,ifn_2010
6877,Eucalyptus_globulus,True,269,0.0,evento,2020.0,0.211,prohibida_rebrote
6880,Eucalyptus_globulus,True,103,0.0,evento,2021.0,0.635,prohibida_rebrote
6881,Eucalyptus_globulus,True,356,0.0,persistente,,0.007,ifn_2010
6882,Eucalyptus_globulus,True,1326,0.0,persistente,,0.088,ifn_2010
6883,Eucalyptus_globulus,True,2419,0.0,persistente,,0.068,ifn_2010
6884,Pinus_pinaster,True,4878,0.0,persistente,,0.032,ifn_2010
6885,Pinus_pinaster,True,867,0.0,persistente,,0.033,ifn_2010
6886,Quercus_robur,False,755,0.0,persistente,,0.02,ifn_2010
6887,Quercus_robur,False,1297,0.0,persistente,,0.08,ifn_2010
6888,Pinus_pinaster,True,1039,0.0,persistente,,0.023,ifn_2010
6889,Eucalyptus_globulus,True,0,0.0,sin_dato,,,sin_serie
6890,Pinus_pinaster,True,524,0.0,persistente,,0.036,ifn_2010
6891,Quercus_robur,False,813,0.0,persistente,,0.061,ifn_2010
6892,Quercus_robur,False,0,0.0,sin_dato,,,sin_serie
6893,Quercus_robur,False,305,0.0,persistente,,0.024,ifn_2010
6894,Eucalyptus_globulus,True,5860,0.0,persistente,,0.03,ifn_2010
6895,Quercus_robur,False,735,0.0,persistente,,0.014,ifn_2010
6900,Fraxinus_angustifolia,False,1877,0.0,persistente,,0.015,ifn_2010
6910,Quercus_robur,False,196,0.0,persistente,,0.057,ifn_2010
6911,Eucalyptus_globulus,True,1600,0.0,persistente,,0.101,ifn_2010
6912,Eucalyptus_globulus,True,473,0.0,persistente,,0.016,ifn_2010
7031,Pinus_pinaster,True,575,0.0,persistente,,0.071,ifn_2010
7038,Eucalyptus_globulus,True,0,0.0,sin_dato,,,sin_serie
7039,Pinus_pinaster,True,285,0.0,evento,2025.0,0.194,desconocida
7043,Eucalyptus_globulus,True,2754,0.0,persistente,,0.021,ifn_2010
7046,Pinus_pinaster,True,846,0.0,persistente,,0.022,ifn_2010
7052,Eucalyptus_globulus,True,0,0.0,sin_dato,,,sin_serie
7065,Prunus_avium,False,0,0.0,sin_dato,,,sin_serie
7074,Pinus_pinaster,True,0,0.0,sin_dato,,,sin_serie
7102,Eucalyptus_globulus,True,5121,0.0,persistente,,0.026,ifn_2010
7106,Eucalyptus_globulus,True,134,0.0,persistente,,0.037,ifn_2010
7116,Pinus_pinaster,True,0,0.0,sin_dato,,,sin_serie
7119,Pinus_pinaster,True,0,0.0,sin_dato,,,sin_serie
7158,Eucalyptus_globulus,True,756,0.0,persistente,,0.097,ifn_2010
7160,Eucalyptus_globulus,True,380,0.0,persistente,,0.173,ifn_2010
7164,Eucalyptus_globulus,True,2106,0.0,persistente,,0.035,ifn_2010
7169,Eucalyptus_globulus,True,398,0.0,persistente,,0.046,ifn_2010
7182,Eucalyptus_globulus,True,504,0.0,persistente,,0.014,ifn_2010
7183,Pinus_pinaster,True,0,0.0,sin_dato,,,sin_serie
7184,Pinus_pinaster,True,0,0.0,sin_dato,,,sin_serie
7186,Eucalyptus_globulus,True,0,0.0,sin_dato,,,sin_serie
7190,Eucalyptus_globulus,True,138,0.0,evento,2018.0,0.182,prohibida_rebrote
7194,Pinus_pinaster,True,336,0.0,persistente,,0.063,ifn_2010
7195,Eucalyptus_camaldulensis,True,180,0.0,persistente,,0.02,ifn_2010
7196,Pinus_pinaster,True,185,0.0,persistente,,0.023,ifn_2010
7198,Quercus_robur,False,370,0.0,persistente,,0.029,ifn_2010
7200,Salix_caprea,False,143,0.0,persistente,,0.028,ifn_2010
7214,Quercus_robur,False,0,0.0,sin_dato,,,sin_serie
7215,Eucalyptus_globulus,True,448,0.0,persistente,,0.087,ifn_2010
7216,Eucalyptus_globulus,True,409,0.0,persistente,,0.046,ifn_2010
7217,Pinus_pinaster,True,367,0.0,persistente,,0.044,ifn_2010
7218,Eucalyptus_globulus,True,265,0.0,persistente,,0.031,ifn_2010
7219,Quercus_robur,False,120,0.0,persistente,,0.03,ifn_2010
7220,Pinus_pinaster,True,282,0.0,persistente,,0.07,ifn_2010
7228,Quercus_robur,False,110,0.0,persistente,,0.024,ifn_2010
7230,Fraxinus_angustifolia,False,261,0.0,persistente,,0.03,ifn_2010
7235,Pinus_pinaster,True,927,0.0,persistente,,0.02,ifn_2010
7237,Pinus_pinaster,True,0,0.0,sin_dato,,,sin_serie
7244,Quercus_robur,False,0,0.0,sin_dato,,,sin_serie
7245,Pinus_pinaster,True,1111,0.0,persistente,,0.04,ifn_2010
7246,Eucalyptus_globulus,True,5561,0.0,persistente,,0.047,ifn_2010
7247,Quercus_robur,False,518,0.0,persistente,,0.018,ifn_2010
7249,Eucalyptus_globulus,True,933,0.0,persistente,,0.085,ifn_2010
7276,Pinus_pinaster,True,394,0.0,persistente,,0.022,ifn_2010
7277,Eucalyptus_globulus,True,3454,0.0,persistente,,0.049,ifn_2010
7278,Pinus_pinaster,True,1124,0.0,persistente,,0.021,ifn_2010
7279,Pinus_pinaster,True,712,0.0,persistente,,0.039,ifn_2010
7281,Pinus_pinaster,True,10154,0.0,persistente,,0.041,ifn_2010
7282,Pinus_pinaster,True,1553,0.0,persistente,,0.097,ifn_2010
7287,Quercus_robur,False,329,0.0,persistente,,0.025,ifn_2010
10007,Pinus_pinaster,True,110,0.0,persistente,,0.03,ifn_2010
10008,Pinus_pinaster,True,26553,0.0,persistente,,0.027,ifn_2010
10009,Pinus_pinaster,True,7495,0.0,persistente,,0.043,ifn_2010
10011,Pinus_pinaster,True,6420,0.0,persistente,,0.043,ifn_2010
10012,Pinus_pinaster,True,931,0.0,persistente,,0.03,ifn_2010
10013,Pinus_pinaster,True,2001,0.0,persistente,,0.05,ifn_2010
10014,Pinus_pinaster,True,4488,0.0,persistente,,0.027,ifn_2010
10015,Quercus_robur,False,200,0.0,persistente,,0.083,ifn_2010
10016,Quercus_robur,False,809,0.0,persistente,,0.015,ifn_2010
10017,Quercus_robur,False,251,0.0,persistente,,0.03,ifn_2010
10018,Quercus_robur,False,708,0.0,persistente,,0.033,ifn_2010
10019,Quercus_robur,False,1707,0.0,persistente,,0.032,ifn_2010
10020,Quercus_robur,False,590,0.0,persistente,,0.008,ifn_2010
10023,Pinus_pinaster,True,3982,0.0,persistente,,0.192,ifn_2010
10024,Eucalyptus_globulus,True,0,0.0,sin_dato,,,sin_serie
10028,Pinus_pinaster,True,0,0.0,sin_dato,,,sin_serie
10035,Acacia_melanoxylon,True,622,0.0,persistente,,0.059,ifn_2010
10046,Pinus_pinaster,True,525,0.0,persistente,,0.032,ifn_2010
10047,Quercus_robur,False,538,0.0,persistente,,0.015,ifn_2010
10048,Eucalyptus_globulus,True,527,0.0,persistente,,0.087,ifn_2010
10049,Quercus_robur,False,224,0.0,persistente,,0.017,ifn_2010
10050,Castanea_sativa,False,0,0.0,sin_dato,,,sin_serie
10055,Quercus_robur,False,339,0.0,persistente,,0.017,ifn_2010
10064,Eucaliptus_spp,True,0,0.0,sin_dato,,,sin_serie
10071,Eucalyptus_nitens,True,0,0.0,sin_dato,,,sin_serie
10078,Quercus_robur,False,875,0.0,persistente,,0.044,ifn_2010
10079,Quercus_robur,False,653,0.0,persistente,,0.043,ifn_2010
10093,Eucalyptus_globulus,True,874,0.0,persistente,,0.099,ifn_2010
10096,Pinus_pinaster,True,0,0.0,sin_dato,,,sin_serie
10098,Pinus_pinaster,True,3852,0.0,persistente,,0.033,ifn_2010
10419,Pinus_pinaster,True,10437,0.0,persistente,,0.01,ifn_2010
10421,Quercus_robur,False,17903,0.0,persistente,,0.012,ifn_2010
10422,Eucalyptus_globulus,True,1986,0.0,persistente,,0.009,ifn_2010
10423,Pinus_pinaster,True,3891,0.0,persistente,,0.012,ifn_2010
10424,Quercus_robur,False,476,0.0,persistente,,0.008,ifn_2010
10425,Eucalyptus_globulus,True,1228,0.0,persistente,,0.025,ifn_2010
10430,Pinus_pinaster,True,2999,0.0,persistente,,0.046,ifn_2010
10432,Pinus_pinaster,True,1150,0.0,persistente,,0.03,ifn_2010
10433,Pinus_pinaster,True,6546,0.0,persistente,,0.023,ifn_2010
10434,Quercus_robur,False,7502,0.0,persistente,,0.05,ifn_2010
10435,Pinus_pinaster,True,495,0.0,persistente,,0.063,ifn_2010
10474,Pinus_pinaster,True,737,0.0,persistente,,0.056,ifn_2010
10483,Pinus_pinaster,True,25360,0.0,persistente,,0.031,ifn_2010
10486,Quercus_robur,False,196,0.0,persistente,,0.089,ifn_2010
10487,Pinus_pinaster,True,393,0.0,persistente,,0.053,ifn_2010
10488,Pinus_pinaster,True,2688,0.0,persistente,,0.069,ifn_2010
10489,Pinus_pinaster,True,4698,0.0,evento,2022.0,0.195,desconocida
10490,Alnus_glutinosa,False,176,0.0,persistente,,0.038,ifn_2010
10491,Alnus_glutinosa,False,600,0.0,persistente,,0.023,ifn_2010
10492,Pinus_pinaster,True,8573,0.0,persistente,,0.034,ifn_2010
10493,Eucalyptus_globulus,True,10432,0.0,persistente,,0.045,ifn_2010
10494,Pinus_pinaster,True,3436,0.0,persistente,,0.042,ifn_2010
10498,Pinus_pinaster,True,4212,0.0,evento,2019.0,0.289,desconocida
10499,Pinus_pinaster,True,7968,0.0,persistente,,0.09,ifn_2010
10501,Pinus_pinaster,True,23415,0.0,persistente,,0.043,ifn_2010
10503,Pinus_pinaster,True,26810,0.0,persistente,,0.012,ifn_2010
10506,Pinus_pinaster,True,747,0.0,persistente,,0.036,ifn_2010
10509,Quercus_robur,False,2690,0.0,persistente,,0.045,ifn_2010
10510,Quercus_robur,False,1680,0.0,persistente,,0.019,ifn_2010
10512,Quercus_robur,False,2375,0.0,persistente,,0.016,ifn_2010
10518,Quercus_robur,False,2069,0.0,persistente,,0.032,ifn_2010
10519,Alnus_glutinosa,False,476,0.0,persistente,,0.026,ifn_2010
10520,Pinus_pinaster,True,352,0.0,persistente,,0.184,ifn_2010
10521,Pinus_pinaster,True,551,0.0,persistente,,0.029,ifn_2010
10523,Pinus_pinaster,True,252,0.0,persistente,,0.026,ifn_2010
10526,Pinus_pinaster,True,6377,0.0,persistente,,0.085,ifn_2010
10527,Pinus_pinaster,True,3728,0.0,persistente,,0.083,ifn_2010
10530,Pinus_pinaster,True,7306,0.0,persistente,,0.042,ifn_2010
10532,Pinus_pinaster,True,1063,0.0,persistente,,0.007,ifn_2010
10533,Pinus_pinaster,True,201,0.0,persistente,,0.031,ifn_2010
10536,Pinus_pinaster,True,2902,0.0,persistente,,0.06,ifn_2010
10538,Pinus_pinaster,True,1642,0.0,persistente,,0.086,ifn_2010
10539,Quercus_robur,False,3843,0.0,persistente,,0.021,ifn_2010
10540,Pinus_pinaster,True,4304,0.0,persistente,,0.054,ifn_2010
10541,Pinus_pinaster,True,274,0.0,evento,2026.0,0.193,desconocida
10556,Eucalyptus_globulus,True,11826,0.0,persistente,,0.021,ifn_2010
10559,Eucalyptus_globulus,True,1565,0.0,persistente,,0.116,ifn_2010
10560,Pinus_pinaster,True,15352,0.0,persistente,,0.049,ifn_2010
10562,Eucalyptus_globulus,True,3719,0.0,persistente,,0.077,ifn_2010
10567,Pinus_pinaster,True,11806,0.0,persistente,,0.022,ifn_2010
10576,Pinus_pinaster,True,12789,0.0,persistente,,0.015,ifn_2010
10579,Quercus_robur,False,2011,0.0,persistente,,0.055,ifn_2010
10580,Quercus_robur,False,1106,0.0,persistente,,0.048,ifn_2010
10581,Pinus_pinaster,True,21026,0.0,persistente,,0.03,ifn_2010
10582,Eucalyptus_globulus,True,136,0.0,evento,2025.0,0.323,prohibida_rebrote
10583,Pinus_pinaster,True,27022,0.0,persistente,,0.034,ifn_2010
10584,Quercus_robur,False,761,0.0,persistente,,0.006,ifn_2010
10585,Pinus_pinaster,True,6995,0.0,persistente,,0.045,ifn_2010
10586,Pinus_pinaster,True,6455,0.0,persistente,,0.074,ifn_2010
10587,Eucalyptus_globulus,True,13034,0.0,persistente,,0.084,ifn_2010
10588,Pinus_pinaster,True,129,0.0,persistente,,0.035,ifn_2010
10636,Pinus_pinaster,True,4292,0.0,persistente,,0.049,ifn_2010
10637,Pinus_pinaster,True,902,0.0,persistente,,0.043,ifn_2010
10638,Pinus_pinaster,True,1562,0.0,persistente,,0.037,ifn_2010
10639,Pinus_pinaster,True,3366,0.0,persistente,,0.071,ifn_2010
10640,Quercus_robur,False,2408,0.0,persistente,,0.018,ifn_2010
10642,Quercus_robur,False,3483,0.0,persistente,,0.019,ifn_2010
10643,Pinus_pinaster,True,2908,0.0,persistente,,0.113,ifn_2010
10644,Pinus_pinaster,True,191,0.0,persistente,,0.018,ifn_2010
10647,Pinus_pinaster,True,4562,0.0,persistente,,0.017,ifn_2010
10648,Eucalyptus_globulus,True,1290,0.0,persistente,,0.043,ifn_2010
10651,Eucalyptus_globulus,True,1119,0.0,persistente,,0.183,ifn_2010
10653,Eucalyptus_globulus,True,1637,0.0,persistente,,0.025,ifn_2010
10655,Pinus_pinaster,True,6631,0.0,persistente,,0.018,ifn_2010
10657,Pinus_pinaster,True,461,0.0,persistente,,0.123,ifn_2010
10658,Pinus_pinaster,True,401,0.0,persistente,,0.123,ifn_2010
10661,Pinus_pinaster,True,2812,0.0,persistente,,0.07,ifn_2010
10662,Pinus_pinaster,True,974,0.0,persistente,,0.06,ifn_2010
10663,Pinus_pinaster,True,136,0.0,persistente,,0.065,ifn_2010
10664,Pinus_pinaster,True,181,0.0,persistente,,0.077,ifn_2010
10666,Pinus_pinaster,True,921,0.0,persistente,,0.023,ifn_2010
10668,Pinus_pinaster,True,185,0.0,persistente,,0.051,ifn_2010
10670,Eucalyptus_globulus,True,22238,0.0,persistente,,0.049,ifn_2010
10671,Eucalyptus_globulus,True,17331,0.0,persistente,,0.083,ifn_2010
10674,Pinus_pinaster,True,594,0.0,persistente,,0.127,ifn_2010
10678,Pinus_pinaster,True,2930,0.0,persistente,,0.017,ifn_2010
10680,Pinus_pinaster,True,167,0.0,persistente,,0.047,ifn_2010
10681,Pinus_pinaster,True,1170,0.0,persistente,,0.01,ifn_2010
10682,Pinus_pinaster,True,754,0.0,persistente,,0.03,ifn_2010
10684,Eucalyptus_globulus,True,452,0.0,persistente,,0.037,ifn_2010
10686,Eucalyptus_globulus,True,626,0.0,persistente,,0.078,ifn_2010
10687,Eucalyptus_globulus,True,370,0.0,persistente,,0.067,ifn_2010
10688,Eucalyptus_globulus,True,582,0.0,persistente,,0.05,ifn_2010
10689,Eucalyptus_globulus,True,134,0.0,persistente,,0.035,ifn_2010
10690,Eucalyptus_globulus,True,391,0.0,persistente,,0.139,ifn_2010
10691,Eucalyptus_globulus,True,259,0.0,persistente,,0.049,ifn_2010
10692,Eucalyptus_globulus,True,294,0.0,persistente,,0.034,ifn_2010
10693,Quercus_robur,False,2525,0.0,persistente,,0.062,ifn_2010
10694,Pinus_pinaster,True,617,0.0,evento,2020.0,0.256,desconocida
10697,Pseudotsuga_menziesii,True,587,0.0,persistente,,0.068,ifn_2010
10698,Eucalyptus_globulus,True,165,0.0,evento,2019.0,0.327,prohibida_rebrote
10704,Pinus_pinaster,True,2661,0.012,persistente,,0.02,ifn_2010
10705,Pinus_pinaster,True,631,0.0,evento,2020.0,0.598,desconocida
10707,Eucalyptus_globulus,True,0,0.0,sin_dato,,,sin_serie
10710,Eucalyptus_globulus,True,0,0.0,sin_dato,,,sin_serie
10717,Eucalyptus_globulus,True,0,0.0,sin_dato,,,sin_serie
10738,Pinus_pinaster,True,337,0.0,evento,2025.0,0.478,desconocida
10739,Quercus_robur,False,2727,0.0,persistente,,0.013,ifn_2010
10759,Pinus_radiata,True,0,0.0,sin_dato,,,sin_serie
10766,Pinus_pinaster,True,4884,0.0,persistente,,0.048,ifn_2010
10768,Pinus_pinaster,True,0,0.0,sin_dato,,,sin_serie
10769,Pinus_pinaster,True,0,0.0,sin_dato,,,sin_serie
10770,Pinus_pinaster,True,0,0.0,sin_dato,,,sin_serie
10771,Eucalyptus_globulus,True,0,0.0,sin_dato,,,sin_serie
10775,Eucalyptus_globulus,True,0,0.0,sin_dato,,,sin_serie
10778,Eucalyptus_globulus,True,0,0.0,sin_dato,,,sin_serie
10779,Eucalyptus_globulus,True,0,0.0,sin_dato,,,sin_serie
10780,Eucalyptus_globulus,True,0,0.0,sin_dato,,,sin_serie
10781,Eucalyptus_globulus,True,0,0.0,sin_dato,,,sin_serie
10782,Eucalyptus_globulus,True,0,0.0,sin_dato,,,sin_serie
10783,Eucalyptus_globulus,True,707,0.0,persistente,,0.036,ifn_2010
10784,Eucalyptus_globulus,True,363,0.0,persistente,,0.124,ifn_2010
10785,Eucalyptus_globulus,True,0,0.0,sin_dato,,,sin_serie
10786,Quercus_robur,False,0,0.0,sin_dato,,,sin_serie
10787,Pinus_pinaster,True,1231,0.0,persistente,,0.054,ifn_2010
10788,Pinus_pinaster,True,705,0.0,persistente,,0.034,ifn_2010
10789,Eucalyptus_globulus,True,1080,0.0,persistente,,0.066,ifn_2010
10790,Eucalyptus_globulus,True,3845,0.0,persistente,,0.05,ifn_2010
10791,Eucalyptus_globulus,True,30569,0.0,persistente,,0.021,ifn_2010
10792,Pinus_pinaster,True,1651,0.0,persistente,,0.05,ifn_2010
10793,Pinus_pinaster,True,531,0.0,persistente,,0.125,ifn_2010
10794,Pinus_pinaster,True,205,0.0,persistente,,0.066,ifn_2010
10795,Eucalyptus_globulus,True,13769,0.0,persistente,,0.018,ifn_2010
10796,Pinus_pinaster,True,15203,0.0,persistente,,0.036,ifn_2010
10797,Eucalyptus_globulus,True,798,0.0,persistente,,0.147,ifn_2010
10798,Pinus_radiata,True,8049,0.0,persistente,,0.04,ifn_2010
10799,Pinus_radiata,True,628,0.0,evento,2019.0,0.252,desconocida
10800,Pinus_pinaster,True,1969,0.0,persistente,,0.06,ifn_2010
10801,Eucalyptus_globulus,True,183,0.0,persistente,,0.189,ifn_2010
10802,Pinus_pinaster,True,2046,0.0,persistente,,0.078,ifn_2010
10803,Pinus_pinaster,True,295,0.0,persistente,,0.026,ifn_2010
10804,Eucalyptus_globulus,True,3916,0.0,persistente,,0.072,ifn_2010
10805,Eucalyptus_globulus,True,2326,0.0,persistente,,0.026,ifn_2010
10806,Pinus_pinaster,True,1443,0.0,persistente,,0.049,ifn_2010
10807,Eucalyptus_globulus,True,464,0.0,persistente,,0.073,ifn_2010
10840,Pinus_pinaster,True,0,0.0,sin_dato,,,sin_serie
10846,Pinus_pinaster,True,0,0.0,sin_dato,,,sin_serie
10868,Pinus_pinaster,True,0,0.0,sin_dato,,,sin_serie
10869,Pinus_pinaster,True,0,0.0,sin_dato,,,sin_serie
10873,Pinus_pinaster,True,31137,0.0,persistente,,0.009,ifn_2010
10877,Pinus_pinaster,True,0,0.0,sin_dato,,,sin_serie
10878,Eucalyptus_globulus,True,0,0.0,sin_dato,,,sin_serie
10879,Pinus_pinaster,True,0,0.0,sin_dato,,,sin_serie
10880,Pinus_pinaster,True,0,0.0,sin_dato,,,sin_serie
10881,Pinus_pinaster,True,0,0.0,sin_dato,,,sin_serie
10882,Eucalyptus_globulus,True,0,0.0,sin_dato,,,sin_serie
10883,Eucalyptus_globulus,True,18697,0.0,persistente,,0.023,ifn_2010
10884,Pinus_radiata,True,1070,0.0,persistente,,0.131,ifn_2010
10885,Pinus_radiata,True,136,0.0,persistente,,0.026,ifn_2010
10886,Eucalyptus_globulus,True,813,0.0,persistente,,0.114,ifn_2010
10887,Eucalyptus_globulus,True,478,0.0,persistente,,0.042,ifn_2010
10893,Pinus_pinaster,True,5208,0.0,persistente,,0.106,ifn_2010
10894,Pinus_pinaster,True,5038,0.0,persistente,,0.047,ifn_2010
10905,Pinus_pinaster,True,0,0.0,sin_dato,,,sin_serie
10906,Pinus_pinaster,True,0,0.0,sin_dato,,,sin_serie
10907,Eucalyptus_globulus,True,0,0.0,sin_dato,,,sin_serie
10908,Pinus_radiata,True,0,0.0,sin_dato,,,sin_serie
10913,Pinus_pinaster,True,0,0.0,sin_dato,,,sin_serie
10922,Eucalyptus_globulus,True,1512,0.0,evento,2025.0,0.334,prohibida_rebrote
10923,Eucalyptus_globulus,True,949,0.0,persistente,,0.121,ifn_2010
10924,Eucalyptus_globulus,True,842,0.0,persistente,,0.034,ifn_2010
10925,Pinus_pinaster,True,2077,0.0,persistente,,0.017,ifn_2010
10926,Castanea_sativa,False,428,0.0,persistente,,0.036,ifn_2010
10927,Eucalyptus_globulus,True,385,0.0,persistente,,0.062,ifn_2010
10928,Eucalyptus_globulus,True,0,0.0,sin_dato,,,sin_serie
10929,Eucalyptus_globulus,True,0,0.0,sin_dato,,,sin_serie
10930,Pinus_pinaster,True,2892,0.296,persistente,,0.089,ifn_2010
10931,Eucalyptus_globulus,True,0,0.0,sin_dato,,,sin_serie
10932,Pinus_pinaster,True,12667,0.045,persistente,,0.04,ifn_2010
10933,Pinus_pinaster,True,343,0.0,evento,2019.0,0.417,desconocida
10934,Pinus_pinaster,True,8712,0.0,persistente,,0.031,ifn_2010
10935,Pinus_pinaster,True,7076,0.0,persistente,,0.03,ifn_2010
10936,Eucalyptus_globulus,True,569,0.0,persistente,,0.133,ifn_2010
10937,Eucalyptus_globulus,True,0,0.0,sin_dato,,,sin_serie
10938,Pinus_pinaster,True,24139,0.0,persistente,,0.036,ifn_2010
10939,Pinus_pinaster,True,2611,0.0,persistente,,0.04,ifn_2010
10940,Pinus_pinaster,True,9017,0.0,persistente,,0.037,ifn_2010
10941,Pinus_pinaster,True,8402,0.0,persistente,,0.014,ifn_2010
10942,Quercus_robur,False,10983,0.0,persistente,,0.018,ifn_2010
10943,Pinus_pinaster,True,1748,0.0,persistente,,0.019,ifn_2010
10945,Eucalyptus_globulus,True,4876,0.0,persistente,,0.016,ifn_2010
10946,Pinus_pinaster,True,473,0.0,persistente,,0.051,ifn_2010
10947,Pinus_pinaster,True,91,0.0,persistente,,0.03,ifn_2010
10948,Pinus_pinaster,True,271,0.0,persistente,,0.187,ifn_2010
10949,Quercus_robur,False,311,0.0,persistente,,0.17,ifn_2010
10950,Pinus_pinaster,True,6330,0.0,persistente,,0.012,ifn_2010
10951,Pinus_pinaster,True,129,0.0,persistente,,0.103,ifn_2010
10952,Pinus_pinaster,True,843,0.0,persistente,,0.037,ifn_2010
10953,Pinus_pinaster,True,288,0.0,persistente,,0.013,ifn_2010
10954,Pinus_pinaster,True,138,0.0,persistente,,0.077,ifn_2010
10955,Pinus_pinaster,True,529,0.0,persistente,,0.033,ifn_2010
10956,Pinus_pinaster,True,109,0.0,persistente,,0.082,ifn_2010
10957,Pinus_pinaster,True,157,0.0,persistente,,0.043,ifn_2010
10958,Pinus_pinaster,True,171,0.0,persistente,,0.135,ifn_2010
10959,Quercus_robur,False,181,0.0,persistente,,0.109,ifn_2010
10960,Pinus_pinaster,True,806,0.0,persistente,,0.104,ifn_2010
10961,Eucalyptus_globulus,True,1343,0.0,persistente,,0.112,ifn_2010
10962,Pinus_radiata,True,448,0.0,persistente,,0.274,ifn_2010
10963,Pinus_radiata,True,206,0.0,persistente,,0.17,ifn_2010
10964,Quercus_robur,False,1910,0.0,persistente,,0.021,ifn_2010
10965,Quercus_robur,False,223,0.0,persistente,,0.056,ifn_2010
10966,Pinus_pinaster,True,499,0.0,persistente,,0.119,ifn_2010
10967,Pinus_pinaster,True,2070,0.0,persistente,,0.021,ifn_2010
10968,Pinus_pinaster,True,173,0.0,persistente,,0.066,ifn_2010
10969,Pinus_pinaster,True,811,0.0,persistente,,0.143,ifn_2010
10970,Eucalyptus_globulus,True,17787,0.0,persistente,,0.022,ifn_2010
10971,Eucalyptus_globulus,True,556,0.0,persistente,,0.08,ifn_2010
10972,Pinus_pinaster,True,7120,0.0,persistente,,0.032,ifn_2010
10973,Pinus_pinaster,True,0,0.0,sin_dato,,,sin_serie
10974,Pinus_pinaster,True,0,0.0,sin_dato,,,sin_serie
10975,Pinus_pinaster,True,0,0.0,sin_dato,,,sin_serie
10976,Pinus_pinaster,True,0,0.0,sin_dato,,,sin_serie
10977,Eucalyptus_globulus,True,0,0.0,sin_dato,,,sin_serie
10978,Pinus_pinaster,True,0,0.0,sin_dato,,,sin_serie
10979,Quercus_robur,False,279,0.0,persistente,,0.077,ifn_2010
10980,Quercus_robur,False,56,0.0,persistente,,0.136,ifn_2010
10991,Eucalyptus_globulus,True,2235,0.0,persistente,,0.094,ifn_2010
10992,Eucalyptus_globulus,True,1268,0.0,persistente,,0.142,ifn_2010
10993,Quercus_robur,False,3071,0.0,persistente,,0.052,ifn_2010
10994,Quercus_robur,False,318,0.0,persistente,,0.048,ifn_2010
10995,Eucalyptus_globulus,True,0,0.0,sin_dato,,,sin_serie
10996,Pinus_pinaster,True,15442,0.0,persistente,,0.026,ifn_2010
10997,Eucalyptus_globulus,True,0,0.0,sin_dato,,,sin_serie
10998,Eucalyptus_globulus,True,0,0.0,sin_dato,,,sin_serie
10999,Eucalyptus_globulus,True,11782,0.0,persistente,,0.036,ifn_2010
11000,Eucalyptus_globulus,True,5192,0.0,persistente,,0.039,ifn_2010
11001,Eucalyptus_globulus,True,0,0.0,sin_dato,,,sin_serie
11002,Eucalyptus_globulus,True,0,0.0,sin_dato,,,sin_serie
11003,Eucalyptus_globulus,True,0,0.0,sin_dato,,,sin_serie
11004,Eucalyptus_globulus,True,0,0.0,sin_dato,,,sin_serie
11005,Eucalyptus_globulus,True,0,0.0,sin_dato,,,sin_serie
11010,Eucalyptus_globulus,True,2326,0.0,persistente,,0.077,ifn_2010
11011,Pinus_radiata,True,0,0.0,sin_dato,,,sin_serie
11013,Eucalyptus_globulus,True,0,0.0,sin_dato,,,sin_serie
11014,Eucalyptus_globulus,True,3119,0.0,persistente,,0.104,ifn_2010
11020,Eucalyptus_globulus,True,0,0.0,sin_dato,,,sin_serie
11021,Pinus_pinaster,True,368,0.0,persistente,,0.053,ifn_2010
11025,Pinus_pinaster,True,0,0.0,sin_dato,,,sin_serie
11029,Pinus_radiata,True,0,0.0,sin_dato,,,sin_serie
11033,Eucalyptus_globulus,True,0,0.0,sin_dato,,,sin_serie
11038,Pinus_pinaster,True,102,0.0,evento,2019.0,0.2,desconocida
11039,Eucalyptus_globulus,True,11252,0.0,persistente,,0.05,ifn_2010
11040,Alnus_glutinosa,False,872,0.0,persistente,,0.022,ifn_2010
11041,Eucalyptus_globulus,True,440,0.0,persistente,,0.012,ifn_2010
11042,Eucalyptus_globulus,True,0,0.0,sin_dato,,,sin_serie
11044,Pinus_pinaster,True,0,0.0,sin_dato,,,sin_serie
11045,Pinus_pinaster,True,0,0.0,sin_dato,,,sin_serie
11046,Eucalyptus_globulus,True,0,0.0,sin_dato,,,sin_serie
11047,Eucalyptus_globulus,True,0,0.0,sin_dato,,,sin_serie
11048,Eucalyptus_globulus,True,765,0.0,persistente,,0.203,ifn_2010
11049,Pinus_pinaster,True,2617,0.0,persistente,,0.033,ifn_2010
11050,Eucalyptus_globulus,True,0,0.0,sin_dato,,,sin_serie
11051,Pinus_pinaster,True,1348,0.0,persistente,,0.038,ifn_2010
11052,Eucalyptus_globulus,True,0,0.0,sin_dato,,,sin_serie
11097,Pinus_pinaster,True,0,0.0,sin_dato,,,sin_serie
11105,Eucalyptus_globulus,True,0,0.0,sin_dato,,,sin_serie
11106,Eucalyptus_globulus,True,0,0.0,sin_dato,,,sin_serie
11109,Eucalyptus_globulus,True,0,0.0,sin_dato,,,sin_serie
11119,Eucalyptus_globulus,True,0,0.0,sin_dato,,,sin_serie
11121,Pinus_pinaster,True,0,0.0,sin_dato,,,sin_serie
11123,Eucalyptus_globulus,True,0,0.0,sin_dato,,,sin_serie
11124,Pinus_pinaster,True,0,0.0,sin_dato,,,sin_serie
11126,Pinus_pinaster,True,115,0.0,persistente,,0.111,ifn_2010
11128,Pinus_pinaster,True,2116,0.0,persistente,,0.06,ifn_2010
11129,Pinus_pinaster,True,27275,0.0,persistente,,0.02,ifn_2010
11130,Eucalyptus_globulus,True,802,0.0,persistente,,0.064,ifn_2010
11133,Pinus_pinaster,True,14813,0.0,persistente,,0.023,ifn_2010
11135,Eucalyptus_globulus,True,404,0.0,persistente,,0.041,ifn_2010
11139,Pinus_pinaster,True,299,0.0,persistente,,0.145,ifn_2010
11140,Pinus_pinaster,True,14375,0.0,persistente,,0.024,ifn_2010
11141,Pinus_pinaster,True,661,0.0,persistente,,0.03,ifn_2010
11142,Pinus_pinaster,True,28657,0.0,persistente,,0.039,ifn_2010
11143,Quercus_robur,False,84,0.0,persistente,,0.012,ifn_2010
11150,Eucalyptus_globulus,True,0,0.0,sin_dato,,,sin_serie
11156,Quercus_robur,False,0,0.0,sin_dato,,,sin_serie
11159,Pinus_pinaster,True,0,0.0,sin_dato,,,sin_serie
11161,Pinus_pinaster,True,0,0.0,sin_dato,,,sin_serie
11174,Eucalyptus_globulus,True,1565,0.0,persistente,,0.122,ifn_2010
11180,Pinus_pinaster,True,239,0.0,persistente,,0.025,ifn_2010
11191,Eucalyptus_globulus,True,372,0.0,persistente,,0.05,ifn_2010
11192,Pinus_pinaster,True,711,0.0,persistente,,0.057,ifn_2010
11200,Pinus_pinaster,True,9329,0.0,persistente,,0.035,ifn_2010
11201,Pinus_pinaster,True,0,0.0,sin_dato,,,sin_serie
11202,Pinus_pinaster,True,3759,0.0,persistente,,0.128,ifn_2010
11206,Pinus_pinaster,True,414,0.0,persistente,,0.146,ifn_2010
11208,Pinus_pinaster,True,2700,0.0,persistente,,0.026,ifn_2010
11212,Castanea_sativa,False,2651,0.0,persistente,,0.015,ifn_2010
11213,Eucalyptus_globulus,True,1266,0.0,persistente,,0.065,ifn_2010
11214,Pinus_pinaster,True,2309,0.0,persistente,,0.024,ifn_2010
11216,Pinus_pinaster,True,347,0.0,persistente,,0.017,ifn_2010
11217,Eucalyptus_globulus,True,805,0.0,persistente,,0.029,ifn_2010
11218,Pinus_pinaster,True,827,0.0,persistente,,0.035,ifn_2010
11220,Pinus_pinaster,True,462,0.0,persistente,,0.058,ifn_2010
11223,Pinus_pinaster,True,8358,0.0,persistente,,0.05,ifn_2010
11224,Pinus_pinaster,True,4436,0.0,evento,2026.0,0.222,desconocida
11228,Pinus_pinaster,True,2491,0.0,persistente,,0.054,ifn_2010
11229,Eucalyptus_globulus,True,2870,0.0,persistente,,0.033,ifn_2010
11230,Eucalyptus_globulus,True,3148,0.0,persistente,,0.098,ifn_2010
11233,Eucalyptus_globulus,True,3440,0.0,persistente,,0.06,ifn_2010
11234,Pinus_pinaster,True,3020,0.0,persistente,,0.044,ifn_2010
11235,Quercus_robur,False,2669,0.0,persistente,,0.112,ifn_2010
11239,Eucalyptus_globulus,True,2865,0.0,persistente,,0.049,ifn_2010
11241,Pinus_pinaster,True,3704,0.0,persistente,,0.031,ifn_2010
11245,Pinus_pinaster,True,0,0.0,sin_dato,,,sin_serie
11249,Pinus_pinaster,True,2748,0.0,persistente,,0.045,ifn_2010
11822,Pinus_pinaster,True,3767,0.0,persistente,,0.061,ifn_2010
11823,Pinus_pinaster,True,75,0.0,persistente,,0.035,ifn_2010
11824,Eucalyptus_globulus,True,6265,0.0,persistente,,0.085,ifn_2010
11880,Alnus_glutinosa,False,405,0.0,persistente,,0.027,ifn_2010
11881,Quercus_robur,False,16,0.0,persistente,,0.082,ifn_2010
11882,Pinus_pinaster,True,1508,0.0,persistente,,0.02,ifn_2010
11888,Pinus_pinaster,True,551,0.0,persistente,,0.019,ifn_2010
11889,Pinus_pinaster,True,56,0.0,persistente,,0.043,ifn_2010
11890,Quercus_robur,False,26,0.0,persistente,,0.025,ifn_2010
11900,Alnus_glutinosa,False,0,0.0,sin_dato,,,sin_serie
11901,Pinus_pinaster,True,225,0.0,persistente,,0.131,ifn_2010
11902,Quercus_robur,False,1198,0.0,persistente,,0.016,ifn_2010
11909,Quercus_robur,False,843,0.0,persistente,,0.047,ifn_2010
11910,Quercus_robur,False,92,0.0,persistente,,0.074,ifn_2010
11943,Pinus_pinaster,True,0,0.0,sin_dato,,,sin_serie
11944,Pinus_pinaster,True,165,0.0,persistente,,0.147,ifn_2010
11945,Pinus_radiata,True,191,0.0,persistente,,0.057,ifn_2010
11953,Pinus_pinaster,True,0,0.0,sin_dato,,,sin_serie
11954,Pinus_pinaster,True,0,0.0,sin_dato,,,sin_serie
11955,Pinus_pinaster,True,0,0.0,sin_dato,,,sin_serie
11963,Pinus_pinaster,True,17543,0.0,persistente,,0.036,ifn_2010
11964,Pinus_pinaster,True,0,0.0,sin_dato,,,sin_serie
11965,Quercus_robur,False,0,0.0,sin_dato,,,sin_serie
11968,Pinus_pinaster,True,43,0.0,persistente,,0.043,ifn_2010
11969,Eucalyptus_globulus,True,87,0.0,evento,2020.0,0.324,prohibida_rebrote
11970,Pinus_pinaster,True,730,0.0,persistente,,0.123,ifn_2010
11971,Pinus_pinaster,True,112,0.0,persistente,,0.061,ifn_2010
11972,Castanea_sativa,False,288,0.0,persistente,,0.012,ifn_2010
11973,Eucalyptus_globulus,True,276,0.0,persistente,,0.024,ifn_2010
11974,Pinus_pinaster,True,247,0.0,persistente,,0.081,ifn_2010
11975,Quercus_robur,False,565,0.0,persistente,,0.083,ifn_2010
11976,Pinus_pinaster,True,3205,0.0,persistente,,0.081,ifn_2010
11977,Pinus_pinaster,True,62,0.0,persistente,,0.02,ifn_2010
11978,Quercus_robur,False,344,0.0,persistente,,0.026,ifn_2010
11979,Quercus_robur,False,4615,0.0,persistente,,0.129,ifn_2010
11980,Quercus_robur,False,186,0.0,persistente,,0.072,ifn_2010
11981,Pinus_pinaster,True,207,0.0,evento,2023.0,0.667,desconocida
11982,Castanea_sativa,False,161,0.0,persistente,,0.125,ifn_2010
11983,Quercus_robur,False,225,0.0,persistente,,0.151,ifn_2010
11984,Pinus_pinaster,True,142,0.0,persistente,,0.095,ifn_2010
12083,Quercus_robur,False,1067,0.0,persistente,,0.082,ifn_2010
12084,Pinus_pinaster,True,1098,0.0,persistente,,0.139,ifn_2010
12085,Eucalyptus_globulus,True,1690,0.0,persistente,,0.093,ifn_2010
12086,Pinus_pinaster,True,11123,0.0,persistente,,0.048,ifn_2010
12087,Quercus_robur,False,217,0.0,persistente,,0.165,ifn_2010
12088,Pinus_radiata,True,0,0.0,sin_dato,,,sin_serie
12097,Quercus_robur,False,1650,0.0,persistente,,0.055,ifn_2010
12098,Eucalyptus_globulus,True,698,0.0,persistente,,0.062,ifn_2010
12099,Quercus_robur,False,1146,0.0,persistente,,0.095,ifn_2010
12100,Quercus_robur,False,2884,0.0,persistente,,0.035,ifn_2010
12102,Eucalyptus_globulus,True,0,0.0,sin_dato,,,sin_serie
12104,Eucalyptus_globulus,True,0,0.0,sin_dato,,,sin_serie
12106,Eucalyptus_globulus,True,322,0.0,persistente,,0.047,ifn_2010
12107,Pinus_pinaster,True,0,0.0,sin_dato,,,sin_serie
12108,Pinus_pinaster,True,1818,0.0,persistente,,0.019,ifn_2010
12109,Pinus_pinaster,True,398,0.0,persistente,,0.047,ifn_2010
12110,Pinus_pinaster,True,1108,0.0,persistente,,0.042,ifn_2010
12113,Eucalyptus_globulus,True,10991,0.0,persistente,,0.027,ifn_2010
12114,Eucalyptus_globulus,True,0,0.0,sin_dato,,,sin_serie
12116,Pinus_radiata,True,0,0.0,sin_dato,,,sin_serie
12117,Pinus_pinaster,True,3888,0.0,persistente,,0.032,ifn_2010
12118,Eucalyptus_globulus,True,0,0.0,sin_dato,,,sin_serie
12119,Pinus_pinaster,True,0,0.0,sin_dato,,,sin_serie
12121,Quercus_robur,False,0,0.0,sin_dato,,,sin_serie
12127,Quercus_robur,False,0,0.0,sin_dato,,,sin_serie
12130,Pinus_pinaster,True,160,0.0,persistente,,0.179,ifn_2010
12131,Eucalyptus_globulus,True,809,0.0,persistente,,0.064,ifn_2010
12134,Pinus_pinaster,True,0,0.0,sin_dato,,,sin_serie
12136,Quercus_robur,False,0,0.0,sin_dato,,,sin_serie
12142,Pinus_radiata,True,0,0.0,sin_dato,,,sin_serie
12156,Eucalyptus_globulus,True,264,0.0,persistente,,0.037,ifn_2010
12169,Eucalyptus_globulus,True,0,0.0,sin_dato,,,sin_serie
12170,Pinus_pinaster,True,0,0.0,sin_dato,,,sin_serie
12177,Pinus_radiata,True,244,0.0,evento,2026.0,0.376,desconocida
12179,Quercus_robur,False,994,0.0,persistente,,0.024,ifn_2010
12190,Pinus_pinaster,True,459,0.0,persistente,,0.034,ifn_2010
12192,Quercus_robur,False,0,0.0,sin_dato,,,sin_serie
12196,Eucalyptus_globulus,True,0,0.0,sin_dato,,,sin_serie
12197,Quercus_robur,False,3399,0.0,persistente,,0.025,ifn_2010
12198,Eucalyptus_globulus,True,1277,0.0,persistente,,0.069,ifn_2010
12199,Pinus_pinaster,True,2668,0.0,persistente,,0.02,ifn_2010
12202,Quercus_robur,False,510,0.0,persistente,,0.017,ifn_2010
12203,Eucalyptus_globulus,True,1195,0.0,persistente,,0.08,ifn_2010
12204,Pinus_pinaster,True,332,0.0,persistente,,0.081,ifn_2010
12205,Quercus_robur,False,2360,0.0,persistente,,0.034,ifn_2010
12206,Pinus_radiata,True,542,0.0,persistente,,0.047,ifn_2010
12207,Quercus_robur,False,656,0.0,persistente,,0.039,ifn_2010
12209,Pinus_pinaster,True,1228,0.0,persistente,,0.053,ifn_2010
12218,Pinus_pinaster,True,126,0.0,persistente,,0.06,ifn_2010
12224,Eucalyptus_globulus,True,0,0.0,sin_dato,,,sin_serie
12232,Eucalyptus_globulus,True,304,0.0,persistente,,0.208,ifn_2010
12234,Quercus_robur,False,90,0.0,persistente,,0.139,ifn_2010
12241,Eucalyptus_nitens,True,0,0.0,sin_dato,,,sin_serie
12242,Pinus_radiata,True,102,0.0,persistente,,0.062,ifn_2010
12243,Pinus_pinaster,True,2740,0.0,persistente,,0.017,ifn_2010
12244,Pinus_pinaster,True,7664,0.0,persistente,,0.038,ifn_2010
12249,Eucalyptus_globulus,True,2460,0.0,persistente,,0.02,ifn_2010
12250,Eucalyptus_globulus,True,668,0.0,persistente,,0.08,ifn_2010
12252,Pinus_pinaster,True,0,0.0,sin_dato,,,sin_serie
12253,Quercus_robur,False,0,0.0,sin_dato,,,sin_serie
12254,Pinus_pinaster,True,4881,0.0,persistente,,0.023,ifn_2010
12255,Pinus_pinaster,True,1542,0.0,persistente,,0.115,ifn_2010
12268,Pinus_radiata,True,174,0.0,persistente,,0.023,ifn_2010
12269,Eucalyptus_camaldulensis,True,187,0.0,persistente,,0.096,ifn_2010
12294,Eucalyptus_globulus,True,0,0.0,sin_dato,,,sin_serie
12295,Eucalyptus_globulus,True,0,0.0,sin_dato,,,sin_serie
12296,Quercus_robur,False,0,0.0,sin_dato,,,sin_serie
12580,Pinus_pinaster,True,210,0.0,persistente,,0.051,ifn_2010
12581,Quercus_robur,False,1774,0.0,persistente,,0.035,ifn_2010
12582,Pinus_radiata,True,148,0.0,persistente,,0.171,ifn_2010
12583,Pinus_pinaster,True,453,0.0,persistente,,0.036,ifn_2010
12585,Pinus_radiata,True,242,0.0,persistente,,0.219,ifn_2010
25043,Pinus_pinaster,True,14564,0.0,persistente,,0.025,ifn_2010
25044,Pinus_pinaster,True,3758,0.0,persistente,,0.03,ifn_2010
25045,Pinus_pinaster,True,133,0.0,persistente,,0.051,ifn_2010
25050,Eucalyptus_globulus,True,0,0.0,sin_dato,,,sin_serie
25051,Castanea_sativa,False,0,0.0,sin_dato,,,sin_serie
25598,Pinus_pinaster,True,11252,0.0,persistente,,0.033,ifn_2010
25599,Pinus_pinaster,True,2215,0.0,persistente,,0.029,ifn_2010
25604,Pinus_pinaster,True,19866,0.0,persistente,,0.018,ifn_2010
25605,Alnus_glutinosa,False,6819,0.0,persistente,,0.018,ifn_2010
25606,Pinus_pinaster,True,6992,0.0,persistente,,0.036,ifn_2010
25607,Pinus_pinaster,True,1610,0.0,persistente,,0.023,ifn_2010
25608,Quercus_robur,False,1295,0.0,persistente,,0.015,ifn_2010
25613,Eucalyptus_globulus,True,0,0.0,sin_dato,,,sin_serie
25614,Quercus_robur,False,0,0.0,sin_dato,,,sin_serie
25615,Eucalyptus_globulus,True,25113,0.0,persistente,,0.01,ifn_2010
25616,Pinus_pinaster,True,577,0.0,persistente,,0.04,ifn_2010
25617,Pinus_pinaster,True,1464,0.0,persistente,,0.055,ifn_2010
25618,Eucalyptus_globulus,True,377,0.0,persistente,,0.133,ifn_2010
25619,Quercus_robur,False,10710,0.0,persistente,,0.022,ifn_2010
25620,Eucalyptus_globulus,True,1025,0.0,persistente,,0.02,ifn_2010
25621,Eucalyptus_globulus,True,182,0.0,persistente,,0.181,ifn_2010
25622,Pinus_pinaster,True,712,0.0,persistente,,0.046,ifn_2010
25623,Pinus_pinaster,True,12786,0.0,persistente,,0.036,ifn_2010
25757,Alnus_glutinosa,False,306,0.0,persistente,,0.006,ifn_2010
25758,Alnus_glutinosa,False,99,0.0,persistente,,0.049,ifn_2010
25759,Alnus_glutinosa,False,391,0.056,persistente,,0.026,ifn_2010
25760,Alnus_glutinosa,False,778,0.0,persistente,,0.014,ifn_2010
25761,Alnus_glutinosa,False,16,0.0,persistente,,0.072,ifn_2010
25762,Alnus_glutinosa,False,48,0.0,persistente,,0.106,ifn_2010
25763,Alnus_glutinosa,False,94,0.0,persistente,,0.025,ifn_2010
25764,Alnus_glutinosa,False,202,0.0,persistente,,0.075,ifn_2010
25765,Alnus_glutinosa,False,146,0.0,persistente,,0.048,ifn_2010
25766,Alnus_glutinosa,False,235,0.0,persistente,,0.022,ifn_2010
25767,Alnus_glutinosa,False,100,0.0,persistente,,0.027,ifn_2010
25768,Alnus_glutinosa,False,0,0.0,sin_dato,,,sin_serie
25771,Eucalyptus_globulus,True,0,0.0,sin_dato,,,sin_serie
25772,Pinus_pinaster,True,0,0.0,sin_dato,,,sin_serie
25778,Pinus_pinaster,True,31,0.0,persistente,,0.104,ifn_2010
25779,Pinus_pinaster,True,4159,0.0,persistente,,0.032,ifn_2010
25780,Pinus_pinaster,True,1440,0.0,persistente,,0.027,ifn_2010
25781,Pinus_pinaster,True,212,0.0,persistente,,0.02,ifn_2010
25782,Quercus_robur,False,545,0.0,persistente,,0.036,ifn_2010
25783,Pinus_pinaster,True,381,0.0,persistente,,0.086,ifn_2010
25784,Pinus_pinaster,True,394,0.0,persistente,,0.03,ifn_2010
25785,Pinus_pinaster,True,0,0.0,sin_dato,,,sin_serie
25787,Eucalyptus_nitens,True,9370,0.0,persistente,,0.132,ifn_2010
25788,Eucalyptus_nitens,True,3624,0.0,persistente,,0.089,ifn_2010
25789,Pinus_pinaster,True,0,0.0,sin_dato,,,sin_serie
25792,Pinus_pinaster,True,0,0.0,sin_dato,,,sin_serie
25793,Pinus_pinaster,True,0,0.0,sin_dato,,,sin_serie
25794,Quercus_robur,False,138,0.0,persistente,,0.104,ifn_2010
25797,Eucalyptus_nitens,True,0,0.0,sin_dato,,,sin_serie
25798,Eucalyptus_globulus,True,0,0.0,sin_dato,,,sin_serie
25799,Eucalyptus_globulus,True,0,0.0,sin_dato,,,sin_serie
25800,Pinus_radiata,True,0,0.0,sin_dato,,,sin_serie
25801,Quercus_robur,False,0,0.0,sin_dato,,,sin_serie
25842,Quercus_robur,False,248,0.0,persistente,,0.036,ifn_2010
25843,Quercus_robur,False,151,0.0,persistente,,0.024,ifn_2010
25844,Eucalyptus_nitens,True,6627,0.0,persistente,,0.167,ifn_2010
25845,Pinus_pinaster,True,216,0.0,persistente,,0.025,ifn_2010
25846,Quercus_robur,False,0,0.0,sin_dato,,,sin_serie
25847,Eucalyptus_nitens,True,1230,0.0,persistente,,0.106,ifn_2010
25848,Pinus_pinaster,True,2247,0.0,persistente,,0.033,ifn_2010
25849,Pinus_pinaster,True,127,0.0,evento,2022.0,0.382,desconocida
25850,Pinus_pinaster,True,1139,0.0,evento,2022.0,0.217,desconocida
25851,Quercus_robur,False,3940,0.0,persistente,,0.022,ifn_2010
25852,Eucalyptus_globulus,True,0,0.0,sin_dato,,,sin_serie
25853,Eucalyptus_globulus,True,0,0.0,sin_dato,,,sin_serie
25854,Eucalyptus_nitens,True,0,0.0,sin_dato,,,sin_serie
25855,Pinus_pinaster,True,0,0.0,sin_dato,,,sin_serie
25856,Eucalyptus_nitens,True,0,0.0,sin_dato,,,sin_serie
25857,Pinus_pinaster,True,0,0.0,sin_dato,,,sin_serie
25858,Pinus_pinaster,True,176,0.0,persistente,,0.049,ifn_2010
25859,Quercus_robur,False,3456,0.0,persistente,,0.024,ifn_2010
25860,Pinus_radiata,True,15,0.0,evento,2025.0,0.324,desconocida
25861,Quercus_robur,False,0,0.0,sin_dato,,,sin_serie
25863,Pinus_pinaster,True,165,0.0,persistente,,0.07,ifn_2010
25864,Pinus_pinaster,True,337,0.0,evento,2022.0,0.253,desconocida
25865,Quercus_robur,False,111,0.0,persistente,,0.012,ifn_2010
25866,Pinus_radiata,True,0,0.0,sin_dato,,,sin_serie
25867,Pinus_pinaster,True,0,0.0,sin_dato,,,sin_serie
25868,Quercus_robur,False,0,0.0,sin_dato,,,sin_serie
25875,Quercus_robur,False,0,0.0,sin_dato,,,sin_serie
25876,Quercus_robur,False,0,0.0,sin_dato,,,sin_serie
25877,Eucalyptus_nitens,True,0,0.0,sin_dato,,,sin_serie
25928,Quercus_robur,False,0,0.0,sin_dato,,,sin_serie
25929,Eucalyptus_nitens,True,0,0.0,sin_dato,,,sin_serie
25931,Quercus_robur,False,0,0.0,sin_dato,,,sin_serie
25933,Pinus_radiata,True,0,0.0,sin_dato,,,sin_serie
25934,Eucalyptus_globulus,True,0,0.0,sin_dato,,,sin_serie
25942,Pinus_pinaster,True,0,0.0,sin_dato,,,sin_serie
25943,Pinus_pinaster,True,0,0.0,sin_dato,,,sin_serie
25944,Pinus_radiata,True,0,0.0,sin_dato,,,sin_serie
25962,Quercus_robur,False,0,0.0,sin_dato,,,sin_serie
26191,Quercus_robur,False,0,0.0,sin_dato,,,sin_serie
27813,Quercus_robur,False,151,0.0,persistente,,0.061,ifn_2010
27814,Pinus_pinaster,True,0,0.0,sin_dato,,,sin_serie
27815,Quercus_robur,False,0,0.0,sin_dato,,,sin_serie
27816,Pinus_pinaster,True,0,0.0,sin_dato,,,sin_serie
27817,Pinus_pinaster,True,275,0.0,evento,2021.0,0.405,desconocida
27818,Pinus_radiata,True,0,0.0,sin_dato,,,sin_serie
27819,Pinus_pinaster,True,0,0.0,sin_dato,,,sin_serie
27820,Pinus_pinaster,True,0,0.0,sin_dato,,,sin_serie
27821,Quercus_robur,False,0,0.0,sin_dato,,,sin_serie
27825,Pinus_pinaster,True,555,0.0,persistente,,0.082,ifn_2010
27826,Quercus_pyrenaica,False,0,0.0,sin_dato,,,sin_serie
27827,Pinus_pinaster,True,472,0.0,persistente,,0.021,ifn_2010
27828,Pinus_pinaster,True,1851,0.0,persistente,,0.082,ifn_2010
27829,Pinus_pinaster,True,288,0.0,persistente,,0.114,ifn_2010
27830,Pinus_pinaster,True,116,0.0,persistente,,0.147,ifn_2010
27831,Pinus_pinaster,True,121,0.0,evento,2021.0,0.381,desconocida
27832,Quercus_robur,False,614,0.0,persistente,,0.033,ifn_2010
27833,Pinus_pinaster,True,18109,0.0,persistente,,0.074,ifn_2010
27834,Pinus_radiata,True,840,0.0,persistente,,0.047,ifn_2010
27835,Quercus_robur,False,179,0.0,persistente,,0.206,ifn_2010
27836,Alnus_glutinosa,False,1441,0.0,persistente,,0.026,ifn_2010
27837,Pinus_pinaster,True,0,0.0,sin_dato,,,sin_serie
27838,Pinus_radiata,True,0,0.0,sin_dato,,,sin_serie
27839,Pinus_pinaster,True,0,0.0,sin_dato,,,sin_serie
27840,Quercus_robur,False,0,0.0,sin_dato,,,sin_serie
27841,Pinus_pinaster,True,260,0.0,persistente,,0.079,ifn_2010
27842,Pinus_radiata,True,201,0.0,persistente,,0.019,ifn_2010
27843,Pinus_pinaster,True,4344,0.0,persistente,,0.084,ifn_2010
27844,Pinus_pinaster,True,23263,0.0,persistente,,0.044,ifn_2010
27845,Quercus_robur,False,2619,0.0,persistente,,0.155,ifn_2010
27846,Eucalyptus_globulus,True,1055,0.0,persistente,,0.14,ifn_2010
27847,Pinus_pinaster,True,3293,0.0,persistente,,0.044,ifn_2010
27848,Pinus_pinaster,True,6381,0.0,persistente,,0.033,ifn_2010
27849,Pinus_radiata,True,511,0.0,evento,2021.0,0.254,desconocida
27858,Pinus_pinaster,True,5193,0.0,persistente,,0.068,ifn_2010
27859,Eucalyptus_globulus,True,458,0.0,persistente,,0.142,ifn_2010
27860,Pinus_pinaster,True,244,0.0,evento,2023.0,0.279,desconocida
27861,Pinus_radiata,True,488,0.0,evento,2023.0,0.351,desconocida
27862,Eucalyptus_globulus,True,267,0.0,persistente,,0.111,ifn_2010
27863,Quercus_robur,False,1229,0.0,persistente,,0.053,ifn_2010
27864,Pinus_radiata,True,0,0.0,sin_dato,,,sin_serie
27865,Quercus_robur,False,0,0.0,sin_dato,,,sin_serie
27867,Quercus_robur,False,49,0.0,persistente,,0.027,ifn_2010
27868,Quercus_robur,False,5700,0.0,persistente,,0.028,ifn_2010
27869,Quercus_robur,False,0,0.0,sin_dato,,,sin_serie
27870,Pinus_radiata,True,0,0.0,sin_dato,,,sin_serie
27871,Eucalyptus_globulus,True,375,0.0,persistente,,0.043,ifn_2010
27872,Eucalyptus_globulus,True,669,0.0,persistente,,0.039,ifn_2010
27873,Eucalyptus_globulus,True,671,0.0,persistente,,0.151,ifn_2010
27874,Pinus_radiata,True,468,0.0,persistente,,0.038,ifn_2010
27875,Quercus_robur,False,171,0.0,persistente,,0.08,ifn_2010
27876,Quercus_robur,False,22490,0.0,persistente,,0.03,ifn_2010
27877,Quercus_robur,False,5390,0.0,persistente,,0.095,ifn_2010
27878,Quercus_robur,False,0,0.0,sin_dato,,,sin_serie
30088,Pinus_pinaster,True,0,0.0,sin_dato,,,sin_serie
30089,Pinus_pinaster,True,0,0.0,sin_dato,,,sin_serie
30090,Quercus_robur,False,0,0.0,sin_dato,,,sin_serie
30101,Quercus_robur,False,0,0.0,sin_dato,,,sin_serie
35349,Pinus_sylvestris,True,0,0.0,sin_dato,,,sin_serie
35352,Pinus_radiata,True,240,0.0,persistente,,0.077,ifn_2010
35353,Pinus_pinaster,True,289,0.0,persistente,,0.057,ifn_2010
35354,Pinus_pinaster,True,2765,0.0,persistente,,0.047,ifn_2010
35355,Pinus_pinaster,True,6,0.0,persistente,,0.088,ifn_2010
35356,Pinus_pinaster,True,687,0.0,persistente,,0.144,ifn_2010
35357,Pinus_radiata,True,8,0.0,persistente,,0.162,ifn_2010
35358,Pinus_pinaster,True,51,0.0,evento,2021.0,0.428,desconocida
35359,Pinus_pinaster,True,0,0.0,sin_dato,,,sin_serie
35435,Pinus_pinaster,True,9450,0.0,evento,2022.0,0.186,desconocida
35436,Pinus_pinaster,True,608,0.0,evento,2018.0,0.392,desconocida
35624,Pinus_pinaster,True,0,0.0,sin_dato,,,sin_serie
35635,Quercus_robur,False,0,0.0,sin_dato,,,sin_serie
35639,Pinus_pinaster,True,0,0.0,sin_dato,,,sin_serie
36421,Pinus_pinaster,True,350,0.0,persistente,,0.026,ifn_2010
36444,Eucalyptus_globulus,True,0,0.0,sin_dato,,,sin_serie
36583,Pinus_pinaster,True,0,0.0,sin_dato,,,sin_serie
36584,Quercus_pyrenaica,False,0,0.0,sin_dato,,,sin_serie
36586,Quercus_robur,False,554,0.0,persistente,,0.184,ifn_2010
36587,Pinus_radiata,True,529,0.0,persistente,,0.069,ifn_2010
36590,Pinus_radiata,True,0,0.0,sin_dato,,,sin_serie
36609,Eucalyptus_camaldulensis,True,0,0.0,sin_dato,,,sin_serie
36610,Betula_alba,False,1743,0.0,persistente,,0.024,ifn_2010
36707,Eucaliptus_spp,True,191,0.0,persistente,,0.128,ifn_2010
36710,Quercus_robur,False,0,0.0,sin_dato,,,sin_serie
36713,Quercus_robur,False,130,0.0,persistente,,0.025,ifn_2010
60034,Pseudotsuga_menziesii,True,5912,0.0,persistente,,0.042,ifn_2010
60036,Quercus_robur,False,7916,0.0,persistente,,0.018,ifn_2010
60040,Pinus_pinaster,True,6164,0.0,persistente,,0.202,ifn_2010
60042,Pinus_pinaster,True,910,0.0,persistente,,0.043,ifn_2010
60045,Pinus_pinaster,True,8800,0.0,persistente,,0.027,ifn_2010
60061,Pinus_pinaster,True,697,0.0,evento,2024.0,0.226,desconocida
60063,Alnus_glutinosa,False,1719,0.0,persistente,,0.02,ifn_2010
60064,Pinus_pinaster,True,2552,0.0,persistente,,0.042,ifn_2010
60065,Quercus_robur,False,769,0.0,persistente,,0.178,ifn_2010
60066,Pinus_pinaster,True,3940,0.0,persistente,,0.081,ifn_2010
60067,Pinus_pinaster,True,2171,0.0,persistente,,0.173,ifn_2010
60068,Acacia_dealbata,True,6492,0.0,persistente,,0.173,ifn_2010
60069,Acacia_dealbata,True,10188,0.0,persistente,,0.188,ifn_2010
60070,Acacia_dealbata,True,4287,0.0,persistente,,0.044,ifn_2010
60071,Acacia_dealbata,True,4827,0.0,persistente,,0.031,ifn_2010
60072,Acacia_dealbata,True,13167,0.0,persistente,,0.038,ifn_2010
60073,Quercus_robur,False,867,0.0,persistente,,0.036,ifn_2010
60074,Quercus_robur,False,129,0.0,persistente,,0.15,ifn_2010
60075,Pinus_pinaster,True,8262,0.0,persistente,,0.022,ifn_2010
60076,Pinus_pinaster,True,15068,0.0,persistente,,0.219,ifn_2010
60077,Quercus_robur,False,4302,0.0,persistente,,0.166,ifn_2010
60078,Acacia_dealbata,True,1309,0.0,persistente,,0.083,ifn_2010
60079,Acacia_dealbata,True,974,0.0,persistente,,0.134,ifn_2010
60080,Quercus_robur,False,2631,0.0,persistente,,0.077,ifn_2010
60081,Acacia_dealbata,True,1072,0.0,persistente,,0.024,ifn_2010
60082,Acacia_dealbata,True,6444,0.0,persistente,,0.052,ifn_2010
60083,Pinus_pinaster,True,674,0.0,evento,2022.0,0.202,desconocida
60084,Quercus_robur,False,1064,0.0,persistente,,0.154,ifn_2010
60085,Acacia_dealbata,True,354,0.0,persistente,,0.133,ifn_2010
60086,Pinus_pinaster,True,3517,0.0,persistente,,0.054,ifn_2010
60087,Acacia_dealbata,True,2860,0.0,persistente,,0.036,ifn_2010
60088,Pinus_pinaster,True,6098,0.0,persistente,,0.035,ifn_2010
60089,Acacia_dealbata,True,5539,0.0,persistente,,0.054,ifn_2010
60093,Pinus_pinaster,True,3166,0.0,persistente,,0.052,ifn_2010
60094,Acacia_dealbata,True,6108,0.0,persistente,,0.083,ifn_2010
60095,Eucalyptus_globulus,True,263,0.0,persistente,,0.167,ifn_2010
60096,Pinus_pinaster,True,579,0.0,persistente,,0.024,ifn_2010
60097,Quercus_robur,False,798,0.0,persistente,,0.127,ifn_2010
60098,Acacia_dealbata,True,4654,0.0,persistente,,0.042,ifn_2010
60099,Acacia_dealbata,True,7850,0.0,persistente,,0.057,ifn_2010
60100,Acacia_dealbata,True,3177,0.0,persistente,,0.031,ifn_2010
60101,Acacia_dealbata,True,5246,0.0,persistente,,0.039,ifn_2010
60105,Acacia_dealbata,True,5121,0.0,persistente,,0.028,ifn_2010
60107,Pinus_pinaster,True,2578,0.0,persistente,,0.061,ifn_2010
60108,Pinus_pinaster,True,70,0.0,persistente,,0.044,ifn_2010
60109,Pinus_pinaster,True,347,0.0,persistente,,0.049,ifn_2010
60110,Quercus_robur,False,290,0.0,persistente,,0.047,ifn_2010
60111,Pinus_pinaster,True,393,0.0,persistente,,0.044,ifn_2010
60112,Pinus_pinaster,True,2769,0.0,persistente,,0.044,ifn_2010
60113,Acacia_dealbata,True,5682,0.0,persistente,,0.073,ifn_2010
60114,Pinus_pinaster,True,1100,0.0,persistente,,0.038,ifn_2010
60115,Acacia_spp,True,6505,0.0,persistente,,0.037,ifn_2010
60116,Quercus_robur,False,13148,0.0,persistente,,0.121,ifn_2010
60117,Quercus_robur,False,15083,0.0,persistente,,0.034,ifn_2010
60118,Pinus_pinaster,True,4965,0.0,persistente,,0.207,ifn_2010
60119,Acacia_dealbata,True,2522,0.0,evento,2026.0,0.354,desconocida
60120,Quercus_robur,False,16615,0.0,persistente,,0.058,ifn_2010
60121,Acacia_dealbata,True,25709,0.0,persistente,,0.042,ifn_2010
60122,Acacia_dealbata,True,28347,0.0,persistente,,0.065,ifn_2010
60123,Quercus_robur,False,10378,0.0,persistente,,0.024,ifn_2010
60124,Quercus_robur,False,28968,0.0,persistente,,0.026,ifn_2010
60125,Pinus_pinaster,True,7758,0.0,persistente,,0.031,ifn_2010
60126,Pinus_pinaster,True,7258,0.0,persistente,,0.016,ifn_2010
60127,Pinus_pinaster,True,1389,0.0,persistente,,0.038,ifn_2010
60128,Quercus_robur,False,10210,0.0,persistente,,0.088,ifn_2010
60129,Acacia_dealbata,True,1323,0.0,persistente,,0.043,ifn_2010
60130,Acacia_dealbata,True,1066,0.0,persistente,,0.055,ifn_2010
60131,Acacia_dealbata,True,2650,0.0,persistente,,0.086,ifn_2010
60132,Pinus_pinaster,True,4311,0.0,evento,2026.0,0.274,desconocida
60133,Pinus_pinaster,True,482,0.0,evento,2026.0,0.419,desconocida
60134,Acacia_dealbata,True,1105,0.0,persistente,,0.036,ifn_2010
60135,Pinus_pinaster,True,14766,0.0,persistente,,0.026,ifn_2010
60136,Pinus_pinaster,True,3928,0.0,persistente,,0.023,ifn_2010
60137,Pinus_pinaster,True,23535,0.0,persistente,,0.071,ifn_2010
60138,Pinus_pinaster,True,3265,0.0,persistente,,0.026,ifn_2010
60139,Pinus_pinaster,True,3481,0.0,persistente,,0.028,ifn_2010
60140,Acacia_dealbata,True,2965,0.0,persistente,,0.066,ifn_2010
60141,Pinus_pinaster,True,144,0.0,persistente,,0.168,ifn_2010
60143,Acacia_dealbata,True,3239,0.0,persistente,,0.055,ifn_2010
60144,Pinus_pinaster,True,511,0.0,persistente,,0.2,ifn_2010
60145,Quercus_robur,False,447,0.0,persistente,,0.066,ifn_2010
60149,Quercus_pyrenaica,False,9806,0.0,persistente,,0.187,ifn_2010
60151,Quercus_robur,False,9426,0.0,persistente,,0.037,ifn_2010
60152,Quercus_pyrenaica,False,7417,0.0,persistente,,0.037,ifn_2010
60153,Pinus_pinaster,True,1327,0.0,persistente,,0.036,ifn_2010
60154,Quercus_robur,False,1049,0.0,persistente,,0.03,ifn_2010
60155,Acacia_dealbata,True,2488,0.0,persistente,,0.07,ifn_2010
60156,Quercus_robur,False,3524,0.0,persistente,,0.032,ifn_2010
60157,Acacia_dealbata,True,3594,0.0,evento,2018.0,0.27,desconocida
60158,Pinus_pinaster,True,4198,0.0,persistente,,0.015,ifn_2010
60159,Quercus_robur,False,9330,0.0,persistente,,0.033,ifn_2010
60160,Quercus_robur,False,24208,0.0,persistente,,0.022,ifn_2010
60161,Quercus_robur,False,13244,0.0,persistente,,0.016,ifn_2010
60162,Quercus_pyrenaica,False,10978,0.0,persistente,,0.023,ifn_2010
60163,Acacia_dealbata,True,6560,0.0,persistente,,0.055,ifn_2010
60164,Quercus_robur,False,9206,0.0,persistente,,0.013,ifn_2010
60165,Quercus_pyrenaica,False,12538,0.0,persistente,,0.017,ifn_2010
60166,Pinus_pinaster,True,4414,0.0,persistente,,0.014,ifn_2010
60167,Acacia_dealbata,True,22392,0.0,persistente,,0.028,ifn_2010
60169,Acacia_dealbata,True,4354,0.0,persistente,,0.029,ifn_2010
60170,Quercus_robur,False,22368,0.0,persistente,,0.027,ifn_2010
60171,Pinus_pinaster,True,3612,0.0,persistente,,0.042,ifn_2010
60172,Pinus_pinaster,True,9810,0.0,persistente,,0.045,ifn_2010
60173,Pinus_pinaster,True,4854,0.0,persistente,,0.024,ifn_2010
60174,Pinus_pinaster,True,6680,0.0,persistente,,0.078,ifn_2010
60175,Acacia_dealbata,True,7082,0.0,persistente,,0.073,ifn_2010
60176,Pinus_pinaster,True,208,0.0,persistente,,0.159,ifn_2010
60177,Acacia_spp,True,1706,0.0,persistente,,0.084,ifn_2010
60178,Pinus_pinaster,True,1703,0.0,persistente,,0.032,ifn_2010
60179,Pinus_pinaster,True,38442,0.0,persistente,,0.023,ifn_2010
60180,Quercus_robur,False,25924,0.0,persistente,,0.014,ifn_2010
60181,Quercus_robur,False,15982,0.0,persistente,,0.026,ifn_2010
60182,Pinus_pinaster,True,10656,0.0,persistente,,0.035,ifn_2010
60183,Quercus_robur,False,18198,0.0,persistente,,0.009,ifn_2010
60184,Quercus_robur,False,1702,0.0,persistente,,0.037,ifn_2010
60185,Pinus_pinaster,True,46550,0.0,persistente,,0.015,ifn_2010
60186,Pinus_pinaster,True,42136,0.0,persistente,,0.021,ifn_2010
60187,Pinus_pinaster,True,13038,0.0,persistente,,0.018,ifn_2010
60188,Pinus_pinaster,True,12842,0.0,persistente,,0.043,ifn_2010
60189,Pinus_pinaster,True,11244,0.0,persistente,,0.03,ifn_2010
60190,Pinus_pinaster,True,6079,0.0,persistente,,0.026,ifn_2010
60191,Pinus_pinaster,True,16443,0.0,persistente,,0.017,ifn_2010
60192,Pinus_pinaster,True,7863,0.0,persistente,,0.035,ifn_2010
60194,Quercus_pyrenaica,False,3244,0.0,persistente,,0.021,ifn_2010
60195,Pinus_pinaster,True,13216,0.0,persistente,,0.046,ifn_2010
60196,Quercus_robur,False,10218,0.0,persistente,,0.019,ifn_2010
60197,Pinus_pinaster,True,16538,0.0,persistente,,0.016,ifn_2010
60198,Pinus_pinaster,True,10991,0.0,persistente,,0.022,ifn_2010
60199,Quercus_robur,False,7341,0.0,persistente,,0.016,ifn_2010
60200,Acacia_dealbata,True,2456,0.0,persistente,,0.068,ifn_2010
60201,Pinus_pinaster,True,2334,0.0,persistente,,0.037,ifn_2010
60202,Quercus_suber,False,2100,0.0,persistente,,0.023,ifn_2010
60203,Eucalyptus_nitens,True,1532,0.0,evento,2021.0,0.347,prohibida_rebrote
60204,Pinus_pinaster,True,178,0.0,persistente,,0.063,ifn_2010
60210,Quercus_robur,False,2440,0.0,persistente,,0.012,ifn_2010
60211,Pinus_pinaster,True,9878,0.0,persistente,,0.018,ifn_2010
60212,Pinus_pinaster,True,24880,0.0,persistente,,0.011,ifn_2010
60213,Pinus_pinaster,True,3972,0.0,persistente,,0.034,ifn_2010
60214,Quercus_robur,False,130,0.0,persistente,,0.052,ifn_2010
61740,Alnus_glutinosa,False,1,0.0,sin_dato,,,sin_serie
61747,Pinus_pinaster,True,1670,0.0,persistente,,0.05,ifn_2010
61748,Quercus_robur,False,9693,0.0,persistente,,0.029,ifn_2010
61749,Pinus_pinaster,True,1769,0.0,persistente,,0.179,ifn_2010
61750,Pinus_pinaster,True,3224,0.0,persistente,,0.035,ifn_2010
61751,Pinus_pinaster,True,7316,0.0,persistente,,0.034,ifn_2010
61777,Pinus_pinaster,True,6351,0.0,persistente,,0.104,ifn_2010
61778,Pinus_pinaster,True,2197,0.0,persistente,,0.15,ifn_2010
61779,Quercus_robur,False,7709,0.0,persistente,,0.04,ifn_2010
61780,Pinus_pinaster,True,5605,0.0,persistente,,0.037,ifn_2010
61781,Quercus_robur,False,10206,0.0,persistente,,0.031,ifn_2010
61782,Pinus_pinaster,True,595,0.0,persistente,,0.031,ifn_2010
61783,Quercus_robur,False,1814,0.0,persistente,,0.052,ifn_2010
61784,Castanea_sativa,False,3199,0.0,persistente,,0.027,ifn_2010
61785,Quercus_robur,False,3981,0.0,persistente,,0.048,ifn_2010
61786,Pinus_pinaster,True,1261,0.0,persistente,,0.08,ifn_2010
61787,Eucalyptus_globulus,True,648,0.0,persistente,,0.037,ifn_2010
61788,Eucalyptus_globulus,True,2698,0.0,persistente,,0.02,ifn_2010
61789,Quercus_robur,False,3336,0.0,persistente,,0.051,ifn_2010
61790,Pinus_pinaster,True,3100,0.0,evento,2018.0,0.324,desconocida
61791,Pinus_pinaster,True,6588,0.0,persistente,,0.025,ifn_2010
61792,Quercus_robur,False,1497,0.0,persistente,,0.016,ifn_2010
61793,Pinus_pinaster,True,1690,0.0,persistente,,0.034,ifn_2010
61794,Pinus_pinaster,True,6123,0.0,persistente,,0.038,ifn_2010
61798,Quercus_robur,False,11890,0.0,persistente,,0.019,ifn_2010
61799,Quercus_suber,False,1826,0.0,persistente,,0.025,ifn_2010
61804,Quercus_robur,False,2749,0.0,persistente,,0.02,ifn_2010
61805,Pinus_pinaster,True,9635,0.0,persistente,,0.061,ifn_2010
61806,Pinus_pinaster,True,1058,0.0,persistente,,0.032,ifn_2010
61807,Quercus_robur,False,713,0.0,persistente,,0.033,ifn_2010
61808,Quercus_pyrenaica,False,7025,0.0,persistente,,0.035,ifn_2010
61810,Quercus_robur,False,22639,0.0,persistente,,0.032,ifn_2010
61812,Pinus_pinaster,True,1280,0.0,persistente,,0.019,ifn_2010
61813,Pinus_pinaster,True,811,0.0,persistente,,0.022,ifn_2010
61814,Pinus_pinaster,True,12769,0.0,persistente,,0.014,ifn_2010
61815,Pinus_pinaster,True,105,0.0,persistente,,0.15,ifn_2010
61816,Quercus_robur,False,2589,0.0,persistente,,0.029,ifn_2010
61817,Quercus_robur,False,3891,0.0,persistente,,0.02,ifn_2010
61818,Quercus_robur,False,428,0.0,persistente,,0.027,ifn_2010
61819,Pinus_pinaster,True,4309,0.0,persistente,,0.098,ifn_2010
61821,Quercus_robur,False,352,0.0,persistente,,0.02,ifn_2010
61822,Quercus_robur,False,670,0.0,persistente,,0.036,ifn_2010
61823,Quercus_robur,False,0,0.0,sin_dato,,,sin_serie
61831,Quercus_robur,False,106,0.0,persistente,,0.082,ifn_2010
61832,Quercus_robur,False,946,0.0,persistente,,0.037,ifn_2010
61836,Pinus_pinaster,True,385,0.0,persistente,,0.03,ifn_2010
61838,Pinus_pinaster,True,1306,0.0,persistente,,0.069,ifn_2010
61839,Pinus_pinaster,True,169,0.0,persistente,,0.052,ifn_2010
61840,Pinus_pinaster,True,5802,0.0,persistente,,0.028,ifn_2010
61841,Quercus_rubra,False,425,0.0,persistente,,0.043,ifn_2010
61842,Pinus_pinaster,True,1406,0.0,persistente,,0.029,ifn_2010
61843,Pinus_pinaster,True,340,0.0,persistente,,0.028,ifn_2010
61846,Quercus_robur,False,100,0.0,persistente,,0.033,ifn_2010
61847,Pinus_pinaster,True,6620,0.0,persistente,,0.019,ifn_2010
61848,Pinus_pinaster,True,1596,0.0,persistente,,0.015,ifn_2010
61849,Quercus_robur,False,2890,0.0,persistente,,0.024,ifn_2010
61850,Pinus_pinaster,True,7289,0.0,persistente,,0.018,ifn_2010
61851,Quercus_robur,False,7746,0.0,persistente,,0.02,ifn_2010
61852,Quercus_robur,False,1776,0.0,persistente,,0.042,ifn_2010
61853,Pinus_pinaster,True,1608,0.0,persistente,,0.011,ifn_2010
61854,Pinus_pinaster,True,835,0.0,persistente,,0.028,ifn_2010
61855,Pinus_pinaster,True,3471,0.0,persistente,,0.02,ifn_2010
61856,Pinus_pinaster,True,1433,0.0,persistente,,0.024,ifn_2010
61857,Pinus_pinaster,True,11433,0.0,persistente,,0.021,ifn_2010
61858,Pinus_pinaster,True,5924,0.0,persistente,,0.033,ifn_2010
61859,Quercus_robur,False,2918,0.0,persistente,,0.03,ifn_2010
61860,Quercus_robur,False,4174,0.0,persistente,,0.048,ifn_2010
61861,Alnus_glutinosa,False,1396,0.0,persistente,,0.031,ifn_2010
61862,Pinus_pinaster,True,980,0.0,persistente,,0.056,ifn_2010
61863,Pinus_pinaster,True,7254,0.0,persistente,,0.035,ifn_2010
61864,Pinus_pinaster,True,8111,0.0,persistente,,0.017,ifn_2010
61865,Pinus_pinaster,True,11488,0.0,persistente,,0.027,ifn_2010
61866,Pinus_pinaster,True,11965,0.0,persistente,,0.027,ifn_2010
61867,Betula_alba,False,6596,0.0,persistente,,0.026,ifn_2010
61868,Pinus_pinaster,True,425,0.0,persistente,,0.032,ifn_2010
61869,Quercus_robur,False,9472,0.0,persistente,,0.033,ifn_2010
61870,Eucalyptus_globulus,True,340,0.0,persistente,,0.045,ifn_2010
61873,Pinus_pinaster,True,460,0.0,persistente,,0.031,ifn_2010
61874,Pinus_pinaster,True,319,0.0,persistente,,0.037,ifn_2010
61875,Pinus_pinaster,True,6502,0.0,persistente,,0.03,ifn_2010
61876,Pinus_pinaster,True,1711,0.0,persistente,,0.024,ifn_2010
61877,Pinus_pinaster,True,6218,0.0,persistente,,0.013,ifn_2010
61878,Pinus_pinaster,True,4579,0.0,persistente,,0.021,ifn_2010
61879,Pinus_pinaster,True,5533,0.0,persistente,,0.026,ifn_2010
61880,Quercus_robur,False,774,0.0,persistente,,0.104,ifn_2010
61881,Quercus_robur,False,256,0.0,persistente,,0.084,ifn_2010
61882,Quercus_robur,False,357,0.0,persistente,,0.074,ifn_2010
61883,Quercus_robur,False,2951,0.0,persistente,,0.039,ifn_2010
61885,Pinus_pinaster,True,590,0.0,evento,2018.0,0.237,desconocida
61886,Quercus_robur,False,0,0.0,sin_dato,,,sin_serie
61894,Pinus_pinaster,True,1526,0.0,persistente,,0.051,ifn_2010
61895,Pinus_pinaster,True,810,0.0,persistente,,0.062,ifn_2010
61896,Pinus_pinaster,True,780,0.0,persistente,,0.02,ifn_2010
61897,Pinus_pinaster,True,486,0.0,persistente,,0.023,ifn_2010
61898,Pinus_pinaster,True,370,0.0,persistente,,0.139,ifn_2010
61899,Pinus_pinaster,True,864,0.0,persistente,,0.021,ifn_2010
61900,Pinus_pinaster,True,1110,0.0,persistente,,0.051,ifn_2010
61901,Quercus_robur,False,9700,0.0,persistente,,0.016,ifn_2010
61902,Quercus_robur,False,3342,0.0,persistente,,0.03,ifn_2010
61903,Pinus_pinaster,True,2470,0.0,persistente,,0.075,ifn_2010
61904,Pinus_pinaster,True,18680,0.0,persistente,,0.012,ifn_2010
61905,Quercus_suber,False,2134,0.0,persistente,,0.066,ifn_2010
61906,Pinus_pinaster,True,420,0.0,persistente,,0.032,ifn_2010
61907,Pinus_pinaster,True,1648,0.0,persistente,,0.035,ifn_2010
61908,Pinus_pinaster,True,3256,0.0,persistente,,0.013,ifn_2010
61909,Pinus_pinaster,True,15462,0.0,persistente,,0.005,ifn_2010
61910,Quercus_robur,False,1186,0.0,persistente,,0.032,ifn_2010
61911,Mezcla_de_eucaliptos,True,786,0.0,evento,2026.0,0.194,desconocida
61912,Pinus_pinaster,True,1780,0.0,evento,2018.0,0.213,desconocida
61913,Quercus_robur,False,38684,0.0,persistente,,0.017,ifn_2010
61914,Pinus_pinaster,True,4040,0.0,persistente,,0.038,ifn_2010
61915,Quercus_robur,False,4661,0.0,persistente,,0.024,ifn_2010
61916,Quercus_robur,False,2700,0.0,persistente,,0.026,ifn_2010
61917,Pinus_pinaster,True,13368,0.0,persistente,,0.023,ifn_2010
61918,Pinus_pinaster,True,1782,0.0,persistente,,0.032,ifn_2010
61919,Quercus_robur,False,1451,0.0,persistente,,0.039,ifn_2010
61920,Pinus_pinaster,True,1710,0.0,persistente,,0.176,ifn_2010
61921,Quercus_robur,False,2642,0.0,persistente,,0.024,ifn_2010
61922,Quercus_robur,False,3582,0.0,persistente,,0.019,ifn_2010
61923,Pinus_pinaster,True,47154,0.0,persistente,,0.014,ifn_2010
61924,Quercus_robur,False,7288,0.0,persistente,,0.033,ifn_2010
61925,Quercus_robur,False,63437,0.0,persistente,,0.018,ifn_2010
61926,Eucalyptus_globulus,True,10232,0.0,persistente,,0.011,ifn_2010
61927,Alnus_glutinosa,False,7150,0.0,persistente,,0.024,ifn_2010
61928,Pinus_pinaster,True,11688,0.0,persistente,,0.02,ifn_2010
61929,Pinus_pinaster,True,52970,0.0,persistente,,0.028,ifn_2010
61930,Quercus_robur,False,5624,0.0,persistente,,0.021,ifn_2010
61931,Betula_alba,False,6141,0.0,persistente,,0.027,ifn_2010
61932,Pinus_pinaster,True,3342,0.0,persistente,,0.027,ifn_2010
61933,Pinus_pinaster,True,30958,0.0,persistente,,0.015,ifn_2010
61934,Quercus_robur,False,3515,0.0,persistente,,0.038,ifn_2010
61935,Eucaliptus_spp,True,836,0.0,evento,2022.0,0.274,desconocida
61936,Pinus_pinaster,True,3164,0.0,persistente,,0.064,ifn_2010
61937,Pinus_pinaster,True,8238,0.0,persistente,,0.055,ifn_2010
61938,Quercus_robur,False,1252,0.0,persistente,,0.025,ifn_2010
61939,Quercus_robur,False,598,0.0,persistente,,0.122,ifn_2010
61940,Quercus_robur,False,682,0.0,persistente,,0.033,ifn_2010
61941,Quercus_robur,False,528,0.0,persistente,,0.034,ifn_2010
61942,Pinus_pinaster,True,628,0.0,persistente,,0.043,ifn_2010
61943,Quercus_robur,False,408,0.0,persistente,,0.102,ifn_2010
61944,Pinus_pinaster,True,342,0.0,persistente,,0.087,ifn_2010
61945,Eucalyptus_globulus,True,440,0.0,persistente,,0.015,ifn_2010
61946,Pinus_pinaster,True,652,0.0,evento,2018.0,0.182,desconocida
61948,Quercus_robur,False,3840,0.0,persistente,,0.011,ifn_2010
61949,Quercus_robur,False,1234,0.0,persistente,,0.026,ifn_2010
61950,Pinus_pinaster,True,2544,0.0,persistente,,0.03,ifn_2010
61951,Pinus_pinaster,True,5032,0.0,persistente,,0.097,ifn_2010
61952,Quercus_suber,False,6316,0.0,persistente,,0.016,ifn_2010
61953,Pinus_pinaster,True,8116,0.0,persistente,,0.062,ifn_2010
61954,Pinus_pinaster,True,6530,0.0,persistente,,0.029,ifn_2010
61955,Eucalyptus_globulus,True,1868,0.0,persistente,,0.112,ifn_2010
61956,Quercus_suber,False,22220,0.0,persistente,,0.025,ifn_2010
61957,Pinus_pinaster,True,12352,0.0,persistente,,0.023,ifn_2010
61958,Pinus_pinaster,True,22536,0.0,persistente,,0.009,ifn_2010
61959,Pinus_pinaster,True,35412,0.0,persistente,,0.026,ifn_2010
61961,Pinus_pinaster,True,11388,0.0,persistente,,0.03,ifn_2010
61962,Pinus_pinaster,True,30407,0.0,persistente,,0.04,ifn_2010
61963,Alnus_glutinosa,False,1555,0.0,persistente,,0.026,ifn_2010
61964,Pinus_pinaster,True,6388,0.0,persistente,,0.044,ifn_2010
61966,Quercus_robur,False,5496,0.0,persistente,,0.014,ifn_2010
61968,Quercus_robur,False,180,0.0,persistente,,0.042,ifn_2010
61969,Quercus_robur,False,1312,0.0,persistente,,0.024,ifn_2010
61970,Quercus_robur,False,1794,0.0,persistente,,0.014,ifn_2010
61971,Quercus_robur,False,832,0.0,persistente,,0.021,ifn_2010
61972,Quercus_robur,False,396,0.0,persistente,,0.02,ifn_2010
61981,Quercus_robur,False,364,0.0,persistente,,0.027,ifn_2010
61982,Quercus_robur,False,358,0.0,persistente,,0.021,ifn_2010
61983,Quercus_robur,False,362,0.0,persistente,,0.012,ifn_2010
61984,Pinus_pinaster,True,582,0.0,persistente,,0.027,ifn_2010
61988,Quercus_robur,False,1572,0.0,persistente,,0.073,ifn_2010
61989,Pinus_pinaster,True,10812,0.0,persistente,,0.045,ifn_2010
61990,Pinus_pinaster,True,755,0.0,persistente,,0.038,ifn_2010
61991,Quercus_suber,False,6552,0.0,persistente,,0.031,ifn_2010
61992,Pinus_pinaster,True,14526,0.0,persistente,,0.02,ifn_2010
61995,Pinus_pinaster,True,309,0.0,persistente,,0.01,ifn_2010
61996,Pinus_pinaster,True,2935,0.0,persistente,,0.04,ifn_2010
61999,Quercus_robur,False,385,0.0,persistente,,0.026,ifn_2010
62000,Pinus_pinaster,True,2641,0.0,persistente,,0.104,ifn_2010
62001,Pinus_pinaster,True,3315,0.0,persistente,,0.11,ifn_2010
62002,Pinus_pinaster,True,2539,0.0,persistente,,0.041,ifn_2010
62003,Quercus_robur,False,750,0.0,persistente,,0.045,ifn_2010
62004,Pinus_pinaster,True,548,0.0,persistente,,0.055,ifn_2010
62005,Pinus_pinaster,True,2545,0.0,persistente,,0.075,ifn_2010
62006,Pinus_pinaster,True,11548,0.0,persistente,,0.025,ifn_2010
62007,Pinus_pinaster,True,4962,0.0,persistente,,0.025,ifn_2010
62008,Pinus_pinaster,True,187,0.0,persistente,,0.062,ifn_2010
62009,Pinus_pinaster,True,4156,0.0,persistente,,0.183,ifn_2010
62010,Pinus_pinaster,True,6297,0.0,persistente,,0.053,ifn_2010
62011,Pinus_pinaster,True,4397,0.0,persistente,,0.042,ifn_2010
62012,Quercus_robur,False,1152,0.0,persistente,,0.026,ifn_2010
62031,Pinus_pinaster,True,6363,0.0,persistente,,0.028,ifn_2010
62033,Pinus_pinaster,True,416,0.0,evento,2026.0,0.295,desconocida
62034,Pinus_pinaster,True,791,0.0,evento,2025.0,0.216,desconocida
62035,Pinus_pinaster,True,204,0.0,evento,2026.0,0.317,desconocida
62036,Pinus_pinaster,True,4437,0.0,persistente,,0.042,ifn_2010
62037,Pinus_pinaster,True,878,0.0,persistente,,0.03,ifn_2010
62038,Pinus_pinaster,True,315,0.0,persistente,,0.089,ifn_2010
62039,Pinus_pinaster,True,170,0.0,persistente,,0.026,ifn_2010
62040,Pinus_pinaster,True,610,0.0,persistente,,0.047,ifn_2010
62041,Pinus_pinaster,True,558,0.0,persistente,,0.021,ifn_2010
62042,Quercus_robur,False,279,0.0,persistente,,0.021,ifn_2010
62043,Pinus_pinaster,True,2986,0.0,persistente,,0.027,ifn_2010
62046,Pinus_pinaster,True,419,0.0,persistente,,0.032,ifn_2010
62047,Pinus_pinaster,True,947,0.0,persistente,,0.057,ifn_2010
62048,Pinus_sylvestris,True,560,0.0,persistente,,0.044,ifn_2010
62049,Pinus_pinaster,True,2937,0.0,persistente,,0.033,ifn_2010
62050,Pinus_pinaster,True,1095,0.0,persistente,,0.042,ifn_2010
62051,Pinus_pinaster,True,441,0.0,persistente,,0.069,ifn_2010
62052,Quercus_robur,False,2663,0.0,persistente,,0.02,ifn_2010
62053,Quercus_robur,False,1393,0.0,persistente,,0.059,ifn_2010
62054,Quercus_robur,False,649,0.0,persistente,,0.012,ifn_2010
62056,Quercus_robur,False,2187,0.0,persistente,,0.016,ifn_2010
62057,Pinus_pinaster,True,172,0.0,persistente,,0.03,ifn_2010
62058,Pinus_pinaster,True,1686,0.0,persistente,,0.072,ifn_2010
62059,Betula_alba,False,201,0.0,persistente,,0.032,ifn_2010
62060,Pinus_pinaster,True,132,0.0,persistente,,0.099,ifn_2010
62061,Pinus_pinaster,True,2812,0.0,persistente,,0.043,ifn_2010
62062,Quercus_robur,False,341,0.0,persistente,,0.026,ifn_2010
62063,Pinus_pinaster,True,1681,0.0,persistente,,0.064,ifn_2010
62064,Pinus_pinaster,True,380,0.0,persistente,,0.058,ifn_2010
62065,Quercus_robur,False,107,0.0,persistente,,0.015,ifn_2010
62066,Pinus_pinaster,True,4122,0.0,persistente,,0.057,ifn_2010
62075,Quercus_robur,False,1066,0.0,persistente,,0.019,ifn_2010
62076,Quercus_robur,False,1467,0.0,persistente,,0.021,ifn_2010
62077,Quercus_pyrenaica,False,975,0.0,persistente,,0.023,ifn_2010
62083,Pinus_pinaster,True,110,0.0,persistente,,0.162,ifn_2010
62084,Quercus_robur,False,4454,0.0,persistente,,0.182,ifn_2010
62085,Eucalyptus_globulus,True,3230,0.0,persistente,,0.093,ifn_2010
62086,Quercus_robur,False,9782,0.0,persistente,,0.095,ifn_2010
62087,Alnus_glutinosa,False,1696,0.0,persistente,,0.018,ifn_2010
62088,Alnus_glutinosa,False,1508,0.0,persistente,,0.032,ifn_2010
62089,Alnus_glutinosa,False,2677,0.0,persistente,,0.016,ifn_2010
62090,Alnus_glutinosa,False,3353,0.0,persistente,,0.023,ifn_2010
62091,Pinus_pinaster,True,312,0.0,evento,2018.0,0.295,desconocida
62106,Pinus_pinaster,True,820,0.0,persistente,,0.102,ifn_2010
62107,Pinus_radiata,True,0,0.0,sin_dato,,,sin_serie
62108,Pinus_pinaster,True,0,0.0,sin_dato,,,sin_serie
62109,Quercus_robur,False,760,0.0,evento,2021.0,0.365,desconocida
62110,Quercus_pyrenaica,False,0,0.0,sin_dato,,,sin_serie
62112,Quercus_robur,False,0,0.0,sin_dato,,,sin_serie
62113,Pinus_pinaster,True,1206,0.0,persistente,,0.021,ifn_2010
62114,Pinus_pinaster,True,186,0.0,persistente,,0.018,ifn_2010
62115,Pinus_pinaster,True,92,0.0,persistente,,0.029,ifn_2010
62116,Pinus_pinaster,True,193,0.0,persistente,,0.016,ifn_2010
62117,Quercus_robur,False,1295,0.0,persistente,,0.05,ifn_2010
62131,Quercus_robur,False,3453,0.0,persistente,,0.072,ifn_2010
62132,Alnus_glutinosa,False,314,0.0,persistente,,0.03,ifn_2010
62133,Alnus_glutinosa,False,152,0.0,persistente,,0.028,ifn_2010
62134,Alnus_glutinosa,False,100,0.0,persistente,,0.04,ifn_2010
62135,Pinus_pinaster,True,3975,0.0,evento,2018.0,0.29,desconocida
62136,Pinus_pinaster,True,6496,0.0,persistente,,0.045,ifn_2010
62144,Quercus_robur,False,734,0.0,persistente,,0.143,ifn_2010
62145,Pinus_pinaster,True,9658,0.0,persistente,,0.028,ifn_2010
62146,Arbutus_unedo_,False,1121,0.0,evento,2026.0,0.269,desconocida
62147,Pinus_pinaster,True,483,0.0,persistente,,0.034,ifn_2010
62148,Pinus_pinaster,True,4593,0.0,persistente,,0.03,ifn_2010
62149,Pinus_pinaster,True,10496,0.0,persistente,,0.026,ifn_2010
62150,Pinus_pinaster,True,0,0.0,sin_dato,,,sin_serie
62151,Pinus_pinaster,True,0,0.0,sin_dato,,,sin_serie
62155,Quercus_robur,False,1067,0.0,persistente,,0.022,ifn_2010
62156,Pinus_pinaster,True,9812,0.0,persistente,,0.027,ifn_2010
62159,Pinus_pinaster,True,1098,0.0,persistente,,0.04,ifn_2010
62160,Pinus_pinaster,True,368,0.0,persistente,,0.022,ifn_2010
62161,Quercus_robur,False,419,0.0,persistente,,0.022,ifn_2010
62180,Pinus_pinaster,True,1736,0.0,persistente,,0.109,ifn_2010
62181,Pinus_pinaster,True,2023,0.0,persistente,,0.143,ifn_2010
62182,Pinus_pinaster,True,3032,0.0,evento,2023.0,0.247,desconocida
62183,Pinus_pinaster,True,1237,0.0,persistente,,0.131,ifn_2010
62184,Quercus_robur,False,9768,0.0,persistente,,0.029,ifn_2010
62185,Pinus_pinaster,True,4169,0.0,persistente,,0.027,ifn_2010
62186,Pinus_pinaster,True,9710,0.0,persistente,,0.036,ifn_2010
62187,Pinus_pinaster,True,1449,0.0,persistente,,0.023,ifn_2010
62188,Pinus_pinaster,True,2782,0.0,persistente,,0.098,ifn_2010
62189,Pinus_pinaster,True,595,0.0,persistente,,0.04,ifn_2010
62190,Pinus_pinaster,True,5510,0.0,persistente,,0.03,ifn_2010
62191,Pinus_pinaster,True,10158,0.0,persistente,,0.016,ifn_2010
62192,Quercus_robur,False,2437,0.0,persistente,,0.022,ifn_2010
62193,Quercus_robur,False,2442,0.0,persistente,,0.024,ifn_2010
62196,Pinus_pinaster,True,3182,0.0,persistente,,0.04,ifn_2010
62197,Pinus_pinaster,True,7309,0.0,persistente,,0.047,ifn_2010
62198,Quercus_robur,False,1027,0.0,persistente,,0.042,ifn_2010
62201,Pinus_pinaster,True,1756,0.0,persistente,,0.039,ifn_2010
62203,Quercus_robur,False,3845,0.0,persistente,,0.107,ifn_2010
62205,Quercus_robur,False,4921,0.0,persistente,,0.091,ifn_2010
62207,Quercus_robur,False,4818,0.0,persistente,,0.062,ifn_2010
62208,Quercus_robur,False,5490,0.0,persistente,,0.031,ifn_2010
62209,Quercus_robur,False,1704,0.0,persistente,,0.026,ifn_2010
62210,Pinus_pinaster,True,13968,0.0,persistente,,0.024,ifn_2010
62211,Pinus_pinaster,True,44471,0.0,persistente,,0.024,ifn_2010
62212,Quercus_robur,False,2855,0.0,persistente,,0.022,ifn_2010
62215,Quercus_robur,False,1572,0.0,persistente,,0.02,ifn_2010
62216,Quercus_robur,False,978,0.0,persistente,,0.011,ifn_2010
62218,Pinus_pinaster,True,2128,0.0,persistente,,0.052,ifn_2010
62236,Betula_alba,False,0,0.0,sin_dato,,,sin_serie
62271,Pinus_pinaster,True,8112,0.0,persistente,,0.066,ifn_2010
62272,Pinus_pinaster,True,15056,0.0,evento,2018.0,0.255,desconocida
62273,Quercus_pyrenaica,False,10014,0.0,persistente,,0.147,ifn_2010
62274,Quercus_pyrenaica,False,30094,0.0,persistente,,0.128,ifn_2010
62275,Quercus_pyrenaica,False,25780,0.0,persistente,,0.016,ifn_2010
62276,Pinus_pinaster,True,9686,0.0,persistente,,0.015,ifn_2010
62277,Quercus_pyrenaica,False,9134,0.0,persistente,,0.013,ifn_2010
62278,Quercus_robur,False,33306,0.0,persistente,,0.016,ifn_2010
62279,Quercus_robur,False,3432,0.0,persistente,,0.01,ifn_2010
62280,Quercus_robur,False,7122,0.0,persistente,,0.022,ifn_2010
62285,Pinus_pinaster,True,1164,0.0,persistente,,0.042,ifn_2010
62293,Quercus_pyrenaica,False,0,0.0,sin_dato,,,sin_serie
62306,Pinus_pinaster,True,3976,0.0,persistente,,0.058,ifn_2010
62307,Pinus_pinaster,True,633,0.0,persistente,,0.049,ifn_2010
62308,Pinus_pinaster,True,933,0.0,persistente,,0.148,ifn_2010
62309,Quercus_robur,False,5760,0.0,persistente,,0.021,ifn_2010
62310,Pinus_pinaster,True,3713,0.0,persistente,,0.015,ifn_2010
62311,Pinus_pinaster,True,2745,0.0,persistente,,0.024,ifn_2010
62312,Pinus_pinaster,True,1757,0.0,persistente,,0.054,ifn_2010
62313,Pinus_pinaster,True,23292,0.0,persistente,,0.022,ifn_2010
62314,Pinus_pinaster,True,20339,0.0,persistente,,0.02,ifn_2010
62315,Pinus_pinaster,True,1129,0.0,persistente,,0.009,ifn_2010
62316,Betula_alba,False,4119,0.0,persistente,,0.024,ifn_2010
62317,Pinus_pinaster,True,1791,0.0,persistente,,0.123,ifn_2010
62318,Pinus_pinaster,True,3467,0.0,persistente,,0.039,ifn_2010
62319,Pinus_pinaster,True,5088,0.0,persistente,,0.042,ifn_2010
62320,Pinus_pinaster,True,1583,0.0,persistente,,0.033,ifn_2010
62321,Pinus_pinaster,True,581,0.0,persistente,,0.017,ifn_2010
62322,Pinus_pinaster,True,1536,0.0,persistente,,0.024,ifn_2010
62323,Quercus_suber,False,7080,0.0,persistente,,0.035,ifn_2010
62324,Quercus_robur,False,9048,0.0,persistente,,0.019,ifn_2010
62325,Pinus_pinaster,True,3778,0.0,persistente,,0.016,ifn_2010
62327,Quercus_robur,False,11646,0.0,persistente,,0.013,ifn_2010
62328,Pinus_pinaster,True,9132,0.0,persistente,,0.023,ifn_2010
62329,Quercus_robur,False,6420,0.0,persistente,,0.012,ifn_2010
62334,Quercus_robur,False,16062,0.0,persistente,,0.015,ifn_2010
62338,Pinus_pinaster,True,16938,0.0,persistente,,0.029,ifn_2010
62339,Pinus_pinaster,True,5508,0.0,persistente,,0.02,ifn_2010
62340,Quercus_robur,False,19956,0.0,persistente,,0.01,ifn_2010
62342,Pinus_pinaster,True,5662,0.0,persistente,,0.007,ifn_2010
62343,Pinus_pinaster,True,40820,0.0,persistente,,0.013,ifn_2010
62344,Quercus_robur,False,7520,0.0,persistente,,0.012,ifn_2010
62347,Quercus_robur,False,2270,0.0,persistente,,0.034,ifn_2010
62348,Pinus_pinaster,True,10298,0.0,persistente,,0.031,ifn_2010
62351,Quercus_robur,False,11482,0.0,persistente,,0.013,ifn_2010
62355,Pinus_pinaster,True,42878,0.0,persistente,,0.016,ifn_2010
62356,Pinus_pinaster,True,586,0.0,persistente,,0.02,ifn_2010
62360,Pinus_pinaster,True,3222,0.0,persistente,,0.035,ifn_2010
62361,Pinus_pinaster,True,3478,0.0,evento,2024.0,0.318,desconocida
62362,Pinus_pinaster,True,6837,0.0,persistente,,0.087,ifn_2010
62363,Pinus_pinaster,True,362,0.0,persistente,,0.032,ifn_2010
62373,Quercus_robur,False,5636,0.0,persistente,,0.02,ifn_2010
62382,Quercus_robur,False,646,0.0,persistente,,0.034,ifn_2010
62385,Pinus_pinaster,True,3017,0.0,persistente,,0.019,ifn_2010
62386,Pinus_pinaster,True,1713,0.0,persistente,,0.057,ifn_2010
62387,Pinus_pinaster,True,20464,0.0,persistente,,0.02,ifn_2010
62388,Quercus_robur,False,4227,0.0,persistente,,0.022,ifn_2010
62393,Quercus_robur,False,1228,0.0,persistente,,0.023,ifn_2010
62397,Pinus_pinaster,True,19321,0.0,persistente,,0.029,ifn_2010
62398,Castanea_sativa,False,17823,0.0,persistente,,0.025,ifn_2010
62399,Pinus_pinaster,True,15320,0.0,persistente,,0.047,ifn_2010
62401,Quercus_robur,False,239,0.0,persistente,,0.024,ifn_2010
62404,Pinus_pinaster,True,1352,0.0,evento,2022.0,0.297,desconocida
62405,Pinus_pinaster,True,1764,0.0,persistente,,0.049,ifn_2010
62406,Pinus_pinaster,True,2270,0.0,persistente,,0.034,ifn_2010
62407,Pinus_pinaster,True,3188,0.0,persistente,,0.029,ifn_2010
62408,Pinus_pinaster,True,6656,0.0,persistente,,0.041,ifn_2010
62409,Pinus_pinaster,True,10622,0.0,persistente,,0.036,ifn_2010
62410,Pinus_pinaster,True,2658,0.0,persistente,,0.036,ifn_2010
62411,Pinus_pinaster,True,6074,0.0,persistente,,0.017,ifn_2010
62412,Quercus_robur,False,472,0.0,persistente,,0.026,ifn_2010
62413,Quercus_robur,False,15574,0.0,persistente,,0.007,ifn_2010
62414,Pinus_pinaster,True,49966,0.0,persistente,,0.005,ifn_2010
62415,Pinus_pinaster,True,3884,0.0,persistente,,0.019,ifn_2010
62416,Quercus_robur,False,472,0.0,persistente,,0.007,ifn_2010
62417,Pinus_pinaster,True,6822,0.0,persistente,,0.03,ifn_2010
62418,Pinus_pinaster,True,20068,0.0,persistente,,0.015,ifn_2010
62419,Pinus_pinaster,True,2802,0.0,persistente,,0.036,ifn_2010
62420,Pinus_pinaster,True,20514,0.0,persistente,,0.023,ifn_2010
62421,Pinus_pinaster,True,32406,0.0,persistente,,0.027,ifn_2010
62422,Quercus_robur,False,3488,0.0,persistente,,0.026,ifn_2010
62423,Quercus_robur,False,7632,0.0,persistente,,0.01,ifn_2010
62424,Quercus_robur,False,7832,0.0,persistente,,0.003,ifn_2010
62425,Quercus_robur,False,16018,0.0,persistente,,0.021,ifn_2010
62426,Pinus_pinaster,True,12868,0.0,persistente,,0.014,ifn_2010
62427,Pinus_pinaster,True,7040,0.0,persistente,,0.025,ifn_2010
62428,Pinus_pinaster,True,37052,0.0,persistente,,0.012,ifn_2010
62429,Quercus_robur,False,21522,0.0,persistente,,0.021,ifn_2010
62430,Quercus_robur,False,2300,0.0,persistente,,0.017,ifn_2010
62431,Quercus_robur,False,918,0.0,persistente,,0.016,ifn_2010
62432,Quercus_robur,False,3184,0.0,persistente,,0.015,ifn_2010
62433,Pinus_pinaster,True,9053,0.0,persistente,,0.023,ifn_2010
62434,Pinus_pinaster,True,13466,0.0,persistente,,0.028,ifn_2010
62435,Pinus_pinaster,True,6734,0.0,persistente,,0.021,ifn_2010
62436,Quercus_robur,False,3266,0.0,persistente,,0.013,ifn_2010
62438,Pinus_pinaster,True,1540,0.0,persistente,,0.028,ifn_2010
62440,Pinus_pinaster,True,5134,0.0,persistente,,0.038,ifn_2010
62441,Pinus_pinaster,True,1464,0.0,persistente,,0.061,ifn_2010
62442,Quercus_robur,False,1977,0.0,persistente,,0.021,ifn_2010
62446,Pinus_pinaster,True,7829,0.0,persistente,,0.036,ifn_2010
62448,Pinus_pinaster,True,6933,0.0,persistente,,0.046,ifn_2010
62452,Pinus_pinaster,True,19118,0.0,persistente,,0.024,ifn_2010
62453,Pinus_pinaster,True,7467,0.0,persistente,,0.02,ifn_2010
62454,Pinus_pinaster,True,13591,0.0,persistente,,0.041,ifn_2010
62455,Pinus_pinaster,True,3359,0.0,persistente,,0.049,ifn_2010
62466,Pinus_pinaster,True,3241,0.0,persistente,,0.037,ifn_2010
62468,Pinus_pinaster,True,10061,0.0,persistente,,0.026,ifn_2010
62469,Pinus_pinaster,True,2025,0.0,persistente,,0.025,ifn_2010
62470,Alnus_glutinosa,False,2510,0.0,persistente,,0.019,ifn_2010
62471,Pinus_pinaster,True,4644,0.0,persistente,,0.041,ifn_2010
62472,Pinus_pinaster,True,18969,0.0,persistente,,0.022,ifn_2010
62473,Pinus_pinaster,True,14967,0.0,persistente,,0.022,ifn_2010
62474,Pinus_pinaster,True,5588,0.0,persistente,,0.036,ifn_2010
62475,Pinus_pinaster,True,1303,0.0,persistente,,0.038,ifn_2010
62476,Quercus_robur,False,9122,0.0,persistente,,0.016,ifn_2010
62477,Pinus_pinaster,True,6716,0.0,persistente,,0.053,ifn_2010
62478,Quercus_pyrenaica,False,6244,0.0,persistente,,0.022,ifn_2010
62479,Quercus_robur,False,11516,0.0,persistente,,0.017,ifn_2010
62482,Quercus_robur,False,20658,0.0,persistente,,0.015,ifn_2010
62483,Pinus_pinaster,True,7506,0.0,persistente,,0.013,ifn_2010
62484,Pinus_pinaster,True,330,0.0,persistente,,0.025,ifn_2010
62505,Castanea_sativa,False,224,0.0,persistente,,0.05,ifn_2010
62506,Eucaliptus_spp,True,277,0.0,persistente,,0.09,ifn_2010
62507,Pseudotsuga_menziesii,True,419,0.0,persistente,,0.03,ifn_2010
62510,Pinus_radiata,True,515,0.0,evento,2018.0,0.526,desconocida
65014,Quercus_pyrenaica,False,13299,0.0,persistente,,0.048,ifn_2010
65044,Pinus_pinaster,True,1544,0.0,persistente,,0.021,ifn_2010
65045,Quercus_robur,False,6858,0.0,persistente,,0.012,ifn_2010
65047,Quercus_robur,False,27122,0.0,persistente,,0.012,ifn_2010
65058,Pinus_pinaster,True,3302,0.0,persistente,,0.058,ifn_2010
65061,Quercus_robur,False,8280,0.0,persistente,,0.046,ifn_2010
65062,Pinus_pinaster,True,7134,0.0,persistente,,0.047,ifn_2010
65067,Pinus_pinaster,True,2586,0.0,persistente,,0.071,ifn_2010
65068,Pinus_pinaster,True,8699,0.0,persistente,,0.056,ifn_2010
65069,Quercus_robur,False,0,0.0,sin_dato,,,sin_serie
65070,Quercus_robur,False,0,0.0,sin_dato,,,sin_serie
65083,Quercus_robur,False,9852,0.0,persistente,,0.021,ifn_2010
65084,Quercus_robur,False,2290,0.0,persistente,,0.055,ifn_2010
65086,Quercus_pyrenaica,False,5890,0.0,persistente,,0.019,ifn_2010
65087,Quercus_pyrenaica,False,0,0.0,sin_dato,,,sin_serie
65088,Quercus_pyrenaica,False,0,0.0,sin_dato,,,sin_serie
65089,Pinus_pinaster,True,0,0.0,sin_dato,,,sin_serie
65099,Eucalyptus_globulus,True,4746,0.0,persistente,,0.034,ifn_2010
65100,Pinus_pinaster,True,10090,0.0,persistente,,0.029,ifn_2010
65105,Quercus_robur,False,3382,0.0,persistente,,0.042,ifn_2010
65106,Pinus_pinaster,True,10820,0.0,persistente,,0.024,ifn_2010
65112,Pinus_pinaster,True,2178,0.0,persistente,,0.051,ifn_2010
65113,Pinus_pinaster,True,1220,0.0,persistente,,0.049,ifn_2010
65115,Pinus_pinaster,True,12349,0.0,persistente,,0.048,ifn_2010
65116,Pinus_pinaster,True,1696,0.0,persistente,,0.025,ifn_2010
65117,Pinus_pinaster,True,0,0.0,sin_dato,,,sin_serie
65129,Pinus_pinaster,True,384,0.0,persistente,,0.046,ifn_2010
65130,Pinus_pinaster,True,3323,0.0,persistente,,0.035,ifn_2010
65131,Pinus_pinaster,True,6748,0.0,persistente,,0.054,ifn_2010
65132,Pinus_pinaster,True,850,0.0,persistente,,0.02,ifn_2010
65135,Acacia_dealbata,True,6324,0.0,persistente,,0.104,ifn_2010
65137,Acacia_dealbata,True,365,0.0,persistente,,0.12,ifn_2010
65138,Pinus_pinaster,True,5583,0.0,persistente,,0.031,ifn_2010
65139,Quercus_robur,False,2258,0.0,persistente,,0.024,ifn_2010
65145,Quercus_robur,False,6112,0.0,persistente,,0.027,ifn_2010
65146,Pinus_pinaster,True,337,0.0,persistente,,0.045,ifn_2010
65147,Pinus_pinaster,True,562,0.0,persistente,,0.024,ifn_2010
65148,Pinus_pinaster,True,3423,0.0,persistente,,0.017,ifn_2010
65149,Pinus_pinaster,True,1614,0.0,persistente,,0.051,ifn_2010
65150,Pinus_pinaster,True,1092,0.0,persistente,,0.038,ifn_2010
65158,Pinus_pinaster,True,2930,0.0,persistente,,0.022,ifn_2010
65159,Pinus_pinaster,True,212,0.0,persistente,,0.033,ifn_2010
65160,Pinus_pinaster,True,0,0.0,sin_dato,,,sin_serie
65161,Pinus_pinaster,True,2693,0.0,persistente,,0.098,ifn_2010
65166,Pinus_pinaster,True,1963,0.0,persistente,,0.061,ifn_2010
65167,Quercus_robur,False,0,0.0,sin_dato,,,sin_serie
65168,Quercus_robur,False,0,0.0,sin_dato,,,sin_serie
65169,Quercus_robur,False,0,0.0,sin_dato,,,sin_serie
65170,Pinus_pinaster,True,0,0.0,sin_dato,,,sin_serie
65178,Pinus_pinaster,True,10325,0.0,persistente,,0.027,ifn_2010
65187,Acacia_spp,True,236,0.0,persistente,,0.059,ifn_2010
65188,Pinus_pinaster,True,641,0.0,persistente,,0.077,ifn_2010
65189,Pinus_pinaster,True,154,0.0,evento,2019.0,0.244,desconocida
65190,Acacia_dealbata,True,175,0.0,persistente,,0.015,ifn_2010
65191,Acacia_dealbata,True,295,0.0,persistente,,0.096,ifn_2010
65192,Pinus_pinaster,True,147,0.0,persistente,,0.06,ifn_2010
65193,Quercus_robur,False,0,0.0,sin_dato,,,sin_serie
65194,Quercus_robur,False,3510,0.0,persistente,,0.051,ifn_2010
65195,Pinus_pinaster,True,114,0.0,persistente,,0.046,ifn_2010
65197,Acacia_dealbata,True,336,0.0,persistente,,0.076,ifn_2010
65200,Quercus_robur,False,1295,0.0,persistente,,0.015,ifn_2010
65205,Quercus_pyrenaica,False,2927,0.0,persistente,,0.036,ifn_2010
65206,Pinus_pinaster,True,28866,0.0,persistente,,0.01,ifn_2010
65210,Pinus_pinaster,True,595,0.0,persistente,,0.04,ifn_2010
65211,Pinus_pinaster,True,574,0.0,persistente,,0.045,ifn_2010
65212,Pinus_pinaster,True,314,0.0,persistente,,0.101,ifn_2010
65213,Pinus_pinaster,True,1619,0.0,persistente,,0.034,ifn_2010
65214,Pinus_pinaster,True,200,0.0,persistente,,0.076,ifn_2010
65215,Quercus_robur,False,0,0.0,sin_dato,,,sin_serie
65216,Pinus_pinaster,True,0,0.0,sin_dato,,,sin_serie
65218,Pinus_pinaster,True,7318,0.0,persistente,,0.025,ifn_2010
65219,Pinus_pinaster,True,270,0.0,persistente,,0.053,ifn_2010
65225,Pinus_pinaster,True,986,0.0,persistente,,0.025,ifn_2010
65231,Quercus_robur,False,19987,0.0,persistente,,0.018,ifn_2010
65232,Quercus_robur,False,9506,0.0,persistente,,0.012,ifn_2010
65260,Quercus_robur,False,2762,0.0,persistente,,0.021,ifn_2010
65261,Quercus_suber,False,684,0.0,persistente,,0.024,ifn_2010
65264,Pinus_pinaster,True,10037,0.0,persistente,,0.075,ifn_2010
65265,Quercus_robur,False,10348,0.0,persistente,,0.021,ifn_2010
65266,Pinus_pinaster,True,6364,0.0,persistente,,0.028,ifn_2010
65267,Quercus_robur,False,5373,0.0,persistente,,0.022,ifn_2010
65268,Pinus_pinaster,True,29314,0.0,persistente,,0.024,ifn_2010
65269,Pinus_pinaster,True,3783,0.0,persistente,,0.031,ifn_2010
65271,Pinus_pinaster,True,3569,0.0,persistente,,0.035,ifn_2010
65272,Pinus_pinaster,True,3055,0.0,persistente,,0.025,ifn_2010
65273,Pinus_pinaster,True,22319,0.0,persistente,,0.021,ifn_2010
65274,Pinus_pinaster,True,4358,0.0,persistente,,0.034,ifn_2010
65275,Quercus_robur,False,3719,0.0,persistente,,0.024,ifn_2010
65276,Quercus_robur,False,1585,0.0,persistente,,0.021,ifn_2010
65277,Quercus_robur,False,1211,0.0,persistente,,0.024,ifn_2010
65283,Pinus_pinaster,True,887,0.0,persistente,,0.017,ifn_2010
65284,Pinus_pinaster,True,15654,0.0,persistente,,0.017,ifn_2010
65285,Quercus_robur,False,3794,0.0,persistente,,0.019,ifn_2010
65286,Pinus_pinaster,True,30638,0.0,persistente,,0.021,ifn_2010
65296,Quercus_robur,False,17952,0.0,persistente,,0.012,ifn_2010
65304,Pinus_pinaster,True,0,0.0,sin_dato,,,sin_serie
65306,Alnus_glutinosa,False,0,0.0,sin_dato,,,sin_serie
65308,Pinus_pinaster,True,0,0.0,sin_dato,,,sin_serie
65316,Quercus_robur,False,0,0.0,sin_dato,,,sin_serie
65320,Quercus_robur,False,0,0.0,sin_dato,,,sin_serie
65321,Pinus_pinaster,True,0,0.0,sin_dato,,,sin_serie
65325,Pinus_pinaster,True,3028,0.0,persistente,,0.014,ifn_2010
65327,Pinus_pinaster,True,2494,0.0,persistente,,0.018,ifn_2010
65329,Pinus_pinaster,True,6116,0.0,persistente,,0.024,ifn_2010
65330,Pinus_pinaster,True,3336,0.0,persistente,,0.01,ifn_2010
65333,Pinus_pinaster,True,4648,0.0,persistente,,0.013,ifn_2010
65338,Pinus_pinaster,True,12202,0.0,persistente,,0.013,ifn_2010
65342,Pinus_pinaster,True,12330,0.0,persistente,,0.017,ifn_2010
65343,Quercus_robur,False,2840,0.0,persistente,,0.016,ifn_2010
65346,Pinus_pinaster,True,4322,0.0,persistente,,0.032,ifn_2010
65347,Quercus_robur,False,1082,0.0,persistente,,0.073,ifn_2010
65348,Quercus_robur,False,140,0.0,persistente,,0.077,ifn_2010
65350,Quercus_robur,False,0,0.0,sin_dato,,,sin_serie
65351,Pinus_pinaster,True,0,0.0,sin_dato,,,sin_serie
65352,Quercus_robur,False,0,0.0,sin_dato,,,sin_serie
65353,Quercus_robur,False,0,0.0,sin_dato,,,sin_serie
65354,Quercus_robur,False,1196,0.0,persistente,,0.022,ifn_2010
65355,Quercus_robur,False,1366,0.0,persistente,,0.017,ifn_2010
65361,Pinus_pinaster,True,1452,0.0,persistente,,0.04,ifn_2010
65362,Pinus_pinaster,True,43778,0.0,persistente,,0.013,ifn_2010
65366,Quercus_robur,False,28818,0.0,persistente,,0.02,ifn_2010
65368,Pinus_pinaster,True,4292,0.0,persistente,,0.033,ifn_2010
65369,Pinus_pinaster,True,1360,0.0,persistente,,0.023,ifn_2010
65370,Pinus_pinaster,True,2010,0.0,persistente,,0.043,ifn_2010
65371,Quercus_robur,False,10780,0.0,persistente,,0.017,ifn_2010
65372,Pinus_pinaster,True,3280,0.0,persistente,,0.046,ifn_2010
65376,Quercus_robur,False,2272,0.0,persistente,,0.033,ifn_2010
65377,Quercus_pyrenaica,False,32754,0.0,persistente,,0.012,ifn_2010
65379,Quercus_pyrenaica,False,16132,0.0,persistente,,0.008,ifn_2010
65380,Quercus_robur,False,27302,0.0,persistente,,0.019,ifn_2010
65390,Pinus_pinaster,True,656,0.0,persistente,,0.03,ifn_2010
65393,Pinus_pinaster,True,7914,0.0,persistente,,0.036,ifn_2010
65395,Quercus_pyrenaica,False,5170,0.0,persistente,,0.03,ifn_2010
65396,Pinus_pinaster,True,3799,0.0,persistente,,0.028,ifn_2010
65400,Pinus_pinaster,True,1812,0.0,persistente,,0.048,ifn_2010
65401,Quercus_robur,False,482,0.0,persistente,,0.043,ifn_2010
65402,Quercus_robur,False,8507,0.0,persistente,,0.039,ifn_2010
65403,Quercus_robur,False,2284,0.0,persistente,,0.024,ifn_2010
65409,Quercus_robur,False,4233,0.0,persistente,,0.047,ifn_2010
65412,Quercus_robur,False,3450,0.0,persistente,,0.068,ifn_2010
65413,Pinus_pinaster,True,769,0.0,persistente,,0.055,ifn_2010
65414,Pinus_pinaster,True,14017,0.0,persistente,,0.031,ifn_2010
65416,Pinus_pinaster,True,4625,0.0,persistente,,0.037,ifn_2010
65422,Quercus_robur,False,4756,0.0,persistente,,0.071,ifn_2010
65426,Pinus_pinaster,True,1045,0.0,persistente,,0.055,ifn_2010
65427,Pinus_pinaster,True,3850,0.0,persistente,,0.026,ifn_2010
65433,Pinus_pinaster,True,1807,0.0,persistente,,0.039,ifn_2010
65438,Pinus_pinaster,True,404,0.0,persistente,,0.059,ifn_2010
65440,Pinus_pinaster,True,103,0.0,persistente,,0.075,ifn_2010
65449,Pinus_pinaster,True,3986,0.0,persistente,,0.024,ifn_2010
65451,Pinus_pinaster,True,1102,0.0,persistente,,0.034,ifn_2010
65452,Quercus_pyrenaica,False,1122,0.0,persistente,,0.03,ifn_2010
65454,Quercus_robur,False,3471,0.0,persistente,,0.026,ifn_2010
65455,Quercus_robur,False,6035,0.0,persistente,,0.036,ifn_2010
65458,Quercus_robur,False,0,0.0,sin_dato,,,sin_serie
65459,Quercus_robur,False,0,0.0,sin_dato,,,sin_serie
65461,Pinus_pinaster,True,5010,0.0,persistente,,0.036,ifn_2010
65464,Quercus_robur,False,654,0.0,persistente,,0.06,ifn_2010
65465,Pinus_pinaster,True,798,0.0,persistente,,0.023,ifn_2010
65467,Quercus_pyrenaica,False,13834,0.0,persistente,,0.023,ifn_2010
65471,Quercus_robur,False,262,0.0,persistente,,0.028,ifn_2010
65472,Pinus_pinaster,True,0,0.0,sin_dato,,,sin_serie
65474,Quercus_robur,False,0,0.0,sin_dato,,,sin_serie
65478,Quercus_robur,False,104,0.0,persistente,,0.023,ifn_2010
65480,Pinus_pinaster,True,2250,0.0,persistente,,0.03,ifn_2010
65481,Pinus_pinaster,True,1634,0.0,persistente,,0.014,ifn_2010
65482,Pinus_pinaster,True,804,0.0,persistente,,0.135,ifn_2010
65524,Quercus_robur,False,1931,0.0,persistente,,0.027,ifn_2010
65533,Quercus_pyrenaica,False,1238,0.0,persistente,,0.002,ifn_2010
65538,Quercus_pyrenaica,False,0,0.0,sin_dato,,,sin_serie
65540,Pinus_pinaster,True,0,0.0,sin_dato,,,sin_serie
65545,Quercus_pyrenaica,False,0,0.0,sin_dato,,,sin_serie
65553,Quercus_pyrenaica,False,0,0.0,sin_dato,,,sin_serie
65596,Quercus_robur,False,431,0.0,persistente,,0.025,ifn_2010
65614,Pinus_pinaster,True,2042,0.0,persistente,,0.048,ifn_2010
65633,Pinus_pinaster,True,1313,0.0,persistente,,0.027,ifn_2010
65636,Pinus_pinaster,True,6445,0.0,persistente,,0.034,ifn_2010
65661,Pinus_pinaster,True,7389,0.0,persistente,,0.027,ifn_2010
65662,Pinus_pinaster,True,5987,0.0,persistente,,0.039,ifn_2010
65663,Pinus_pinaster,True,3994,0.0,persistente,,0.047,ifn_2010
65664,Pinus_pinaster,True,2235,0.0,persistente,,0.071,ifn_2010
65732,Pinus_pinaster,True,4817,0.0,persistente,,0.025,ifn_2010
65733,Pinus_pinaster,True,8951,0.0,persistente,,0.026,ifn_2010
65734,Pinus_pinaster,True,4596,0.0,persistente,,0.032,ifn_2010
65735,Pinus_pinaster,True,871,0.0,persistente,,0.046,ifn_2010
65736,Pinus_pinaster,True,2873,0.0,evento,2023.0,0.216,desconocida
65737,Pinus_pinaster,True,3587,0.0,persistente,,0.07,ifn_2010
65738,Pinus_pinaster,True,1950,0.0,persistente,,0.09,ifn_2010
65739,Pinus_pinaster,True,772,0.0,persistente,,0.025,ifn_2010
65740,Salix_atrocinerea,False,1489,0.0,persistente,,0.023,ifn_2010
65741,Pinus_pinaster,True,8389,0.0,persistente,,0.09,ifn_2010
65742,Pinus_pinaster,True,3776,0.0,persistente,,0.085,ifn_2010
65743,Pinus_pinaster,True,864,0.0,evento,2023.0,0.384,desconocida
65744,Pinus_pinaster,True,3411,0.0,evento,2023.0,0.347,desconocida
65745,Pinus_pinaster,True,92,0.0,persistente,,0.178,ifn_2010
65746,Quercus_robur,False,9934,0.0,persistente,,0.019,ifn_2010
65747,Pinus_pinaster,True,7122,0.0,persistente,,0.114,ifn_2010
65748,Quercus_robur,False,4684,0.0,persistente,,0.041,ifn_2010
65749,Pinus_pinaster,True,1401,0.0,persistente,,0.028,ifn_2010
65750,Pinus_pinaster,True,3030,0.0,persistente,,0.067,ifn_2010
65751,Pinus_pinaster,True,373,0.0,persistente,,0.129,ifn_2010
65752,Pinus_pinaster,True,6840,0.0,persistente,,0.026,ifn_2010
65753,Pinus_pinaster,True,13405,0.0,persistente,,0.029,ifn_2010
65754,Pinus_pinaster,True,16718,0.0,persistente,,0.029,ifn_2010
65755,Quercus_robur,False,1196,0.0,persistente,,0.024,ifn_2010
65756,Pinus_pinaster,True,4072,0.0,persistente,,0.019,ifn_2010
65854,Pinus_pinaster,True,10863,0.0,persistente,,0.038,ifn_2010
65855,Pinus_pinaster,True,9723,0.0,persistente,,0.023,ifn_2010
65856,Pinus_pinaster,True,1257,0.0,persistente,,0.04,ifn_2010
65857,Pinus_pinaster,True,6934,0.0,persistente,,0.044,ifn_2010
65858,Pinus_pinaster,True,3041,0.0,persistente,,0.025,ifn_2010
65859,Pinus_pinaster,True,1276,0.0,persistente,,0.046,ifn_2010
65860,Pinus_pinaster,True,5573,0.0,persistente,,0.03,ifn_2010
65861,Pinus_pinaster,True,12465,0.0,persistente,,0.044,ifn_2010
65862,Pinus_pinaster,True,33416,0.0,persistente,,0.035,ifn_2010
65863,Pinus_pinaster,True,13983,0.0,persistente,,0.041,ifn_2010
65864,Castanea_sativa,False,956,0.0,persistente,,0.06,ifn_2010
65873,Pinus_pinaster,True,3991,0.0,persistente,,0.029,ifn_2010
65877,Quercus_robur,False,9770,0.0,persistente,,0.018,ifn_2010
65879,Pinus_pinaster,True,1290,0.0,persistente,,0.04,ifn_2010
65887,Quercus_robur,False,17434,0.0,persistente,,0.026,ifn_2010
65893,Pinus_pinaster,True,0,0.0,sin_dato,,,sin_serie
65895,Pinus_pinaster,True,0,0.0,sin_dato,,,sin_serie
65896,Pinus_radiata,True,0,0.0,sin_dato,,,sin_serie
65897,Pinus_pinaster,True,0,0.0,sin_dato,,,sin_serie
65898,Quercus_robur,False,988,0.0,persistente,,0.026,ifn_2010
65899,Quercus_robur,False,1497,0.0,persistente,,0.023,ifn_2010
65965,Pinus_pinaster,True,3287,0.0,persistente,,0.03,ifn_2010
65968,Quercus_robur,False,326,0.0,persistente,,0.027,ifn_2010
65970,Pinus_pinaster,True,5755,0.0,persistente,,0.045,ifn_2010
65971,Pinus_pinaster,True,188,0.0,persistente,,0.04,ifn_2010
65973,Pinus_pinaster,True,3151,0.0,persistente,,0.028,ifn_2010
65977,Pinus_pinaster,True,873,0.0,persistente,,0.036,ifn_2010
65978,Pinus_pinaster,True,1455,0.0,persistente,,0.049,ifn_2010
65979,Pinus_pinaster,True,923,0.0,persistente,,0.078,ifn_2010
65985,Pinus_pinaster,True,13299,0.0,persistente,,0.026,ifn_2010
65990,Pinus_pinaster,True,1363,0.0,persistente,,0.04,ifn_2010
65994,Pinus_pinaster,True,1821,0.0,persistente,,0.08,ifn_2010
65998,Pinus_pinaster,True,310,0.0,persistente,,0.042,ifn_2010
66001,Pinus_pinaster,True,330,0.0,persistente,,0.043,ifn_2010
66009,Pinus_pinaster,True,1742,0.0,persistente,,0.026,ifn_2010
66010,Pinus_pinaster,True,11241,0.0,persistente,,0.013,ifn_2010
66021,Pinus_pinaster,True,3942,0.0,persistente,,0.027,ifn_2010
66024,Castanea_sativa,False,1460,0.0,persistente,,0.036,ifn_2010
66028,Pinus_pinaster,True,1050,0.0,persistente,,0.12,ifn_2010
66029,Pinus_pinaster,True,4556,0.0,persistente,,0.03,ifn_2010
66041,Pinus_pinaster,True,930,0.0,persistente,,0.025,ifn_2010
66053,Pinus_pinaster,True,1841,0.0,persistente,,0.087,ifn_2010
66057,Pinus_pinaster,True,4717,0.0,persistente,,0.055,ifn_2010
66064,Pinus_pinaster,True,933,0.0,persistente,,0.152,ifn_2010
66124,Pinus_pinaster,True,2600,0.0,persistente,,0.012,ifn_2010
66133,Pinus_pinaster,True,1411,0.0,persistente,,0.091,ifn_2010
66134,Pinus_pinaster,True,1110,0.0,persistente,,0.05,ifn_2010
66136,Pinus_pinaster,True,360,0.0,persistente,,0.059,ifn_2010
66137,Pinus_pinaster,True,627,0.0,persistente,,0.067,ifn_2010
66141,Pinus_pinaster,True,1489,0.0,persistente,,0.032,ifn_2010
66142,Quercus_robur,False,918,0.0,persistente,,0.016,ifn_2010
66143,Pinus_pinaster,True,3153,0.0,persistente,,0.023,ifn_2010
66270,Pinus_pinaster,True,2650,0.0,persistente,,0.039,ifn_2010
66271,Quercus_suber,False,133,0.0,persistente,,0.037,ifn_2010
66274,Pinus_pinaster,True,13152,0.0,persistente,,0.039,ifn_2010
66284,Pinus_pinaster,True,3286,0.0,persistente,,0.026,ifn_2010
66285,Pinus_pinaster,True,1941,0.0,persistente,,0.03,ifn_2010
66286,Pinus_pinaster,True,2790,0.0,persistente,,0.032,ifn_2010
66294,Pinus_pinaster,True,3051,0.0,persistente,,0.028,ifn_2010
66295,Quercus_robur,False,3421,0.0,persistente,,0.014,ifn_2010
66296,Pinus_pinaster,True,2510,0.0,persistente,,0.026,ifn_2010
66298,Quercus_robur,False,4033,0.0,persistente,,0.029,ifn_2010
66303,Pinus_pinaster,True,19326,0.0,persistente,,0.033,ifn_2010
66306,Pinus_pinaster,True,7941,0.0,persistente,,0.02,ifn_2010
66307,Pinus_pinaster,True,3326,0.0,persistente,,0.037,ifn_2010
66308,Pinus_pinaster,True,392,0.0,persistente,,0.028,ifn_2010
66309,Pinus_pinaster,True,6700,0.0,persistente,,0.107,ifn_2010
66311,Pinus_pinaster,True,3999,0.0,persistente,,0.153,ifn_2010
66313,Quercus_robur,False,4985,0.0,persistente,,0.022,ifn_2010
66314,Quercus_robur,False,778,0.0,persistente,,0.031,ifn_2010
66315,Pinus_pinaster,True,2217,0.0,persistente,,0.05,ifn_2010
66316,Pinus_pinaster,True,988,0.0,persistente,,0.08,ifn_2010
66317,Pinus_pinaster,True,693,0.0,persistente,,0.076,ifn_2010
66328,Pinus_pinaster,True,3795,0.0,persistente,,0.039,ifn_2010
66335,Pinus_pinaster,True,8188,0.0,persistente,,0.036,ifn_2010
66338,Pinus_pinaster,True,4615,0.0,persistente,,0.035,ifn_2010
66340,Pinus_pinaster,True,3604,0.0,persistente,,0.026,ifn_2010
66342,Quercus_robur,False,2426,0.0,persistente,,0.037,ifn_2010
66343,Pinus_pinaster,True,14011,0.0,persistente,,0.024,ifn_2010
66344,Pinus_pinaster,True,4277,0.0,persistente,,0.06,ifn_2010
66345,Pinus_pinaster,True,1219,0.0,persistente,,0.032,ifn_2010
66347,Quercus_robur,False,1108,0.0,persistente,,0.03,ifn_2010
66349,Pinus_pinaster,True,996,0.0,persistente,,0.02,ifn_2010
66351,Pinus_pinaster,True,1570,0.0,persistente,,0.032,ifn_2010
66357,Pinus_pinaster,True,4560,0.0,persistente,,0.03,ifn_2010
66360,Pinus_pinaster,True,53941,0.0,persistente,,0.022,ifn_2010
66449,Pinus_pinaster,True,915,0.0,persistente,,0.03,ifn_2010
66451,Quercus_robur,False,4883,0.0,persistente,,0.052,ifn_2010
66453,Quercus_pyrenaica,False,2447,0.0,persistente,,0.021,ifn_2010
66454,Pinus_pinaster,True,1806,0.0,persistente,,0.042,ifn_2010
66455,Pinus_pinaster,True,1472,0.0,persistente,,0.027,ifn_2010
66457,Pinus_pinaster,True,7824,0.0,persistente,,0.014,ifn_2010
66462,Pinus_pinaster,True,1390,0.0,persistente,,0.031,ifn_2010
66463,Pinus_radiata,True,2035,0.0,persistente,,0.071,ifn_2010
66464,Pinus_pinaster,True,7481,0.0,persistente,,0.034,ifn_2010
66465,Pinus_pinaster,True,3984,0.0,persistente,,0.032,ifn_2010
66466,Quercus_robur,False,919,0.0,persistente,,0.021,ifn_2010
66467,Pinus_pinaster,True,3641,0.0,persistente,,0.028,ifn_2010
66468,Pinus_pinaster,True,613,0.0,persistente,,0.055,ifn_2010
66471,Pinus_pinaster,True,19506,0.0,persistente,,0.069,ifn_2010
66474,Pinus_pinaster,True,9270,0.0,persistente,,0.054,ifn_2010
66478,Pinus_pinaster,True,19179,0.0,persistente,,0.042,ifn_2010
66479,Pinus_pinaster,True,6610,0.0,persistente,,0.045,ifn_2010
66480,Pinus_pinaster,True,2978,0.0,persistente,,0.045,ifn_2010
66481,Quercus_robur,False,5892,0.0,persistente,,0.031,ifn_2010
66482,Quercus_robur,False,877,0.0,persistente,,0.172,ifn_2010
66483,Quercus_robur,False,1642,0.0,persistente,,0.054,ifn_2010
66484,Pinus_pinaster,True,26249,0.0,persistente,,0.024,ifn_2010
66486,Pinus_pinaster,True,7336,0.0,persistente,,0.026,ifn_2010
66488,Pinus_pinaster,True,450,0.0,persistente,,0.038,ifn_2010
66493,Pinus_pinaster,True,6781,0.0,persistente,,0.032,ifn_2010
66494,Pinus_pinaster,True,0,0.0,sin_dato,,,sin_serie
66496,Quercus_robur,False,2113,0.0,persistente,,0.124,ifn_2010
66497,Pinus_pinaster,True,6944,0.0,persistente,,0.023,ifn_2010
66507,Pinus_pinaster,True,2885,0.0,persistente,,0.017,ifn_2010
66509,Pinus_pinaster,True,4168,0.0,persistente,,0.026,ifn_2010
66513,Pinus_pinaster,True,3518,0.0,persistente,,0.016,ifn_2010
66515,Pinus_pinaster,True,693,0.0,persistente,,0.018,ifn_2010
66516,Quercus_robur,False,179,0.0,persistente,,0.056,ifn_2010
66521,Pinus_pinaster,True,52,0.0,persistente,,0.028,ifn_2010
66537,Pinus_pinaster,True,16135,0.0,persistente,,0.026,ifn_2010
66538,Pinus_pinaster,True,2506,0.0,persistente,,0.023,ifn_2010
66539,Pinus_pinaster,True,11687,0.0,persistente,,0.032,ifn_2010
66541,Castanea_sativa,False,5715,0.0,persistente,,0.019,ifn_2010
66550,Pinus_pinaster,True,3579,0.0,persistente,,0.145,ifn_2010
66557,Quercus_robur,False,3283,0.0,persistente,,0.023,ifn_2010
66558,Pinus_pinaster,True,1871,0.0,persistente,,0.025,ifn_2010
66560,Pinus_pinaster,True,3580,0.0,persistente,,0.014,ifn_2010
66564,Pinus_pinaster,True,2612,0.0,persistente,,0.058,ifn_2010
66565,Quercus_robur,False,1373,0.0,persistente,,0.007,ifn_2010
66567,Pinus_pinaster,True,5838,0.0,persistente,,0.012,ifn_2010
66568,Pinus_pinaster,True,630,0.0,persistente,,0.022,ifn_2010
66598,Pinus_pinaster,True,0,0.0,sin_dato,,,sin_serie
66683,Quercus_pyrenaica,False,0,0.0,sin_dato,,,sin_serie
66686,Pinus_pinaster,True,2213,0.0,evento,2026.0,0.224,desconocida
66687,Pinus_pinaster,True,998,0.0,persistente,,0.041,ifn_2010
66691,Pinus_pinaster,True,0,0.0,sin_dato,,,sin_serie
66692,Pinus_pinaster,True,3871,0.0,persistente,,0.078,ifn_2010
66702,Pinus_pinaster,True,0,0.0,sin_dato,,,sin_serie
66709,Pinus_pinaster,True,0,0.0,sin_dato,,,sin_serie
66768,Pinus_pinaster,True,0,0.0,sin_dato,,,sin_serie
66771,Quercus_robur,False,0,0.0,sin_dato,,,sin_serie
66772,Pinus_pinaster,True,0,0.0,sin_dato,,,sin_serie
66819,Pinus_pinaster,True,11705,0.0,persistente,,0.026,ifn_2010
66820,Pinus_pinaster,True,7128,0.0,persistente,,0.042,ifn_2010
66825,Pinus_pinaster,True,3800,0.0,persistente,,0.015,ifn_2010
66827,Pinus_pinaster,True,1359,0.0,persistente,,0.031,ifn_2010
66828,Pinus_pinaster,True,3269,0.0,persistente,,0.022,ifn_2010
66829,Pinus_pinaster,True,4480,0.0,persistente,,0.025,ifn_2010
66830,Quercus_robur,False,7676,0.0,persistente,,0.019,ifn_2010
66832,Pinus_sylvestris,True,2889,0.0,persistente,,0.074,ifn_2010
66833,Pinus_sylvestris,True,685,0.0,persistente,,0.089,ifn_2010
66834,Pinus_sylvestris,True,7754,0.0,persistente,,0.089,ifn_2010
66877,Pinus_pinaster,True,19329,0.0,persistente,,0.028,ifn_2010
66879,Pinus_pinaster,True,1909,0.0,persistente,,0.06,ifn_2010
66880,Pinus_pinaster,True,3392,0.0,persistente,,0.024,ifn_2010
66935,Pinus_pinaster,True,277,0.0,persistente,,0.026,ifn_2010
66936,Pinus_pinaster,True,361,0.0,persistente,,0.077,ifn_2010
66942,Quercus_robur,False,0,0.0,sin_dato,,,sin_serie
66943,Pinus_pinaster,True,9488,0.0,persistente,,0.032,ifn_2010
66946,Quercus_robur,False,562,0.0,persistente,,0.027,ifn_2010
66949,Quercus_robur,False,219,0.0,persistente,,0.025,ifn_2010
66951,Pinus_pinaster,True,3750,0.0,persistente,,0.03,ifn_2010
66954,Quercus_pyrenaica,False,231,0.0,persistente,,0.078,ifn_2010
66956,Pinus_pinaster,True,0,0.0,sin_dato,,,sin_serie
66960,Quercus_robur,False,939,0.0,persistente,,0.044,ifn_2010
66961,Quercus_pyrenaica,False,16191,0.0,persistente,,0.029,ifn_2010
66963,Pinus_pinaster,True,1392,0.0,persistente,,0.093,ifn_2010
66964,Pinus_pinaster,True,622,0.0,persistente,,0.05,ifn_2010
66973,Quercus_robur,False,6459,0.0,persistente,,0.031,ifn_2010
66978,Pinus_pinaster,True,23281,0.0,persistente,,0.031,ifn_2010
66987,Quercus_robur,False,0,0.0,sin_dato,,,sin_serie
66991,Pinus_pinaster,True,206,0.0,evento,2023.0,0.24,desconocida
66992,Pinus_pinaster,True,831,0.0,evento,2023.0,0.269,desconocida
66995,Pinus_pinaster,True,516,0.0,persistente,,0.057,ifn_2010
66996,Castanea_sativa,False,31814,0.0,persistente,,0.035,ifn_2010
66997,Alnus_glutinosa,False,4550,0.0,persistente,,0.014,ifn_2010
66998,Alnus_glutinosa,False,1010,0.0,persistente,,0.022,ifn_2010
66999,Pinus_pinaster,True,72,0.0,persistente,,0.097,ifn_2010
67000,Alnus_glutinosa,False,597,0.0,persistente,,0.024,ifn_2010
67001,Pinus_pinaster,True,570,0.0,persistente,,0.045,ifn_2010
67003,Alnus_glutinosa,False,210,0.0,persistente,,0.088,ifn_2010
67004,Alnus_glutinosa,False,704,0.0,persistente,,0.033,ifn_2010
67010,Quercus_robur,False,224,0.0,persistente,,0.086,ifn_2010
67012,Pinus_pinaster,True,0,0.0,sin_dato,,,sin_serie
67013,Pinus_pinaster,True,0,0.0,sin_dato,,,sin_serie
67019,Pinus_pinaster,True,14257,0.0,persistente,,0.079,ifn_2010
67020,Pinus_sylvestris,True,7657,0.0,persistente,,0.042,ifn_2010
67021,Pinus_pinaster,True,2786,0.0,persistente,,0.144,ifn_2010
67023,Quercus_robur,False,688,0.0,persistente,,0.13,ifn_2010
67025,Pinus_pinaster,True,513,0.0,persistente,,0.04,ifn_2010
67037,Pinus_pinaster,True,300,0.0,persistente,,0.032,ifn_2010
67038,Pinus_pinaster,True,548,0.0,persistente,,0.05,ifn_2010
67039,Pinus_pinaster,True,124,0.0,persistente,,0.07,ifn_2010
67040,Pinus_pinaster,True,2005,0.0,persistente,,0.004,ifn_2010
67042,Pinus_pinaster,True,505,0.0,persistente,,0.066,ifn_2010
67045,Pinus_pinaster,True,272,0.0,persistente,,0.02,ifn_2010
67065,Pseudotsuga_menziesii,True,8020,0.0,persistente,,0.045,ifn_2010
67066,Pinus_pinaster,True,3047,0.0,persistente,,0.017,ifn_2010
67068,Pinus_pinaster,True,225,0.0,persistente,,0.03,ifn_2010
67082,Quercus_robur,False,1643,0.0,persistente,,0.049,ifn_2010
67085,Quercus_pyrenaica,False,14277,0.0,persistente,,0.026,ifn_2010
67088,Quercus_pyrenaica,False,829,0.0,persistente,,0.04,ifn_2010
67091,Quercus_pyrenaica,False,1509,0.0,persistente,,0.029,ifn_2010
67092,Quercus_pyrenaica,False,945,0.0,persistente,,0.031,ifn_2010
67093,Quercus_pyrenaica,False,555,0.0,persistente,,0.023,ifn_2010
67095,Quercus_pyrenaica,False,2588,0.0,persistente,,0.032,ifn_2010
67096,Quercus_pyrenaica,False,9867,0.0,persistente,,0.043,ifn_2010
67097,Quercus_pyrenaica,False,3248,0.0,persistente,,0.049,ifn_2010
67098,Pinus_pinaster,True,4520,0.0,persistente,,0.031,ifn_2010
67103,Arbutus_unedo_,False,0,0.0,sin_dato,,,sin_serie
67105,Pinus_pinaster,True,1950,0.0,persistente,,0.081,ifn_2010
67108,Pinus_pinaster,True,4088,0.0,persistente,,0.032,ifn_2010
67113,Quercus_robur,False,5623,0.0,persistente,,0.02,ifn_2010
67115,Pinus_pinaster,True,2902,0.0,persistente,,0.048,ifn_2010
67117,Quercus_robur,False,2341,0.0,persistente,,0.039,ifn_2010
67127,Quercus_pyrenaica,False,7430,0.0,persistente,,0.06,ifn_2010
67134,Pinus_sylvestris,True,0,0.0,sin_dato,,,sin_serie
67140,Pinus_sylvestris,True,0,0.0,sin_dato,,,sin_serie
67141,Pinus_sylvestris,True,0,0.0,sin_dato,,,sin_serie
67142,Pinus_sylvestris,True,0,0.0,sin_dato,,,sin_serie
67143,Pinus_sylvestris,True,0,0.0,sin_dato,,,sin_serie
67144,Pinus_sylvestris,True,0,0.0,sin_dato,,,sin_serie
67157,Pinus_pinaster,True,869,0.0,persistente,,0.15,ifn_2010
67158,Pinus_pinaster,True,1355,0.0,evento,2020.0,0.352,desconocida
67172,Pinus_pinaster,True,8840,0.0,persistente,,0.026,ifn_2010
67176,Quercus_robur,False,205,0.0,persistente,,0.034,ifn_2010
67177,Quercus_robur,False,685,0.0,persistente,,0.031,ifn_2010
67178,Pinus_pinaster,True,703,0.0,persistente,,0.037,ifn_2010
67179,Pinus_pinaster,True,825,0.0,persistente,,0.066,ifn_2010
67180,Pinus_pinaster,True,2024,0.0,persistente,,0.11,ifn_2010
67181,Quercus_suber,False,1682,0.0,persistente,,0.048,ifn_2010
67182,Pinus_pinaster,True,1876,0.0,persistente,,0.028,ifn_2010
67183,Pinus_pinaster,True,1636,0.0,persistente,,0.121,ifn_2010
67184,Pinus_pinaster,True,975,0.0,persistente,,0.044,ifn_2010
67185,Quercus_robur,False,820,0.0,persistente,,0.047,ifn_2010
67186,Pinus_pinaster,True,2648,0.0,persistente,,0.028,ifn_2010
67188,Pinus_pinaster,True,1100,0.0,persistente,,0.07,ifn_2010
67189,Pinus_pinaster,True,114,0.0,persistente,,0.03,ifn_2010
67190,Pinus_pinaster,True,2366,0.0,persistente,,0.072,ifn_2010
67191,Pinus_pinaster,True,141,0.0,persistente,,0.153,ifn_2010
67192,Pinus_pinaster,True,130,0.0,persistente,,0.122,ifn_2010
67193,Pinus_pinaster,True,2725,0.0,persistente,,0.024,ifn_2010
67194,Pinus_pinaster,True,639,0.0,persistente,,0.066,ifn_2010
67197,Alnus_glutinosa,False,1166,0.0,persistente,,0.021,ifn_2010
67199,Pinus_pinaster,True,0,0.0,sin_dato,,,sin_serie
67201,Pinus_sylvestris,True,0,0.0,sin_dato,,,sin_serie
67203,Quercus_robur,False,1098,0.0,persistente,,0.069,ifn_2010
67204,Pinus_pinaster,True,5056,0.0,persistente,,0.033,ifn_2010
67212,Pinus_pinaster,True,291,0.0,persistente,,0.033,ifn_2010
67213,Quercus_pyrenaica,False,3820,0.0,persistente,,0.016,ifn_2010
67214,Pinus_pinaster,True,1255,0.0,persistente,,0.028,ifn_2010
67216,Pinus_pinaster,True,903,0.0,persistente,,0.007,ifn_2010
67217,Pinus_pinaster,True,667,0.0,persistente,,0.017,ifn_2010
67218,Pinus_pinaster,True,176,0.0,persistente,,0.031,ifn_2010
67219,Pinus_pinaster,True,0,0.0,sin_dato,,,sin_serie
67220,Quercus_pyrenaica,False,913,0.0,persistente,,0.025,ifn_2010
67221,Quercus_suber,False,0,0.0,sin_dato,,,sin_serie
67222,Salix_atrocinerea,False,0,0.0,sin_dato,,,sin_serie
67223,Pinus_pinaster,True,1054,0.0,persistente,,0.044,ifn_2010
67224,Quercus_robur,False,1543,0.0,persistente,,0.031,ifn_2010
67225,Pinus_pinaster,True,1089,0.0,persistente,,0.062,ifn_2010
67226,Pinus_pinaster,True,687,0.0,persistente,,0.052,ifn_2010
67227,Pinus_pinaster,True,381,0.0,persistente,,0.039,ifn_2010
67228,Pinus_pinaster,True,0,0.0,sin_dato,,,sin_serie
67229,Quercus_robur,False,2763,0.0,persistente,,0.044,ifn_2010
67234,Quercus_robur,False,0,0.0,sin_dato,,,sin_serie
67251,Alnus_glutinosa,False,1324,0.0,persistente,,0.026,ifn_2010
67252,Pinus_pinaster,True,0,0.0,sin_dato,,,sin_serie
67253,Pinus_pinaster,True,0,0.0,sin_dato,,,sin_serie
67254,Pinus_pinaster,True,0,0.0,sin_dato,,,sin_serie
67255,Pinus_pinaster,True,0,0.0,sin_dato,,,sin_serie
67256,Pinus_sylvestris,True,0,0.0,sin_dato,,,sin_serie
67257,Pinus_sylvestris,True,0,0.0,sin_dato,,,sin_serie
67258,Pinus_sylvestris,True,0,0.0,sin_dato,,,sin_serie
67261,Pinus_sylvestris,True,0,0.0,sin_dato,,,sin_serie
67262,Pinus_pinaster,True,3786,0.0,persistente,,0.14,ifn_2010
67263,Pinus_pinaster,True,773,0.0,persistente,,0.109,ifn_2010
67265,Pinus_radiata,True,5333,0.0,persistente,,0.053,ifn_2010
67266,Salix_atrocinerea,False,0,0.0,sin_dato,,,sin_serie
67267,Pinus_pinaster,True,3598,0.0,persistente,,0.068,ifn_2010
67269,Pinus_pinaster,True,1806,0.0,persistente,,0.039,ifn_2010
67270,Pinus_pinaster,True,521,0.0,persistente,,0.067,ifn_2010
67272,Pinus_pinaster,True,336,0.0,persistente,,0.115,ifn_2010
67273,Pinus_sylvestris,True,3503,0.0,persistente,,0.033,ifn_2010
67274,Pinus_sylvestris,True,2819,0.0,persistente,,0.164,ifn_2010
67275,Pinus_sylvestris,True,2924,0.0,persistente,,0.02,ifn_2010
67276,Pinus_sylvestris,True,10503,0.0,evento,2023.0,0.247,desconocida
67282,Pinus_sylvestris,True,16060,0.0,persistente,,0.048,ifn_2010
67299,Pinus_sylvestris,True,713,0.0,persistente,,0.054,ifn_2010
67300,Pinus_sylvestris,True,4469,0.0,persistente,,0.051,ifn_2010
67301,Pinus_sylvestris,True,6031,0.0,persistente,,0.045,ifn_2010
67302,Pinus_sylvestris,True,1581,0.0,persistente,,0.064,ifn_2010
67303,Pinus_sylvestris,True,4771,0.0,persistente,,0.09,ifn_2010
67304,Pinus_sylvestris,True,2017,0.0,persistente,,0.056,ifn_2010
67331,Pinus_pinaster,True,3386,0.0,persistente,,0.11,ifn_2010
67332,Pinus_pinaster,True,5447,0.0,persistente,,0.083,ifn_2010
67335,Quercus_robur,False,2717,0.0,persistente,,0.023,ifn_2010
67366,Quercus_pyrenaica,False,0,0.0,sin_dato,,,sin_serie
67367,Quercus_pyrenaica,False,0,0.0,sin_dato,,,sin_serie
67376,Pinus_sylvestris,True,3030,0.0,evento,2018.0,0.447,desconocida
67377,Quercus_pyrenaica,False,1271,0.0,persistente,,0.06,ifn_2010
67379,Pinus_sylvestris,True,83,0.0,evento,2018.0,0.21,desconocida
67381,Pinus_sylvestris,True,415,0.0,evento,2018.0,0.254,desconocida
67384,Pinus_pinaster,True,9649,0.0,evento,2018.0,0.24,desconocida
67385,Pinus_pinaster,True,11340,0.0,evento,2018.0,0.471,desconocida
67387,Quercus_pyrenaica,False,1014,0.0,evento,2018.0,0.226,desconocida
67388,Quercus_pyrenaica,False,4289,0.0,persistente,,0.033,ifn_2010
67400,Quercus_robur,False,1832,0.0,persistente,,0.032,ifn_2010
67401,Quercus_robur,False,194,0.0,persistente,,0.03,ifn_2010
67408,Pinus_pinaster,True,0,0.0,sin_dato,,,sin_serie
67417,Quercus_robur,False,1321,0.0,persistente,,0.037,ifn_2010
67420,Quercus_robur,False,936,0.0,persistente,,0.025,ifn_2010
70015,Betula_alba,False,2052,0.0,persistente,,0.022,ifn_2010
70017,Pinus_pinaster,True,4044,0.0,persistente,,0.094,ifn_2010
70018,Pinus_radiata,True,771,0.0,persistente,,0.131,ifn_2010
70019,Pinus_radiata,True,536,0.0,persistente,,0.035,ifn_2010
70040,Pinus_pinaster,True,190,0.0,persistente,,0.081,ifn_2010
70041,Quercus_pyrenaica,False,2147,0.0,persistente,,0.09,ifn_2010
70044,Quercus_pyrenaica,False,187,0.0,persistente,,0.019,ifn_2010
70046,Pinus_pinaster,True,3217,0.0,persistente,,0.037,ifn_2010
70048,Quercus_pyrenaica,False,2449,0.0,persistente,,0.037,ifn_2010
70049,Quercus_pyrenaica,False,1525,0.0,persistente,,0.033,ifn_2010
70050,Quercus_pyrenaica,False,368,0.0,persistente,,0.024,ifn_2010
70051,Quercus_robur,False,552,0.0,persistente,,0.038,ifn_2010
70052,Pinus_pinaster,True,32349,0.0,persistente,,0.038,ifn_2010
70060,Quercus_pyrenaica,False,28803,0.0,persistente,,0.04,ifn_2010
70063,Quercus_pyrenaica,False,3356,0.0,persistente,,0.028,ifn_2010
70064,Quercus_pyrenaica,False,2016,0.0,persistente,,0.034,ifn_2010
70065,Betula_alba,False,6168,0.0,persistente,,0.027,ifn_2010
70066,Pinus_pinaster,True,1603,0.0,persistente,,0.131,ifn_2010
70067,Pinus_pinaster,True,483,0.0,persistente,,0.064,ifn_2010
70068,Pinus_pinaster,True,20949,0.0,persistente,,0.084,ifn_2010
70071,Quercus_pyrenaica,False,0,0.0,sin_dato,,,sin_serie
70074,Quercus_robur,False,1311,0.0,persistente,,0.028,ifn_2010
70075,Quercus_pyrenaica,False,10011,0.0,persistente,,0.039,ifn_2010
70077,Quercus_pyrenaica,False,3317,0.0,persistente,,0.051,ifn_2010
70078,Quercus_robur,False,1846,0.0,persistente,,0.032,ifn_2010
70079,Quercus_robur,False,2821,0.0,persistente,,0.035,ifn_2010
70081,Quercus_pyrenaica,False,2345,0.0,persistente,,0.027,ifn_2010
70082,Pinus_pinaster,True,1851,0.0,persistente,,0.047,ifn_2010
70088,Quercus_robur,False,619,0.0,persistente,,0.043,ifn_2010
70089,Quercus_robur,False,607,0.0,persistente,,0.037,ifn_2010
70090,Quercus_robur,False,656,0.0,persistente,,0.118,ifn_2010
70091,Pinus_pinaster,True,2510,0.0,persistente,,0.022,ifn_2010
70092,Pinus_pinaster,True,5553,0.0,persistente,,0.039,ifn_2010
70095,Castanea_sativa,False,161,0.0,persistente,,0.043,ifn_2010
70096,Quercus_pyrenaica,False,2088,0.0,persistente,,0.037,ifn_2010
70097,Quercus_robur,False,1388,0.0,persistente,,0.026,ifn_2010
70098,Quercus_pyrenaica,False,3882,0.0,persistente,,0.05,ifn_2010
70099,Pinus_pinaster,True,857,0.0,persistente,,0.052,ifn_2010
70100,Quercus_pyrenaica,False,4009,0.0,persistente,,0.031,ifn_2010
70101,Pinus_pinaster,True,1553,0.0,persistente,,0.015,ifn_2010
70102,Quercus_pyrenaica,False,5850,0.0,persistente,,0.041,ifn_2010
70103,Acacia_dealbata,True,853,0.0,persistente,,0.055,ifn_2010
70104,Pinus_pinaster,True,5802,0.0,persistente,,0.021,ifn_2010
70111,Pinus_pinaster,True,413,0.0,persistente,,0.033,ifn_2010
70112,Pinus_pinaster,True,2174,0.0,persistente,,0.019,ifn_2010
70113,Pinus_pinaster,True,1255,0.0,persistente,,0.04,ifn_2010
70114,Quercus_pyrenaica,False,733,0.0,persistente,,0.046,ifn_2010
70118,Pinus_pinaster,True,26330,0.0,persistente,,0.023,ifn_2010
70120,Acacia_melanoxylon,True,706,0.0,persistente,,0.022,ifn_2010
70126,Acacia_dealbata,True,388,0.0,persistente,,0.064,ifn_2010
70127,Quercus_robur,False,4248,0.0,persistente,,0.04,ifn_2010
70128,Acacia_dealbata,True,8206,0.0,persistente,,0.03,ifn_2010
70129,Acacia_dealbata,True,6364,0.0,persistente,,0.07,ifn_2010
70130,Pinus_pinaster,True,8349,0.0,persistente,,0.025,ifn_2010
70131,Quercus_robur,False,752,0.0,persistente,,0.049,ifn_2010
70141,Acacia_dealbata,True,0,0.0,sin_dato,,,sin_serie
70145,Quercus_pyrenaica,False,0,0.0,sin_dato,,,sin_serie
70146,Betula_alba,False,0,0.0,sin_dato,,,sin_serie
70147,Quercus_robur,False,0,0.0,sin_dato,,,sin_serie
70149,Quercus_pyrenaica,False,0,0.0,sin_dato,,,sin_serie
70155,Eucalyptus_globulus,True,2220,0.0,persistente,,0.225,ifn_2010
70156,Quercus_robur,False,858,0.0,persistente,,0.033,ifn_2010
70160,Quercus_pyrenaica,False,14526,0.0,persistente,,0.031,ifn_2010
70162,Quercus_pyrenaica,False,1063,0.0,persistente,,0.03,ifn_2010
70163,Quercus_pyrenaica,False,888,0.0,persistente,,0.035,ifn_2010
70164,Quercus_pyrenaica,False,114,0.0,persistente,,0.042,ifn_2010
70171,Quercus_pyrenaica,False,5335,0.0,persistente,,0.035,ifn_2010
70172,Quercus_pyrenaica,False,272,0.0,persistente,,0.025,ifn_2010
70175,Quercus_pyrenaica,False,6299,0.0,persistente,,0.031,ifn_2010
70179,Quercus_pyrenaica,False,442,0.0,persistente,,0.037,ifn_2010
70182,Quercus_pyrenaica,False,4424,0.0,persistente,,0.062,ifn_2010
70184,Quercus_pyrenaica,False,3561,0.0,persistente,,0.042,ifn_2010
70185,Quercus_pyrenaica,False,1402,0.0,persistente,,0.031,ifn_2010
70187,Quercus_pyrenaica,False,3143,0.0,persistente,,0.033,ifn_2010
70188,Quercus_pyrenaica,False,308,0.0,persistente,,0.022,ifn_2010
70191,Quercus_pyrenaica,False,7120,0.0,persistente,,0.028,ifn_2010
70192,Quercus_robur,False,1831,0.0,persistente,,0.033,ifn_2010
70193,Quercus_robur,False,0,0.0,sin_dato,,,sin_serie
70203,Quercus_pyrenaica,False,0,0.0,sin_dato,,,sin_serie
70205,Quercus_robur,False,0,0.0,sin_dato,,,sin_serie
70206,Quercus_robur,False,0,0.0,sin_dato,,,sin_serie
70207,Pinus_pinaster,True,0,0.0,sin_dato,,,sin_serie
70229,Quercus_robur,False,0,0.0,sin_dato,,,sin_serie
70256,Pinus_radiata,True,1032,0.0,persistente,,0.063,ifn_2010
70259,Pinus_sylvestris,True,8152,0.0,persistente,,0.021,ifn_2010
70261,Pinus_sylvestris,True,2858,0.0,persistente,,0.106,ifn_2010
70262,Pinus_pinaster,True,2970,0.0,persistente,,0.068,ifn_2010
70263,Quercus_robur,False,19646,0.0,persistente,,0.032,ifn_2010
70265,Quercus_robur,False,6248,0.0,persistente,,0.016,ifn_2010
70266,Pinus_sylvestris,True,640,0.0,persistente,,0.016,ifn_2010
70267,Quercus_pyrenaica,False,7823,0.0,persistente,,0.026,ifn_2010
70310,Quercus_pyrenaica,False,1844,0.0,evento,2018.0,0.319,desconocida
70311,Quercus_pyrenaica,False,446,0.0,persistente,,0.065,ifn_2010
70312,Quercus_pyrenaica,False,566,0.0,persistente,,0.042,ifn_2010
70314,Quercus_pyrenaica,False,208,0.0,persistente,,0.098,ifn_2010
70320,Pinus_pinaster,True,0,0.0,sin_dato,,,sin_serie
70321,Quercus_pyrenaica,False,385,0.0,persistente,,0.13,ifn_2010
70322,Quercus_pyrenaica,False,70,0.0,persistente,,0.023,ifn_2010
70324,Pinus_radiata,True,2348,0.0,evento,2018.0,0.218,desconocida
70325,Pinus_pinaster,True,0,0.0,sin_dato,,,sin_serie
70326,Quercus_pyrenaica,False,696,0.0,persistente,,0.063,ifn_2010
70330,Pinus_pinaster,True,0,0.0,sin_dato,,,sin_serie
70332,Quercus_pyrenaica,False,0,0.0,sin_dato,,,sin_serie
70334,Quercus_pyrenaica,False,0,0.0,sin_dato,,,sin_serie
70335,Pinus_radiata,True,0,0.0,sin_dato,,,sin_serie
70391,Pseudotsuga_menziesii,True,2557,0.0,persistente,,0.077,ifn_2010
70402,Pinus_pinaster,True,0,0.0,sin_dato,,,sin_serie
70415,Quercus_pyrenaica,False,0,0.0,sin_dato,,,sin_serie
70416,Quercus_pyrenaica,False,0,0.0,sin_dato,,,sin_serie
70418,Pinus_pinaster,True,0,0.0,sin_dato,,,sin_serie
70424,Pinus_pinaster,True,0,0.0,sin_dato,,,sin_serie
70458,Pinus_pinaster,True,0,0.0,sin_dato,,,sin_serie
70460,Quercus_pyrenaica,False,0,0.0,sin_dato,,,sin_serie
70461,Quercus_pyrenaica,False,0,0.0,sin_dato,,,sin_serie
70464,Pinus_pinaster,True,0,0.0,sin_dato,,,sin_serie
70466,Quercus_robur,False,0,0.0,sin_dato,,,sin_serie
70501,Quercus_pyrenaica,False,0,0.0,sin_dato,,,sin_serie
70503,Pinus_sylvestris,True,642,0.0,persistente,,0.039,ifn_2010
70515,Quercus_robur,False,18,0.0,persistente,,0.031,ifn_2010
70535,Quercus_pyrenaica,False,0,0.0,sin_dato,,,sin_serie
70537,Pinus_pinaster,True,548,0.0,persistente,,0.052,ifn_2010
70540,Quercus_robur,False,2638,0.0,persistente,,0.036,ifn_2010
70545,Pinus_pinaster,True,4641,0.0,persistente,,0.044,ifn_2010
70546,Pinus_pinaster,True,5382,0.0,persistente,,0.114,ifn_2010
70550,Pinus_pinaster,True,2115,0.0,persistente,,0.049,ifn_2010
70551,Quercus_pyrenaica,False,312,0.0,persistente,,0.061,ifn_2010
70557,Alnus_glutinosa,False,470,0.0,persistente,,0.035,ifn_2010
70558,Alnus_glutinosa,False,561,0.0,persistente,,0.023,ifn_2010
70563,Pinus_pinaster,True,10766,0.0,persistente,,0.022,ifn_2010
70568,Pinus_pinaster,True,1224,0.0,persistente,,0.026,ifn_2010
70578,Quercus_robur,False,0,0.0,sin_dato,,,sin_serie
70580,Pinus_pinaster,True,2014,0.0,evento,2018.0,0.467,desconocida
70583,Quercus_robur,False,10269,0.0,evento,2018.0,0.289,desconocida
70600,Pinus_sylvestris,True,0,0.0,sin_dato,,,sin_serie
70601,Pinus_pinaster,True,2945,0.0,evento,2018.0,0.212,desconocida
70604,Pinus_pinaster,True,207,0.0,persistente,,0.049,ifn_2010
70611,Pinus_pinaster,True,5690,0.0,persistente,,0.054,ifn_2010
70616,Pinus_pinaster,True,3939,0.0,persistente,,0.035,ifn_2010
70618,Pinus_pinaster,True,20299,0.0,persistente,,0.137,ifn_2010
70619,Pinus_pinaster,True,21913,0.0,persistente,,0.018,ifn_2010
70630,Pinus_pinaster,True,975,0.0,persistente,,0.079,ifn_2010
70637,Quercus_pyrenaica,False,750,0.0,persistente,,0.043,ifn_2010
70644,Quercus_robur,False,0,0.0,sin_dato,,,sin_serie
70675,Pinus_pinaster,True,374,0.0,persistente,,0.03,ifn_2010
70682,Quercus_robur,False,2162,0.0,persistente,,0.02,ifn_2010
70688,Quercus_pyrenaica,False,20047,0.0,persistente,,0.029,ifn_2010
70719,Quercus_robur,False,22159,0.0,persistente,,0.033,ifn_2010
70727,Pinus_pinaster,True,0,0.0,sin_dato,,,sin_serie
70728,Pinus_pinaster,True,181,0.0,persistente,,0.041,ifn_2010
70734,Pinus_pinaster,True,0,0.0,sin_dato,,,sin_serie
70737,Betula_alba,False,20088,0.0,persistente,,0.043,ifn_2010
70740,Pinus_sylvestris,True,0,0.0,sin_dato,,,sin_serie
70741,Pinus_pinaster,True,5328,0.0,persistente,,0.024,ifn_2010
70742,Pinus_pinaster,True,4135,0.0,persistente,,0.03,ifn_2010
70743,Quercus_pyrenaica,False,0,0.0,sin_dato,,,sin_serie
70744,Quercus_robur,False,4182,0.0,persistente,,0.019,ifn_2010
70749,Pinus_sylvestris,True,0,0.0,sin_dato,,,sin_serie
70763,Quercus_robur,False,7402,0.0,persistente,,0.028,ifn_2010
70764,Pinus_pinaster,True,2628,0.0,persistente,,0.024,ifn_2010
70765,Pinus_pinaster,True,19862,0.0,persistente,,0.179,ifn_2010
70767,Quercus_robur,False,402,0.0,persistente,,0.086,ifn_2010
70769,Pinus_pinaster,True,1,0.0,sin_dato,,,sin_serie
70770,Quercus_robur,False,2827,0.0,persistente,,0.034,ifn_2010
70771,Pinus_pinaster,True,1259,0.0,persistente,,0.016,ifn_2010
70773,Pinus_pinaster,True,2925,0.0,persistente,,0.032,ifn_2010
70774,Pinus_pinaster,True,172,0.0,persistente,,0.016,ifn_2010
70778,Pinus_pinaster,True,6709,0.0,evento,2018.0,0.207,desconocida
70780,Pinus_pinaster,True,3295,0.0,persistente,,0.026,ifn_2010
70781,Quercus_pyrenaica,False,1712,0.0,persistente,,0.032,ifn_2010
70783,Quercus_robur,False,238,0.0,persistente,,0.02,ifn_2010
70785,Quercus_robur,False,0,0.0,sin_dato,,,sin_serie
70787,Quercus_robur,False,0,0.0,sin_dato,,,sin_serie
70788,Quercus_robur,False,0,0.0,sin_dato,,,sin_serie
70789,Quercus_robur,False,0,0.0,sin_dato,,,sin_serie
70790,Quercus_robur,False,0,0.0,sin_dato,,,sin_serie
70798,Quercus_pyrenaica,False,2,0.0,sin_dato,,,sin_serie
70800,Quercus_pyrenaica,False,0,0.0,sin_dato,,,sin_serie
70801,Quercus_pyrenaica,False,1392,0.0,persistente,,0.041,ifn_2010
70802,Quercus_pyrenaica,False,445,0.0,persistente,,0.025,ifn_2010
70826,Pinus_pinaster,True,1390,0.0,persistente,,0.146,ifn_2010
70828,Pinus_pinaster,True,254,0.0,persistente,,0.012,ifn_2010
70829,Pinus_pinaster,True,1077,0.0,persistente,,0.06,ifn_2010
70831,Quercus_robur,False,474,0.0,persistente,,0.034,ifn_2010
70835,Quercus_pyrenaica,False,3057,0.0,persistente,,0.031,ifn_2010
70838,Quercus_robur,False,608,0.0,persistente,,0.043,ifn_2010
70842,Betula_alba,False,1160,0.0,persistente,,0.04,ifn_2010
70843,Quercus_robur,False,4079,0.0,persistente,,0.035,ifn_2010
70844,Betula_alba,False,1009,0.0,persistente,,0.038,ifn_2010
70848,Pinus_pinaster,True,761,0.0,persistente,,0.072,ifn_2010
70853,Quercus_robur,False,375,0.0,persistente,,0.043,ifn_2010
70854,Quercus_robur,False,233,0.0,persistente,,0.067,ifn_2010
70855,Quercus_robur,False,322,0.0,persistente,,0.056,ifn_2010
70857,Quercus_robur,False,11501,0.0,persistente,,0.049,ifn_2010
70860,Quercus_robur,False,4774,0.0,persistente,,0.032,ifn_2010
70862,Pinus_pinaster,True,6072,0.0,persistente,,0.06,ifn_2010
70865,Pinus_pinaster,True,1315,0.0,persistente,,0.116,ifn_2010
70866,Pinus_pinaster,True,1038,0.0,persistente,,0.08,ifn_2010
70871,Pinus_pinaster,True,9229,0.0,persistente,,0.05,ifn_2010
70874,Pinus_pinaster,True,5178,0.0,persistente,,0.051,ifn_2010
70877,Pinus_pinaster,True,10129,0.0,persistente,,0.039,ifn_2010
70878,Alnus_glutinosa,False,19416,0.0,persistente,,0.01,ifn_2010
70879,Pinus_pinaster,True,1564,0.0,persistente,,0.146,ifn_2010
70880,Pinus_pinaster,True,1842,0.0,persistente,,0.058,ifn_2010
70881,Alnus_glutinosa,False,347,0.0,persistente,,0.011,ifn_2010
70885,Quercus_pyrenaica,False,5765,0.0,persistente,,0.027,ifn_2010
70892,Quercus_pyrenaica,False,441,0.0,persistente,,0.025,ifn_2010
70893,Pinus_pinaster,True,2359,0.0,persistente,,0.099,ifn_2010
70894,Pinus_pinaster,True,1063,0.0,persistente,,0.113,ifn_2010
70901,Quercus_pyrenaica,False,14422,0.0,persistente,,0.043,ifn_2010
70902,Pinus_pinaster,True,453,0.0,persistente,,0.019,ifn_2010
70903,Pinus_pinaster,True,513,0.0,persistente,,0.045,ifn_2010
70904,Pinus_pinaster,True,5905,0.0,persistente,,0.037,ifn_2010
70911,Quercus_robur,False,20211,0.0,persistente,,0.035,ifn_2010
70915,Quercus_robur,False,480,0.0,persistente,,0.023,ifn_2010
70948,Quercus_robur,False,21224,0.0,persistente,,0.018,ifn_2010
70949,Quercus_robur,False,7592,0.0,persistente,,0.024,ifn_2010
70954,Quercus_robur,False,1304,0.0,persistente,,0.06,ifn_2010
70962,Quercus_robur,False,216,0.0,persistente,,0.046,ifn_2010
70965,Quercus_robur,False,216,0.0,persistente,,0.024,ifn_2010
70969,Quercus_robur,False,192,0.0,persistente,,0.024,ifn_2010
70971,Quercus_robur,False,337,0.0,persistente,,0.044,ifn_2010
70975,Quercus_robur,False,157,0.0,persistente,,0.026,ifn_2010
70993,Pinus_pinaster,True,8065,0.0,persistente,,0.035,ifn_2010
71010,Quercus_robur,False,3329,0.0,persistente,,0.026,ifn_2010
71014,Quercus_robur,False,464,0.0,persistente,,0.026,ifn_2010
71015,Quercus_robur,False,492,0.0,persistente,,0.022,ifn_2010
71019,Quercus_robur,False,540,0.0,persistente,,0.122,ifn_2010
71020,Quercus_robur,False,459,0.0,persistente,,0.162,ifn_2010
71021,Eucalyptus_globulus,True,171,0.0,persistente,,0.046,ifn_2010
71022,Quercus_robur,False,1310,0.0,persistente,,0.056,ifn_2010
71039,Pinus_pinaster,True,32025,0.0,persistente,,0.015,ifn_2010
71056,Pinus_pinaster,True,2539,0.0,persistente,,0.027,ifn_2010
71059,Pinus_pinaster,True,1473,0.0,persistente,,0.042,ifn_2010
71060,Quercus_pyrenaica,False,5762,0.0,persistente,,0.018,ifn_2010
71061,Pinus_pinaster,True,259,0.0,persistente,,0.062,ifn_2010
71062,Pinus_pinaster,True,1766,0.0,persistente,,0.021,ifn_2010
71066,Quercus_robur,False,1301,0.0,persistente,,0.017,ifn_2010
71068,Pinus_pinaster,True,417,0.0,persistente,,0.025,ifn_2010
71070,Pinus_pinaster,True,874,0.0,persistente,,0.026,ifn_2010
71072,Pinus_pinaster,True,275,0.0,persistente,,0.033,ifn_2010
71080,Quercus_robur,False,59021,0.0,persistente,,0.017,ifn_2010
71086,Quercus_pyrenaica,False,0,0.0,sin_dato,,,sin_serie
71087,Quercus_pyrenaica,False,0,0.0,sin_dato,,,sin_serie
71099,Pinus_pinaster,True,900,0.0,persistente,,0.025,ifn_2010
71102,Pinus_pinaster,True,99,0.0,persistente,,0.11,ifn_2010
71110,Quercus_robur,False,4238,0.0,persistente,,0.04,ifn_2010
71111,Quercus_robur,False,19294,0.0,persistente,,0.032,ifn_2010
71112,Quercus_robur,False,974,0.0,persistente,,0.035,ifn_2010
71113,Quercus_robur,False,489,0.0,persistente,,0.041,ifn_2010
71114,Quercus_pyrenaica,False,9412,0.0,persistente,,0.038,ifn_2010
71125,Quercus_pyrenaica,False,5218,0.0,persistente,,0.031,ifn_2010
71139,Quercus_pyrenaica,False,6261,0.0,persistente,,0.028,ifn_2010
71151,Pinus_pinaster,True,2955,0.0,persistente,,0.075,ifn_2010
71153,Eucalyptus_globulus,True,157,0.0,evento,2023.0,0.264,prohibida_rebrote
71162,Quercus_pyrenaica,False,383,0.0,persistente,,0.025,ifn_2010
71163,Quercus_pyrenaica,False,704,0.0,persistente,,0.035,ifn_2010
71165,Quercus_pyrenaica,False,154,0.0,persistente,,0.034,ifn_2010
71166,Quercus_pyrenaica,False,3857,0.0,persistente,,0.017,ifn_2010
71167,Eucalyptus_globulus,True,339,0.0,persistente,,0.147,ifn_2010
71168,Pinus_pinaster,True,1796,0.0,persistente,,0.086,ifn_2010
71170,Pinus_pinaster,True,125,0.0,persistente,,0.035,ifn_2010
71171,Quercus_pyrenaica,False,219,0.0,persistente,,0.068,ifn_2010
71173,Pinus_pinaster,True,613,0.0,persistente,,0.05,ifn_2010
71175,Pinus_pinaster,True,101,0.0,persistente,,0.085,ifn_2010
71176,Quercus_pyrenaica,False,1061,0.0,persistente,,0.033,ifn_2010
71177,Pinus_pinaster,True,5071,0.0,persistente,,0.041,ifn_2010
71195,Pinus_pinaster,True,8585,0.0,persistente,,0.031,ifn_2010
71199,Quercus_pyrenaica,False,12053,0.0,persistente,,0.024,ifn_2010
71200,Quercus_robur,False,1943,0.0,persistente,,0.028,ifn_2010
71202,Pinus_pinaster,True,944,0.0,persistente,,0.035,ifn_2010
71204,Quercus_pyrenaica,False,1329,0.0,persistente,,0.016,ifn_2010
71205,Pinus_pinaster,True,1398,0.0,persistente,,0.034,ifn_2010
71206,Pinus_pinaster,True,4175,0.0,persistente,,0.048,ifn_2010
71207,Pinus_pinaster,True,2965,0.0,persistente,,0.034,ifn_2010
71208,Pinus_pinaster,True,8439,0.0,persistente,,0.024,ifn_2010
71209,Quercus_suber,False,4242,0.0,persistente,,0.04,ifn_2010
71210,Pinus_pinaster,True,969,0.0,persistente,,0.024,ifn_2010
71215,Quercus_pyrenaica,False,5464,0.0,persistente,,0.151,ifn_2010
71216,Quercus_pyrenaica,False,1001,0.0,evento,2018.0,0.201,desconocida
71217,Quercus_pyrenaica,False,6461,0.0,persistente,,0.037,ifn_2010
71219,Quercus_pyrenaica,False,2819,0.0,persistente,,0.031,ifn_2010
71221,Quercus_pyrenaica,False,13212,0.0,persistente,,0.031,ifn_2010
71222,Quercus_pyrenaica,False,2699,0.0,persistente,,0.045,ifn_2010
71223,Pinus_pinaster,True,7526,0.0,persistente,,0.028,ifn_2010
71224,Pinus_sylvestris,True,6389,0.0,persistente,,0.064,ifn_2010
71263,Alnus_glutinosa,False,0,0.0,sin_dato,,,sin_serie
71275,Quercus_robur,False,1300,0.0,persistente,,0.037,ifn_2010
71287,Quercus_robur,False,935,0.0,persistente,,0.029,ifn_2010
71288,Pinus_pinaster,True,2749,0.0,persistente,,0.041,ifn_2010
71290,Quercus_robur,False,1438,0.0,persistente,,0.021,ifn_2010
71293,Pinus_sylvestris,True,3137,0.0,persistente,,0.046,ifn_2010
71296,Quercus_robur,False,1084,0.0,persistente,,0.025,ifn_2010
71297,Betula_alba,False,2220,0.0,persistente,,0.028,ifn_2010
71298,Quercus_robur,False,1472,0.0,persistente,,0.019,ifn_2010
71299,Pinus_pinaster,True,9368,0.0,persistente,,0.029,ifn_2010
71300,Pinus_pinaster,True,13000,0.0,persistente,,0.024,ifn_2010
71301,Pinus_pinaster,True,3240,0.0,persistente,,0.118,ifn_2010
71302,Pinus_pinaster,True,1536,0.0,persistente,,0.107,ifn_2010
71303,Pinus_pinaster,True,784,0.0,persistente,,0.045,ifn_2010
71304,Pinus_pinaster,True,1985,0.0,persistente,,0.029,ifn_2010
71305,Pinus_pinaster,True,304,0.0,persistente,,0.031,ifn_2010
71306,Pinus_pinaster,True,482,0.0,persistente,,0.027,ifn_2010
71307,Pinus_pinaster,True,4316,0.0,persistente,,0.086,ifn_2010
71309,Pinus_pinaster,True,1701,0.0,persistente,,0.073,ifn_2010
71313,Quercus_robur,False,40295,0.0,persistente,,0.028,ifn_2010
71314,Quercus_robur,False,2979,0.0,persistente,,0.023,ifn_2010
71316,Quercus_robur,False,887,0.0,persistente,,0.027,ifn_2010
71317,Pinus_pinaster,True,831,0.0,evento,2023.0,0.24,desconocida
71318,Pinus_pinaster,True,6831,0.0,persistente,,0.02,ifn_2010
71319,Pinus_pinaster,True,372,0.0,persistente,,0.089,ifn_2010
71321,Eucalyptus_globulus,True,1220,0.0,persistente,,0.062,ifn_2010
71324,Pinus_pinaster,True,1735,0.0,persistente,,0.025,ifn_2010
71325,Pinus_pinaster,True,12148,0.0,persistente,,0.033,ifn_2010
71326,Pinus_pinaster,True,264,0.0,persistente,,0.038,ifn_2010
71327,Pinus_pinaster,True,892,0.0,persistente,,0.058,ifn_2010
71328,Pinus_pinaster,True,5053,0.0,persistente,,0.046,ifn_2010
71330,Pinus_pinaster,True,2990,0.0,persistente,,0.02,ifn_2010
71338,Quercus_pyrenaica,False,1946,0.0,evento,2018.0,0.233,desconocida
71339,Pinus_pinaster,True,598,0.0,persistente,,0.111,ifn_2010
71341,Quercus_pyrenaica,False,7050,0.0,persistente,,0.096,ifn_2010
71342,Quercus_pyrenaica,False,3230,0.0,evento,2018.0,0.27,desconocida
71344,Quercus_pyrenaica,False,1035,0.0,persistente,,0.075,ifn_2010
71347,Pinus_pinaster,True,2074,0.0,persistente,,0.029,ifn_2010
71348,Pinus_pinaster,True,2228,0.0,persistente,,0.033,ifn_2010
71355,Pinus_pinaster,True,5230,0.0,persistente,,0.035,ifn_2010
71356,Pinus_pinaster,True,5454,0.0,persistente,,0.038,ifn_2010
71358,Pinus_pinaster,True,59,0.0,persistente,,0.034,ifn_2010
71361,Pinus_pinaster,True,806,0.0,persistente,,0.012,ifn_2010
71363,Pinus_pinaster,True,255,0.0,persistente,,0.067,ifn_2010
71365,Pinus_pinaster,True,356,0.0,persistente,,0.045,ifn_2010
71366,Pinus_pinaster,True,401,0.0,persistente,,0.05,ifn_2010
71382,Pinus_pinaster,True,2270,0.0,persistente,,0.028,ifn_2010
71383,Pinus_pinaster,True,4770,0.0,persistente,,0.018,ifn_2010
71384,Quercus_pyrenaica,False,17493,0.0,persistente,,0.042,ifn_2010
71386,Pinus_pinaster,True,4580,0.0,persistente,,0.047,ifn_2010
71387,Pinus_pinaster,True,2637,0.0,persistente,,0.056,ifn_2010
71388,Quercus_pyrenaica,False,927,0.0,persistente,,0.049,ifn_2010
71390,Pinus_pinaster,True,1631,0.0,persistente,,0.033,ifn_2010
71391,Pinus_pinaster,True,10706,0.0,persistente,,0.023,ifn_2010
71393,Quercus_pyrenaica,False,4177,0.0,persistente,,0.038,ifn_2010
71394,Pinus_pinaster,True,29816,0.0,persistente,,0.011,ifn_2010
71395,Pinus_pinaster,True,320,0.0,persistente,,0.015,ifn_2010
71398,Pinus_pinaster,True,3508,0.0,persistente,,0.023,ifn_2010
71399,Pinus_pinaster,True,1240,0.0,persistente,,0.029,ifn_2010
71400,Pinus_pinaster,True,115,0.0,persistente,,0.057,ifn_2010
71402,Pinus_pinaster,True,2225,0.0,persistente,,0.046,ifn_2010
71404,Pinus_pinaster,True,290,0.0,persistente,,0.038,ifn_2010
71405,Quercus_robur,False,2332,0.0,persistente,,0.035,ifn_2010
71421,Pinus_pinaster,True,782,0.0,persistente,,0.048,ifn_2010
71422,Pinus_pinaster,True,1677,0.0,evento,2020.0,0.269,desconocida
71423,Pinus_pinaster,True,1773,0.0,persistente,,0.045,ifn_2010
71425,Pinus_pinaster,True,3265,0.0,persistente,,0.136,ifn_2010
71426,Pinus_pinaster,True,113,0.0,persistente,,0.038,ifn_2010
71427,Pinus_pinaster,True,253,0.0,persistente,,0.11,ifn_2010
71428,Pinus_pinaster,True,3423,0.0,persistente,,0.076,ifn_2010
71429,Pinus_pinaster,True,1079,0.0,persistente,,0.176,ifn_2010
71430,Pinus_pinaster,True,1523,0.0,persistente,,0.16,ifn_2010
71432,Castanea_sativa,False,362,0.0,persistente,,0.107,ifn_2010
71434,Quercus_robur,False,2685,0.0,persistente,,0.019,ifn_2010
71435,Pinus_pinaster,True,5382,0.0,persistente,,0.093,ifn_2010
71436,Quercus_robur,False,900,0.0,persistente,,0.022,ifn_2010
71437,Quercus_robur,False,542,0.0,persistente,,0.039,ifn_2010
71438,Pinus_pinaster,True,3177,0.0,persistente,,0.043,ifn_2010
71439,Pinus_pinaster,True,601,0.0,persistente,,0.035,ifn_2010
71440,Pinus_pinaster,True,652,0.0,persistente,,0.042,ifn_2010
71441,Pinus_pinaster,True,902,0.0,persistente,,0.18,ifn_2010
71442,Alnus_glutinosa,False,377,0.0,persistente,,0.033,ifn_2010
71443,Quercus_robur,False,2310,0.0,persistente,,0.042,ifn_2010
71444,Pinus_pinaster,True,980,0.0,persistente,,0.032,ifn_2010
71445,Pinus_radiata,True,828,0.0,persistente,,0.053,ifn_2010
71446,Pinus_pinaster,True,15017,0.0,persistente,,0.048,ifn_2010
71447,Pinus_pinaster,True,2707,0.0,persistente,,0.038,ifn_2010
71448,Pinus_pinaster,True,406,0.0,persistente,,0.034,ifn_2010
71449,Quercus_robur,False,11300,0.0,persistente,,0.036,ifn_2010
71450,Pinus_pinaster,True,462,0.0,persistente,,0.082,ifn_2010
71451,Pinus_pinaster,True,5830,0.0,persistente,,0.03,ifn_2010
71454,Pinus_pinaster,True,2300,0.0,persistente,,0.031,ifn_2010
71457,Pinus_pinaster,True,318,0.0,persistente,,0.035,ifn_2010
71458,Pinus_pinaster,True,788,0.0,persistente,,0.021,ifn_2010
71460,Quercus_robur,False,371,0.0,persistente,,0.021,ifn_2010
71461,Pinus_pinaster,True,516,0.0,persistente,,0.029,ifn_2010
71462,Quercus_robur,False,584,0.0,persistente,,0.023,ifn_2010
71465,Quercus_pyrenaica,False,2309,0.0,persistente,,0.031,ifn_2010
71466,Quercus_pyrenaica,False,501,0.0,persistente,,0.143,ifn_2010
71467,Quercus_pyrenaica,False,649,0.0,persistente,,0.069,ifn_2010
71468,Quercus_pyrenaica,False,1863,0.0,persistente,,0.047,ifn_2010
71469,Quercus_pyrenaica,False,1180,0.0,persistente,,0.049,ifn_2010
71470,Eucalyptus_globulus,True,693,0.0,persistente,,0.059,ifn_2010
71472,Quercus_pyrenaica,False,24879,0.0,persistente,,0.027,ifn_2010
71475,Pinus_pinaster,True,1774,0.0,persistente,,0.057,ifn_2010
71476,Pinus_pinaster,True,2346,0.0,persistente,,0.076,ifn_2010
71477,Pinus_pinaster,True,2983,0.0,persistente,,0.047,ifn_2010
71479,Quercus_pyrenaica,False,984,0.0,persistente,,0.047,ifn_2010
71482,Quercus_pyrenaica,False,2311,0.0,persistente,,0.032,ifn_2010
71483,Quercus_pyrenaica,False,341,0.0,persistente,,0.033,ifn_2010
71484,Pinus_pinaster,True,2014,0.0,persistente,,0.03,ifn_2010
71486,Pinus_pinaster,True,3156,0.0,persistente,,0.074,ifn_2010
71487,Pinus_pinaster,True,8050,0.0,persistente,,0.047,ifn_2010
71488,Pinus_pinaster,True,3786,0.0,persistente,,0.023,ifn_2010
71489,Pinus_pinaster,True,2347,0.0,persistente,,0.022,ifn_2010
71490,Pinus_pinaster,True,3839,0.0,persistente,,0.044,ifn_2010
71498,Pinus_pinaster,True,3600,0.0,persistente,,0.032,ifn_2010
71499,Pinus_pinaster,True,1731,0.0,persistente,,0.039,ifn_2010
71500,Pinus_pinaster,True,1931,0.0,evento,2021.0,0.185,desconocida
71501,Pinus_pinaster,True,564,0.0,persistente,,0.037,ifn_2010
71502,Pinus_pinaster,True,1358,0.0,persistente,,0.034,ifn_2010
71503,Quercus_robur,False,1138,0.0,persistente,,0.025,ifn_2010
71504,Pinus_radiata,True,621,0.0,persistente,,0.053,ifn_2010
71505,Pinus_pinaster,True,843,0.0,persistente,,0.088,ifn_2010
71506,Pinus_pinaster,True,5226,0.0,persistente,,0.095,ifn_2010
71507,Betula_alba,False,209,0.0,persistente,,0.03,ifn_2010
71508,Pinus_pinaster,True,1117,0.0,persistente,,0.025,ifn_2010
71509,Pinus_radiata,True,532,0.0,persistente,,0.103,ifn_2010
71510,Pinus_pinaster,True,10670,0.0,persistente,,0.061,ifn_2010
71511,Pinus_pinaster,True,1340,0.0,persistente,,0.038,ifn_2010
71512,Pinus_pinaster,True,406,0.0,persistente,,0.036,ifn_2010
71513,Pinus_pinaster,True,1912,0.0,persistente,,0.042,ifn_2010
71514,Pinus_pinaster,True,1454,0.0,persistente,,0.072,ifn_2010
71515,Quercus_robur,False,863,0.0,persistente,,0.03,ifn_2010
71516,Pinus_pinaster,True,1364,0.0,evento,2024.0,0.238,desconocida
71517,Pinus_pinaster,True,970,0.0,persistente,,0.08,ifn_2010
71518,Pinus_pinaster,True,1575,0.0,persistente,,0.02,ifn_2010
71519,Pinus_pinaster,True,2686,0.0,persistente,,0.031,ifn_2010
71520,Pinus_pinaster,True,1658,0.0,persistente,,0.05,ifn_2010
71521,Pinus_pinaster,True,7555,0.0,persistente,,0.088,ifn_2010
71522,Pinus_pinaster,True,1486,0.0,persistente,,0.039,ifn_2010
71523,Pinus_pinaster,True,1296,0.0,persistente,,0.026,ifn_2010
71524,Pinus_pinaster,True,1496,0.0,persistente,,0.042,ifn_2010
71525,Pinus_pinaster,True,3045,0.0,persistente,,0.03,ifn_2010
71526,Pinus_pinaster,True,4589,0.0,persistente,,0.047,ifn_2010
71527,Pinus_pinaster,True,567,0.0,persistente,,0.039,ifn_2010
71528,Pinus_pinaster,True,2573,0.0,persistente,,0.032,ifn_2010
71529,Pinus_pinaster,True,2774,0.0,persistente,,0.141,ifn_2010
71530,Pinus_pinaster,True,1623,0.0,persistente,,0.163,ifn_2010
71531,Pinus_pinaster,True,2090,0.0,persistente,,0.066,ifn_2010
71532,Pinus_pinaster,True,8606,0.0,persistente,,0.034,ifn_2010
71533,Pinus_pinaster,True,3625,0.0,persistente,,0.122,ifn_2010
71534,Pinus_pinaster,True,4844,0.0,persistente,,0.071,ifn_2010
71535,Pinus_pinaster,True,4982,0.0,persistente,,0.023,ifn_2010
71536,Pinus_pinaster,True,3934,0.0,persistente,,0.06,ifn_2010
71537,Pinus_pinaster,True,6656,0.0,persistente,,0.027,ifn_2010
71538,Quercus_robur,False,280,0.0,persistente,,0.022,ifn_2010
71539,Pinus_pinaster,True,1886,0.0,persistente,,0.037,ifn_2010
71540,Pinus_pinaster,True,1172,0.0,persistente,,0.086,ifn_2010
71541,Pinus_pinaster,True,4552,0.0,persistente,,0.03,ifn_2010
71542,Castanea_sativa,False,938,0.0,persistente,,0.009,ifn_2010
71543,Pinus_pinaster,True,842,0.0,persistente,,0.056,ifn_2010
71544,Pinus_pinaster,True,2884,0.0,persistente,,0.04,ifn_2010
71545,Pinus_pinaster,True,11866,0.0,persistente,,0.013,ifn_2010
71548,Pinus_pinaster,True,11496,0.0,persistente,,0.05,ifn_2010
71549,Pinus_pinaster,True,2312,0.0,persistente,,0.029,ifn_2010
71550,Pinus_pinaster,True,428,0.0,persistente,,0.138,ifn_2010
71551,Pinus_pinaster,True,1762,0.0,persistente,,0.018,ifn_2010
71552,Pinus_pinaster,True,2296,0.0,persistente,,0.021,ifn_2010
71553,Quercus_robur,False,3236,0.0,persistente,,0.029,ifn_2010
71554,Pinus_pinaster,True,2714,0.0,persistente,,0.075,ifn_2010
71556,Quercus_robur,False,5148,0.0,persistente,,0.015,ifn_2010
71557,Quercus_robur,False,1776,0.0,persistente,,0.011,ifn_2010
71558,Quercus_pyrenaica,False,1670,0.0,persistente,,0.03,ifn_2010
71559,Pinus_radiata,True,299,0.0,persistente,,0.038,ifn_2010
71560,Pinus_pinaster,True,1314,0.0,persistente,,0.042,ifn_2010
71561,Quercus_robur,False,957,0.0,persistente,,0.021,ifn_2010
71562,Pinus_pinaster,True,177,0.0,persistente,,0.039,ifn_2010
71563,Quercus_pyrenaica,False,648,0.0,persistente,,0.031,ifn_2010
71564,Pinus_pinaster,True,760,0.0,persistente,,0.152,ifn_2010
71565,Pinus_pinaster,True,252,0.0,persistente,,0.032,ifn_2010
71566,Pinus_pinaster,True,874,0.0,persistente,,0.077,ifn_2010
71568,Pinus_pinaster,True,4948,0.0,evento,2026.0,0.391,desconocida
71569,Pinus_pinaster,True,7179,0.0,evento,2026.0,0.299,desconocida
71571,Pinus_pinaster,True,2725,0.0,evento,2026.0,0.385,desconocida
71572,Pinus_pinaster,True,1671,0.0,persistente,,0.051,ifn_2010
71573,Pinus_pinaster,True,1252,0.0,persistente,,0.119,ifn_2010
71574,Pinus_pinaster,True,6182,0.0,persistente,,0.014,ifn_2010
71575,Quercus_robur,False,1976,0.0,persistente,,0.009,ifn_2010
71577,Pinus_pinaster,True,7212,0.0,persistente,,0.024,ifn_2010
71578,Pinus_pinaster,True,1318,0.0,persistente,,0.02,ifn_2010
71582,Pinus_pinaster,True,2986,0.0,persistente,,0.013,ifn_2010
71583,Quercus_suber,False,7450,0.0,persistente,,0.014,ifn_2010
71587,Pinus_pinaster,True,20388,0.0,persistente,,0.015,ifn_2010
71597,Eucalyptus_globulus,True,3488,0.0,persistente,,0.071,ifn_2010
71599,Pinus_pinaster,True,3752,0.0,persistente,,0.023,ifn_2010
71603,Quercus_pyrenaica,False,186,0.0,persistente,,0.04,ifn_2010
71605,Quercus_pyrenaica,False,609,0.0,persistente,,0.049,ifn_2010
71606,Alnus_glutinosa,False,2318,0.0,persistente,,0.033,ifn_2010
71608,Quercus_pyrenaica,False,201,0.0,persistente,,0.041,ifn_2010
71609,Quercus_pyrenaica,False,180,0.0,persistente,,0.062,ifn_2010
71611,Pinus_pinaster,True,217,0.0,persistente,,0.073,ifn_2010
71616,Quercus_robur,False,380,0.0,persistente,,0.044,ifn_2010
71618,Quercus_robur,False,3054,0.0,persistente,,0.031,ifn_2010
71620,Pinus_pinaster,True,1454,0.0,persistente,,0.045,ifn_2010
71622,Quercus_robur,False,7400,0.0,persistente,,0.018,ifn_2010
71623,Pinus_pinaster,True,15439,0.0,persistente,,0.057,ifn_2010
71624,Pinus_pinaster,True,10664,0.0,persistente,,0.037,ifn_2010
71629,Pinus_pinaster,True,2516,0.0,persistente,,0.051,ifn_2010
71630,Pinus_pinaster,True,3818,0.0,persistente,,0.039,ifn_2010
71631,Pinus_pinaster,True,1679,0.0,persistente,,0.035,ifn_2010
71637,Pinus_pinaster,True,2927,0.0,persistente,,0.023,ifn_2010
71638,Pinus_pinaster,True,1633,0.0,persistente,,0.061,ifn_2010
71639,Quercus_robur,False,460,0.0,persistente,,0.028,ifn_2010
71640,Pinus_pinaster,True,712,0.0,persistente,,0.043,ifn_2010
71641,Quercus_robur,False,249,0.0,persistente,,0.09,ifn_2010
71643,Pinus_pinaster,True,2240,0.0,persistente,,0.089,ifn_2010
71645,Pinus_pinaster,True,1052,0.0,persistente,,0.086,ifn_2010
71665,Pinus_pinaster,True,3937,0.0,persistente,,0.025,ifn_2010
71667,Pinus_pinaster,True,9068,0.0,evento,2023.0,0.352,desconocida
71670,Pinus_pinaster,True,3424,0.0,evento,2023.0,0.284,desconocida
71671,Pinus_pinaster,True,6655,0.0,evento,2023.0,0.282,desconocida
71673,Pinus_pinaster,True,425,0.0,evento,2023.0,0.382,desconocida
71675,Pinus_pinaster,True,5391,0.0,evento,2023.0,0.302,desconocida
71676,Pinus_pinaster,True,12915,0.0,persistente,,0.032,ifn_2010
71679,Quercus_robur,False,11095,0.0,persistente,,0.027,ifn_2010
71680,Pinus_pinaster,True,8635,0.0,persistente,,0.02,ifn_2010
71683,Pinus_pinaster,True,4228,0.0,persistente,,0.039,ifn_2010
71695,Quercus_robur,False,4323,0.0,persistente,,0.03,ifn_2010
71700,Pinus_pinaster,True,3308,0.0,persistente,,0.057,ifn_2010
71701,Pinus_pinaster,True,9437,0.0,persistente,,0.028,ifn_2010
71702,Quercus_robur,False,965,0.0,persistente,,0.058,ifn_2010
71703,Pinus_pinaster,True,11291,0.0,persistente,,0.023,ifn_2010
71707,Pinus_pinaster,True,1236,0.0,persistente,,0.176,ifn_2010
71708,Quercus_robur,False,421,0.0,persistente,,0.039,ifn_2010
71709,Pinus_pinaster,True,418,0.0,persistente,,0.059,ifn_2010
71710,Pinus_pinaster,True,564,0.0,persistente,,0.018,ifn_2010
71712,Pinus_pinaster,True,12044,0.0,persistente,,0.025,ifn_2010
71713,Quercus_pyrenaica,False,0,0.0,sin_dato,,,sin_serie
71716,Quercus_pyrenaica,False,0,0.0,sin_dato,,,sin_serie
71717,Pinus_sylvestris,True,0,0.0,sin_dato,,,sin_serie
71718,Quercus_robur,False,14916,0.0,persistente,,0.019,ifn_2010
71719,Quercus_robur,False,10416,0.0,persistente,,0.019,ifn_2010
71720,Quercus_robur,False,2142,0.0,persistente,,0.03,ifn_2010
71721,Pinus_pinaster,True,10194,0.0,persistente,,0.022,ifn_2010
71722,Quercus_robur,False,5328,0.0,persistente,,0.033,ifn_2010
71723,Quercus_robur,False,550,0.0,persistente,,0.042,ifn_2010
71724,Quercus_robur,False,954,0.0,persistente,,0.049,ifn_2010
71725,Quercus_robur,False,6940,0.0,persistente,,0.009,ifn_2010
71726,Pinus_pinaster,True,336,0.0,persistente,,0.054,ifn_2010
71727,Pinus_pinaster,True,2484,0.0,persistente,,0.028,ifn_2010
71728,Pinus_pinaster,True,3846,0.0,persistente,,0.032,ifn_2010
71729,Pinus_pinaster,True,2730,0.0,persistente,,0.024,ifn_2010
71730,Quercus_robur,False,2865,0.0,persistente,,0.027,ifn_2010
71731,Pinus_pinaster,True,1138,0.0,persistente,,0.023,ifn_2010
71732,Pinus_pinaster,True,974,0.0,persistente,,0.017,ifn_2010
71733,Quercus_robur,False,15373,0.0,persistente,,0.027,ifn_2010
71734,Pinus_pinaster,True,2120,0.0,persistente,,0.026,ifn_2010
71735,Pinus_pinaster,True,12868,0.0,persistente,,0.016,ifn_2010
71736,Quercus_robur,False,16903,0.0,persistente,,0.026,ifn_2010
71737,Pinus_pinaster,True,3316,0.0,persistente,,0.023,ifn_2010
71738,Quercus_robur,False,1305,0.0,persistente,,0.026,ifn_2010
71739,Quercus_robur,False,830,0.0,persistente,,0.033,ifn_2010
71740,Pinus_pinaster,True,7220,0.0,persistente,,0.075,ifn_2010
71741,Quercus_robur,False,4010,0.0,persistente,,0.021,ifn_2010
71742,Quercus_robur,False,4846,0.0,persistente,,0.038,ifn_2010
71743,Quercus_pyrenaica,False,5058,0.0,persistente,,0.033,ifn_2010
71744,Quercus_pyrenaica,False,28849,0.0,persistente,,0.016,ifn_2010
71745,Quercus_robur,False,6075,0.0,persistente,,0.031,ifn_2010
71746,Quercus_robur,False,185,0.0,persistente,,0.032,ifn_2010
71747,Quercus_robur,False,9888,0.0,persistente,,0.064,ifn_2010
71748,Pinus_pinaster,True,728,0.0,evento,2018.0,0.303,desconocida
71749,Quercus_pyrenaica,False,6083,0.0,persistente,,0.03,ifn_2010
71750,Quercus_pyrenaica,False,687,0.0,persistente,,0.04,ifn_2010
71751,Quercus_pyrenaica,False,1287,0.0,persistente,,0.029,ifn_2010
71754,Pinus_pinaster,True,9564,0.0,persistente,,0.026,ifn_2010
71755,Quercus_robur,False,11451,0.0,persistente,,0.027,ifn_2010
71756,Eucalyptus_globulus,True,6968,0.0,persistente,,0.036,ifn_2010
71757,Eucalyptus_globulus,True,5220,0.0,persistente,,0.113,ifn_2010
71758,Eucalyptus_globulus,True,8226,0.0,persistente,,0.019,ifn_2010
71759,Pinus_pinaster,True,2412,0.0,persistente,,0.103,ifn_2010
71760,Eucalyptus_globulus,True,358,0.0,persistente,,0.099,ifn_2010
71761,Pinus_pinaster,True,2118,0.0,persistente,,0.062,ifn_2010
71762,Eucalyptus_globulus,True,443,0.0,persistente,,0.01,ifn_2010
71763,Eucalyptus_globulus,True,654,0.0,persistente,,0.142,ifn_2010
71764,Eucalyptus_globulus,True,1078,0.0,persistente,,0.167,ifn_2010
71765,Eucalyptus_globulus,True,1174,0.0,evento,2023.0,0.366,prohibida_rebrote
71766,Quercus_robur,False,127,0.0,persistente,,0.025,ifn_2010
71767,Quercus_robur,False,6972,0.0,persistente,,0.034,ifn_2010
71768,Pinus_pinaster,True,1966,0.0,persistente,,0.023,ifn_2010
71769,Eucalyptus_globulus,True,1654,0.0,persistente,,0.103,ifn_2010
71770,Eucalyptus_globulus,True,216,0.0,persistente,,0.098,ifn_2010
71771,Eucalyptus_globulus,True,530,0.0,persistente,,0.147,ifn_2010
71772,Pinus_pinaster,True,2110,0.0,persistente,,0.086,ifn_2010
71773,Quercus_robur,False,4538,0.0,persistente,,0.029,ifn_2010
71774,Pinus_pinaster,True,3382,0.0,evento,2018.0,0.335,desconocida
71775,Pinus_pinaster,True,832,0.0,persistente,,0.043,ifn_2010
71776,Pinus_pinaster,True,960,0.0,persistente,,0.101,ifn_2010
71777,Pinus_pinaster,True,3710,0.0,persistente,,0.025,ifn_2010
71778,Pinus_pinaster,True,23108,0.0,persistente,,0.026,ifn_2010
71779,Pinus_pinaster,True,2248,0.0,persistente,,0.022,ifn_2010
71780,Pinus_pinaster,True,2390,0.0,persistente,,0.038,ifn_2010
71781,Pinus_pinaster,True,2324,0.0,persistente,,0.067,ifn_2010
71782,Quercus_robur,False,303,0.0,persistente,,0.025,ifn_2010
71783,Pinus_pinaster,True,5010,0.0,persistente,,0.041,ifn_2010
71784,Quercus_robur,False,123,0.0,persistente,,0.067,ifn_2010
71785,Quercus_robur,False,393,0.0,persistente,,0.029,ifn_2010
71786,Pinus_pinaster,True,2494,0.0,persistente,,0.038,ifn_2010
71787,Pinus_pinaster,True,991,0.0,persistente,,0.033,ifn_2010
71788,Pinus_pinaster,True,5100,0.0,persistente,,0.125,ifn_2010
71789,Quercus_robur,False,716,0.0,persistente,,0.022,ifn_2010
71790,Quercus_pyrenaica,False,3277,0.0,persistente,,0.029,ifn_2010
71791,Quercus_pyrenaica,False,17910,0.0,persistente,,0.03,ifn_2010
71792,Pinus_pinaster,True,2796,0.0,persistente,,0.056,ifn_2010
71793,Pinus_pinaster,True,3178,0.0,evento,2023.0,0.27,desconocida
71794,Pinus_pinaster,True,714,0.0,persistente,,0.046,ifn_2010
71796,Pinus_pinaster,True,322,0.0,persistente,,0.104,ifn_2010
71909,Quercus_robur,False,11798,0.0,persistente,,0.011,ifn_2010
71910,Quercus_pyrenaica,False,20068,0.0,persistente,,0.02,ifn_2010
71911,Quercus_pyrenaica,False,11062,0.0,persistente,,0.025,ifn_2010
71912,Quercus_pyrenaica,False,291,0.0,persistente,,0.032,ifn_2010
71913,Quercus_pyrenaica,False,4880,0.0,persistente,,0.024,ifn_2010
71914,Quercus_robur,False,462,0.0,persistente,,0.131,ifn_2010
71915,Pinus_pinaster,True,7182,0.0,persistente,,0.032,ifn_2010
71916,Quercus_pyrenaica,False,299,0.0,persistente,,0.056,ifn_2010
71917,Quercus_pyrenaica,False,156,0.0,persistente,,0.028,ifn_2010
71918,Eucalyptus_globulus,True,3774,0.0,evento,2022.0,0.253,prohibida_rebrote
71920,Pinus_pinaster,True,3084,0.0,persistente,,0.042,ifn_2010
71921,Quercus_robur,False,661,0.0,persistente,,0.038,ifn_2010
71923,Quercus_pyrenaica,False,1675,0.0,persistente,,0.033,ifn_2010
71924,Quercus_pyrenaica,False,1850,0.0,persistente,,0.038,ifn_2010
71926,Quercus_pyrenaica,False,2421,0.0,persistente,,0.044,ifn_2010
71927,Pinus_pinaster,True,1893,0.0,persistente,,0.038,ifn_2010
71929,Pinus_pinaster,True,1953,0.0,persistente,,0.055,ifn_2010
71930,Quercus_robur,False,2073,0.0,persistente,,0.035,ifn_2010
71932,Pinus_pinaster,True,1792,0.0,persistente,,0.038,ifn_2010
71936,Pinus_pinaster,True,2146,0.0,persistente,,0.032,ifn_2010
71937,Pinus_pinaster,True,1875,0.0,persistente,,0.138,ifn_2010
71939,Quercus_robur,False,212,0.0,persistente,,0.032,ifn_2010
71940,Pinus_pinaster,True,3732,0.0,persistente,,0.108,ifn_2010
71941,Pinus_pinaster,True,3041,0.0,persistente,,0.034,ifn_2010
71946,Pinus_pinaster,True,11488,0.0,persistente,,0.026,ifn_2010
71947,Pinus_pinaster,True,2974,0.0,persistente,,0.02,ifn_2010
71948,Pinus_pinaster,True,4324,0.0,persistente,,0.035,ifn_2010
71952,Quercus_robur,False,3109,0.0,evento,2020.0,0.186,desconocida
71955,Quercus_pyrenaica,False,3171,0.0,persistente,,0.023,ifn_2010
71958,Pinus_pinaster,True,2872,0.0,persistente,,0.035,ifn_2010
71959,Pinus_pinaster,True,1843,0.0,persistente,,0.025,ifn_2010
71961,Pinus_pinaster,True,3834,0.0,persistente,,0.033,ifn_2010
71962,Quercus_robur,False,262,0.0,persistente,,0.048,ifn_2010
71963,Quercus_robur,False,689,0.0,persistente,,0.023,ifn_2010
71965,Pinus_pinaster,True,1170,0.0,persistente,,0.18,ifn_2010
71966,Pinus_pinaster,True,5311,0.0,persistente,,0.063,ifn_2010
71967,Quercus_robur,False,1556,0.0,persistente,,0.06,ifn_2010
71968,Pinus_pinaster,True,715,0.0,persistente,,0.018,ifn_2010
71970,Pinus_pinaster,True,4753,0.0,persistente,,0.025,ifn_2010
71973,Pinus_pinaster,True,519,0.0,persistente,,0.017,ifn_2010
71974,Pinus_pinaster,True,688,0.0,persistente,,0.033,ifn_2010
71975,Pinus_pinaster,True,718,0.0,persistente,,0.022,ifn_2010
71976,Quercus_pyrenaica,False,1773,0.0,persistente,,0.031,ifn_2010
71978,Pinus_pinaster,True,5411,0.0,persistente,,0.017,ifn_2010
71981,Quercus_robur,False,21935,0.0,persistente,,0.034,ifn_2010
71982,Pinus_pinaster,True,961,0.0,persistente,,0.039,ifn_2010
71983,Quercus_robur,False,17534,0.0,persistente,,0.026,ifn_2010
71984,Pinus_pinaster,True,1829,0.0,persistente,,0.056,ifn_2010
71985,Quercus_robur,False,26462,0.0,persistente,,0.033,ifn_2010
71986,Quercus_robur,False,149,0.0,persistente,,0.086,ifn_2010
71989,Quercus_robur,False,50190,0.0,persistente,,0.022,ifn_2010
71990,Pinus_pinaster,True,447,0.0,persistente,,0.025,ifn_2010
71992,Quercus_robur,False,3510,0.0,persistente,,0.014,ifn_2010
71993,Quercus_robur,False,31379,0.0,persistente,,0.033,ifn_2010
71994,Quercus_robur,False,1688,0.0,persistente,,0.035,ifn_2010
71995,Pinus_pinaster,True,746,0.0,persistente,,0.04,ifn_2010
71997,Pinus_pinaster,True,1246,0.0,persistente,,0.033,ifn_2010
72003,Quercus_pyrenaica,False,6687,0.0,persistente,,0.024,ifn_2010
72004,Quercus_pyrenaica,False,5646,0.0,persistente,,0.018,ifn_2010
72020,Pinus_pinaster,True,11266,0.0,persistente,,0.015,ifn_2010
72022,Quercus_robur,False,17300,0.0,persistente,,0.021,ifn_2010
72030,Quercus_pyrenaica,False,16548,0.0,persistente,,0.03,ifn_2010
72074,Pinus_sylvestris,True,4059,0.0,persistente,,0.133,ifn_2010
72075,Pinus_sylvestris,True,531,0.0,persistente,,0.054,ifn_2010
72076,Pinus_sylvestris,True,1778,0.0,persistente,,0.065,ifn_2010
72077,Pinus_sylvestris,True,135,0.0,persistente,,0.052,ifn_2010
72078,Pinus_sylvestris,True,550,0.0,persistente,,0.047,ifn_2010
72079,Pinus_sylvestris,True,217,0.0,persistente,,0.076,ifn_2010
72080,Pinus_sylvestris,True,387,0.0,persistente,,0.04,ifn_2010
72081,Pinus_sylvestris,True,107,0.0,persistente,,0.027,ifn_2010
72082,Quercus_pyrenaica,False,17046,0.0,persistente,,0.014,ifn_2010
72083,Quercus_pyrenaica,False,577,0.0,persistente,,0.024,ifn_2010
72084,Quercus_pyrenaica,False,462,0.0,persistente,,0.032,ifn_2010
72085,Pinus_pinaster,True,329,0.0,persistente,,0.086,ifn_2010
72086,Pinus_pinaster,True,295,0.0,persistente,,0.107,ifn_2010
72089,Pinus_pinaster,True,2840,0.0,persistente,,0.027,ifn_2010
72090,Pinus_pinaster,True,987,0.0,persistente,,0.053,ifn_2010
72091,Pinus_pinaster,True,1040,0.0,persistente,,0.051,ifn_2010
72092,Quercus_pyrenaica,False,8700,0.0,persistente,,0.028,ifn_2010
72094,Pinus_pinaster,True,2676,0.0,persistente,,0.044,ifn_2010
72095,Quercus_robur,False,8616,0.0,persistente,,0.031,ifn_2010
72096,Pinus_pinaster,True,2479,0.0,persistente,,0.03,ifn_2010
72097,Quercus_pyrenaica,False,17691,0.0,persistente,,0.015,ifn_2010
72099,Pinus_pinaster,True,6019,0.0,persistente,,0.028,ifn_2010
72100,Pinus_pinaster,True,2845,0.0,persistente,,0.021,ifn_2010
72101,Pinus_pinaster,True,8996,0.0,evento,2023.0,0.226,desconocida
72102,Pinus_pinaster,True,350,0.0,evento,2021.0,0.234,desconocida
72103,Pinus_pinaster,True,1330,0.0,persistente,,0.042,ifn_2010
72104,Pinus_pinaster,True,2834,0.0,persistente,,0.028,ifn_2010
72105,Pinus_pinaster,True,2119,0.0,persistente,,0.038,ifn_2010
72106,Eucalyptus_globulus,True,946,0.0,persistente,,0.077,ifn_2010
72107,Pinus_pinaster,True,2202,0.0,persistente,,0.035,ifn_2010
72108,Pinus_pinaster,True,4560,0.0,persistente,,0.064,ifn_2010
72112,Pinus_pinaster,True,1842,0.0,persistente,,0.027,ifn_2010
72114,Pinus_pinaster,True,1004,0.0,persistente,,0.041,ifn_2010
72115,Quercus_robur,False,1926,0.0,persistente,,0.032,ifn_2010
72116,Quercus_robur,False,17318,0.0,persistente,,0.015,ifn_2010
72117,Quercus_robur,False,22904,0.0,persistente,,0.021,ifn_2010
72119,Pinus_pinaster,True,6716,0.0,persistente,,0.005,ifn_2010
72120,Quercus_suber,False,6724,0.0,persistente,,0.026,ifn_2010
72121,Pinus_pinaster,True,582,0.0,persistente,,0.039,ifn_2010
72122,Pseudotsuga_menziesii,True,159,0.0,persistente,,0.045,ifn_2010
72124,Pinus_pinaster,True,10510,0.0,persistente,,0.033,ifn_2010
72125,Pinus_pinaster,True,1546,0.0,persistente,,0.026,ifn_2010
72126,Quercus_pyrenaica,False,472,0.0,persistente,,0.05,ifn_2010
72127,Castanea_sativa,False,1026,0.0,persistente,,0.031,ifn_2010
72128,Quercus_robur,False,680,0.0,persistente,,0.052,ifn_2010
72129,Pinus_pinaster,True,264,0.0,persistente,,0.049,ifn_2010
72184,Quercus_robur,False,6444,0.0,persistente,,0.019,ifn_2010
72185,Eucalyptus_nitens,True,195,0.0,persistente,,0.055,ifn_2010
72186,Pinus_pinaster,True,289,0.0,persistente,,0.033,ifn_2010
72188,Pinus_pinaster,True,1030,0.0,persistente,,0.023,ifn_2010
72191,Pinus_pinaster,True,1850,0.0,persistente,,0.031,ifn_2010
72198,Pinus_pinaster,True,2476,0.0,persistente,,0.16,ifn_2010
72200,Pinus_pinaster,True,767,0.0,persistente,,0.054,ifn_2010
72205,Quercus_robur,False,1417,0.0,persistente,,0.026,ifn_2010
72235,Quercus_robur,False,5695,0.0,persistente,,0.036,ifn_2010
72244,Quercus_robur,False,3074,0.0,persistente,,0.021,ifn_2010
72245,Quercus_robur,False,2095,0.0,persistente,,0.015,ifn_2010
72256,Pinus_pinaster,True,2589,0.0,persistente,,0.129,ifn_2010
72257,Quercus_robur,False,500,0.0,persistente,,0.029,ifn_2010
72267,Quercus_pyrenaica,False,1824,0.0,persistente,,0.041,ifn_2010
72279,Quercus_pyrenaica,False,8639,0.0,persistente,,0.029,ifn_2010
72280,Castanea_sativa,False,532,0.0,persistente,,0.049,ifn_2010
72282,Quercus_robur,False,2068,0.0,persistente,,0.044,ifn_2010
72285,Quercus_pyrenaica,False,27250,0.0,persistente,,0.014,ifn_2010
72294,Pinus_pinaster,True,10310,0.0,persistente,,0.053,ifn_2010
72295,Pinus_pinaster,True,769,0.0,persistente,,0.044,ifn_2010
72296,Quercus_robur,False,614,0.0,persistente,,0.036,ifn_2010
72298,Pinus_pinaster,True,1046,0.0,persistente,,0.038,ifn_2010
72299,Pinus_pinaster,True,2213,0.0,persistente,,0.041,ifn_2010
72301,Pinus_pinaster,True,6508,0.0,persistente,,0.049,ifn_2010
72303,Pinus_pinaster,True,11876,0.0,persistente,,0.062,ifn_2010
72304,Pinus_pinaster,True,284,0.0,persistente,,0.047,ifn_2010
72305,Pinus_pinaster,True,4314,0.0,persistente,,0.044,ifn_2010
72306,Pinus_pinaster,True,498,0.0,persistente,,0.129,ifn_2010
72307,Pinus_pinaster,True,600,0.0,persistente,,0.079,ifn_2010
72308,Pinus_pinaster,True,718,0.0,persistente,,0.037,ifn_2010
72310,Pinus_sylvestris,True,3034,0.0,persistente,,0.034,ifn_2010
72311,Pinus_sylvestris,True,2464,0.0,persistente,,0.033,ifn_2010
72312,Pinus_sylvestris,True,3056,0.0,persistente,,0.027,ifn_2010
72313,Pinus_sylvestris,True,620,0.0,persistente,,0.025,ifn_2010
72314,Pinus_sylvestris,True,1324,0.0,persistente,,0.045,ifn_2010
72315,Pinus_sylvestris,True,2382,0.0,persistente,,0.048,ifn_2010
72316,Pinus_sylvestris,True,1612,0.0,persistente,,0.038,ifn_2010
72317,Pinus_sylvestris,True,2898,0.0,persistente,,0.035,ifn_2010
72319,Pinus_sylvestris,True,1596,0.0,persistente,,0.028,ifn_2010
72321,Pinus_sylvestris,True,586,0.0,persistente,,0.035,ifn_2010
72323,Pinus_sylvestris,True,2216,0.0,persistente,,0.046,ifn_2010
72333,Quercus_robur,False,7578,0.0,persistente,,0.025,ifn_2010
72335,Pinus_sylvestris,True,220,0.0,persistente,,0.13,ifn_2010
72337,Pinus_sylvestris,True,346,0.0,persistente,,0.035,ifn_2010
72338,Quercus_robur,False,36920,0.0,persistente,,0.017,ifn_2010
72339,Quercus_pyrenaica,False,764,0.0,persistente,,0.04,ifn_2010
72340,Pinus_pinaster,True,2026,0.0,evento,2025.0,0.185,desconocida
72342,Pinus_pinaster,True,5070,0.0,persistente,,0.051,ifn_2010
72391,Pinus_pinaster,True,4467,0.0,persistente,,0.017,ifn_2010
72392,Pinus_pinaster,True,4014,0.0,persistente,,0.02,ifn_2010
72393,Quercus_robur,False,1042,0.0,persistente,,0.019,ifn_2010
72394,Quercus_pyrenaica,False,4526,0.0,persistente,,0.032,ifn_2010
72395,Betula_alba,False,2488,0.0,persistente,,0.023,ifn_2010
72396,Quercus_pyrenaica,False,2402,0.0,persistente,,0.037,ifn_2010
72397,Quercus_pyrenaica,False,6138,0.0,persistente,,0.026,ifn_2010
72398,Quercus_pyrenaica,False,2711,0.0,persistente,,0.061,ifn_2010
72399,Quercus_pyrenaica,False,2438,0.0,persistente,,0.024,ifn_2010
72400,Quercus_robur,False,1788,0.0,persistente,,0.029,ifn_2010
72401,Quercus_suber,False,165,0.0,persistente,,0.018,ifn_2010
72402,Quercus_robur,False,2341,0.0,persistente,,0.028,ifn_2010
72403,Quercus_robur,False,1990,0.0,persistente,,0.037,ifn_2010
72404,Quercus_robur,False,3845,0.0,persistente,,0.017,ifn_2010
72405,Quercus_robur,False,1792,0.0,persistente,,0.042,ifn_2010
72406,Quercus_robur,False,162,0.0,persistente,,0.036,ifn_2010
72407,Pinus_pinaster,True,1378,0.0,persistente,,0.045,ifn_2010
72408,Castanea_sativa,False,2041,0.0,persistente,,0.026,ifn_2010
72409,Castanea_sativa,False,735,0.0,persistente,,0.083,ifn_2010
72410,Quercus_robur,False,1293,0.0,persistente,,0.06,ifn_2010
72411,Quercus_robur,False,1044,0.0,persistente,,0.111,ifn_2010
72412,Quercus_robur,False,964,0.0,persistente,,0.03,ifn_2010
72413,Quercus_robur,False,1449,0.0,persistente,,0.039,ifn_2010
72414,Quercus_robur,False,325,0.0,persistente,,0.02,ifn_2010
72416,Quercus_robur,False,336,0.0,persistente,,0.038,ifn_2010
72417,Quercus_robur,False,2639,0.0,persistente,,0.038,ifn_2010
72418,Quercus_robur,False,3500,0.0,persistente,,0.04,ifn_2010
72419,Quercus_robur,False,627,0.0,persistente,,0.064,ifn_2010
72421,Quercus_pyrenaica,False,161,0.0,persistente,,0.047,ifn_2010
72422,Quercus_pyrenaica,False,0,0.0,sin_dato,,,sin_serie
72423,Pinus_sylvestris,True,3190,0.0,persistente,,0.041,ifn_2010
72424,Pinus_sylvestris,True,434,0.0,persistente,,0.05,ifn_2010
72425,Pinus_pinaster,True,6410,0.0,persistente,,0.021,ifn_2010
72426,Pinus_pinaster,True,1398,0.0,persistente,,0.037,ifn_2010
72427,Pinus_sylvestris,True,5224,0.0,persistente,,0.059,ifn_2010
72428,Pinus_sylvestris,True,942,0.0,persistente,,0.051,ifn_2010
72429,Pinus_pinaster,True,1466,0.0,persistente,,0.034,ifn_2010
72433,Quercus_pyrenaica,False,2563,0.0,persistente,,0.021,ifn_2010
72440,Quercus_pyrenaica,False,5130,0.0,persistente,,0.038,ifn_2010
72441,Quercus_pyrenaica,False,292,0.0,persistente,,0.086,ifn_2010
72442,Quercus_pyrenaica,False,351,0.0,persistente,,0.026,ifn_2010
72443,Betula_alba,False,631,0.0,persistente,,0.02,ifn_2010
72444,Quercus_pyrenaica,False,536,0.0,persistente,,0.021,ifn_2010
72445,Quercus_pyrenaica,False,423,0.0,persistente,,0.03,ifn_2010
72446,Quercus_robur,False,871,0.0,persistente,,0.027,ifn_2010
72462,Quercus_pyrenaica,False,0,0.0,sin_dato,,,sin_serie
72464,Pinus_pinaster,True,1089,0.0,persistente,,0.094,ifn_2010
72465,Quercus_pyrenaica,False,5954,0.0,persistente,,0.031,ifn_2010
72466,Quercus_pyrenaica,False,1522,0.0,persistente,,0.038,ifn_2010
72467,Quercus_pyrenaica,False,214,0.0,persistente,,0.041,ifn_2010
72468,Quercus_pyrenaica,False,176,0.0,persistente,,0.034,ifn_2010
72469,Quercus_pyrenaica,False,190,0.0,persistente,,0.027,ifn_2010
72470,Quercus_pyrenaica,False,373,0.0,persistente,,0.043,ifn_2010
72471,Quercus_pyrenaica,False,2750,0.0,persistente,,0.041,ifn_2010
72472,Quercus_pyrenaica,False,100,0.0,persistente,,0.015,ifn_2010
72473,Quercus_pyrenaica,False,0,0.0,sin_dato,,,sin_serie
72482,Pinus_sylvestris,True,3372,0.0,persistente,,0.102,ifn_2010
72484,Quercus_robur,False,1562,0.0,persistente,,0.012,ifn_2010
72486,Pinus_pinaster,True,653,0.0,persistente,,0.032,ifn_2010
72488,Quercus_pyrenaica,False,9276,0.0,persistente,,0.041,ifn_2010
72552,Quercus_robur,False,8,0.0,persistente,,0.028,ifn_2010
72576,Quercus_robur,False,655,0.0,persistente,,0.029,ifn_2010
72578,Pinus_pinaster,True,411,0.0,persistente,,0.114,ifn_2010
72588,Quercus_robur,False,69,0.0,persistente,,0.039,ifn_2010
72609,Quercus_robur,False,436,0.0,persistente,,0.024,ifn_2010
72613,Pinus_pinaster,True,1873,0.0,persistente,,0.178,ifn_2010
72614,Pinus_pinaster,True,5390,0.0,persistente,,0.029,ifn_2010
72615,Quercus_robur,False,31083,0.0,persistente,,0.026,ifn_2010
72617,Pinus_radiata,True,1274,0.0,persistente,,0.045,ifn_2010
72618,Pinus_pinaster,True,738,0.0,persistente,,0.097,ifn_2010
72619,Quercus_pyrenaica,False,9532,0.0,persistente,,0.031,ifn_2010
72620,Pinus_pinaster,True,5156,0.0,persistente,,0.048,ifn_2010
72621,Pinus_pinaster,True,11834,0.0,persistente,,0.034,ifn_2010
72622,Quercus_robur,False,28973,0.0,persistente,,0.021,ifn_2010
72623,Quercus_robur,False,48160,0.0,persistente,,0.024,ifn_2010
72624,Quercus_robur,False,9706,0.0,persistente,,0.011,ifn_2010
72625,Quercus_robur,False,430,0.0,persistente,,0.032,ifn_2010
72626,Pinus_pinaster,True,1358,0.0,persistente,,0.157,ifn_2010
72627,Pinus_pinaster,True,478,0.0,evento,2026.0,0.242,desconocida
72628,Pinus_pinaster,True,3916,0.0,persistente,,0.045,ifn_2010
72629,Pinus_pinaster,True,408,0.0,persistente,,0.029,ifn_2010
72630,Pinus_pinaster,True,1603,0.0,evento,2020.0,0.273,desconocida
72631,Pinus_pinaster,True,1543,0.0,evento,2026.0,0.368,desconocida
72632,Pinus_pinaster,True,5622,0.0,evento,2026.0,0.339,desconocida
72633,Pinus_pinaster,True,3312,0.0,evento,2026.0,0.491,desconocida
72634,Pinus_pinaster,True,5242,0.0,evento,2026.0,0.329,desconocida
72635,Pinus_pinaster,True,13110,0.0,persistente,,0.203,ifn_2010
72636,Pinus_pinaster,True,9160,0.0,evento,2026.0,0.24,desconocida
72637,Pinus_pinaster,True,2938,0.0,evento,2026.0,0.285,desconocida
72638,Pinus_pinaster,True,1230,0.0,evento,2026.0,0.406,desconocida
72639,Pinus_pinaster,True,1963,0.0,evento,2026.0,0.377,desconocida
72640,Pinus_pinaster,True,5516,0.0,evento,2018.0,0.285,desconocida
72641,Quercus_robur,False,998,0.0,persistente,,0.084,ifn_2010
72642,Quercus_robur,False,1858,0.0,persistente,,0.161,ifn_2010
72660,Quercus_robur,False,2060,0.0,persistente,,0.027,ifn_2010
72661,Quercus_robur,False,2498,0.0,persistente,,0.042,ifn_2010
72662,Pinus_sylvestris,True,284,0.0,persistente,,0.044,ifn_2010
72668,Quercus_pyrenaica,False,0,0.0,sin_dato,,,sin_serie
72670,Quercus_pyrenaica,False,1618,0.0,persistente,,0.033,ifn_2010
75043,Pinus_pinaster,True,5656,0.0,persistente,,0.028,ifn_2010
75079,Quercus_pyrenaica,False,2344,0.0,persistente,,0.018,ifn_2010
75080,Quercus_robur,False,3406,0.0,persistente,,0.103,ifn_2010
75101,Pinus_pinaster,True,12836,0.0,persistente,,0.022,ifn_2010
75102,Quercus_robur,False,4992,0.0,persistente,,0.012,ifn_2010
75103,Pinus_pinaster,True,2359,0.0,persistente,,0.027,ifn_2010
75109,Pinus_pinaster,True,523,0.0,persistente,,0.051,ifn_2010
75115,Pinus_pinaster,True,6498,0.0,persistente,,0.088,ifn_2010
75116,Quercus_pyrenaica,False,777,0.0,persistente,,0.026,ifn_2010
75117,Pinus_pinaster,True,7450,0.0,persistente,,0.045,ifn_2010
75133,Pinus_pinaster,True,3632,0.0,persistente,,0.045,ifn_2010
75134,Pinus_pinaster,True,19446,0.0,persistente,,0.021,ifn_2010
75135,Quercus_pyrenaica,False,642,0.0,persistente,,0.017,ifn_2010
75137,Pinus_pinaster,True,7166,0.0,persistente,,0.032,ifn_2010
75146,Acacia_dealbata,True,2309,0.0,persistente,,0.067,ifn_2010
75150,Pinus_pinaster,True,213,0.0,persistente,,0.026,ifn_2010
75151,Acacia_dealbata,True,688,0.0,persistente,,0.052,ifn_2010
75152,Quercus_robur,False,1398,0.0,persistente,,0.128,ifn_2010
75154,Pinus_pinaster,True,4403,0.0,persistente,,0.061,ifn_2010
75156,Quercus_robur,False,339,0.0,evento,2018.0,0.422,desconocida
75168,Pinus_pinaster,True,10949,0.0,persistente,,0.074,ifn_2010
75173,Eucalyptus_nitens,True,0,0.0,sin_dato,,,sin_serie
75178,Quercus_robur,False,3317,0.0,persistente,,0.023,ifn_2010
75179,Quercus_robur,False,372,0.0,persistente,,0.028,ifn_2010
75180,Quercus_pyrenaica,False,186,0.0,persistente,,0.016,ifn_2010
75181,Quercus_pyrenaica,False,0,0.0,sin_dato,,,sin_serie
75182,Quercus_pyrenaica,False,0,0.0,sin_dato,,,sin_serie
75183,Quercus_pyrenaica,False,0,0.0,sin_dato,,,sin_serie
75190,Quercus_robur,False,5489,0.0,persistente,,0.041,ifn_2010
75301,Pinus_pinaster,True,72,0.0,persistente,,0.088,ifn_2010
75302,Pinus_pinaster,True,406,0.0,persistente,,0.159,ifn_2010
75326,Quercus_pyrenaica,False,18334,0.0,persistente,,0.032,ifn_2010
75691,Quercus_robur,False,8,0.0,persistente,,0.14,ifn_2010
75795,Quercus_robur,False,24808,0.0,persistente,,0.186,ifn_2010
75799,Pinus_pinaster,True,2470,0.0,evento,2018.0,0.252,desconocida
75801,Pinus_sylvestris,True,2954,0.0,evento,2018.0,0.338,desconocida
75802,Pinus_sylvestris,True,1656,0.0,evento,2018.0,0.241,desconocida
75803,Pinus_sylvestris,True,7888,0.0,persistente,,0.043,ifn_2010
75804,Pinus_pinaster,True,946,0.0,persistente,,0.09,ifn_2010
75805,Pinus_pinaster,True,956,0.0,persistente,,0.033,ifn_2010
75806,Pinus_pinaster,True,555,0.0,persistente,,0.051,ifn_2010
75807,Pinus_pinaster,True,1247,0.0,evento,2018.0,0.352,desconocida
75808,Alnus_glutinosa,False,646,0.0,persistente,,0.201,ifn_2010
75809,Betula_spp,False,11113,0.0,persistente,,0.092,ifn_2010
75810,Pinus_pinaster,True,7898,0.0,persistente,,0.076,ifn_2010
75817,Quercus_robur,False,1645,0.007,persistente,,0.026,ifn_2010
75818,Quercus_robur,False,308,0.0,persistente,,0.167,ifn_2010
75867,Quercus_robur,False,6144,0.001,persistente,,0.018,ifn_2010
75926,Pinus_pinaster,True,31,0.0,persistente,,0.079,ifn_2010
75972,Pinus_pinaster,True,1793,0.201,persistente,,0.031,ifn_2010
75982,Pinus_pinaster,True,3491,0.0,evento,2018.0,0.232,desconocida
75983,Quercus_robur,False,15983,0.0,persistente,,0.186,ifn_2010
75987,Quercus_robur,False,663,0.0,persistente,,0.06,ifn_2010
75988,Quercus_robur,False,141,0.0,persistente,,0.038,ifn_2010
76057,Quercus_robur,False,106,0.0,persistente,,0.019,ifn_2010
76058,Quercus_robur,False,304,0.0,persistente,,0.017,ifn_2010
76059,Quercus_robur,False,2418,0.0,persistente,,0.023,ifn_2010
76060,Pinus_pinaster,True,1065,0.0,persistente,,0.02,ifn_2010
76062,Pinus_pinaster,True,276,0.0,persistente,,0.045,ifn_2010
76189,Quercus_robur,False,10,0.0,evento,2024.0,0.283,desconocida
76190,Quercus_robur,False,460,0.0,persistente,,0.1,ifn_2010
76209,Pinus_sylvestris,True,0,0.0,sin_dato,,,sin_serie
76244,Quercus_robur,False,2650,0.0,persistente,,0.009,ifn_2010
76246,Pinus_pinaster,True,10910,0.0,persistente,,0.032,ifn_2010
76247,Pinus_pinaster,True,22574,0.0,persistente,,0.032,ifn_2010
76248,Pinus_pinaster,True,19298,0.0,persistente,,0.045,ifn_2010
76249,Castanea_sativa,False,2914,0.0,persistente,,0.111,ifn_2010
76250,Quercus_robur,False,38000,0.0,persistente,,0.022,ifn_2010
76252,Pinus_pinaster,True,2342,0.0,persistente,,0.131,ifn_2010
76253,Quercus_robur,False,57462,0.0,persistente,,0.014,ifn_2010
76255,Betula_spp,False,41984,0.0,persistente,,0.019,ifn_2010
76259,Quercus_robur,False,35374,0.0,persistente,,0.018,ifn_2010
76260,Pinus_pinaster,True,16088,0.0,persistente,,0.018,ifn_2010
76262,Pinus_pinaster,True,7840,0.0,persistente,,0.034,ifn_2010
76265,Pinus_pinaster,True,1596,0.0,persistente,,0.092,ifn_2010
76267,Quercus_robur,False,29302,0.0,persistente,,0.012,ifn_2010
76268,Pinus_pinaster,True,5672,0.0,persistente,,0.022,ifn_2010
76269,Pinus_pinaster,True,8012,0.0,persistente,,0.088,ifn_2010
76270,Quercus_robur,False,26108,0.0,persistente,,0.015,ifn_2010
76271,Quercus_robur,False,5660,0.0,persistente,,0.013,ifn_2010
76272,Quercus_robur,False,2538,0.0,persistente,,0.063,ifn_2010
76274,Quercus_robur,False,6798,0.0,persistente,,0.017,ifn_2010
76275,Quercus_robur,False,812,0.0,persistente,,0.026,ifn_2010
76276,Pinus_pinaster,True,974,0.0,persistente,,0.025,ifn_2010
76278,Pinus_pinaster,True,5686,0.0,persistente,,0.027,ifn_2010
76280,Pinus_pinaster,True,2924,0.0,persistente,,0.025,ifn_2010
76286,Eucalyptus_globulus,True,9258,0.0,persistente,,0.075,ifn_2010
76293,Quercus_robur,False,1716,0.0,persistente,,0.015,ifn_2010
76296,Quercus_suber,False,1228,0.0,persistente,,0.026,ifn_2010
76297,Pinus_pinaster,True,5796,0.0,persistente,,0.025,ifn_2010
76298,Pinus_pinaster,True,8152,0.0,persistente,,0.071,ifn_2010
76300,Pinus_pinaster,True,8708,0.0,persistente,,0.045,ifn_2010
76301,Quercus_robur,False,612,0.0,persistente,,0.03,ifn_2010
76304,Quercus_robur,False,5294,0.0,persistente,,0.016,ifn_2010
76306,Quercus_robur,False,2906,0.0,persistente,,0.038,ifn_2010
76307,Betula_alba,False,686,0.0,persistente,,0.034,ifn_2010
76309,Pinus_pinaster,True,4538,0.0,persistente,,0.228,ifn_2010
76312,Pinus_pinaster,True,1330,0.0,persistente,,0.19,ifn_2010
76313,Pinus_pinaster,True,6670,0.0,persistente,,0.148,ifn_2010
76314,Pinus_radiata,True,5128,0.0,persistente,,0.102,ifn_2010
76315,Quercus_robur,False,1086,0.0,persistente,,0.036,ifn_2010
76316,Quercus_robur,False,1160,0.0,persistente,,0.017,ifn_2010
76317,Pinus_pinaster,True,36596,0.0,persistente,,0.028,ifn_2010
76318,Pinus_pinaster,True,1106,0.0,persistente,,0.03,ifn_2010
76320,Pinus_pinaster,True,5906,0.0,persistente,,0.069,ifn_2010
76321,Pinus_pinaster,True,8090,0.0,persistente,,0.073,ifn_2010
76323,Eucalyptus_globulus,True,6076,0.0,persistente,,0.028,ifn_2010
76326,Pinus_pinaster,True,3148,0.0,persistente,,0.035,ifn_2010
76327,Pinus_pinaster,True,3846,0.0,persistente,,0.111,ifn_2010
76328,Quercus_robur,False,2454,0.0,persistente,,0.016,ifn_2010
76331,Pinus_pinaster,True,970,0.0,persistente,,0.036,ifn_2010
76333,Pinus_sylvestris,True,2730,0.0,persistente,,0.053,ifn_2010
76334,Pinus_sylvestris,True,406,0.0,persistente,,0.021,ifn_2010
76337,Betula_alba,False,824,0.0,persistente,,0.096,ifn_2010
76342,Pinus_pinaster,True,2688,0.0,persistente,,0.039,ifn_2010
76346,Alnus_glutinosa,False,2376,0.0,persistente,,0.015,ifn_2010
76349,Quercus_robur,False,4248,0.0,persistente,,0.032,ifn_2010
76441,Pinus_pinaster,True,3486,0.0,evento,2018.0,0.225,desconocida
76442,Quercus_robur,False,4825,0.0,persistente,,0.185,ifn_2010
76443,Quercus_robur,False,5402,0.0,persistente,,0.048,ifn_2010
76444,Pinus_pinaster,True,3864,0.0,persistente,,0.014,ifn_2010
76445,Quercus_robur,False,2695,0.0,persistente,,0.053,ifn_2010
76446,Pinus_pinaster,True,3047,0.0,persistente,,0.018,ifn_2010
76447,Quercus_robur,False,14594,0.0,persistente,,0.017,ifn_2010
76448,Quercus_robur,False,581,0.0,persistente,,0.041,ifn_2010
76449,Quercus_robur,False,358,0.0,persistente,,0.016,ifn_2010
76450,Pinus_pinaster,True,6094,0.0,persistente,,0.033,ifn_2010
76451,Pinus_pinaster,True,4394,0.0,persistente,,0.081,ifn_2010
76452,Pinus_pinaster,True,800,0.0,persistente,,0.137,ifn_2010
76453,Quercus_robur,False,159,0.028,persistente,,0.067,ifn_2010
76454,Quercus_robur,False,837,0.0,persistente,,0.041,ifn_2010
76455,Quercus_robur,False,177,0.0,persistente,,0.026,ifn_2010
76456,Pinus_pinaster,True,301,0.0,persistente,,0.169,ifn_2010
76457,Quercus_robur,False,10702,0.0,persistente,,0.224,ifn_2010
76458,Quercus_robur,False,470,0.0,persistente,,0.049,ifn_2010
76459,Pinus_pinaster,True,36,0.0,persistente,,0.059,ifn_2010
76460,Quercus_robur,False,216,0.0,persistente,,0.038,ifn_2010
76461,Pinus_pinaster,True,43,0.0,persistente,,0.061,ifn_2010
76462,Pinus_pinaster,True,66,0.0,persistente,,0.043,ifn_2010
76463,Alnus_glutinosa,False,898,0.0,persistente,,0.02,ifn_2010
76464,Pinus_pinaster,True,5838,0.0,persistente,,0.125,ifn_2010
76465,Pinus_pinaster,True,23,0.0,persistente,,0.071,ifn_2010
76466,Quercus_robur,False,5648,0.0,persistente,,0.036,ifn_2010
76467,Quercus_robur,False,19352,0.0,persistente,,0.014,ifn_2010
76468,Quercus_robur,False,978,0.0,persistente,,0.011,ifn_2010
76469,Betula_alba,False,17138,0.0,persistente,,0.015,ifn_2010
76470,Pseudotsuga_menziesii,True,7550,0.0,persistente,,0.052,ifn_2010
76471,Quercus_robur,False,0,0.0,sin_dato,,,sin_serie
76472,Pinus_pinaster,True,337,0.0,evento,2023.0,0.218,desconocida
76473,Pinus_pinaster,True,239,0.0,evento,2023.0,0.341,desconocida
76474,Pinus_pinaster,True,105,0.0,persistente,,0.083,ifn_2010
76475,Pinus_pinaster,True,5061,0.0,persistente,,0.04,ifn_2010
76476,Quercus_robur,False,1013,0.098,persistente,,0.041,ifn_2010
76477,Eucalyptus_globulus,True,25,0.0,evento,2020.0,0.34,prohibida_rebrote
76478,Pinus_pinaster,True,33,0.0,evento,2022.0,0.285,desconocida
76479,Pinus_pinaster,True,36,0.0,persistente,,0.099,ifn_2010
76480,Pinus_pinaster,True,232,0.0,evento,2024.0,0.239,desconocida
76481,Pinus_pinaster,True,96,0.0,persistente,,0.038,ifn_2010
76482,Quercus_robur,False,27,0.0,persistente,,0.057,ifn_2010
76483,Pinus_pinaster,True,156,0.0,persistente,,0.051,ifn_2010
76484,Pinus_pinaster,True,1008,0.0,persistente,,0.078,ifn_2010
76485,Quercus_robur,False,7772,0.0,persistente,,0.033,ifn_2010
76486,Pinus_pinaster,True,5526,0.0,persistente,,0.072,ifn_2010
76487,Pinus_pinaster,True,12423,0.0,persistente,,0.051,ifn_2010
76488,Quercus_robur,False,1015,0.0,persistente,,0.039,ifn_2010
76489,Quercus_robur,False,3149,0.0,persistente,,0.059,ifn_2010
76490,Quercus_robur,False,729,0.0,persistente,,0.042,ifn_2010
76491,Pinus_pinaster,True,1653,0.0,persistente,,0.033,ifn_2010
76492,Pinus_pinaster,True,625,0.0,persistente,,0.062,ifn_2010
76493,Pinus_pinaster,True,190,0.0,persistente,,0.025,ifn_2010
76494,Pinus_pinaster,True,1191,0.0,persistente,,0.024,ifn_2010
76496,Pinus_pinaster,True,6140,0.0,persistente,,0.013,ifn_2010
76497,Pinus_sylvestris,True,3586,0.0,persistente,,0.042,ifn_2010
76498,Pinus_pinaster,True,3770,0.0,persistente,,0.105,ifn_2010
76499,Pinus_sylvestris,True,1942,0.0,persistente,,0.038,ifn_2010
76500,Quercus_pyrenaica,False,7432,0.0,persistente,,0.03,ifn_2010
76501,Pinus_pinaster,True,2705,0.0,evento,2026.0,0.436,desconocida
76502,Pinus_pinaster,True,2138,0.0,persistente,,0.04,ifn_2010
76503,Betula_alba,False,1984,0.0,persistente,,0.014,ifn_2010
76504,Pinus_pinaster,True,562,0.0,persistente,,0.169,ifn_2010
76505,Pinus_pinaster,True,1176,0.0,persistente,,0.17,ifn_2010
76567,Pinus_pinaster,True,5584,0.0,persistente,,0.024,ifn_2010
76568,Pinus_pinaster,True,0,0.0,sin_dato,,,sin_serie
76611,Pinus_pinaster,True,8158,0.0,evento,2018.0,0.212,desconocida
76612,Pinus_pinaster,True,2348,0.0,persistente,,0.109,ifn_2010
76613,Pinus_radiata,True,538,0.0,persistente,,0.04,ifn_2010
76614,Pinus_pinaster,True,4534,0.0,persistente,,0.033,ifn_2010
76615,Pinus_pinaster,True,1181,0.0,persistente,,0.032,ifn_2010
76616,Pinus_pinaster,True,2248,0.0,persistente,,0.02,ifn_2010
76618,Quercus_pyrenaica,False,1531,0.0,persistente,,0.064,ifn_2010
76619,Eucaliptus_spp,True,102,0.0,persistente,,0.249,ifn_2010
76620,Quercus_robur,False,442,0.0,persistente,,0.026,ifn_2010
76621,Pinus_pinaster,True,5102,0.0,persistente,,0.044,ifn_2010
76637,Pinus_pinaster,True,22135,0.0,persistente,,0.027,ifn_2010
76638,Pinus_pinaster,True,2020,0.0,persistente,,0.11,ifn_2010
76639,Pinus_pinaster,True,1852,0.0,persistente,,0.09,ifn_2010
76640,Pinus_pinaster,True,3263,0.0,persistente,,0.113,ifn_2010
76641,Pinus_pinaster,True,2080,0.0,persistente,,0.028,ifn_2010
76642,Pinus_pinaster,True,10262,0.0,persistente,,0.025,ifn_2010
76643,Pinus_radiata,True,2901,0.0,persistente,,0.029,ifn_2010
76644,Pinus_pinaster,True,3424,0.0,persistente,,0.039,ifn_2010
76645,Pinus_pinaster,True,169,0.0,persistente,,0.033,ifn_2010
76646,Pinus_pinaster,True,524,0.0,persistente,,0.049,ifn_2010
76647,Pinus_pinaster,True,10752,0.0,persistente,,0.012,ifn_2010
76648,Pinus_pinaster,True,18327,0.0,persistente,,0.053,ifn_2010
76649,Pinus_pinaster,True,10225,0.0,persistente,,0.029,ifn_2010
76650,Quercus_robur,False,2014,0.0,persistente,,0.043,ifn_2010
76651,Pinus_pinaster,True,4639,0.0,persistente,,0.027,ifn_2010
76676,Pinus_pinaster,True,573,0.0,persistente,,0.042,ifn_2010
76677,Pinus_pinaster,True,944,0.0,persistente,,0.029,ifn_2010
76678,Quercus_robur,False,12402,0.0,persistente,,0.032,ifn_2010
76695,Pinus_pinaster,True,788,0.0,persistente,,0.041,ifn_2010
76696,Quercus_robur,False,600,0.0,persistente,,0.065,ifn_2010
76697,Quercus_robur,False,339,0.0,persistente,,0.058,ifn_2010
76698,Pinus_pinaster,True,1208,0.0,persistente,,0.032,ifn_2010
76699,Quercus_robur,False,2050,0.0,persistente,,0.013,ifn_2010
76700,Quercus_robur,False,3676,0.0,persistente,,0.017,ifn_2010
76701,Pinus_pinaster,True,176,0.0,persistente,,0.178,ifn_2010
76702,Pinus_pinaster,True,31238,0.0,persistente,,0.021,ifn_2010
76881,Pinus_pinaster,True,768,0.0,persistente,,0.036,ifn_2010
76882,Quercus_robur,False,152,0.0,persistente,,0.053,ifn_2010
76887,Populus_x_canadensis,False,278,0.0,persistente,,0.244,ifn_2010
76914,Pinus_pinaster,True,207,0.0,persistente,,0.061,ifn_2010
76915,Pinus_pinaster,True,820,0.0,persistente,,0.028,ifn_2010
76916,Pinus_pinaster,True,2544,0.0,persistente,,0.032,ifn_2010
76917,Pinus_pinaster,True,288,0.0,persistente,,0.165,ifn_2010
76918,Pinus_pinaster,True,2691,0.0,persistente,,0.107,ifn_2010
76919,Pinus_pinaster,True,1381,0.0,persistente,,0.034,ifn_2010
76934,Pinus_pinaster,True,1645,0.0,persistente,,0.083,ifn_2010
76935,Pinus_pinaster,True,2002,0.0,persistente,,0.125,ifn_2010
76937,Quercus_robur,False,0,0.0,sin_dato,,,sin_serie
76947,Quercus_pyrenaica,False,490,0.0,persistente,,0.09,ifn_2010
76949,Pinus_pinaster,True,417,0.0,persistente,,0.029,ifn_2010
76950,Pinus_pinaster,True,3899,0.0,persistente,,0.068,ifn_2010
76951,Quercus_pyrenaica,False,536,0.0,persistente,,0.027,ifn_2010
76952,Pinus_pinaster,True,2965,0.0,persistente,,0.027,ifn_2010
76954,Quercus_robur,False,4908,0.0,persistente,,0.048,ifn_2010
76956,Pinus_pinaster,True,1519,0.0,persistente,,0.037,ifn_2010
76957,Pinus_pinaster,True,974,0.0,persistente,,0.022,ifn_2010
76958,Pinus_pinaster,True,581,0.0,evento,2023.0,0.197,desconocida
76960,Pinus_pinaster,True,3906,0.0,persistente,,0.071,ifn_2010
76963,Pinus_pinaster,True,7061,0.0,persistente,,0.06,ifn_2010
76964,Pinus_pinaster,True,3493,0.0,persistente,,0.095,ifn_2010
76965,Quercus_robur,False,676,0.0,persistente,,0.021,ifn_2010
76994,Pinus_pinaster,True,7962,0.0,evento,2018.0,0.377,desconocida
76995,Pinus_pinaster,True,1589,0.0,persistente,,0.134,ifn_2010
76996,Pinus_pinaster,True,8408,0.0,persistente,,0.051,ifn_2010
76997,Pinus_pinaster,True,589,0.0,persistente,,0.049,ifn_2010
77001,Pinus_pinaster,True,1258,0.0,persistente,,0.044,ifn_2010
77003,Quercus_pyrenaica,False,1676,0.0,persistente,,0.026,ifn_2010
77004,Pinus_pinaster,True,518,0.0,persistente,,0.175,ifn_2010
77011,Pinus_pinaster,True,324,0.0,persistente,,0.053,ifn_2010
77016,Quercus_robur,False,198,0.0,persistente,,0.138,ifn_2010
77017,Quercus_robur,False,126,0.0,persistente,,0.03,ifn_2010
77018,Pinus_pinaster,True,463,0.0,persistente,,0.045,ifn_2010
77024,Pinus_pinaster,True,420,0.0,persistente,,0.033,ifn_2010
77025,Pinus_pinaster,True,316,0.0,persistente,,0.019,ifn_2010
77026,Pinus_pinaster,True,329,0.0,persistente,,0.029,ifn_2010
77027,Salix_atrocinerea,False,1337,0.0,persistente,,0.03,ifn_2010
77028,Pinus_pinaster,True,367,0.0,persistente,,0.04,ifn_2010
77029,Pinus_pinaster,True,167,0.0,persistente,,0.061,ifn_2010
77034,Pinus_pinaster,True,2448,0.0,persistente,,0.092,ifn_2010
77035,Pinus_pinaster,True,1778,0.0,persistente,,0.079,ifn_2010
77036,Quercus_pyrenaica,False,240,0.0,persistente,,0.036,ifn_2010
77060,Quercus_robur,False,0,0.0,sin_dato,,,sin_serie
77061,Pinus_pinaster,True,135,0.0,persistente,,0.18,ifn_2010
77062,Pinus_pinaster,True,3312,0.0,persistente,,0.101,ifn_2010
77063,Pinus_pinaster,True,4237,0.0,persistente,,0.054,ifn_2010
77064,Pinus_pinaster,True,1112,0.0,persistente,,0.044,ifn_2010
77065,Quercus_robur,False,189,0.0,persistente,,0.058,ifn_2010
77066,Eucalyptus_globulus,True,472,0.0,persistente,,0.04,ifn_2010
77069,Pinus_pinaster,True,2244,0.0,persistente,,0.018,ifn_2010
77070,Pinus_pinaster,True,101,0.0,evento,2018.0,0.358,desconocida
77071,Quercus_robur,False,728,0.0,persistente,,0.064,ifn_2010
77072,Quercus_robur,False,350,0.0,persistente,,0.181,ifn_2010
77073,Pinus_pinaster,True,0,0.0,sin_dato,,,sin_serie
77079,Pinus_pinaster,True,2576,0.0,persistente,,0.085,ifn_2010
77131,Pinus_pinaster,True,403,0.0,persistente,,0.097,ifn_2010
77132,Pinus_pinaster,True,814,0.0,persistente,,0.057,ifn_2010
77162,Pinus_pinaster,True,4181,0.0,persistente,,0.11,ifn_2010
77163,Pinus_pinaster,True,3770,0.0,persistente,,0.143,ifn_2010
77165,Quercus_pyrenaica,False,5379,0.0,persistente,,0.03,ifn_2010
77166,Pinus_pinaster,True,0,0.0,sin_dato,,,sin_serie
77167,Eucalyptus_nitens,True,0,0.0,sin_dato,,,sin_serie
77168,Pinus_radiata,True,0,0.0,sin_dato,,,sin_serie
77170,Quercus_robur,False,646,0.0,persistente,,0.035,ifn_2010
77171,Quercus_pyrenaica,False,19864,0.0,persistente,,0.029,ifn_2010
77176,Pseudotsuga_menziesii,True,1344,0.0,persistente,,0.042,ifn_2010
77178,Pinus_pinaster,True,418,0.0,persistente,,0.082,ifn_2010
77179,Quercus_robur,False,19768,0.0,persistente,,0.03,ifn_2010
77180,Pinus_pinaster,True,991,0.0,evento,2018.0,0.357,desconocida
77181,Quercus_pyrenaica,False,7551,0.0,persistente,,0.03,ifn_2010
77184,Quercus_pyrenaica,False,734,0.0,persistente,,0.028,ifn_2010
77185,Pinus_pinaster,True,34802,0.0,persistente,,0.043,ifn_2010
77186,Pinus_pinaster,True,14916,0.0,persistente,,0.06,ifn_2010
77190,Quercus_pyrenaica,False,0,0.0,sin_dato,,,sin_serie
77191,Pinus_pinaster,True,0,0.0,sin_dato,,,sin_serie
77192,Pinus_pinaster,True,657,0.0,persistente,,0.133,ifn_2010
77193,Quercus_robur,False,418,0.0,persistente,,0.037,ifn_2010
77194,Pinus_sylvestris,True,2938,0.0,persistente,,0.055,ifn_2010
77195,Pinus_sylvestris,True,2665,0.0,persistente,,0.132,ifn_2010
77196,Quercus_robur,False,3732,0.0,persistente,,0.03,ifn_2010
77198,Pinus_pinaster,True,1146,0.0,persistente,,0.049,ifn_2010
77199,Quercus_robur,False,412,0.0,persistente,,0.028,ifn_2010
77202,Pinus_pinaster,True,756,0.0,persistente,,0.028,ifn_2010
77203,Quercus_pyrenaica,False,0,0.0,sin_dato,,,sin_serie
77205,Pinus_pinaster,True,0,0.0,sin_dato,,,sin_serie
77206,Pinus_pinaster,True,0,0.0,sin_dato,,,sin_serie
77335,Pinus_pinaster,True,2320,0.0,persistente,,0.024,ifn_2010
77347,Pinus_pinaster,True,821,0.0,evento,2018.0,0.273,desconocida
80030,Acacia_dealbata,True,819,0.0,persistente,,0.025,ifn_2010
80031,Pinus_pinaster,True,368,0.0,persistente,,0.193,ifn_2010
80032,Pinus_pinaster,True,1706,0.0,persistente,,0.053,ifn_2010
80033,Pinus_pinaster,True,1418,0.0,persistente,,0.042,ifn_2010
80034,Pinus_pinaster,True,1293,0.0,persistente,,0.061,ifn_2010
80035,Quercus_robur,False,5497,0.0,persistente,,0.055,ifn_2010
80036,Pinus_pinaster,True,0,0.0,sin_dato,,,sin_serie
80039,Pinus_pinaster,True,1260,0.0,persistente,,0.021,ifn_2010
80043,Quercus_robur,False,301,0.0,persistente,,0.17,ifn_2010
80044,Acacia_dealbata,True,160,0.0,persistente,,0.093,ifn_2010
80045,Acacia_dealbata,True,654,0.0,persistente,,0.055,ifn_2010
80046,Acacia_dealbata,True,223,0.0,persistente,,0.036,ifn_2010
80047,Quercus_robur,False,1375,0.0,persistente,,0.061,ifn_2010
80048,Pinus_pinaster,True,799,0.0,persistente,,0.146,ifn_2010
80049,Quercus_robur,False,1314,0.0,persistente,,0.044,ifn_2010
80050,Quercus_robur,False,0,0.0,sin_dato,,,sin_serie
80051,Pinus_pinaster,True,2154,0.0,persistente,,0.024,ifn_2010
80052,Pinus_pinaster,True,127,0.0,persistente,,0.026,ifn_2010
80053,Pinus_pinaster,True,974,0.0,persistente,,0.065,ifn_2010
80054,Quercus_pyrenaica,False,25239,0.0,persistente,,0.033,ifn_2010
80055,Acacia_dealbata,True,444,0.0,persistente,,0.118,ifn_2010
80056,Quercus_pyrenaica,False,0,0.0,sin_dato,,,sin_serie
80058,Quercus_pyrenaica,False,0,0.0,sin_dato,,,sin_serie
80059,Acacia_dealbata,True,613,0.0,persistente,,0.064,ifn_2010
80060,Acacia_dealbata,True,859,0.0,persistente,,0.156,ifn_2010
80061,Acacia_dealbata,True,98,0.0,persistente,,0.107,ifn_2010
80062,Acacia_dealbata,True,301,0.0,persistente,,0.026,ifn_2010
80063,Acacia_dealbata,True,173,0.0,persistente,,0.051,ifn_2010
80064,Acacia_dealbata,True,1201,0.0,evento,2026.0,0.246,desconocida
80065,Pinus_pinaster,True,2655,0.0,persistente,,0.151,ifn_2010
80066,Pinus_pinaster,True,3714,0.0,persistente,,0.068,ifn_2010
80067,Quercus_robur,False,33800,0.0,persistente,,0.059,ifn_2010
80068,Pinus_pinaster,True,1499,0.0,evento,2019.0,0.264,desconocida
80069,Acacia_dealbata,True,4820,0.0,evento,2022.0,0.202,desconocida
80070,Pinus_pinaster,True,1637,0.0,persistente,,0.038,ifn_2010
80071,Pinus_pinaster,True,331,0.0,persistente,,0.023,ifn_2010
80072,Pinus_pinaster,True,241,0.0,persistente,,0.078,ifn_2010
80073,Pinus_pinaster,True,1152,0.0,persistente,,0.022,ifn_2010
80074,Acacia_dealbata,True,1237,0.0,persistente,,0.051,ifn_2010
80075,Acacia_dealbata,True,520,0.0,persistente,,0.042,ifn_2010
80076,Quercus_suber,False,1219,0.0,persistente,,0.03,ifn_2010
80077,Acacia_dealbata,True,114,0.0,persistente,,0.105,ifn_2010
80078,Acacia_dealbata,True,221,0.0,persistente,,0.106,ifn_2010
80079,Acacia_dealbata,True,2750,0.0,persistente,,0.038,ifn_2010
80080,Pinus_pinaster,True,9856,0.0,persistente,,0.038,ifn_2010
80081,Acacia_dealbata,True,1548,0.0,persistente,,0.061,ifn_2010
80082,Pinus_pinaster,True,2764,0.0,persistente,,0.064,ifn_2010
80083,Pinus_pinaster,True,4434,0.0,persistente,,0.031,ifn_2010
80084,Pinus_pinaster,True,1693,0.0,persistente,,0.028,ifn_2010
80085,Acacia_dealbata,True,187,0.0,persistente,,0.041,ifn_2010
80087,Pinus_pinaster,True,857,0.0,persistente,,0.047,ifn_2010
80088,Pinus_pinaster,True,6411,0.0,evento,2018.0,0.339,desconocida
80089,Pinus_pinaster,True,6199,0.0,persistente,,0.174,ifn_2010
80090,Acacia_dealbata,True,2058,0.0,persistente,,0.062,ifn_2010
80091,Quercus_robur,False,15906,0.0,evento,2018.0,0.197,desconocida
80092,Pinus_pinaster,True,1404,0.0,evento,2018.0,0.364,desconocida
80093,Pinus_pinaster,True,7212,0.0,evento,2018.0,0.338,desconocida
80094,Acacia_dealbata,True,149,0.0,persistente,,0.089,ifn_2010
80095,Pinus_pinaster,True,3994,0.0,evento,2019.0,0.215,desconocida
80096,Pinus_pinaster,True,113,0.0,evento,2026.0,0.265,desconocida
80097,Pinus_pinaster,True,21876,0.0,persistente,,0.023,ifn_2010
80098,Pinus_pinaster,True,966,0.0,persistente,,0.031,ifn_2010
80099,Acacia_dealbata,True,310,0.0,persistente,,0.064,ifn_2010
80100,Pinus_pinaster,True,7276,0.0,persistente,,0.012,ifn_2010
80101,Pinus_pinaster,True,303,0.0,persistente,,0.032,ifn_2010
80102,Quercus_robur,False,4004,0.0,persistente,,0.015,ifn_2010
80103,Pinus_pinaster,True,4094,0.0,persistente,,0.032,ifn_2010
80104,Quercus_robur,False,7243,0.0,persistente,,0.029,ifn_2010
80105,Quercus_robur,False,7648,0.0,persistente,,0.053,ifn_2010
80107,Pinus_pinaster,True,2902,0.0,persistente,,0.041,ifn_2010
80108,Pinus_pinaster,True,6630,0.0,persistente,,0.049,ifn_2010
80109,Pinus_pinaster,True,1820,0.0,persistente,,0.019,ifn_2010
80110,Pinus_pinaster,True,570,0.0,persistente,,0.055,ifn_2010
80111,Quercus_robur,False,0,0.0,sin_dato,,,sin_serie
80114,Pinus_pinaster,True,370,0.0,persistente,,0.059,ifn_2010
80115,Pinus_pinaster,True,1461,0.0,persistente,,0.077,ifn_2010
80116,Acacia_dealbata,True,443,0.0,persistente,,0.123,ifn_2010
80117,Pinus_pinaster,True,3306,0.0,persistente,,0.014,ifn_2010
80118,Acacia_dealbata,True,480,0.0,persistente,,0.02,ifn_2010
80119,Quercus_robur,False,606,0.0,persistente,,0.049,ifn_2010
80169,Acacia_spp,True,323,0.0,persistente,,0.047,ifn_2010
80170,Quercus_pyrenaica,False,542,0.0,persistente,,0.039,ifn_2010
80172,Quercus_pyrenaica,False,378,0.0,persistente,,0.059,ifn_2010
80173,Quercus_robur,False,318,0.0,persistente,,0.054,ifn_2010
80174,Quercus_robur,False,4084,0.0,evento,2018.0,0.342,desconocida
80175,Acacia_dealbata,True,568,0.0,persistente,,0.056,ifn_2010
80176,Pinus_pinaster,True,480,0.0,evento,2025.0,0.263,desconocida
80177,Acacia_dealbata,True,206,0.0,persistente,,0.022,ifn_2010
80178,Acacia_dealbata,True,99,0.0,persistente,,0.094,ifn_2010
80179,Acacia_dealbata,True,324,0.0,persistente,,0.04,ifn_2010
80180,Acacia_dealbata,True,896,0.0,persistente,,0.074,ifn_2010
80181,Pinus_pinaster,True,250,0.0,persistente,,0.044,ifn_2010
80182,Acacia_dealbata,True,3254,0.0,persistente,,0.042,ifn_2010
80183,Quercus_suber,False,374,0.0,persistente,,0.045,ifn_2010
80184,Acacia_dealbata,True,2471,0.0,persistente,,0.072,ifn_2010
80185,Acacia_dealbata,True,1065,0.0,persistente,,0.022,ifn_2010
80186,Quercus_pyrenaica,False,303,0.0,persistente,,0.028,ifn_2010
80187,Quercus_suber,False,473,0.0,persistente,,0.035,ifn_2010
80189,Acacia_dealbata,True,523,0.0,persistente,,0.117,ifn_2010
80190,Acacia_dealbata,True,604,0.0,persistente,,0.015,ifn_2010
80192,Acacia_dealbata,True,171,0.0,persistente,,0.076,ifn_2010
80193,Acacia_dealbata,True,1600,0.0,persistente,,0.039,ifn_2010
80194,Acacia_dealbata,True,1504,0.0,persistente,,0.041,ifn_2010
80196,Acacia_dealbata,True,121,0.0,persistente,,0.043,ifn_2010
80197,Pinus_pinaster,True,2756,0.0,persistente,,0.07,ifn_2010
80198,Pinus_pinaster,True,5734,0.0,persistente,,0.03,ifn_2010
80199,Quercus_robur,False,1222,0.0,persistente,,0.028,ifn_2010
80202,Acacia_dealbata,True,800,0.0,persistente,,0.082,ifn_2010
80203,Acacia_dealbata,True,1634,0.0,persistente,,0.164,ifn_2010
80209,Pinus_pinaster,True,704,0.0,persistente,,0.053,ifn_2010
80210,Acacia_dealbata,True,2722,0.0,persistente,,0.086,ifn_2010
80211,Castanea_sativa,False,0,0.0,sin_dato,,,sin_serie
80212,Acacia_dealbata,True,660,0.0,persistente,,0.049,ifn_2010
80213,Pinus_pinaster,True,1128,3.615,persistente,,0.099,ifn_2010
80214,Eucalyptus_globulus,True,24123,35.104,persistente,,0.037,ifn_2010
80215,Pinus_pinaster,True,6382,6.903,persistente,,0.033,ifn_2010
80216,Eucalyptus_globulus,True,24248,0.523,persistente,,0.027,ifn_2010
80217,Quercus_robur,False,829,2.113,persistente,,0.053,ifn_2010
80218,Alnus_glutinosa,False,920,3.023,persistente,,0.04,ifn_2010
80219,Quercus_robur,False,475,0.407,persistente,,0.017,ifn_2010
80220,Eucalyptus_globulus,True,632,1.492,persistente,,0.03,ifn_2010
80221,Eucalyptus_globulus,True,474,0.826,persistente,,0.024,ifn_2010
80222,Eucalyptus_globulus,True,185,0.965,persistente,,0.081,ifn_2010
80223,Pinus_pinaster,True,2564,0.0,persistente,,0.059,ifn_2010
80224,Eucalyptus_globulus,True,2057,0.0,persistente,,0.082,ifn_2010
80225,Eucalyptus_globulus,True,16771,0.0,persistente,,0.116,ifn_2010
80226,Pinus_pinaster,True,2324,0.0,evento,2018.0,0.297,desconocida
80227,Eucalyptus_globulus,True,3819,3.272,evento,2018.0,0.273,prohibida_rebrote
80228,Pinus_pinaster,True,4873,0.0,persistente,,0.031,ifn_2010
80229,Pinus_pinaster,True,5839,5.449,persistente,,0.017,ifn_2010
80230,Pinus_pinaster,True,14005,0.223,persistente,,0.03,ifn_2010
80231,Pinus_pinaster,True,2377,0.0,persistente,,0.022,ifn_2010
80232,Eucalyptus_globulus,True,4810,17.333,persistente,,0.034,ifn_2010
80233,Eucalyptus_globulus,True,242,1.533,persistente,,0.035,ifn_2010
80234,Eucalyptus_globulus,True,1384,7.496,persistente,,0.029,ifn_2010
80235,Castanea_sativa,False,471,0.671,persistente,,0.029,ifn_2010
80236,Pinus_pinaster,True,3074,0.0,persistente,,0.042,ifn_2010
80237,Eucalyptus_globulus,True,1197,0.0,persistente,,0.034,ifn_2010
80238,Eucalyptus_globulus,True,369,0.0,persistente,,0.031,ifn_2010
80239,Eucalyptus_globulus,True,143,0.0,persistente,,0.032,ifn_2010
80240,Eucalyptus_globulus,True,276,0.0,persistente,,0.024,ifn_2010
80241,Pinus_pinaster,True,1597,7.846,persistente,,0.021,ifn_2010
80242,Eucalyptus_globulus,True,790,3.668,persistente,,0.082,ifn_2010
80243,Pinus_pinaster,True,3079,5.122,persistente,,0.133,ifn_2010
80244,Eucalyptus_globulus,True,1258,3.661,persistente,,0.074,ifn_2010
80245,Pinus_pinaster,True,297,0.0,persistente,,0.099,ifn_2010
80246,Pinus_pinaster,True,2139,0.0,persistente,,0.109,ifn_2010
80247,Eucalyptus_globulus,True,612,0.0,persistente,,0.049,ifn_2010
80248,Pinus_pinaster,True,1809,0.0,persistente,,0.052,ifn_2010
80249,Pinus_radiata,True,3858,0.0,persistente,,0.087,ifn_2010
80250,Pinus_pinaster,True,3870,1.945,persistente,,0.053,ifn_2010
80251,Eucalyptus_globulus,True,1805,2.782,persistente,,0.068,ifn_2010
80252,Pinus_pinaster,True,3829,0.0,persistente,,0.02,ifn_2010
80253,Pinus_pinaster,True,1143,0.0,persistente,,0.035,ifn_2010
80254,Salix_spp,False,816,1.815,persistente,,0.014,ifn_2010
80255,Acacia_dealbata,True,225,0.0,persistente,,0.008,ifn_2010
80256,Eucalyptus_globulus,True,10651,4.816,persistente,,0.063,ifn_2010
80257,Eucalyptus_globulus,True,6813,4.598,persistente,,0.03,ifn_2010
80258,Pinus_pinaster,True,996,0.0,persistente,,0.032,ifn_2010
80259,Pinus_radiata,True,20135,3.714,persistente,,0.05,ifn_2010
80260,Pinus_pinaster,True,806,0.0,persistente,,0.217,ifn_2010
80261,Eucalyptus_globulus,True,968,3.687,persistente,,0.028,ifn_2010
80262,Pinus_pinaster,True,3926,13.67,persistente,,0.024,ifn_2010
80263,Pinus_pinaster,True,505,0.0,persistente,,0.049,ifn_2010
80264,Pinus_pinaster,True,2496,0.0,evento,2018.0,0.316,desconocida
80265,Eucalyptus_globulus,True,19237,3.167,persistente,,0.034,ifn_2010
80266,Castanea_sativa,False,920,0.0,persistente,,0.013,ifn_2010
80267,Quercus_robur,False,289,0.586,persistente,,0.021,ifn_2010
80268,Eucalyptus_globulus,True,2441,0.0,persistente,,0.079,ifn_2010
80269,Alnus_glutinosa,False,2770,0.0,persistente,,0.02,ifn_2010
80270,Pinus_radiata,True,917,0.0,persistente,,0.104,ifn_2010
80271,Salix_atrocinerea,False,1351,0.02,persistente,,0.044,ifn_2010
80272,Alnus_glutinosa,False,1354,0.0,persistente,,0.076,ifn_2010
80273,Pinus_pinaster,True,2972,0.0,persistente,,0.052,ifn_2010
80274,Pinus_pinaster,True,4002,6.194,evento,2018.0,0.239,desconocida
80275,Pinus_pinaster,True,10092,3.335,evento,2026.0,0.352,desconocida
80276,Pinus_pinaster,True,1669,0.0,persistente,,0.04,ifn_2010
80277,Eucalyptus_globulus,True,3020,3.478,persistente,,0.034,ifn_2010
80278,Eucalyptus_globulus,True,776,0.0,evento,2026.0,0.208,prohibida_rebrote
80279,Eucalyptus_globulus,True,2091,0.0,persistente,,0.042,ifn_2010
80280,Eucalyptus_globulus,True,35885,21.68,persistente,,0.005,ifn_2010
80281,Eucalyptus_globulus,True,18514,21.273,persistente,,0.023,ifn_2010
80282,Pinus_pinaster,True,11544,0.0,persistente,,0.09,ifn_2010
80283,Eucalyptus_globulus,True,1175,0.54,persistente,,0.034,ifn_2010
80284,Acacia_melanoxylon,True,614,2.917,persistente,,0.056,ifn_2010
80285,Eucalyptus_globulus,True,1530,2.15,persistente,,0.044,ifn_2010
80286,Pinus_pinaster,True,15670,27.527,persistente,,0.038,ifn_2010
80287,Castanea_sativa,False,351,0.0,persistente,,0.032,ifn_2010
80288,Eucalyptus_globulus,True,2720,0.0,persistente,,0.077,ifn_2010
80289,Pinus_pinaster,True,45041,8.99,persistente,,0.018,ifn_2010
80290,Pinus_pinaster,True,3182,0.0,persistente,,0.075,ifn_2010
80291,Pinus_pinaster,True,54103,50.684,persistente,,0.034,ifn_2010
80292,Pinus_pinaster,True,22049,0.86,persistente,,0.01,ifn_2010
80293,Pinus_pinaster,True,1712,7.348,persistente,,0.068,ifn_2010
80294,Eucalyptus_globulus,True,25294,9.502,persistente,,0.032,ifn_2010
80295,Eucalyptus_globulus,True,17793,21.63,persistente,,0.026,ifn_2010
80296,Acacia_melanoxylon,True,334,0.066,persistente,,0.055,ifn_2010
80297,Eucalyptus_globulus,True,3269,10.793,persistente,,0.053,ifn_2010
80298,Castanea_sativa,False,1430,0.0,persistente,,0.047,ifn_2010
80299,Quercus_robur,False,300,1.383,persistente,,0.012,ifn_2010
80300,Eucalyptus_globulus,True,10242,1.87,persistente,,0.032,ifn_2010
80301,Pinus_pinaster,True,5218,0.0,persistente,,0.093,ifn_2010
80302,Pinus_pinaster,True,5745,0.0,persistente,,0.083,ifn_2010
80303,Eucalyptus_globulus,True,1290,1.079,persistente,,0.06,ifn_2010
80304,Pinus_pinaster,True,46098,41.236,persistente,,0.116,ifn_2010
80305,Pinus_pinaster,True,30718,37.491,persistente,,0.029,ifn_2010
80306,Pinus_pinaster,True,19804,19.396,persistente,,0.028,ifn_2010
80307,Eucalyptus_globulus,True,2772,0.0,persistente,,0.026,ifn_2010
80308,Pinus_pinaster,True,18147,24.046,persistente,,0.031,ifn_2010
80309,Eucalyptus_globulus,True,7778,5.935,persistente,,0.061,ifn_2010
80310,Eucalyptus_globulus,True,7942,4.971,persistente,,0.044,ifn_2010
80311,Pinus_radiata,True,1217,0.0,persistente,,0.058,ifn_2010
80312,Eucalyptus_globulus,True,1338,0.0,persistente,,0.185,ifn_2010
80313,Alnus_glutinosa,False,904,0.0,persistente,,0.039,ifn_2010
80375,Pinus_pinaster,True,508,0.0,persistente,,0.058,ifn_2010
80382,Quercus_robur,False,86,0.0,evento,2026.0,0.354,desconocida
80388,Pinus_pinaster,True,6126,0.0,persistente,,0.035,ifn_2010
80390,Pinus_pinaster,True,303,0.0,persistente,,0.108,ifn_2010
80391,Pinus_pinaster,True,129,0.0,persistente,,0.101,ifn_2010
80392,Pinus_pinaster,True,159,0.0,persistente,,0.021,ifn_2010
80393,Pinus_pinaster,True,489,0.0,persistente,,0.054,ifn_2010
80394,Pinus_pinaster,True,1270,0.0,evento,2021.0,0.187,desconocida
80395,Pinus_pinaster,True,492,0.0,persistente,,0.023,ifn_2010
80396,Alnus_glutinosa,False,1160,0.0,persistente,,0.03,ifn_2010
80397,Pinus_pinaster,True,161,0.0,persistente,,0.043,ifn_2010
80398,Castanea_sativa,False,293,0.0,persistente,,0.025,ifn_2010
80399,Castanea_sativa,False,104,0.0,persistente,,0.022,ifn_2010
80400,Castanea_sativa,False,239,0.0,persistente,,0.046,ifn_2010
80401,Pinus_pinaster,True,0,0.0,sin_dato,,,sin_serie
80402,Pinus_pinaster,True,0,0.0,sin_dato,,,sin_serie
80403,Quercus_robur,False,0,0.0,sin_dato,,,sin_serie
80408,Pinus_pinaster,True,1223,0.0,persistente,,0.052,ifn_2010
80409,Pinus_pinaster,True,627,0.0,persistente,,0.065,ifn_2010
80417,Pinus_pinaster,True,372,0.0,persistente,,0.068,ifn_2010
80418,Pinus_pinaster,True,1909,0.0,persistente,,0.012,ifn_2010
80419,Pinus_pinaster,True,768,0.0,persistente,,0.04,ifn_2010
80420,Pinus_pinaster,True,618,0.0,persistente,,0.048,ifn_2010
80421,Quercus_robur,False,184,0.0,persistente,,0.048,ifn_2010
80422,Pinus_pinaster,True,2372,0.0,persistente,,0.021,ifn_2010
80423,Pinus_pinaster,True,1021,0.0,persistente,,0.063,ifn_2010
80424,Pinus_pinaster,True,554,0.0,persistente,,0.037,ifn_2010
80425,Pinus_pinaster,True,708,0.0,persistente,,0.033,ifn_2010
80428,Quercus_robur,False,266,0.0,persistente,,0.034,ifn_2010
80429,Quercus_robur,False,1215,0.0,persistente,,0.038,ifn_2010
80430,Pinus_pinaster,True,1279,0.0,persistente,,0.036,ifn_2010
80431,Pinus_pinaster,True,438,0.0,persistente,,0.049,ifn_2010
80432,Pinus_pinaster,True,723,0.0,persistente,,0.022,ifn_2010
80433,Pinus_pinaster,True,274,0.0,persistente,,0.023,ifn_2010
80434,Pinus_pinaster,True,254,0.0,persistente,,0.034,ifn_2010
80436,Pinus_pinaster,True,61,0.0,persistente,,0.163,ifn_2010
80437,Pinus_pinaster,True,507,0.0,persistente,,0.077,ifn_2010
80438,Pinus_pinaster,True,173,0.0,persistente,,0.02,ifn_2010
80439,Pinus_pinaster,True,277,0.0,persistente,,0.139,ifn_2010
80440,Pinus_pinaster,True,420,0.0,persistente,,0.103,ifn_2010
80449,Pinus_pinaster,True,832,0.0,persistente,,0.028,ifn_2010
80450,Pinus_pinaster,True,1206,0.0,persistente,,0.086,ifn_2010
80505,Pinus_pinaster,True,252,0.0,persistente,,0.046,ifn_2010
80506,Pinus_pinaster,True,1321,0.0,persistente,,0.023,ifn_2010
80507,Pinus_pinaster,True,1820,0.0,persistente,,0.105,ifn_2010
80508,Quercus_pyrenaica,False,194,0.0,persistente,,0.033,ifn_2010
80509,Pinus_pinaster,True,1097,0.0,persistente,,0.019,ifn_2010
80510,Pinus_pinaster,True,768,0.0,persistente,,0.169,ifn_2010
80511,Pinus_pinaster,True,298,0.0,persistente,,0.065,ifn_2010
80512,Pinus_pinaster,True,2138,0.0,persistente,,0.018,ifn_2010
80513,Quercus_pyrenaica,False,522,0.0,persistente,,0.031,ifn_2010
80521,Quercus_robur,False,0,0.0,sin_dato,,,sin_serie
80527,Alnus_glutinosa,False,1960,0.0,persistente,,0.054,ifn_2010
80528,Quercus_robur,False,113,0.0,persistente,,0.055,ifn_2010
80529,Quercus_robur,False,192,0.0,persistente,,0.03,ifn_2010
80530,Alnus_glutinosa,False,505,0.0,persistente,,0.03,ifn_2010
80531,Quercus_robur,False,354,0.0,persistente,,0.042,ifn_2010
80532,Quercus_robur,False,239,0.0,persistente,,0.051,ifn_2010
80533,Quercus_robur,False,610,0.0,persistente,,0.061,ifn_2010
80534,Pinus_pinaster,True,109,0.0,evento,2024.0,0.291,desconocida
80535,Pinus_pinaster,True,555,0.0,persistente,,0.034,ifn_2010
80549,Alnus_glutinosa,False,56,0.0,persistente,,0.079,ifn_2010
80552,Pinus_pinaster,True,3414,0.0,persistente,,0.03,ifn_2010
80553,Pinus_pinaster,True,678,0.0,evento,2021.0,0.312,desconocida
80556,Pinus_pinaster,True,5880,0.0,persistente,,0.179,ifn_2010
80557,Pinus_pinaster,True,292,0.0,persistente,,0.023,ifn_2010
80558,Quercus_pyrenaica,False,4151,0.0,persistente,,0.049,ifn_2010
80559,Pinus_pinaster,True,1590,0.0,persistente,,0.022,ifn_2010
80560,Quercus_robur,False,2608,0.0,persistente,,0.016,ifn_2010
80561,Pinus_pinaster,True,269,0.0,persistente,,0.021,ifn_2010
80562,Pinus_pinaster,True,82,0.0,persistente,,0.083,ifn_2010
80563,Pinus_pinaster,True,0,0.0,sin_dato,,,sin_serie
80569,Pinus_pinaster,True,187,0.0,persistente,,0.034,ifn_2010
80570,Pinus_pinaster,True,1179,0.0,persistente,,0.049,ifn_2010
80571,Pinus_pinaster,True,411,0.0,evento,2021.0,0.186,desconocida
80572,Pinus_pinaster,True,219,0.0,evento,2026.0,0.27,desconocida
80573,Pinus_pinaster,True,398,0.0,persistente,,0.116,ifn_2010
80574,Pinus_pinaster,True,385,0.0,persistente,,0.058,ifn_2010
80575,Pinus_pinaster,True,736,0.0,persistente,,0.068,ifn_2010
80576,Pinus_pinaster,True,516,0.0,persistente,,0.062,ifn_2010
80577,Pinus_pinaster,True,270,0.0,persistente,,0.201,ifn_2010
80578,Quercus_pyrenaica,False,2087,0.0,persistente,,0.019,ifn_2010
80579,Quercus_suber,False,1018,0.0,persistente,,0.029,ifn_2010
80580,Quercus_robur,False,2371,0.0,persistente,,0.017,ifn_2010
80582,Quercus_pyrenaica,False,0,0.0,sin_dato,,,sin_serie
80583,Quercus_pyrenaica,False,0,0.0,sin_dato,,,sin_serie
80584,Quercus_pyrenaica,False,0,0.0,sin_dato,,,sin_serie
80585,Quercus_pyrenaica,False,0,0.0,sin_dato,,,sin_serie
80592,Pinus_pinaster,True,0,0.0,sin_dato,,,sin_serie
80593,Quercus_pyrenaica,False,0,0.0,sin_dato,,,sin_serie
80595,Quercus_robur,False,119,0.0,persistente,,0.116,ifn_2010
80596,Quercus_robur,False,112,0.0,persistente,,0.042,ifn_2010
80597,Quercus_robur,False,262,0.0,persistente,,0.248,ifn_2010
80598,Quercus_robur,False,749,0.0,evento,2022.0,0.202,desconocida
80599,Pinus_pinaster,True,633,0.0,persistente,,0.049,ifn_2010
80600,Alnus_glutinosa,False,113,0.0,persistente,,0.02,ifn_2010
80601,Alnus_glutinosa,False,187,0.0,persistente,,0.027,ifn_2010
80602,Pinus_pinaster,True,433,0.0,persistente,,0.055,ifn_2010
80603,Quercus_robur,False,1541,0.0,persistente,,0.038,ifn_2010
80604,Pinus_pinaster,True,3942,0.0,persistente,,0.043,ifn_2010
80605,Pinus_pinaster,True,1554,0.0,persistente,,0.029,ifn_2010
80606,Pinus_pinaster,True,1303,0.0,persistente,,0.034,ifn_2010
80607,Pinus_pinaster,True,2619,0.0,persistente,,0.07,ifn_2010
80608,Pinus_pinaster,True,13585,0.0,persistente,,0.028,ifn_2010
80609,Pinus_pinaster,True,11138,0.0,persistente,,0.072,ifn_2010
80610,Pinus_pinaster,True,2831,0.0,persistente,,0.021,ifn_2010
80611,Pinus_pinaster,True,1129,0.0,persistente,,0.028,ifn_2010
80612,Pinus_pinaster,True,226,0.0,persistente,,0.002,ifn_2010
80613,Pinus_pinaster,True,2656,0.0,persistente,,0.01,ifn_2010
80614,Pinus_pinaster,True,644,0.0,persistente,,0.173,ifn_2010
80615,Quercus_suber,False,555,0.0,persistente,,0.026,ifn_2010
80616,Alnus_glutinosa,False,506,0.0,persistente,,0.019,ifn_2010
80617,Alnus_glutinosa,False,593,0.0,persistente,,0.028,ifn_2010
80618,Pinus_pinaster,True,139,0.0,persistente,,0.092,ifn_2010
80619,Pinus_pinaster,True,535,0.0,persistente,,0.04,ifn_2010
80620,Alnus_glutinosa,False,100,0.0,persistente,,0.026,ifn_2010
80621,Alnus_glutinosa,False,293,0.0,persistente,,0.036,ifn_2010
80622,Pinus_pinaster,True,2700,0.0,persistente,,0.039,ifn_2010
80623,Pinus_pinaster,True,1847,0.0,persistente,,0.039,ifn_2010
80624,Pinus_pinaster,True,87,0.0,evento,2021.0,0.229,desconocida
80625,Salix_atrocinerea,False,142,0.0,persistente,,0.027,ifn_2010
80626,Quercus_robur,False,4228,0.0,persistente,,0.024,ifn_2010
80627,Quercus_robur,False,0,0.0,sin_dato,,,sin_serie
80629,Pinus_pinaster,True,0,0.0,sin_dato,,,sin_serie
80630,Pinus_pinaster,True,4217,0.0,persistente,,0.025,ifn_2010
80631,Quercus_pyrenaica,False,35582,0.0,persistente,,0.015,ifn_2010
80632,Betula_alba,False,151,0.0,persistente,,0.033,ifn_2010
80633,Betula_alba,False,312,0.0,persistente,,0.015,ifn_2010
80634,Quercus_robur,False,1311,0.0,persistente,,0.013,ifn_2010
80635,Pinus_pinaster,True,1766,0.0,persistente,,0.02,ifn_2010
80636,Alnus_glutinosa,False,156,0.0,persistente,,0.059,ifn_2010
80637,Alnus_glutinosa,False,146,0.0,persistente,,0.102,ifn_2010
80638,Quercus_robur,False,118,0.0,persistente,,0.087,ifn_2010
80639,Alnus_glutinosa,False,286,0.0,persistente,,0.032,ifn_2010
80640,Pinus_pinaster,True,113,0.0,persistente,,0.047,ifn_2010
80641,Pinus_pinaster,True,348,0.0,persistente,,0.093,ifn_2010
80642,Pinus_pinaster,True,108,0.0,persistente,,0.043,ifn_2010
80643,Pinus_pinaster,True,145,0.0,persistente,,0.03,ifn_2010
80644,Pinus_pinaster,True,14116,0.0,persistente,,0.011,ifn_2010
80645,Quercus_robur,False,901,0.0,persistente,,0.033,ifn_2010
80646,Quercus_robur,False,381,0.0,persistente,,0.024,ifn_2010
80647,Quercus_pyrenaica,False,1052,0.0,persistente,,0.025,ifn_2010
80648,Pinus_pinaster,True,2734,0.0,persistente,,0.018,ifn_2010
80649,Pinus_pinaster,True,407,0.0,persistente,,0.043,ifn_2010
80650,Quercus_robur,False,1433,0.0,persistente,,0.038,ifn_2010
80651,Pinus_pinaster,True,100,0.0,persistente,,0.049,ifn_2010
80652,Pinus_pinaster,True,2191,0.0,persistente,,0.031,ifn_2010
80653,Alnus_glutinosa,False,278,0.0,persistente,,0.049,ifn_2010
80654,Pinus_pinaster,True,144,0.0,persistente,,0.033,ifn_2010
80655,Pinus_pinaster,True,3688,0.0,persistente,,0.022,ifn_2010
80656,Quercus_robur,False,1652,0.0,persistente,,0.02,ifn_2010
80657,Pinus_pinaster,True,291,0.0,evento,2023.0,0.181,desconocida
80658,Salix_atrocinerea,False,1337,0.0,persistente,,0.057,ifn_2010
80661,Quercus_robur,False,0,0.0,sin_dato,,,sin_serie
80662,Pinus_pinaster,True,7208,0.0,persistente,,0.048,ifn_2010
80663,Pinus_pinaster,True,2020,0.0,persistente,,0.078,ifn_2010
80669,Pinus_pinaster,True,0,0.0,sin_dato,,,sin_serie
80670,Pinus_pinaster,True,0,0.0,sin_dato,,,sin_serie
80671,Pinus_pinaster,True,743,0.0,persistente,,0.009,ifn_2010
80672,Pinus_pinaster,True,2041,0.0,persistente,,0.015,ifn_2010
80673,Pinus_pinaster,True,871,0.0,persistente,,0.024,ifn_2010
80674,Pinus_pinaster,True,7998,0.0,persistente,,0.022,ifn_2010
80675,Quercus_pyrenaica,False,877,0.0,persistente,,0.043,ifn_2010
80676,Pinus_pinaster,True,6269,0.0,persistente,,0.048,ifn_2010
80677,Pinus_pinaster,True,655,0.0,persistente,,0.046,ifn_2010
80678,Quercus_robur,False,1478,0.0,persistente,,0.024,ifn_2010
80679,Quercus_robur,False,645,0.0,persistente,,0.034,ifn_2010
80680,Pinus_pinaster,True,2024,0.0,persistente,,0.04,ifn_2010
80681,Pinus_pinaster,True,1918,0.0,persistente,,0.029,ifn_2010
80682,Pinus_pinaster,True,2751,0.0,persistente,,0.037,ifn_2010
80683,Pinus_pinaster,True,343,0.0,persistente,,0.014,ifn_2010
80684,Quercus_robur,False,537,0.0,persistente,,0.034,ifn_2010
80685,Quercus_robur,False,303,0.0,persistente,,0.017,ifn_2010
80691,Pinus_radiata,True,2880,0.0,persistente,,0.053,ifn_2010
80692,Pinus_pinaster,True,316,0.0,persistente,,0.13,ifn_2010
80693,Pinus_pinaster,True,670,0.0,persistente,,0.047,ifn_2010
80694,Pinus_pinaster,True,1317,0.0,persistente,,0.097,ifn_2010
80695,Pinus_radiata,True,1609,0.0,persistente,,0.042,ifn_2010
80696,Pinus_pinaster,True,2050,0.0,persistente,,0.025,ifn_2010
80697,Pinus_radiata,True,1807,0.0,persistente,,0.029,ifn_2010
80698,Pinus_pinaster,True,3592,0.0,persistente,,0.131,ifn_2010
80699,Quercus_robur,False,635,0.0,persistente,,0.05,ifn_2010
80700,Quercus_robur,False,4648,0.0,persistente,,0.018,ifn_2010
80701,Pinus_pinaster,True,311,0.0,persistente,,0.014,ifn_2010
80702,Pinus_pinaster,True,112,0.0,persistente,,0.027,ifn_2010
80703,Pinus_pinaster,True,3190,0.0,persistente,,0.053,ifn_2010
80704,Pinus_pinaster,True,1171,0.0,persistente,,0.055,ifn_2010
80705,Pinus_pinaster,True,522,0.0,persistente,,0.105,ifn_2010
80706,Pinus_pinaster,True,359,0.0,persistente,,0.041,ifn_2010
80707,Pinus_pinaster,True,157,0.0,persistente,,0.041,ifn_2010
80708,Pinus_pinaster,True,53,0.0,persistente,,0.036,ifn_2010
80709,Pinus_pinaster,True,89,0.0,persistente,,0.039,ifn_2010
80710,Pinus_pinaster,True,92,0.0,persistente,,0.043,ifn_2010
80711,Pinus_pinaster,True,302,0.0,persistente,,0.043,ifn_2010
80712,Pinus_pinaster,True,508,0.0,persistente,,0.172,ifn_2010
80713,Pinus_pinaster,True,459,0.0,persistente,,0.091,ifn_2010
80714,Pinus_pinaster,True,428,0.0,persistente,,0.085,ifn_2010
80715,Pinus_pinaster,True,328,0.0,persistente,,0.049,ifn_2010
80716,Pinus_pinaster,True,74,0.0,persistente,,0.048,ifn_2010
80717,Pinus_pinaster,True,99,0.0,persistente,,0.048,ifn_2010
80718,Pinus_pinaster,True,481,0.0,persistente,,0.043,ifn_2010
80719,Pinus_pinaster,True,3362,0.0,persistente,,0.017,ifn_2010
80720,Pinus_pinaster,True,901,0.0,persistente,,0.018,ifn_2010
80721,Quercus_robur,False,1147,0.0,persistente,,0.015,ifn_2010
80722,Pinus_pinaster,True,4202,0.0,persistente,,0.017,ifn_2010
80723,Quercus_robur,False,148,0.0,persistente,,0.038,ifn_2010
80724,Pinus_pinaster,True,1098,0.0,persistente,,0.032,ifn_2010
80725,Pinus_pinaster,True,236,0.0,persistente,,0.023,ifn_2010
80726,Pinus_pinaster,True,0,0.0,sin_dato,,,sin_serie
80727,Populus_x_canadensis,False,0,0.0,sin_dato,,,sin_serie
80728,Pinus_pinaster,True,2682,0.0,persistente,,0.018,ifn_2010
80729,Pinus_pinaster,True,1364,0.0,persistente,,0.022,ifn_2010
80730,Pinus_pinaster,True,1126,0.0,persistente,,0.03,ifn_2010
80731,Pinus_pinaster,True,786,0.0,persistente,,0.032,ifn_2010
80732,Pinus_pinaster,True,375,0.0,persistente,,0.092,ifn_2010
80733,Pinus_pinaster,True,681,0.0,persistente,,0.073,ifn_2010
80734,Pinus_pinaster,True,724,0.0,persistente,,0.051,ifn_2010
80735,Pinus_pinaster,True,556,0.0,persistente,,0.039,ifn_2010
80736,Pinus_pinaster,True,1501,0.0,persistente,,0.031,ifn_2010
80737,Pinus_pinaster,True,838,0.0,persistente,,0.125,ifn_2010
80738,Pinus_pinaster,True,563,0.0,persistente,,0.019,ifn_2010
80744,Pinus_pinaster,True,0,0.0,sin_dato,,,sin_serie
80745,Pinus_radiata,True,0,0.0,sin_dato,,,sin_serie
80746,Quercus_robur,False,606,0.0,persistente,,0.02,ifn_2010
80747,Quercus_robur,False,1576,0.0,persistente,,0.015,ifn_2010
80748,Pinus_radiata,True,574,0.0,persistente,,0.033,ifn_2010
80749,Quercus_robur,False,348,0.0,persistente,,0.091,ifn_2010
80750,Quercus_robur,False,786,0.0,persistente,,0.073,ifn_2010
80751,Quercus_robur,False,756,0.0,persistente,,0.035,ifn_2010
80752,Pinus_pinaster,True,2832,0.0,persistente,,0.045,ifn_2010
80753,Pinus_pinaster,True,3920,0.0,persistente,,0.055,ifn_2010
80754,Quercus_robur,False,3422,0.0,persistente,,0.016,ifn_2010
80755,Quercus_robur,False,276,0.0,persistente,,0.037,ifn_2010
80756,Pinus_pinaster,True,0,0.0,sin_dato,,,sin_serie
80757,Quercus_robur,False,0,0.0,sin_dato,,,sin_serie
80800,Pinus_pinaster,True,5462,0.0,persistente,,0.043,ifn_2010
80801,Pinus_pinaster,True,3378,0.0,persistente,,0.053,ifn_2010
80802,Quercus_robur,False,1568,0.0,persistente,,0.036,ifn_2010
80803,Quercus_robur,False,7533,0.0,persistente,,0.037,ifn_2010
80804,Pinus_pinaster,True,1788,0.0,persistente,,0.029,ifn_2010
80815,Quercus_robur,False,581,0.0,persistente,,0.018,ifn_2010
80816,Pinus_pinaster,True,1349,0.0,persistente,,0.163,ifn_2010
80817,Eucaliptus_spp,True,204,0.0,evento,2020.0,0.417,desconocida
80818,Quercus_robur,False,802,0.0,persistente,,0.027,ifn_2010
80819,Quercus_robur,False,2544,0.0,persistente,,0.012,ifn_2010
80820,Pinus_pinaster,True,712,0.0,persistente,,0.071,ifn_2010
80821,Quercus_robur,False,2160,0.0,persistente,,0.015,ifn_2010
80829,Quercus_robur,False,580,0.0,persistente,,0.053,ifn_2010
80832,Quercus_robur,False,9990,0.0,persistente,,0.011,ifn_2010
80834,Quercus_robur,False,3386,0.0,persistente,,0.111,ifn_2010
80835,Pinus_pinaster,True,1221,0.0,persistente,,0.04,ifn_2010
80836,Quercus_robur,False,5093,0.0,persistente,,0.028,ifn_2010
80837,Pinus_pinaster,True,595,0.0,persistente,,0.036,ifn_2010
80839,Quercus_robur,False,1225,0.0,persistente,,0.027,ifn_2010
80840,Quercus_robur,False,1336,0.0,persistente,,0.039,ifn_2010
80845,Pinus_pinaster,True,567,0.0,persistente,,0.031,ifn_2010
80850,Pinus_radiata,True,534,0.0,persistente,,0.109,ifn_2010
80851,Pinus_pinaster,True,4134,0.0,persistente,,0.045,ifn_2010
80852,Pinus_pinaster,True,5586,0.0,persistente,,0.021,ifn_2010
80853,Pinus_pinaster,True,6196,0.0,persistente,,0.027,ifn_2010
80854,Pinus_pinaster,True,3444,0.0,persistente,,0.03,ifn_2010
80855,Pinus_pinaster,True,3452,0.0,persistente,,0.025,ifn_2010
80856,Pinus_radiata,True,1854,0.0,persistente,,0.035,ifn_2010
80857,Pinus_pinaster,True,3930,0.0,persistente,,0.023,ifn_2010
80859,Quercus_robur,False,1652,0.0,persistente,,0.045,ifn_2010
80861,Eucalyptus_globulus,True,0,0.0,sin_dato,,,sin_serie
80863,Quercus_robur,False,0,0.0,sin_dato,,,sin_serie
80864,Pinus_pinaster,True,2674,0.0,persistente,,0.034,ifn_2010
80865,Quercus_robur,False,6682,0.0,persistente,,0.016,ifn_2010
80869,Quercus_robur,False,932,0.0,persistente,,0.094,ifn_2010
80871,Quercus_robur,False,146,0.0,persistente,,0.017,ifn_2010
80872,Pinus_pinaster,True,564,0.0,persistente,,0.093,ifn_2010
80873,Pinus_pinaster,True,494,0.0,persistente,,0.042,ifn_2010
80874,Pinus_pinaster,True,2630,0.0,evento,2023.0,0.186,desconocida
80875,Pinus_pinaster,True,190,0.0,persistente,,0.148,ifn_2010
80876,Pinus_pinaster,True,2544,0.0,persistente,,0.034,ifn_2010
80877,Pinus_pinaster,True,8440,0.0,persistente,,0.127,ifn_2010
80878,Pinus_pinaster,True,1870,0.0,persistente,,0.028,ifn_2010
80879,Pinus_pinaster,True,25,0.0,evento,2018.0,0.252,desconocida
80880,Pinus_pinaster,True,1652,0.0,persistente,,0.066,ifn_2010
80881,Quercus_robur,False,964,0.0,persistente,,0.021,ifn_2010
80882,Pinus_pinaster,True,914,0.0,evento,2018.0,0.332,desconocida
80883,Pinus_pinaster,True,336,0.0,evento,2018.0,0.413,desconocida
80884,Pinus_pinaster,True,425,0.0,persistente,,0.027,ifn_2010
80885,Pinus_pinaster,True,2258,0.0,persistente,,0.02,ifn_2010
80886,Pinus_pinaster,True,5708,0.0,persistente,,0.092,ifn_2010
80887,Pinus_pinaster,True,376,0.0,evento,2018.0,0.204,desconocida
80888,Pinus_pinaster,True,5918,0.0,persistente,,0.028,ifn_2010
80889,Pinus_pinaster,True,2723,0.0,persistente,,0.024,ifn_2010
80890,Pinus_pinaster,True,2936,0.0,evento,2026.0,0.34,desconocida
80891,Pinus_pinaster,True,978,0.0,persistente,,0.171,ifn_2010
80892,Pinus_pinaster,True,578,0.0,persistente,,0.098,ifn_2010
80893,Pinus_pinaster,True,155,0.0,persistente,,0.152,ifn_2010
80894,Pinus_pinaster,True,493,0.0,persistente,,0.041,ifn_2010
80895,Pinus_pinaster,True,296,0.0,persistente,,0.055,ifn_2010
80896,Pinus_pinaster,True,368,0.0,persistente,,0.048,ifn_2010
80897,Pinus_pinaster,True,1650,0.0,persistente,,0.036,ifn_2010
80898,Pinus_pinaster,True,7452,0.0,persistente,,0.046,ifn_2010
80899,Pinus_pinaster,True,852,0.0,persistente,,0.052,ifn_2010
80900,Pinus_pinaster,True,1304,0.0,persistente,,0.046,ifn_2010
80901,Pinus_pinaster,True,4819,0.0,evento,2018.0,0.26,desconocida
80902,Pinus_pinaster,True,4209,0.0,persistente,,0.213,ifn_2010
80903,Pinus_pinaster,True,350,0.0,persistente,,0.04,ifn_2010
80904,Pinus_pinaster,True,6074,0.0,persistente,,0.137,ifn_2010
80905,Pinus_pinaster,True,5952,0.0,persistente,,0.105,ifn_2010
80912,Pinus_radiata,True,89,0.0,persistente,,0.081,ifn_2010
80914,Pinus_radiata,True,1074,0.0,persistente,,0.021,ifn_2010
80955,Eucalyptus_globulus,True,202,0.0,evento,2018.0,0.358,prohibida_rebrote
80994,Eucalyptus_globulus,True,2395,0.0,persistente,,0.042,ifn_2010
80995,Betula_alba,False,401,0.0,persistente,,0.02,ifn_2010
80996,Pinus_pinaster,True,883,0.0,evento,2018.0,0.236,desconocida
80997,Pinus_pinaster,True,1358,0.0,evento,2018.0,0.431,desconocida
80998,Pinus_pinaster,True,1753,0.0,evento,2018.0,0.3,desconocida
81348,Eucalyptus_globulus,True,99,0.0,persistente,,0.148,ifn_2010
81349,Castanea_sativa,False,106,0.0,persistente,,0.044,ifn_2010
81351,Pinus_pinaster,True,353,0.0,persistente,,0.077,ifn_2010
81353,Quercus_pyrenaica,False,826,0.0,persistente,,0.024,ifn_2010
81354,Quercus_suber,False,303,0.0,persistente,,0.025,ifn_2010
81355,Quercus_pyrenaica,False,5420,0.0,persistente,,0.027,ifn_2010
81357,Pinus_pinaster,True,181,0.0,persistente,,0.028,ifn_2010
81358,Pinus_pinaster,True,856,0.0,persistente,,0.074,ifn_2010
81360,Pinus_pinaster,True,91,0.0,persistente,,0.054,ifn_2010
81361,Quercus_robur,False,0,0.0,sin_dato,,,sin_serie
81362,Pinus_pinaster,True,657,0.0,persistente,,0.029,ifn_2010
81364,Pinus_pinaster,True,525,0.0,persistente,,0.062,ifn_2010
81365,Eucalyptus_globulus,True,198,0.0,persistente,,0.172,ifn_2010
81366,Alnus_glutinosa,False,300,0.0,persistente,,0.018,ifn_2010
81367,Quercus_pyrenaica,False,137,0.0,persistente,,0.05,ifn_2010
81371,Pinus_pinaster,True,555,0.0,persistente,,0.037,ifn_2010
81372,Pinus_pinaster,True,717,0.0,persistente,,0.023,ifn_2010
81376,Quercus_robur,False,911,0.0,persistente,,0.045,ifn_2010
81379,Quercus_robur,False,1558,0.0,persistente,,0.005,ifn_2010
81381,Pinus_pinaster,True,3775,0.0,persistente,,0.03,ifn_2010
81383,Betula_alba,False,143,0.0,persistente,,0.034,ifn_2010
81384,Pinus_pinaster,True,960,0.0,persistente,,0.107,ifn_2010
81387,Castanea_sativa,False,7816,0.0,persistente,,0.02,ifn_2010
81389,Castanea_sativa,False,134,0.0,persistente,,0.085,ifn_2010
81391,Pinus_pinaster,True,207,0.0,persistente,,0.099,ifn_2010
81392,Quercus_pyrenaica,False,0,0.0,sin_dato,,,sin_serie
81394,Pinus_pinaster,True,1808,0.0,persistente,,0.019,ifn_2010
81395,Quercus_suber,False,0,0.0,sin_dato,,,sin_serie
81396,Quercus_pyrenaica,False,347,0.0,persistente,,0.045,ifn_2010
81397,Eucalyptus_globulus,True,543,0.0,persistente,,0.044,ifn_2010
81406,Pinus_pinaster,True,279,0.0,persistente,,0.018,ifn_2010
81408,Quercus_robur,False,199,0.0,persistente,,0.032,ifn_2010
81409,Quercus_robur,False,2209,0.0,persistente,,0.043,ifn_2010
81410,Quercus_robur,False,154,0.0,persistente,,0.052,ifn_2010
81411,Quercus_robur,False,4729,0.0,persistente,,0.029,ifn_2010
81412,Quercus_robur,False,779,0.0,persistente,,0.042,ifn_2010
81418,Castanea_sativa,False,1374,0.0,persistente,,0.017,ifn_2010
81425,Betula_alba,False,379,0.0,persistente,,0.077,ifn_2010
81426,Pinus_pinaster,True,8158,0.0,persistente,,0.02,ifn_2010
81427,Quercus_pyrenaica,False,106,0.0,persistente,,0.074,ifn_2010
81428,Eucalyptus_globulus,True,1028,0.0,persistente,,0.017,ifn_2010
81429,Quercus_pyrenaica,False,402,0.0,persistente,,0.171,ifn_2010
81430,Quercus_robur,False,2302,0.0,persistente,,0.011,ifn_2010
81431,Pinus_pinaster,True,711,0.0,persistente,,0.094,ifn_2010
81432,Alnus_glutinosa,False,222,0.0,persistente,,0.037,ifn_2010
81433,Quercus_robur,False,282,0.0,persistente,,0.012,ifn_2010
81434,Pinus_pinaster,True,0,0.0,sin_dato,,,sin_serie
81435,Castanea_sativa,False,273,0.0,persistente,,0.032,ifn_2010
81436,Quercus_suber,False,282,0.0,persistente,,0.02,ifn_2010
81437,Pinus_pinaster,True,35868,0.0,persistente,,0.011,ifn_2010
81438,Quercus_robur,False,481,0.0,persistente,,0.04,ifn_2010
81439,Salix_atrocinerea,False,221,0.0,persistente,,0.06,ifn_2010
81440,Quercus_robur,False,202,0.0,persistente,,0.051,ifn_2010
81441,Quercus_robur,False,143,0.0,persistente,,0.024,ifn_2010
81442,Eucalyptus_globulus,True,202,0.0,persistente,,0.03,ifn_2010
81443,Quercus_robur,False,3841,0.0,persistente,,0.048,ifn_2010
81444,Alnus_glutinosa,False,219,0.0,persistente,,0.021,ifn_2010
81447,Castanea_sativa,False,785,0.0,persistente,,0.019,ifn_2010
81448,Quercus_pyrenaica,False,868,0.0,persistente,,0.034,ifn_2010
81451,Pinus_sylvestris,True,1003,0.0,persistente,,0.033,ifn_2010
81453,Quercus_pyrenaica,False,3033,0.0,persistente,,0.183,ifn_2010
81454,Quercus_robur,False,1776,0.0,persistente,,0.095,ifn_2010
81455,Pinus_pinaster,True,364,0.0,persistente,,0.026,ifn_2010
81456,Pinus_pinaster,True,1584,0.0,persistente,,0.038,ifn_2010
81457,Quercus_robur,False,526,0.0,persistente,,0.054,ifn_2010
81458,Quercus_robur,False,0,0.0,sin_dato,,,sin_serie
81459,Pinus_pinaster,True,1665,0.0,persistente,,0.232,ifn_2010
81460,Pinus_pinaster,True,2417,0.0,evento,2018.0,0.351,desconocida
81461,Quercus_pyrenaica,False,0,0.0,sin_dato,,,sin_serie
81463,Betula_alba,False,208,0.0,persistente,,0.036,ifn_2010
81464,Quercus_robur,False,1117,0.0,evento,2026.0,0.201,desconocida
81466,Quercus_robur,False,734,0.0,persistente,,0.054,ifn_2010
81467,Pinus_pinaster,True,607,0.0,persistente,,0.025,ifn_2010
81468,Pinus_pinaster,True,747,0.0,persistente,,0.017,ifn_2010
81469,Quercus_robur,False,3114,0.0,persistente,,0.121,ifn_2010
81470,Quercus_robur,False,1125,0.0,persistente,,0.161,ifn_2010
81471,Pinus_pinaster,True,274,0.0,persistente,,0.018,ifn_2010
81472,Alnus_glutinosa,False,955,0.0,persistente,,0.023,ifn_2010
81473,Quercus_robur,False,447,0.0,persistente,,0.036,ifn_2010
81474,Prunus_spp,False,82,0.0,persistente,,0.016,ifn_2010
81475,Quercus_robur,False,1601,0.0,persistente,,0.026,ifn_2010
81476,Pinus_pinaster,True,104,0.0,persistente,,0.028,ifn_2010
81477,Pinus_pinaster,True,200,0.0,persistente,,0.142,ifn_2010
81478,Castanea_sativa,False,0,0.0,sin_dato,,,sin_serie
81479,Pinus_pinaster,True,0,0.0,sin_dato,,,sin_serie
81480,Pinus_sylvestris,True,0,0.0,sin_dato,,,sin_serie
81482,Pinus_sylvestris,True,3044,0.0,persistente,,0.049,ifn_2010
81483,Alnus_glutinosa,False,2317,0.0,persistente,,0.031,ifn_2010
81484,Pinus_pinaster,True,5976,0.0,persistente,,0.027,ifn_2010
81485,Pinus_pinaster,True,8585,0.0,persistente,,0.02,ifn_2010
81486,Pinus_pinaster,True,12756,0.0,persistente,,0.024,ifn_2010
81487,Quercus_pyrenaica,False,2942,0.0,persistente,,0.019,ifn_2010
81488,Pinus_pinaster,True,9705,0.0,persistente,,0.039,ifn_2010
81489,Pinus_pinaster,True,8324,0.0,persistente,,0.026,ifn_2010
81490,Pinus_pinaster,True,717,0.0,persistente,,0.019,ifn_2010
81491,Pinus_pinaster,True,268,0.0,persistente,,0.021,ifn_2010
81492,Quercus_robur,False,0,0.0,sin_dato,,,sin_serie
81493,Quercus_robur,False,4002,0.0,persistente,,0.036,ifn_2010
81494,Quercus_robur,False,1453,0.0,persistente,,0.021,ifn_2010
81495,Quercus_pyrenaica,False,221,0.0,persistente,,0.017,ifn_2010
81496,Pinus_pinaster,True,0,0.0,sin_dato,,,sin_serie
81497,Quercus_robur,False,1606,0.0,persistente,,0.018,ifn_2010
81498,Quercus_pyrenaica,False,378,0.0,persistente,,0.028,ifn_2010
81499,Quercus_robur,False,2361,0.0,persistente,,0.025,ifn_2010
81500,Quercus_robur,False,5105,0.0,persistente,,0.026,ifn_2010
81501,Betula_alba,False,4512,0.0,persistente,,0.023,ifn_2010
81502,Betula_alba,False,2389,0.0,persistente,,0.028,ifn_2010
81503,Pinus_pinea,False,141,0.0,persistente,,0.03,ifn_2010
81504,Pinus_pinaster,True,6114,0.0,persistente,,0.013,ifn_2010
81505,Pinus_pinaster,True,2773,0.0,persistente,,0.081,ifn_2010
81506,Pinus_pinaster,True,3833,0.0,evento,2019.0,0.187,desconocida
81507,Quercus_pyrenaica,False,1901,0.0,persistente,,0.06,ifn_2010
81508,Betula_alba,False,300,0.0,persistente,,0.034,ifn_2010
81509,Quercus_pyrenaica,False,791,0.0,persistente,,0.023,ifn_2010
81514,Quercus_pyrenaica,False,374,0.0,persistente,,0.024,ifn_2010
81515,Quercus_robur,False,9963,0.0,persistente,,0.02,ifn_2010
81516,Alnus_glutinosa,False,737,0.0,persistente,,0.02,ifn_2010
81518,Quercus_robur,False,184,0.0,persistente,,0.019,ifn_2010
81520,Quercus_robur,False,6232,0.0,persistente,,0.024,ifn_2010
81521,Quercus_robur,False,1617,0.0,persistente,,0.015,ifn_2010
81522,Quercus_robur,False,699,0.0,persistente,,0.027,ifn_2010
81525,Pinus_pinaster,True,0,0.0,sin_dato,,,sin_serie
81527,Castanea_sativa,False,158,0.0,persistente,,0.021,ifn_2010
81528,Eucalyptus_globulus,True,664,0.0,persistente,,0.034,ifn_2010
81529,Quercus_robur,False,4741,0.0,persistente,,0.02,ifn_2010
81530,Pinus_pinaster,True,1180,0.0,evento,2026.0,0.304,desconocida
81531,Quercus_pyrenaica,False,0,0.0,sin_dato,,,sin_serie
81532,Quercus_pyrenaica,False,4516,0.0,persistente,,0.034,ifn_2010
81533,Quercus_robur,False,1687,0.0,persistente,,0.02,ifn_2010
81534,Quercus_robur,False,6447,0.0,persistente,,0.029,ifn_2010
81535,Quercus_robur,False,4431,0.0,persistente,,0.04,ifn_2010
81536,Betula_alba,False,0,0.0,sin_dato,,,sin_serie
81537,Pinus_pinaster,True,304,0.0,persistente,,0.053,ifn_2010
81540,Betula_alba,False,280,0.0,persistente,,0.02,ifn_2010
81541,Salix_atrocinerea,False,229,0.0,persistente,,0.02,ifn_2010
81542,Pinus_pinaster,True,827,0.0,persistente,,0.035,ifn_2010
81543,Betula_alba,False,1606,0.0,persistente,,0.019,ifn_2010
81545,Quercus_robur,False,212,0.0,persistente,,0.037,ifn_2010
81546,Quercus_pyrenaica,False,392,0.0,persistente,,0.008,ifn_2010
81547,Pinus_pinaster,True,1758,0.0,persistente,,0.03,ifn_2010
81548,Quercus_robur,False,324,0.0,persistente,,0.036,ifn_2010
81549,Quercus_robur,False,375,0.0,persistente,,0.037,ifn_2010
81550,Quercus_pyrenaica,False,1564,0.0,persistente,,0.022,ifn_2010
81551,Quercus_robur,False,89,0.0,persistente,,0.103,ifn_2010
81552,Quercus_robur,False,2716,0.0,persistente,,0.062,ifn_2010
81553,Quercus_robur,False,7518,0.0,persistente,,0.066,ifn_2010
81554,Quercus_robur,False,1276,0.0,persistente,,0.022,ifn_2010
81555,Pinus_pinaster,True,5893,0.0,persistente,,0.032,ifn_2010
81558,Quercus_robur,False,8060,0.0,persistente,,0.027,ifn_2010
81560,Castanea_sativa,False,668,0.0,persistente,,0.023,ifn_2010
81561,Betula_alba,False,471,0.0,persistente,,0.033,ifn_2010
81562,Pinus_pinaster,True,228,0.0,evento,2018.0,0.295,desconocida
81563,Pinus_pinaster,True,482,0.0,persistente,,0.017,ifn_2010
81564,Pinus_pinaster,True,496,0.0,persistente,,0.019,ifn_2010
81565,Pinus_pinaster,True,98,0.0,persistente,,0.019,ifn_2010
81566,Pinus_pinaster,True,64,0.0,persistente,,0.021,ifn_2010
81567,Pinus_pinaster,True,82,0.0,persistente,,0.043,ifn_2010
81568,Pinus_pinaster,True,56,0.0,persistente,,0.032,ifn_2010
81569,Pinus_pinaster,True,1096,0.0,persistente,,0.028,ifn_2010
81573,Quercus_robur,False,472,0.0,persistente,,0.059,ifn_2010
81574,Quercus_robur,False,936,0.0,persistente,,0.024,ifn_2010
81575,Pinus_pinaster,True,354,0.0,persistente,,0.032,ifn_2010
81576,Quercus_suber,False,3768,0.0,persistente,,0.027,ifn_2010
81579,Quercus_robur,False,1208,0.0,persistente,,0.03,ifn_2010
81580,Castanea_sativa,False,7293,0.0,persistente,,0.027,ifn_2010
81582,Arbutus_unedo_,False,1140,0.0,evento,2025.0,0.212,desconocida
81583,Pinus_pinaster,True,1006,0.0,persistente,,0.032,ifn_2010
81585,Pinus_pinaster,True,2474,0.0,persistente,,0.065,ifn_2010
81586,Quercus_robur,False,510,0.0,persistente,,0.01,ifn_2010
81587,Quercus_pyrenaica,False,1072,0.0,persistente,,0.02,ifn_2010
81588,Quercus_robur,False,464,0.0,persistente,,0.032,ifn_2010
81598,Quercus_robur,False,0,0.0,sin_dato,,,sin_serie
81599,Quercus_suber,False,504,0.0,persistente,,0.024,ifn_2010
81614,Betula_alba,False,190,0.0,persistente,,0.022,ifn_2010
81615,Quercus_robur,False,1791,0.0,persistente,,0.035,ifn_2010
81616,Betula_alba,False,730,0.0,persistente,,0.025,ifn_2010
81617,Quercus_robur,False,197,0.0,persistente,,0.036,ifn_2010
81618,Castanea_sativa,False,993,0.0,persistente,,0.041,ifn_2010
81641,Pinus_pinaster,True,13861,0.0,persistente,,0.027,ifn_2010
81642,Pinus_pinaster,True,223,0.0,evento,2024.0,0.19,desconocida
81643,Pinus_pinaster,True,2446,0.0,persistente,,0.028,ifn_2010
81644,Pinus_pinaster,True,1330,0.0,persistente,,0.035,ifn_2010
81645,Pinus_radiata,True,274,0.0,persistente,,0.048,ifn_2010
81646,Quercus_robur,False,2748,0.0,persistente,,0.019,ifn_2010
81649,Pinus_pinaster,True,974,0.0,persistente,,0.023,ifn_2010
81651,Quercus_pyrenaica,False,432,0.0,persistente,,0.022,ifn_2010
81652,Eucalyptus_globulus,True,7132,5.343,persistente,,0.029,ifn_2010
81653,Eucalyptus_globulus,True,322,1.847,persistente,,0.029,ifn_2010
81654,Eucalyptus_globulus,True,317,1.705,persistente,,0.095,ifn_2010
81655,Eucalyptus_globulus,True,271,1.042,evento,2019.0,0.222,prohibida_rebrote
81656,Eucalyptus_globulus,True,9675,25.722,persistente,,0.055,ifn_2010
81657,Eucalyptus_globulus,True,4755,14.691,persistente,,0.035,ifn_2010
81658,Pinus_pinea,False,1523,0.0,persistente,,0.012,ifn_2010
81659,Eucalyptus_globulus,True,478,0.0,persistente,,0.066,ifn_2010
81660,Eucalyptus_globulus,True,233,0.0,persistente,,0.042,ifn_2010
81661,Eucalyptus_globulus,True,333,0.0,persistente,,0.07,ifn_2010
81662,Eucalyptus_globulus,True,353,0.0,persistente,,0.211,ifn_2010
81663,Eucalyptus_globulus,True,297,0.0,persistente,,0.041,ifn_2010
81664,Eucalyptus_globulus,True,12305,0.0,persistente,,0.035,ifn_2010
81665,Pinus_pinaster,True,327,0.0,persistente,,0.222,ifn_2010
81666,Pinus_pinaster,True,376,0.0,persistente,,0.038,ifn_2010
81667,Quercus_robur,False,182,0.0,persistente,,0.042,ifn_2010
81668,Quercus_robur,False,173,0.0,persistente,,0.068,ifn_2010
81669,Quercus_robur,False,282,0.0,persistente,,0.014,ifn_2010
81670,Eucalyptus_globulus,True,388,0.0,persistente,,0.045,ifn_2010
81671,Eucalyptus_globulus,True,4430,9.743,persistente,,0.059,ifn_2010
81672,Eucalyptus_globulus,True,262,1.167,persistente,,0.121,ifn_2010
81673,Eucalyptus_globulus,True,260,0.551,persistente,,0.052,ifn_2010
81674,Eucalyptus_globulus,True,262,1.144,persistente,,0.09,ifn_2010
81675,Eucalyptus_globulus,True,405,1.44,persistente,,0.036,ifn_2010
81676,Eucalyptus_globulus,True,232,1.634,persistente,,0.045,ifn_2010
81677,Quercus_robur,False,597,2.006,persistente,,0.021,ifn_2010
81678,Eucalyptus_globulus,True,757,2.456,persistente,,0.025,ifn_2010
81679,Quercus_robur,False,194,1.352,persistente,,0.025,ifn_2010
81680,Eucalyptus_globulus,True,3374,14.333,persistente,,0.091,ifn_2010
81681,Eucalyptus_globulus,True,707,1.096,persistente,,0.113,ifn_2010
81682,Quercus_robur,False,260,1.37,persistente,,0.035,ifn_2010
81683,Eucalyptus_globulus,True,3568,7.234,persistente,,0.026,ifn_2010
81684,Eucalyptus_globulus,True,365,0.946,persistente,,0.086,ifn_2010
81685,Eucalyptus_globulus,True,482,1.077,persistente,,0.028,ifn_2010
81686,Eucalyptus_globulus,True,1016,7.087,persistente,,0.052,ifn_2010
81687,Eucalyptus_globulus,True,220,0.79,persistente,,0.021,ifn_2010
81688,Eucalyptus_globulus,True,306,0.875,persistente,,0.035,ifn_2010
81689,Eucalyptus_globulus,True,699,2.771,persistente,,0.039,ifn_2010
81690,Quercus_robur,False,206,0.01,persistente,,0.056,ifn_2010
81691,Pinus_pinaster,True,8634,0.602,persistente,,0.064,ifn_2010
81692,Eucalyptus_globulus,True,4885,9.069,persistente,,0.011,ifn_2010
81693,Pinus_pinaster,True,3218,0.907,persistente,,0.016,ifn_2010
81694,Eucalyptus_globulus,True,1183,0.0,persistente,,0.06,ifn_2010
81695,Eucalyptus_globulus,True,2724,14.395,persistente,,0.077,ifn_2010
81696,Eucalyptus_globulus,True,681,4.092,persistente,,0.07,ifn_2010
81697,Pinus_pinaster,True,2397,0.0,persistente,,0.052,ifn_2010
81698,Pinus_pinaster,True,265,1.953,persistente,,0.057,ifn_2010
81699,Pinus_pinaster,True,228,1.646,persistente,,0.038,ifn_2010
81700,Pinus_pinaster,True,1380,4.134,persistente,,0.013,ifn_2010
81701,Eucalyptus_globulus,True,15849,15.731,persistente,,0.031,ifn_2010
81702,Eucalyptus_globulus,True,27767,0.0,persistente,,0.013,ifn_2010
81703,Quercus_robur,False,11518,0.0,persistente,,0.02,ifn_2010
81704,Quercus_robur,False,452,0.0,persistente,,0.017,ifn_2010
81705,Quercus_robur,False,1119,0.0,persistente,,0.015,ifn_2010
81706,Quercus_robur,False,523,0.0,persistente,,0.016,ifn_2010
81707,Eucalyptus_globulus,True,584,0.0,persistente,,0.046,ifn_2010
81708,Eucalyptus_globulus,True,371,0.0,persistente,,0.092,ifn_2010
81709,Eucalyptus_globulus,True,174,0.0,persistente,,0.096,ifn_2010
81710,Quercus_robur,False,127,0.0,persistente,,0.035,ifn_2010
81711,Eucalyptus_globulus,True,881,0.0,persistente,,0.029,ifn_2010
81712,Pinus_pinaster,True,1334,0.723,persistente,,0.056,ifn_2010
81713,Pinus_pinaster,True,2138,0.0,persistente,,0.047,ifn_2010
81714,Pinus_pinaster,True,413,0.0,persistente,,0.035,ifn_2010
81715,Eucalyptus_globulus,True,681,3.182,persistente,,0.059,ifn_2010
81716,Pinus_pinaster,True,1597,0.0,persistente,,0.026,ifn_2010
81717,Pinus_pinaster,True,1077,0.0,persistente,,0.021,ifn_2010
81718,Eucalyptus_globulus,True,31892,11.034,persistente,,0.014,ifn_2010
81719,Pinus_pinaster,True,1235,0.0,persistente,,0.029,ifn_2010
81720,Salix_spp,False,647,1.204,persistente,,0.013,ifn_2010
81721,Eucalyptus_globulus,True,864,4.346,persistente,,0.042,ifn_2010
81722,Pinus_pinaster,True,162,0.0,persistente,,0.119,ifn_2010
81723,Eucalyptus_globulus,True,712,0.413,persistente,,0.018,ifn_2010
81724,Quercus_robur,False,1265,0.589,persistente,,0.028,ifn_2010
81725,Quercus_robur,False,309,0.342,persistente,,0.053,ifn_2010
81726,Quercus_robur,False,732,1.989,persistente,,0.023,ifn_2010
81727,Quercus_robur,False,300,0.743,persistente,,0.033,ifn_2010
81728,Eucalyptus_globulus,True,3591,10.052,persistente,,0.026,ifn_2010
81729,Eucalyptus_globulus,True,8585,0.0,persistente,,0.007,ifn_2010
81730,Eucalyptus_globulus,True,4827,7.514,persistente,,0.028,ifn_2010
81731,Eucalyptus_globulus,True,601,0.0,persistente,,0.054,ifn_2010
81732,Quercus_robur,False,164,0.619,persistente,,0.054,ifn_2010
81733,Eucalyptus_globulus,True,282,1.0,persistente,,0.113,ifn_2010
81734,Eucalyptus_globulus,True,475,1.03,persistente,,0.04,ifn_2010
81735,Quercus_robur,False,149,0.686,persistente,,0.072,ifn_2010
81736,Quercus_robur,False,2896,0.0,persistente,,0.025,ifn_2010
81737,Quercus_robur,False,8375,0.0,persistente,,0.01,ifn_2010
81738,Quercus_robur,False,232,1.367,persistente,,0.035,ifn_2010
81739,Pinus_pinaster,True,383,0.0,persistente,,0.076,ifn_2010
81740,Quercus_robur,False,535,0.0,persistente,,0.013,ifn_2010
81741,Eucalyptus_globulus,True,2022,0.0,persistente,,0.026,ifn_2010
81742,Quercus_robur,False,1794,0.0,persistente,,0.023,ifn_2010
81743,Quercus_robur,False,164,0.0,persistente,,0.022,ifn_2010
81744,Pinus_pinaster,True,801,0.0,persistente,,0.031,ifn_2010
81745,Pinus_pinaster,True,4948,0.0,evento,2018.0,0.33,desconocida
81746,Pinus_pinaster,True,4045,0.0,evento,2018.0,0.25,desconocida
81747,Eucalyptus_globulus,True,537,0.0,persistente,,0.08,ifn_2010
81748,Pinus_pinaster,True,510,0.0,persistente,,0.202,ifn_2010
81749,Eucalyptus_globulus,True,6315,0.0,evento,2018.0,0.237,prohibida_rebrote
81750,Quercus_robur,False,1028,0.164,persistente,,0.109,ifn_2010
81751,Pinus_pinaster,True,3380,0.0,evento,2018.0,0.263,desconocida
81752,Pinus_pinaster,True,5316,0.0,evento,2018.0,0.258,desconocida
81753,Quercus_robur,False,328,0.0,persistente,,0.102,ifn_2010
81754,Quercus_robur,False,117,0.0,persistente,,0.078,ifn_2010
81755,Eucalyptus_globulus,True,672,0.0,evento,2018.0,0.187,prohibida_rebrote
81756,Eucalyptus_globulus,True,526,0.0,evento,2018.0,0.354,prohibida_rebrote
81757,Castanea_sativa,False,289,0.0,persistente,,0.176,ifn_2010
81758,Eucalyptus_globulus,True,1441,0.0,persistente,,0.019,ifn_2010
81759,Pinus_pinaster,True,1392,0.0,persistente,,0.044,ifn_2010
81760,Pinus_pinaster,True,2118,0.0,evento,2018.0,0.261,desconocida
81761,Eucalyptus_globulus,True,18077,0.0,evento,2018.0,0.233,prohibida_rebrote
81762,Pinus_pinaster,True,13018,0.0,evento,2018.0,0.235,desconocida
81763,Eucalyptus_globulus,True,4842,0.0,evento,2018.0,0.249,prohibida_rebrote
81764,Eucalyptus_globulus,True,8729,0.0,persistente,,0.107,ifn_2010
81765,Pinus_pinaster,True,3432,0.0,persistente,,0.037,ifn_2010
81766,Pinus_pinaster,True,1188,0.0,persistente,,0.169,ifn_2010
81767,Pinus_pinaster,True,1216,0.0,persistente,,0.126,ifn_2010
81768,Pinus_pinaster,True,20858,0.0,persistente,,0.031,ifn_2010
81769,Eucalyptus_globulus,True,5618,0.0,persistente,,0.062,ifn_2010
81770,Eucalyptus_globulus,True,489,0.0,persistente,,0.064,ifn_2010
81771,Eucalyptus_globulus,True,2382,0.0,persistente,,0.019,ifn_2010
81772,Pinus_pinaster,True,4786,0.0,persistente,,0.056,ifn_2010
81773,Pinus_pinaster,True,16346,0.0,persistente,,0.029,ifn_2010
81774,Eucalyptus_globulus,True,1837,0.0,persistente,,0.113,ifn_2010
81775,Pinus_pinaster,True,2622,0.0,evento,2018.0,0.245,desconocida
81776,Pinus_pinaster,True,1479,0.0,persistente,,0.073,ifn_2010
81777,Eucalyptus_globulus,True,398,0.0,persistente,,0.058,ifn_2010
81778,Eucalyptus_globulus,True,2619,0.0,persistente,,0.077,ifn_2010
81779,Pinus_pinaster,True,9359,2.76,persistente,,0.024,ifn_2010
81780,Pseudotsuga_menziesii,True,604,0.0,persistente,,0.03,ifn_2010
81781,Pinus_radiata,True,649,0.0,persistente,,0.161,ifn_2010
81782,Pinus_pinaster,True,4486,0.0,persistente,,0.083,ifn_2010
81783,Pinus_pinaster,True,15406,20.437,persistente,,0.028,ifn_2010
81784,Pinus_pinaster,True,11027,1.127,persistente,,0.022,ifn_2010
81785,Pinus_pinaster,True,20273,30.884,persistente,,0.027,ifn_2010
81786,Pinus_pinaster,True,5093,11.077,persistente,,0.025,ifn_2010
81787,Eucalyptus_globulus,True,5399,0.0,persistente,,0.022,ifn_2010
81788,Alnus_glutinosa,False,7813,6.248,persistente,,0.022,ifn_2010
81789,Eucalyptus_globulus,True,3943,0.0,persistente,,0.031,ifn_2010
81790,Pinus_pinaster,True,1035,0.0,persistente,,0.066,ifn_2010
81791,Pinus_pinaster,True,1660,0.0,persistente,,0.056,ifn_2010
81792,Castanea_sativa,False,1969,0.0,persistente,,0.05,ifn_2010
81793,Quercus_rubra,False,328,1.236,persistente,,0.071,ifn_2010
81794,Pinus_pinaster,True,1592,0.0,persistente,,0.074,ifn_2010
81795,Pinus_pinaster,True,14857,0.738,persistente,,0.038,ifn_2010
81796,Eucalyptus_globulus,True,5306,2.145,persistente,,0.052,ifn_2010
81797,Eucalyptus_globulus,True,1573,0.0,persistente,,0.01,ifn_2010
81798,Eucalyptus_globulus,True,1445,7.049,persistente,,0.036,ifn_2010
81799,Pinus_pinaster,True,6792,21.528,persistente,,0.021,ifn_2010
81800,Pinus_pinaster,True,151,0.0,persistente,,0.03,ifn_2010
81801,Pinus_pinaster,True,1101,0.0,evento,2018.0,0.328,desconocida
81802,Eucalyptus_globulus,True,269,1.974,persistente,,0.059,ifn_2010
81803,Eucalyptus_globulus,True,72,0.585,persistente,,0.079,ifn_2010
81804,Pinus_pinaster,True,3374,15.89,persistente,,0.024,ifn_2010
81805,Pinus_pinaster,True,1971,4.728,persistente,,0.029,ifn_2010
81806,Pinus_pinaster,True,198,0.287,persistente,,0.043,ifn_2010
81807,Pinus_pinaster,True,1483,3.854,persistente,,0.036,ifn_2010
81808,Pinus_pinaster,True,924,0.0,persistente,,0.053,ifn_2010
81809,Pinus_pinaster,True,6204,3.955,persistente,,0.018,ifn_2010
81810,Pinus_pinaster,True,2744,6.204,persistente,,0.1,ifn_2010
81811,Castanea_sativa,False,510,0.0,persistente,,0.029,ifn_2010
81812,Eucalyptus_globulus,True,229,1.386,persistente,,0.045,ifn_2010
81813,Quercus_robur,False,1066,3.37,persistente,,0.036,ifn_2010
81814,Pinus_pinaster,True,4270,5.878,persistente,,0.053,ifn_2010
81815,Eucalyptus_globulus,True,1474,0.0,evento,2018.0,0.188,prohibida_rebrote
81816,Eucalyptus_globulus,True,1338,0.0,persistente,,0.016,ifn_2010
81817,Eucalyptus_globulus,True,248,0.0,persistente,,0.064,ifn_2010
81818,Eucalyptus_globulus,True,536,0.0,persistente,,0.065,ifn_2010
81819,Eucalyptus_globulus,True,1146,0.0,persistente,,0.062,ifn_2010
81820,Eucalyptus_globulus,True,247,0.0,persistente,,0.066,ifn_2010
81821,Eucalyptus_globulus,True,268,0.0,persistente,,0.037,ifn_2010
81822,Pinus_pinaster,True,1105,0.003,persistente,,0.068,ifn_2010
81823,Pinus_pinaster,True,4497,7.61,persistente,,0.034,ifn_2010
81824,Castanea_sativa,False,388,0.0,persistente,,0.023,ifn_2010
81825,Eucalyptus_globulus,True,1673,5.588,persistente,,0.054,ifn_2010
81826,Eucalyptus_globulus,True,2500,0.0,persistente,,0.044,ifn_2010
81827,Pinus_pinaster,True,9552,24.932,persistente,,0.025,ifn_2010
81828,Pinus_pinaster,True,2254,0.0,persistente,,0.026,ifn_2010
81829,Pinus_pinaster,True,957,0.0,persistente,,0.03,ifn_2010
81830,Pinus_pinaster,True,565,0.0,persistente,,0.042,ifn_2010
81831,Pinus_pinaster,True,563,0.0,persistente,,0.016,ifn_2010
81832,Pinus_pinaster,True,162,0.0,persistente,,0.072,ifn_2010
81833,Pinus_pinaster,True,2838,0.0,persistente,,0.159,ifn_2010
81834,Eucalyptus_globulus,True,237,0.0,persistente,,0.11,ifn_2010
81835,Pinus_pinaster,True,4410,0.0,persistente,,0.013,ifn_2010
81836,Pinus_pinaster,True,17598,42.559,persistente,,0.025,ifn_2010
81837,Pinus_pinaster,True,674,3.445,persistente,,0.045,ifn_2010
81838,Quercus_robur,False,215,1.032,persistente,,0.034,ifn_2010
81839,Pinus_radiata,True,1823,0.0,persistente,,0.121,ifn_2010
81840,Quercus_robur,False,316,0.0,persistente,,0.036,ifn_2010
81841,Quercus_robur,False,703,0.0,persistente,,0.022,ifn_2010
81842,Quercus_robur,False,299,0.0,persistente,,0.039,ifn_2010
81843,Quercus_robur,False,960,0.0,persistente,,0.037,ifn_2010
81844,Pinus_pinaster,True,491,0.0,persistente,,0.027,ifn_2010
81845,Pinus_pinaster,True,752,0.0,persistente,,0.035,ifn_2010
81846,Pinus_pinaster,True,379,0.0,persistente,,0.056,ifn_2010
81847,Pinus_pinaster,True,602,0.0,persistente,,0.038,ifn_2010
81848,Pinus_pinaster,True,1231,0.0,persistente,,0.059,ifn_2010
81849,Pinus_pinaster,True,214,0.0,persistente,,0.06,ifn_2010
81850,Pinus_pinaster,True,400,0.0,persistente,,0.026,ifn_2010
81851,Eucalyptus_globulus,True,145,0.0,persistente,,0.046,ifn_2010
81852,Eucalyptus_globulus,True,327,0.0,persistente,,0.076,ifn_2010
81853,Pinus_pinaster,True,442,0.0,persistente,,0.014,ifn_2010
81854,Pinus_pinaster,True,1737,10.011,persistente,,0.021,ifn_2010
81855,Eucalyptus_globulus,True,258,1.044,persistente,,0.033,ifn_2010
81856,Pinus_pinaster,True,1777,0.0,persistente,,0.018,ifn_2010
81857,Quercus_robur,False,276,0.0,persistente,,0.015,ifn_2010
81858,Quercus_robur,False,371,0.0,persistente,,0.035,ifn_2010
81859,Eucalyptus_globulus,True,26878,51.404,persistente,,0.02,ifn_2010
81860,Pinus_pinaster,True,5372,14.888,persistente,,0.028,ifn_2010
81861,Quercus_robur,False,896,2.828,persistente,,0.073,ifn_2010
81862,Eucalyptus_globulus,True,539,2.531,persistente,,0.025,ifn_2010
81863,Eucalyptus_globulus,True,375,1.736,persistente,,0.16,ifn_2010
81864,Eucalyptus_globulus,True,4657,9.297,persistente,,0.022,ifn_2010
81865,Eucalyptus_globulus,True,576,0.0,persistente,,0.047,ifn_2010
81866,Eucalyptus_globulus,True,11427,16.91,persistente,,0.017,ifn_2010
81867,Pinus_pinaster,True,693,0.0,persistente,,0.057,ifn_2010
81868,Pinus_pinaster,True,27060,67.919,persistente,,0.077,ifn_2010
81869,Pinus_pinaster,True,24329,37.512,persistente,,0.02,ifn_2010
81870,Pinus_pinaster,True,639,1.631,persistente,,0.017,ifn_2010
81871,Pinus_pinaster,True,706,2.559,persistente,,0.015,ifn_2010
81872,Pinus_pinaster,True,277,1.396,persistente,,0.023,ifn_2010
81873,Pinus_pinaster,True,6679,10.514,persistente,,0.031,ifn_2010
81874,Pinus_pinaster,True,8701,22.697,persistente,,0.068,ifn_2010
81875,Pinus_pinaster,True,41309,80.986,persistente,,0.046,ifn_2010
81876,Pinus_pinaster,True,24430,28.668,persistente,,0.017,ifn_2010
81877,Pinus_pinaster,True,7942,13.577,persistente,,0.019,ifn_2010
81878,Pinus_pinaster,True,171,0.871,persistente,,0.028,ifn_2010
81879,Eucalyptus_globulus,True,12668,1.909,persistente,,0.027,ifn_2010
81880,Eucalyptus_globulus,True,2996,0.0,persistente,,0.029,ifn_2010
81881,Eucalyptus_globulus,True,467,0.0,evento,2023.0,0.217,prohibida_rebrote
81882,Pinus_pinaster,True,7082,8.354,persistente,,0.036,ifn_2010
81883,Pinus_pinaster,True,9634,7.569,persistente,,0.024,ifn_2010
81884,Pinus_radiata,True,342,0.0,persistente,,0.04,ifn_2010
81885,Eucalyptus_globulus,True,600,0.0,persistente,,0.018,ifn_2010
81886,Pinus_radiata,True,584,0.0,persistente,,0.056,ifn_2010
81887,Pinus_radiata,True,199,0.0,persistente,,0.112,ifn_2010
81888,Eucalyptus_globulus,True,1921,0.0,evento,2018.0,0.188,prohibida_rebrote
81889,Pinus_pinaster,True,1901,0.0,persistente,,0.067,ifn_2010
81890,Pinus_radiata,True,881,0.0,persistente,,0.039,ifn_2010
81891,Pinus_radiata,True,875,0.0,persistente,,0.104,ifn_2010
81892,Pseudotsuga_menziesii,True,403,0.0,persistente,,0.042,ifn_2010
81893,Pinus_radiata,True,222,0.0,persistente,,0.045,ifn_2010
81894,Pinus_pinaster,True,3270,11.918,persistente,,0.032,ifn_2010
81895,Alnus_glutinosa,False,2196,0.788,persistente,,0.055,ifn_2010
81896,Eucalyptus_globulus,True,4284,20.83,persistente,,0.017,ifn_2010
81897,Eucalyptus_globulus,True,437,1.252,persistente,,0.028,ifn_2010
81898,Pinus_pinaster,True,2738,9.351,persistente,,0.021,ifn_2010
81899,Pinus_pinaster,True,1712,9.595,persistente,,0.03,ifn_2010
81900,Pinus_pinaster,True,366,1.829,persistente,,0.04,ifn_2010
81901,Pinus_pinaster,True,5530,15.98,persistente,,0.02,ifn_2010
81902,Pinus_pinaster,True,2935,1.908,persistente,,0.023,ifn_2010
81903,Pinus_pinaster,True,1589,6.482,persistente,,0.02,ifn_2010
81904,Pinus_pinaster,True,756,3.82,persistente,,0.03,ifn_2010
81905,Pinus_pinaster,True,375,1.923,persistente,,0.043,ifn_2010
81906,Pinus_pinaster,True,7856,18.317,persistente,,0.02,ifn_2010
81907,Pinus_pinaster,True,1953,4.767,persistente,,0.12,ifn_2010
81908,Pinus_pinaster,True,358,2.034,persistente,,0.115,ifn_2010
81909,Eucalyptus_globulus,True,23334,15.784,persistente,,0.016,ifn_2010
81910,Pinus_pinaster,True,11433,5.503,persistente,,0.007,ifn_2010
81911,Pinus_pinaster,True,978,0.0,persistente,,0.068,ifn_2010
81912,Eucalyptus_globulus,True,8017,0.0,persistente,,0.037,ifn_2010
81913,Pinus_pinaster,True,1257,0.0,persistente,,0.033,ifn_2010
81914,Pinus_pinaster,True,634,0.0,persistente,,0.06,ifn_2010
81915,Eucalyptus_globulus,True,574,0.0,persistente,,0.05,ifn_2010
81916,Pinus_pinaster,True,235,0.0,persistente,,0.032,ifn_2010
81917,Eucalyptus_globulus,True,888,0.0,persistente,,0.037,ifn_2010
81918,Eucalyptus_globulus,True,942,0.0,persistente,,0.032,ifn_2010
81919,Pinus_pinaster,True,10782,10.877,persistente,,0.045,ifn_2010
81920,Quercus_robur,False,824,2.45,persistente,,0.092,ifn_2010
81921,Pinus_pinaster,True,17006,38.917,persistente,,0.032,ifn_2010
81922,Pinus_pinaster,True,780,0.0,persistente,,0.025,ifn_2010
81923,Pinus_pinaster,True,548,0.0,persistente,,0.02,ifn_2010
81924,Pseudotsuga_menziesii,True,1275,0.0,persistente,,0.022,ifn_2010
81925,Eucalyptus_globulus,True,9089,7.418,persistente,,0.043,ifn_2010
81926,Eucalyptus_globulus,True,4952,0.0,persistente,,0.018,ifn_2010
81927,Pinus_pinaster,True,1436,0.0,persistente,,0.065,ifn_2010
81928,Pinus_pinaster,True,309,0.0,persistente,,0.056,ifn_2010
81929,Eucalyptus_globulus,True,542,0.0,persistente,,0.08,ifn_2010
81930,Pseudotsuga_menziesii,True,231,0.0,persistente,,0.039,ifn_2010
81931,Pinus_radiata,True,4105,0.0,persistente,,0.085,ifn_2010
81932,Eucalyptus_globulus,True,4615,0.0,persistente,,0.056,ifn_2010
81933,Pinus_pinaster,True,3094,4.324,persistente,,0.023,ifn_2010
81934,Alnus_glutinosa,False,1902,0.142,persistente,,0.03,ifn_2010
81935,Alnus_glutinosa,False,841,0.0,persistente,,0.034,ifn_2010
81936,Quercus_robur,False,1887,2.787,persistente,,0.017,ifn_2010
81937,Pinus_pinaster,True,477,1.756,persistente,,0.047,ifn_2010
81938,Pinus_pinaster,True,25279,28.208,persistente,,0.025,ifn_2010
81939,Quercus_robur,False,229,1.023,persistente,,0.024,ifn_2010
81940,Pinus_pinaster,True,1404,5.328,persistente,,0.033,ifn_2010
81941,Pinus_pinaster,True,1316,0.419,persistente,,0.025,ifn_2010
81942,Quercus_robur,False,466,0.008,persistente,,0.024,ifn_2010
81943,Quercus_robur,False,249,0.734,persistente,,0.017,ifn_2010
81944,Pinus_pinaster,True,25432,44.245,persistente,,0.168,ifn_2010
81945,Pinus_pinaster,True,1717,4.843,persistente,,0.018,ifn_2010
81946,Pinus_pinaster,True,698,1.313,persistente,,0.032,ifn_2010
81947,Pinus_pinaster,True,433,2.031,persistente,,0.044,ifn_2010
81948,Pinus_pinaster,True,906,3.999,persistente,,0.064,ifn_2010
81949,Pinus_pinaster,True,185,0.279,persistente,,0.034,ifn_2010
81950,Pinus_pinaster,True,893,4.036,persistente,,0.025,ifn_2010
81951,Quercus_robur,False,367,1.709,persistente,,0.023,ifn_2010
81952,Pinus_pinaster,True,15071,25.842,persistente,,0.032,ifn_2010
81953,Eucalyptus_globulus,True,2868,2.539,persistente,,0.218,ifn_2010
81954,Pinus_pinaster,True,270,0.705,persistente,,0.148,ifn_2010
81955,Alnus_glutinosa,False,1522,1.109,persistente,,0.053,ifn_2010
81956,Alnus_glutinosa,False,293,0.039,persistente,,0.013,ifn_2010
81957,Eucalyptus_globulus,True,770,0.0,persistente,,0.156,ifn_2010
81958,Pinus_pinaster,True,2316,2.191,persistente,,0.109,ifn_2010
81959,Pinus_pinaster,True,635,3.57,persistente,,0.125,ifn_2010
81960,Eucalyptus_globulus,True,11105,8.806,evento,2018.0,0.194,prohibida_rebrote
81961,Eucalyptus_globulus,True,559,0.0,evento,2018.0,0.304,prohibida_rebrote
81962,Pinus_pinaster,True,762,0.0,persistente,,0.087,ifn_2010
81963,Pinus_pinaster,True,1551,2.495,evento,2018.0,0.21,desconocida
81964,Pinus_pinaster,True,1229,0.0,persistente,,0.136,ifn_2010
81965,Pinus_pinaster,True,4884,0.0,persistente,,0.065,ifn_2010
81966,Eucalyptus_globulus,True,1802,0.0,evento,2018.0,0.418,prohibida_rebrote
81967,Pinus_radiata,True,1730,0.0,evento,2018.0,0.268,desconocida
81968,Pinus_pinaster,True,1284,0.0,evento,2018.0,0.264,desconocida
81969,Pinus_radiata,True,1430,0.0,evento,2018.0,0.256,desconocida
81970,Pinus_pinaster,True,1434,0.0,persistente,,0.051,ifn_2010
81971,Pinus_pinaster,True,203,0.0,evento,2025.0,0.263,desconocida
81972,Pinus_radiata,True,1061,0.0,persistente,,0.062,ifn_2010
81973,Pinus_radiata,True,1368,0.0,persistente,,0.062,ifn_2010
81974,Pinus_radiata,True,2678,0.0,persistente,,0.117,ifn_2010
81975,Pinus_radiata,True,1991,0.0,persistente,,0.047,ifn_2010
81976,Pinus_pinaster,True,3469,0.0,persistente,,0.144,ifn_2010
81977,Pinus_pinaster,True,1342,0.0,persistente,,0.075,ifn_2010
81978,Pinus_pinaster,True,1995,0.0,persistente,,0.039,ifn_2010
81979,Pinus_pinaster,True,9869,0.555,persistente,,0.064,ifn_2010
81980,Pinus_pinaster,True,444,0.0,persistente,,0.15,ifn_2010
81981,Pinus_pinaster,True,3415,0.0,persistente,,0.049,ifn_2010
81982,Eucalyptus_globulus,True,697,0.0,evento,2024.0,0.18,prohibida_rebrote
81983,Pinus_pinaster,True,303,0.0,evento,2018.0,0.225,desconocida
81984,Pinus_pinaster,True,428,0.0,persistente,,0.117,ifn_2010
81985,Pinus_radiata,True,249,0.0,persistente,,0.048,ifn_2010
81986,Pinus_radiata,True,9887,0.0,persistente,,0.065,ifn_2010
81987,Eucalyptus_globulus,True,1100,0.0,persistente,,0.058,ifn_2010
81988,Eucalyptus_globulus,True,901,0.0,persistente,,0.025,ifn_2010
81989,Eucalyptus_globulus,True,488,0.0,persistente,,0.017,ifn_2010
81990,Pinus_pinaster,True,128,0.0,persistente,,0.052,ifn_2010
81991,Pinus_radiata,True,143,0.0,persistente,,0.095,ifn_2010
81992,Pinus_pinaster,True,2175,0.236,persistente,,0.114,ifn_2010
81993,Pinus_pinaster,True,1254,0.0,persistente,,0.18,ifn_2010
81994,Pinus_pinaster,True,3329,0.0,persistente,,0.098,ifn_2010
81995,Pinus_pinaster,True,3306,0.0,persistente,,0.057,ifn_2010
81996,Eucalyptus_globulus,True,548,0.0,evento,2019.0,0.246,prohibida_rebrote
81997,Eucalyptus_globulus,True,1472,0.0,persistente,,0.091,ifn_2010
81998,Pinus_pinaster,True,26618,0.0,persistente,,0.048,ifn_2010
81999,Pinus_pinaster,True,3310,0.0,persistente,,0.046,ifn_2010
82000,Pinus_pinaster,True,1101,0.0,persistente,,0.143,ifn_2010
82001,Pinus_pinaster,True,3816,0.0,persistente,,0.066,ifn_2010
82002,Pinus_pinaster,True,10549,0.0,persistente,,0.06,ifn_2010
82003,Pinus_pinaster,True,8262,0.857,persistente,,0.015,ifn_2010
82004,Eucalyptus_globulus,True,237,0.324,persistente,,0.012,ifn_2010
82005,Pinus_pinaster,True,2439,0.0,persistente,,0.025,ifn_2010
82006,Eucalyptus_globulus,True,17168,0.0,persistente,,0.041,ifn_2010
82007,Pinus_pinaster,True,3966,0.516,persistente,,0.095,ifn_2010
82008,Pinus_pinaster,True,2722,1.922,persistente,,0.026,ifn_2010
82009,Pinus_pinaster,True,2987,0.0,persistente,,0.116,ifn_2010
82010,Eucalyptus_globulus,True,18056,28.822,persistente,,0.124,ifn_2010
82011,Pinus_pinaster,True,2807,0.53,persistente,,0.086,ifn_2010
82012,Quercus_robur,False,1405,2.679,persistente,,0.032,ifn_2010
82013,Eucalyptus_globulus,True,842,1.601,persistente,,0.153,ifn_2010
82014,Eucalyptus_globulus,True,505,2.12,persistente,,0.164,ifn_2010
82015,Eucalyptus_globulus,True,311,0.837,persistente,,0.18,ifn_2010
82016,Pinus_pinaster,True,933,1.266,evento,2018.0,0.296,desconocida
82017,Castanea_sativa,False,1629,1.164,evento,2018.0,0.204,desconocida
82018,Pinus_pinaster,True,3434,0.894,evento,2024.0,0.213,desconocida
82019,Eucalyptus_globulus,True,18869,2.479,persistente,,0.017,ifn_2010
82020,Eucalyptus_globulus,True,11871,13.759,persistente,,0.019,ifn_2010
82021,Eucalyptus_globulus,True,256,1.253,persistente,,0.034,ifn_2010
82022,Eucalyptus_globulus,True,2667,3.793,persistente,,0.04,ifn_2010
82023,Eucalyptus_globulus,True,10086,1.099,persistente,,0.103,ifn_2010
82024,Alnus_glutinosa,False,6022,5.872,persistente,,0.011,ifn_2010
82025,Alnus_glutinosa,False,406,0.0,persistente,,0.087,ifn_2010
82026,Pinus_radiata,True,6014,0.0,persistente,,0.062,ifn_2010
82027,Eucalyptus_globulus,True,1499,0.0,persistente,,0.062,ifn_2010
82028,Pinus_pinaster,True,573,0.0,persistente,,0.123,ifn_2010
82029,Pinus_pinaster,True,1878,0.0,persistente,,0.155,ifn_2010
82030,Eucalyptus_globulus,True,10713,7.86,persistente,,0.02,ifn_2010
82031,Eucalyptus_globulus,True,1150,0.0,persistente,,0.024,ifn_2010
82032,Eucalyptus_globulus,True,245,0.827,persistente,,0.069,ifn_2010
82033,Eucalyptus_globulus,True,322,0.929,persistente,,0.087,ifn_2010
82034,Eucalyptus_globulus,True,1145,4.199,persistente,,0.051,ifn_2010
82035,Eucalyptus_globulus,True,203,0.496,persistente,,0.074,ifn_2010
82036,Eucalyptus_globulus,True,1653,4.649,persistente,,0.029,ifn_2010
82037,Pinus_pinaster,True,26625,42.687,persistente,,0.015,ifn_2010
82038,Quercus_robur,False,400,0.443,persistente,,0.058,ifn_2010
82039,Pinus_pinaster,True,4672,18.434,persistente,,0.029,ifn_2010
82040,Pinus_pinaster,True,1117,2.399,persistente,,0.037,ifn_2010
82041,Quercus_robur,False,276,0.0,persistente,,0.051,ifn_2010
82042,Pinus_pinaster,True,372,0.0,evento,2024.0,0.556,desconocida
82043,Eucalyptus_globulus,True,1276,3.908,persistente,,0.037,ifn_2010
82044,Eucalyptus_globulus,True,1050,0.26,persistente,,0.03,ifn_2010
82045,Eucalyptus_globulus,True,162,0.217,persistente,,0.032,ifn_2010
82046,Eucalyptus_globulus,True,816,3.787,persistente,,0.02,ifn_2010
82047,Eucalyptus_globulus,True,113,0.009,persistente,,0.014,ifn_2010
82048,Pinus_pinaster,True,1025,1.669,persistente,,0.085,ifn_2010
82049,Pinus_pinaster,True,807,0.731,persistente,,0.024,ifn_2010
82050,Eucalyptus_globulus,True,660,0.17,persistente,,0.03,ifn_2010
82051,Alnus_glutinosa,False,2870,2.894,persistente,,0.019,ifn_2010
82052,Pinus_pinaster,True,1595,0.0,evento,2018.0,0.338,desconocida
82053,Eucalyptus_globulus,True,17468,6.698,persistente,,0.098,ifn_2010
82054,Pinus_pinaster,True,13068,0.0,persistente,,0.064,ifn_2010
82055,Pinus_pinaster,True,555,0.0,persistente,,0.092,ifn_2010
82056,Eucalyptus_globulus,True,964,0.914,persistente,,0.025,ifn_2010
82057,Pinus_pinaster,True,10332,7.171,persistente,,0.029,ifn_2010
82058,Pinus_pinaster,True,17109,22.654,persistente,,0.022,ifn_2010
82059,Pinus_pinaster,True,5355,6.24,persistente,,0.03,ifn_2010
82060,Pinus_pinaster,True,12607,11.346,persistente,,0.024,ifn_2010
82061,Pinus_pinaster,True,11286,0.848,persistente,,0.016,ifn_2010
82062,Castanea_sativa,False,615,0.0,persistente,,0.014,ifn_2010
82063,Pinus_pinaster,True,2285,0.0,persistente,,0.117,ifn_2010
82064,Pinus_pinaster,True,564,0.0,persistente,,0.093,ifn_2010
82065,Pinus_pinaster,True,961,0.0,persistente,,0.077,ifn_2010
82066,Pinus_pinaster,True,1579,0.0,persistente,,0.066,ifn_2010
82067,Pinus_pinaster,True,20602,14.368,persistente,,0.017,ifn_2010
82068,Pinus_pinaster,True,11518,21.292,persistente,,0.074,ifn_2010
82069,Pinus_pinaster,True,1302,0.0,persistente,,0.13,ifn_2010
82070,Pinus_pinaster,True,1203,0.332,persistente,,0.03,ifn_2010
82071,Eucalyptus_globulus,True,814,4.009,persistente,,0.03,ifn_2010
82072,Eucalyptus_globulus,True,581,0.0,persistente,,0.022,ifn_2010
82073,Eucalyptus_globulus,True,1054,0.0,persistente,,0.032,ifn_2010
82074,Pinus_pinaster,True,630,0.0,persistente,,0.047,ifn_2010
82075,Pinus_pinaster,True,256,0.0,persistente,,0.041,ifn_2010
82076,Pinus_pinaster,True,618,0.0,persistente,,0.13,ifn_2010
82077,Castanea_sativa,False,779,0.0,persistente,,0.027,ifn_2010
82078,Eucalyptus_globulus,True,426,0.0,persistente,,0.093,ifn_2010
82079,Eucalyptus_globulus,True,613,0.0,persistente,,0.048,ifn_2010
82080,Eucalyptus_globulus,True,4096,8.855,persistente,,0.02,ifn_2010
82081,Eucalyptus_globulus,True,950,0.0,evento,2018.0,0.193,prohibida_rebrote
82082,Eucalyptus_globulus,True,170,0.0,persistente,,0.04,ifn_2010
82083,Pinus_pinaster,True,217,0.0,persistente,,0.079,ifn_2010
82084,Alnus_glutinosa,False,760,3.488,persistente,,0.014,ifn_2010
82085,Pinus_pinaster,True,190,1.287,persistente,,0.083,ifn_2010
82086,Pinus_pinaster,True,134,0.831,persistente,,0.071,ifn_2010
82087,Pinus_pinaster,True,697,1.242,persistente,,0.143,ifn_2010
82088,Pinus_pinaster,True,353,1.182,persistente,,0.103,ifn_2010
82089,Pinus_pinaster,True,436,0.0,persistente,,0.025,ifn_2010
82090,Pinus_pinaster,True,1067,0.0,persistente,,0.031,ifn_2010
82091,Pinus_pinaster,True,527,0.0,persistente,,0.022,ifn_2010
82092,Eucalyptus_globulus,True,193,0.0,persistente,,0.115,ifn_2010
82093,Alnus_glutinosa,False,277,0.0,persistente,,0.026,ifn_2010
82094,Pinus_pinaster,True,487,0.0,persistente,,0.037,ifn_2010
82095,Pinus_pinaster,True,16830,0.0,persistente,,0.029,ifn_2010
82096,Pinus_pinaster,True,12702,0.0,persistente,,0.107,ifn_2010
82097,Pinus_pinaster,True,3704,0.0,persistente,,0.049,ifn_2010
82098,Pinus_pinaster,True,1695,0.0,persistente,,0.024,ifn_2010
82099,Pinus_pinaster,True,1953,0.0,persistente,,0.062,ifn_2010
82100,Pinus_pinaster,True,1798,0.0,persistente,,0.12,ifn_2010
82101,Pinus_pinaster,True,1775,0.0,persistente,,0.073,ifn_2010
82102,Eucalyptus_globulus,True,14573,1.635,persistente,,0.027,ifn_2010
82103,Eucalyptus_globulus,True,6505,0.0,evento,2018.0,0.272,prohibida_rebrote
82104,Eucalyptus_globulus,True,697,0.0,evento,2018.0,0.319,prohibida_rebrote
82105,Pinus_pinaster,True,14154,20.92,persistente,,0.067,ifn_2010
82106,Eucalyptus_globulus,True,3859,2.872,persistente,,0.019,ifn_2010
82107,Pinus_pinaster,True,557,1.116,persistente,,0.155,ifn_2010
82108,Pinus_pinaster,True,248,1.049,persistente,,0.104,ifn_2010
82109,Eucalyptus_globulus,True,4300,6.713,persistente,,0.022,ifn_2010
82110,Pinus_pinaster,True,17832,39.939,persistente,,0.042,ifn_2010
82111,Pinus_pinaster,True,7663,7.448,evento,2020.0,0.208,desconocida
82112,Pinus_pinaster,True,715,0.0,persistente,,0.138,ifn_2010
82113,Pinus_pinaster,True,1606,2.937,persistente,,0.06,ifn_2010
82114,Alnus_glutinosa,False,362,0.015,persistente,,0.032,ifn_2010
82115,Alnus_glutinosa,False,1023,0.0,persistente,,0.049,ifn_2010
82116,Quercus_robur,False,336,0.0,persistente,,0.018,ifn_2010
82117,Quercus_robur,False,452,0.031,persistente,,0.031,ifn_2010
82118,Eucalyptus_globulus,True,132,0.0,persistente,,0.034,ifn_2010
82119,Eucalyptus_globulus,True,100,0.184,persistente,,0.064,ifn_2010
82120,Pinus_pinaster,True,802,1.497,persistente,,0.054,ifn_2010
82121,Pinus_pinaster,True,1044,1.197,persistente,,0.061,ifn_2010
82122,Pinus_pinaster,True,2395,7.602,persistente,,0.042,ifn_2010
82123,Eucalyptus_globulus,True,12253,0.0,evento,2018.0,0.265,prohibida_rebrote
82124,Eucalyptus_globulus,True,7003,0.0,persistente,,0.02,ifn_2010
82125,Pinus_pinaster,True,6120,16.139,persistente,,0.036,ifn_2010
82126,Pinus_pinaster,True,386,1.825,persistente,,0.054,ifn_2010
82127,Pinus_pinaster,True,590,2.957,persistente,,0.019,ifn_2010
82128,Pinus_pinaster,True,648,0.0,evento,2018.0,0.336,desconocida
82129,Pinus_pinaster,True,481,0.0,evento,2018.0,0.258,desconocida
82130,Eucalyptus_globulus,True,9324,0.612,persistente,,0.159,ifn_2010
82131,Pinus_pinaster,True,1316,3.327,persistente,,0.027,ifn_2010
82132,Quercus_robur,False,240,1.796,persistente,,0.046,ifn_2010
82133,Eucalyptus_globulus,True,12722,4.407,persistente,,0.122,ifn_2010
82134,Pinus_radiata,True,1888,0.0,evento,2018.0,0.404,desconocida
82135,Pinus_radiata,True,234,0.0,evento,2018.0,0.28,desconocida
82136,Eucalyptus_globulus,True,5704,3.278,persistente,,0.106,ifn_2010
82137,Eucalyptus_globulus,True,393,0.283,persistente,,0.09,ifn_2010
82138,Salix_spp,False,654,1.545,persistente,,0.042,ifn_2010
82139,Pinus_pinaster,True,518,0.0,evento,2018.0,0.203,desconocida
82140,Quercus_rubra,False,417,0.19,persistente,,0.186,ifn_2010
82141,Pinus_pinaster,True,542,2.263,persistente,,0.03,ifn_2010
82142,Pinus_pinaster,True,379,0.397,evento,2026.0,0.192,desconocida
82143,Eucalyptus_globulus,True,271,0.0,persistente,,0.099,ifn_2010
82144,Eucalyptus_globulus,True,522,0.0,evento,2026.0,0.389,prohibida_rebrote
82145,Quercus_robur,False,186,0.0,persistente,,0.05,ifn_2010
82146,Eucalyptus_globulus,True,333,2.045,persistente,,0.019,ifn_2010
82147,Pinus_pinaster,True,299,1.184,persistente,,0.127,ifn_2010
82148,Pinus_pinaster,True,584,2.479,persistente,,0.072,ifn_2010
82149,Pinus_pinaster,True,415,0.0,persistente,,0.085,ifn_2010
82150,Pinus_pinaster,True,341,1.824,persistente,,0.049,ifn_2010
82151,Pinus_pinaster,True,258,1.213,persistente,,0.042,ifn_2010
82152,Pinus_pinaster,True,500,2.142,persistente,,0.024,ifn_2010
82153,Pinus_pinaster,True,244,1.438,persistente,,0.02,ifn_2010
82154,Pinus_pinaster,True,367,1.967,persistente,,0.076,ifn_2010
82155,Pinus_pinaster,True,1197,0.107,persistente,,0.17,ifn_2010
82156,Pinus_pinaster,True,2814,0.0,persistente,,0.049,ifn_2010
82157,Eucalyptus_globulus,True,876,0.0,persistente,,0.027,ifn_2010
82158,Pinus_pinaster,True,560,0.0,persistente,,0.085,ifn_2010
82159,Pinus_pinaster,True,3384,0.0,persistente,,0.068,ifn_2010
82160,Eucalyptus_globulus,True,1192,0.0,persistente,,0.047,ifn_2010
82161,Eucalyptus_globulus,True,2606,0.0,persistente,,0.083,ifn_2010
82162,Eucalyptus_globulus,True,1487,0.0,persistente,,0.054,ifn_2010
82163,Pinus_pinaster,True,78778,76.135,persistente,,0.04,ifn_2010
82164,Pinus_pinaster,True,1737,0.177,persistente,,0.057,ifn_2010
82165,Eucalyptus_globulus,True,1819,0.0,persistente,,0.158,ifn_2010
82166,Eucalyptus_globulus,True,5033,0.021,evento,2019.0,0.21,prohibida_rebrote
82167,Pinus_radiata,True,622,0.0,evento,2018.0,0.279,desconocida
82168,Eucalyptus_globulus,True,758,0.0,evento,2018.0,0.225,prohibida_rebrote
82169,Pinus_pinaster,True,470,0.0,evento,2018.0,0.297,desconocida
82170,Pinus_pinaster,True,2303,0.0,evento,2018.0,0.35,desconocida
82171,Eucalyptus_globulus,True,1835,0.0,evento,2018.0,0.194,prohibida_rebrote
82172,Pinus_radiata,True,2117,0.404,evento,2018.0,0.258,desconocida
82173,Eucalyptus_globulus,True,1113,0.071,persistente,,0.162,ifn_2010
82174,Pinus_pinaster,True,24147,35.175,persistente,,0.017,ifn_2010
82175,Pinus_pinaster,True,15959,20.893,persistente,,0.022,ifn_2010
82176,Eucalyptus_globulus,True,2241,2.311,persistente,,0.022,ifn_2010
82177,Eucalyptus_globulus,True,2343,0.0,persistente,,0.176,ifn_2010
82178,Eucalyptus_globulus,True,3908,0.0,persistente,,0.14,ifn_2010
82179,Eucalyptus_globulus,True,1163,0.0,evento,2018.0,0.264,prohibida_rebrote
82180,Pinus_pinaster,True,3480,1.988,persistente,,0.042,ifn_2010
82181,Eucalyptus_globulus,True,6676,3.27,persistente,,0.046,ifn_2010
82182,Eucalyptus_globulus,True,7174,0.0,persistente,,0.14,ifn_2010
82183,Pinus_pinaster,True,617,0.559,persistente,,0.076,ifn_2010
82184,Eucalyptus_globulus,True,3906,3.505,persistente,,0.07,ifn_2010
82185,Pinus_pinaster,True,12287,17.883,persistente,,0.029,ifn_2010
82186,Pinus_pinaster,True,7718,0.0,persistente,,0.042,ifn_2010
82187,Pinus_pinaster,True,11402,0.0,persistente,,0.037,ifn_2010
82188,Pinus_pinaster,True,1993,0.38,persistente,,0.035,ifn_2010
82189,Pinus_pinaster,True,1605,3.955,persistente,,0.04,ifn_2010
82190,Pinus_pinaster,True,1309,3.224,persistente,,0.03,ifn_2010
82191,Eucalyptus_globulus,True,8783,1.644,persistente,,0.055,ifn_2010
82192,Pinus_pinaster,True,427,2.131,persistente,,0.023,ifn_2010
82193,Pinus_pinaster,True,569,2.792,persistente,,0.047,ifn_2010
82194,Quercus_robur,False,962,1.268,persistente,,0.033,ifn_2010
82195,Pinus_pinaster,True,354,0.919,persistente,,0.04,ifn_2010
82196,Quercus_robur,False,618,0.01,persistente,,0.026,ifn_2010
82197,Salix_spp,False,184,0.0,persistente,,0.026,ifn_2010
82198,Eucalyptus_globulus,True,3755,0.0,persistente,,0.077,ifn_2010
82199,Eucalyptus_globulus,True,407,0.0,persistente,,0.017,ifn_2010
82200,Pinus_pinaster,True,400,1.126,persistente,,0.052,ifn_2010
82201,Pinus_pinaster,True,493,2.126,persistente,,0.045,ifn_2010
82202,Pinus_pinaster,True,438,0.315,persistente,,0.056,ifn_2010
82203,Pinus_pinaster,True,205,0.0,persistente,,0.104,ifn_2010
82204,Pinus_pinaster,True,468,1.542,persistente,,0.107,ifn_2010
82205,Pinus_radiata,True,601,0.0,persistente,,0.048,ifn_2010
82206,Pinus_radiata,True,6805,0.0,persistente,,0.118,ifn_2010
82207,Pinus_pinaster,True,1584,0.0,persistente,,0.048,ifn_2010
82208,Pinus_pinaster,True,743,0.0,persistente,,0.024,ifn_2010
82209,Pinus_pinaster,True,1874,0.0,persistente,,0.048,ifn_2010
82210,Pinus_pinaster,True,3357,0.0,persistente,,0.019,ifn_2010
82211,Eucalyptus_globulus,True,814,0.0,persistente,,0.048,ifn_2010
82212,Pinus_pinaster,True,4190,1.472,persistente,,0.062,ifn_2010
82213,Eucalyptus_globulus,True,1566,1.363,persistente,,0.061,ifn_2010
82214,Eucalyptus_globulus,True,529,1.652,persistente,,0.023,ifn_2010
82215,Quercus_robur,False,986,1.862,persistente,,0.051,ifn_2010
82216,Quercus_robur,False,3882,2.064,persistente,,0.025,ifn_2010
82217,Eucalyptus_globulus,True,8218,2.45,persistente,,0.118,ifn_2010
82218,Quercus_robur,False,4500,0.061,persistente,,0.022,ifn_2010
82219,Eucalyptus_globulus,True,6208,0.0,persistente,,0.036,ifn_2010
82220,Alnus_glutinosa,False,965,0.0,persistente,,0.042,ifn_2010
82221,Eucalyptus_globulus,True,842,0.0,evento,2021.0,0.296,prohibida_rebrote
82222,Pinus_pinaster,True,8401,12.896,persistente,,0.042,ifn_2010
82223,Pinus_pinaster,True,1859,3.157,persistente,,0.013,ifn_2010
82224,Pinus_pinaster,True,5846,0.0,persistente,,0.029,ifn_2010
82225,Pinus_pinaster,True,650,0.905,persistente,,0.075,ifn_2010
82226,Eucalyptus_globulus,True,3762,0.0,persistente,,0.012,ifn_2010
82227,Pinus_pinaster,True,2692,0.0,persistente,,0.145,ifn_2010
82228,Eucalyptus_globulus,True,5369,0.0,persistente,,0.018,ifn_2010
82229,Pinus_pinaster,True,3457,0.0,persistente,,0.042,ifn_2010
82230,Pinus_pinaster,True,3082,0.0,persistente,,0.05,ifn_2010
82231,Pinus_pinaster,True,1156,0.0,persistente,,0.048,ifn_2010
82232,Eucalyptus_globulus,True,247,0.149,persistente,,0.017,ifn_2010
82233,Quercus_robur,False,818,0.0,persistente,,0.016,ifn_2010
82234,Quercus_robur,False,186,0.0,persistente,,0.055,ifn_2010
82235,Eucalyptus_globulus,True,17508,7.035,persistente,,0.007,ifn_2010
82236,Eucalyptus_globulus,True,915,0.0,evento,2026.0,0.273,prohibida_rebrote
82237,Eucalyptus_globulus,True,2187,0.171,persistente,,0.025,ifn_2010
82238,Eucalyptus_globulus,True,3092,8.465,evento,2018.0,0.22,prohibida_rebrote
82239,Eucalyptus_globulus,True,18456,5.275,persistente,,0.028,ifn_2010
82240,Pinus_pinaster,True,6469,1.795,persistente,,0.037,ifn_2010
82241,Pinus_pinaster,True,5229,0.684,persistente,,0.02,ifn_2010
82242,Pinus_pinaster,True,4283,9.859,persistente,,0.06,ifn_2010
82243,Eucalyptus_globulus,True,920,2.525,persistente,,0.022,ifn_2010
82244,Pinus_pinaster,True,193,0.153,persistente,,0.025,ifn_2010
82245,Pinus_pinaster,True,341,1.029,persistente,,0.048,ifn_2010
82246,Pinus_pinaster,True,1510,3.048,persistente,,0.057,ifn_2010
82247,Pinus_pinaster,True,10439,0.0,persistente,,0.032,ifn_2010
82248,Pinus_radiata,True,30691,7.552,persistente,,0.018,ifn_2010
82249,Pinus_pinaster,True,18986,14.201,persistente,,0.011,ifn_2010
82250,Pinus_pinaster,True,24023,3.772,persistente,,0.184,ifn_2010
82251,Pinus_pinaster,True,7297,3.477,persistente,,0.019,ifn_2010
82252,Eucalyptus_globulus,True,7341,0.0,evento,2018.0,0.188,prohibida_rebrote
82253,Eucalyptus_globulus,True,1278,1.398,persistente,,0.084,ifn_2010
82254,Eucalyptus_globulus,True,1050,0.62,evento,2018.0,0.224,prohibida_rebrote
82255,Eucalyptus_globulus,True,3449,0.435,evento,2018.0,0.296,prohibida_rebrote
82256,Eucalyptus_globulus,True,5256,0.0,persistente,,0.045,ifn_2010
82257,Eucalyptus_globulus,True,11149,0.0,persistente,,0.039,ifn_2010
82258,Eucalyptus_globulus,True,4593,0.0,persistente,,0.021,ifn_2010
82259,Eucalyptus_globulus,True,24429,10.754,persistente,,0.02,ifn_2010
82260,Pinus_pinaster,True,1651,2.408,persistente,,0.082,ifn_2010
82261,Pinus_pinaster,True,4035,0.891,persistente,,0.045,ifn_2010
82262,Pinus_pinaster,True,258,0.042,persistente,,0.069,ifn_2010
82263,Pinus_pinaster,True,118,0.0,persistente,,0.094,ifn_2010
82264,Eucalyptus_globulus,True,10290,11.564,persistente,,0.142,ifn_2010
82265,Eucalyptus_globulus,True,191,0.0,persistente,,0.068,ifn_2010
82266,Eucalyptus_globulus,True,324,2.052,persistente,,0.056,ifn_2010
82267,Eucalyptus_globulus,True,30993,11.444,persistente,,0.015,ifn_2010
82268,Eucalyptus_globulus,True,4004,0.0,persistente,,0.053,ifn_2010
82269,Pinus_pinaster,True,6103,2.349,persistente,,0.042,ifn_2010
82270,Pinus_pinaster,True,11489,0.0,persistente,,0.052,ifn_2010
82271,Eucalyptus_globulus,True,3054,0.0,evento,2019.0,0.239,prohibida_rebrote
82272,Eucalyptus_globulus,True,8595,2.507,persistente,,0.073,ifn_2010
82273,Pinus_radiata,True,1817,0.0,evento,2026.0,0.224,desconocida
82274,Pinus_radiata,True,16650,3.596,persistente,,0.065,ifn_2010
82275,Pinus_radiata,True,3843,0.0,persistente,,0.052,ifn_2010
82276,Eucalyptus_globulus,True,12326,1.742,persistente,,0.051,ifn_2010
82277,Pinus_pinaster,True,3235,0.0,persistente,,0.073,ifn_2010
82278,Eucalyptus_globulus,True,416,1.025,persistente,,0.057,ifn_2010
82279,Eucalyptus_globulus,True,409,0.892,persistente,,0.16,ifn_2010
82280,Pinus_pinaster,True,3464,0.0,persistente,,0.063,ifn_2010
82281,Pinus_pinaster,True,1598,0.0,persistente,,0.052,ifn_2010
82282,Eucalyptus_globulus,True,15766,5.835,persistente,,0.062,ifn_2010
82283,Eucalyptus_globulus,True,2760,2.227,persistente,,0.213,ifn_2010
82284,Eucalyptus_globulus,True,201,0.0,persistente,,0.027,ifn_2010
82285,Eucalyptus_globulus,True,696,0.137,persistente,,0.035,ifn_2010
82286,Pinus_pinaster,True,1919,0.0,evento,2023.0,0.269,desconocida
82287,Eucalyptus_globulus,True,420,2.115,persistente,,0.058,ifn_2010
82288,Eucalyptus_globulus,True,186,1.162,persistente,,0.13,ifn_2010
82289,Pinus_pinaster,True,236,0.0,evento,2026.0,0.288,desconocida
82290,Eucalyptus_globulus,True,6589,7.974,persistente,,0.037,ifn_2010
82291,Eucalyptus_globulus,True,7886,2.236,persistente,,0.037,ifn_2010
82292,Eucalyptus_globulus,True,326,1.501,persistente,,0.062,ifn_2010
82293,Pinus_pinaster,True,46705,19.011,persistente,,0.08,ifn_2010
82294,Eucalyptus_globulus,True,9469,4.475,persistente,,0.172,ifn_2010
82297,Pinus_pinaster,True,13495,9.592,persistente,,0.042,ifn_2010
82298,Eucalyptus_globulus,True,696,0.0,persistente,,0.134,ifn_2010
82299,Pinus_pinaster,True,12453,1.939,persistente,,0.068,ifn_2010
82300,Eucalyptus_globulus,True,6953,8.372,persistente,,0.11,ifn_2010
82301,Eucalyptus_globulus,True,10868,3.606,persistente,,0.034,ifn_2010
82302,Pinus_radiata,True,4936,0.0,persistente,,0.089,ifn_2010
82303,Eucalyptus_globulus,True,4146,0.0,persistente,,0.009,ifn_2010
82304,Pinus_pinaster,True,13053,25.021,persistente,,0.025,ifn_2010
82305,Pinus_pinaster,True,2279,6.86,persistente,,0.025,ifn_2010
82306,Alnus_glutinosa,False,4960,2.034,persistente,,0.03,ifn_2010
82307,Eucalyptus_globulus,True,1186,0.004,evento,2018.0,0.277,prohibida_rebrote
82308,Eucalyptus_globulus,True,1533,0.0,evento,2026.0,0.201,prohibida_rebrote
82309,Pinus_radiata,True,405,0.0,persistente,,0.048,ifn_2010
82310,Pinus_pinaster,True,2494,3.22,evento,2018.0,0.218,desconocida
82311,Pinus_pinaster,True,3339,0.067,persistente,,0.033,ifn_2010
82312,Quercus_robur,False,2685,0.114,persistente,,0.042,ifn_2010
82313,Pinus_pinaster,True,13809,10.809,persistente,,0.185,ifn_2010
82314,Pinus_radiata,True,814,0.0,evento,2023.0,0.283,desconocida
82315,Pinus_pinaster,True,9760,0.0,evento,2018.0,0.197,desconocida
82316,Pinus_pinaster,True,1115,0.0,evento,2018.0,0.22,desconocida
82317,Eucalyptus_globulus,True,2335,6.976,persistente,,0.036,ifn_2010
82318,Pinus_radiata,True,2287,0.0,persistente,,0.054,ifn_2010
82319,Quercus_robur,False,1404,0.0,persistente,,0.021,ifn_2010
82320,Pinus_pinaster,True,8982,0.0,persistente,,0.109,ifn_2010
82321,Pinus_radiata,True,1966,0.0,persistente,,0.126,ifn_2010
82322,Pinus_pinaster,True,21549,5.436,persistente,,0.019,ifn_2010
82323,Pinus_radiata,True,4860,0.0,persistente,,0.053,ifn_2010
82324,Pinus_pinaster,True,6145,0.0,persistente,,0.025,ifn_2010
82325,Pinus_pinaster,True,1806,0.0,evento,2018.0,0.193,desconocida
82326,Pinus_pinaster,True,4277,4.061,persistente,,0.029,ifn_2010
82327,Pinus_radiata,True,354,1.179,persistente,,0.075,ifn_2010
82328,Pinus_pinaster,True,629,0.64,persistente,,0.023,ifn_2010
82329,Salix_spp,False,655,0.312,persistente,,0.015,ifn_2010
82330,Eucalyptus_globulus,True,436,3.229,persistente,,0.041,ifn_2010
82331,Pinus_pinaster,True,611,0.0,persistente,,0.122,ifn_2010
82332,Pinus_pinaster,True,688,0.619,persistente,,0.051,ifn_2010
82333,Pinus_pinaster,True,651,3.65,persistente,,0.042,ifn_2010
82334,Quercus_robur,False,449,0.418,persistente,,0.037,ifn_2010
82335,Eucalyptus_globulus,True,156,0.96,persistente,,0.043,ifn_2010
82336,Pinus_pinaster,True,234,1.063,persistente,,0.032,ifn_2010
82337,Pinus_pinaster,True,17392,0.064,persistente,,0.029,ifn_2010
82338,Quercus_robur,False,404,1.55,persistente,,0.039,ifn_2010
82339,Eucalyptus_globulus,True,3194,0.0,persistente,,0.026,ifn_2010
82340,Eucalyptus_globulus,True,5995,4.917,persistente,,0.033,ifn_2010
82341,Eucalyptus_globulus,True,410,2.053,persistente,,0.093,ifn_2010
82342,Eucalyptus_globulus,True,416,2.414,persistente,,0.029,ifn_2010
82343,Eucalyptus_globulus,True,141,1.134,persistente,,0.013,ifn_2010
82344,Pinus_pinaster,True,638,0.0,persistente,,0.022,ifn_2010
82345,Pinus_pinaster,True,209,0.448,persistente,,0.066,ifn_2010
82346,Eucalyptus_globulus,True,349,0.0,persistente,,0.013,ifn_2010
82347,Quercus_robur,False,198,0.978,persistente,,0.012,ifn_2010
82348,Eucalyptus_globulus,True,23363,0.994,persistente,,0.023,ifn_2010
82349,Eucalyptus_globulus,True,3817,0.0,persistente,,0.093,ifn_2010
82350,Eucalyptus_globulus,True,942,0.0,persistente,,0.019,ifn_2010
82351,Pinus_radiata,True,5345,0.0,persistente,,0.09,ifn_2010
82352,Pinus_radiata,True,218,0.0,persistente,,0.049,ifn_2010
82353,Eucalyptus_globulus,True,4528,0.59,persistente,,0.064,ifn_2010
82354,Eucalyptus_globulus,True,909,0.0,persistente,,0.032,ifn_2010
82355,Eucalyptus_globulus,True,4913,0.0,persistente,,0.034,ifn_2010
82356,Pinus_pinaster,True,1348,0.0,persistente,,0.048,ifn_2010
82357,Eucalyptus_globulus,True,11338,4.688,persistente,,0.023,ifn_2010
82358,Pinus_pinaster,True,667,0.0,persistente,,0.017,ifn_2010
82359,Eucalyptus_globulus,True,507,0.0,persistente,,0.093,ifn_2010
82360,Pinus_radiata,True,152,0.0,persistente,,0.037,ifn_2010
82361,Eucalyptus_globulus,True,183,0.0,persistente,,0.027,ifn_2010
82362,Pinus_pinaster,True,2011,1.908,persistente,,0.021,ifn_2010
82363,Eucalyptus_globulus,True,2085,0.912,persistente,,0.029,ifn_2010
82364,Pinus_pinaster,True,468,0.0,evento,2018.0,0.493,desconocida
82365,Quercus_robur,False,526,0.677,persistente,,0.058,ifn_2010
82366,Eucalyptus_globulus,True,1981,1.393,persistente,,0.062,ifn_2010
82367,Pinus_pinaster,True,463,0.0,persistente,,0.031,ifn_2010
82368,Pinus_radiata,True,4712,0.0,persistente,,0.059,ifn_2010
82369,Pinus_pinaster,True,1205,0.0,evento,2018.0,0.275,desconocida
82370,Eucalyptus_globulus,True,2244,0.0,evento,2018.0,0.199,prohibida_rebrote
82371,Pinus_pinaster,True,5156,12.281,persistente,,0.008,ifn_2010
82372,Eucalyptus_globulus,True,2083,0.0,persistente,,0.163,ifn_2010
82373,Pinus_radiata,True,3696,3.384,persistente,,0.035,ifn_2010
82374,Eucalyptus_globulus,True,3150,4.213,persistente,,0.015,ifn_2010
82375,Eucalyptus_globulus,True,1829,3.729,persistente,,0.027,ifn_2010
82376,Eucalyptus_globulus,True,4368,4.738,persistente,,0.026,ifn_2010
82377,Pinus_pinaster,True,1891,3.744,persistente,,0.057,ifn_2010
82378,Pinus_pinaster,True,13640,3.896,persistente,,0.059,ifn_2010
82379,Eucalyptus_globulus,True,636,0.534,persistente,,0.02,ifn_2010
82380,Quercus_robur,False,466,0.327,persistente,,0.02,ifn_2010
82381,Pinus_radiata,True,1521,0.0,persistente,,0.043,ifn_2010
82382,Castanea_sativa,False,626,0.0,persistente,,0.016,ifn_2010
82383,Pinus_radiata,True,381,0.097,evento,2026.0,0.203,desconocida
82384,Eucalyptus_globulus,True,3112,0.789,evento,2018.0,0.248,prohibida_rebrote
82385,Eucalyptus_globulus,True,145,0.002,persistente,,0.109,ifn_2010
82386,Pinus_pinaster,True,140,0.418,persistente,,0.032,ifn_2010
82387,Salix_spp,False,9933,10.447,persistente,,0.024,ifn_2010
82388,Pinus_pinaster,True,1692,6.411,persistente,,0.022,ifn_2010
82389,Pinus_pinaster,True,2027,1.645,persistente,,0.026,ifn_2010
82390,Alnus_glutinosa,False,2471,0.0,persistente,,0.026,ifn_2010
82391,Pinus_pinaster,True,822,0.0,persistente,,0.029,ifn_2010
82392,Pinus_pinaster,True,432,0.0,persistente,,0.033,ifn_2010
82393,Pinus_pinaster,True,133,0.0,persistente,,0.05,ifn_2010
82394,Pinus_pinaster,True,718,1.44,persistente,,0.029,ifn_2010
82395,Pinus_pinaster,True,2100,2.288,persistente,,0.042,ifn_2010
82396,Alnus_glutinosa,False,2286,3.947,persistente,,0.033,ifn_2010
82397,Alnus_glutinosa,False,887,0.468,persistente,,0.043,ifn_2010
82398,Pinus_pinaster,True,1903,0.476,persistente,,0.028,ifn_2010
82399,Pinus_pinaster,True,103299,138.215,persistente,,0.07,ifn_2010
82400,Pinus_pinaster,True,1297,3.277,persistente,,0.057,ifn_2010
82401,Quercus_robur,False,1272,0.0,persistente,,0.055,ifn_2010
82402,Pinus_radiata,True,1572,2.551,persistente,,0.161,ifn_2010
82403,Pinus_pinaster,True,10778,15.63,persistente,,0.026,ifn_2010
82404,Pinus_pinaster,True,6521,12.39,persistente,,0.02,ifn_2010
82405,Pinus_pinaster,True,5232,0.0,persistente,,0.023,ifn_2010
82406,Pinus_pinaster,True,2403,2.361,persistente,,0.127,ifn_2010
82407,Pinus_pinaster,True,287,0.513,persistente,,0.025,ifn_2010
82408,Eucalyptus_globulus,True,6100,0.302,persistente,,0.17,ifn_2010
82409,Eucalyptus_globulus,True,863,2.26,persistente,,0.152,ifn_2010
82410,Eucalyptus_globulus,True,3603,1.71,persistente,,0.116,ifn_2010
82411,Eucalyptus_globulus,True,2492,0.0,evento,2018.0,0.204,prohibida_rebrote
82412,Eucalyptus_globulus,True,2380,1.483,evento,2018.0,0.197,prohibida_rebrote
82413,Pinus_pinaster,True,2968,1.277,persistente,,0.02,ifn_2010
82414,Pinus_pinaster,True,11435,10.027,persistente,,0.048,ifn_2010
82415,Pinus_pinaster,True,6894,0.323,evento,2018.0,0.21,desconocida
82416,Pinus_pinaster,True,428,1.458,persistente,,0.041,ifn_2010
82417,Pinus_pinaster,True,9900,0.0,evento,2018.0,0.243,desconocida
82418,Pinus_pinaster,True,119,0.0,persistente,,0.047,ifn_2010
82419,Pinus_pinaster,True,156,0.0,persistente,,0.027,ifn_2010
82420,Pinus_pinaster,True,4342,0.0,evento,2018.0,0.361,desconocida
82421,Pinus_pinaster,True,4912,3.267,persistente,,0.049,ifn_2010
82422,Pinus_pinaster,True,378,1.43,persistente,,0.08,ifn_2010
82423,Pinus_pinaster,True,2341,0.0,evento,2018.0,0.331,desconocida
82424,Eucalyptus_globulus,True,5616,5.818,persistente,,0.026,ifn_2010
82425,Betula_alba,False,1822,0.0,persistente,,0.038,ifn_2010
82426,Quercus_robur,False,1890,0.0,persistente,,0.019,ifn_2010
82427,Quercus_robur,False,435,0.0,persistente,,0.028,ifn_2010
82428,Pinus_pinaster,True,1413,0.0,persistente,,0.03,ifn_2010
82429,Pinus_pinaster,True,7071,9.126,persistente,,0.025,ifn_2010
82430,Eucalyptus_globulus,True,6903,1.156,persistente,,0.053,ifn_2010
82431,Pinus_pinaster,True,17745,25.211,persistente,,0.027,ifn_2010
82432,Quercus_robur,False,3071,2.345,persistente,,0.027,ifn_2010
82433,Eucalyptus_globulus,True,1049,3.534,persistente,,0.05,ifn_2010
82434,Pinus_pinaster,True,2568,1.829,persistente,,0.102,ifn_2010
82435,Eucalyptus_globulus,True,22918,12.093,persistente,,0.013,ifn_2010
82436,Quercus_robur,False,221,0.304,persistente,,0.02,ifn_2010
82437,Eucalyptus_globulus,True,201,0.201,persistente,,0.008,ifn_2010
82438,Pinus_pinaster,True,15444,2.205,persistente,,0.024,ifn_2010
82439,Eucalyptus_globulus,True,3156,0.0,persistente,,0.037,ifn_2010
82440,Eucalyptus_globulus,True,2829,0.392,persistente,,0.028,ifn_2010
82441,Pinus_pinaster,True,1673,0.0,persistente,,0.098,ifn_2010
82442,Pinus_pinaster,True,529,0.0,persistente,,0.064,ifn_2010
82443,Pinus_pinaster,True,218,0.0,persistente,,0.039,ifn_2010
82444,Eucalyptus_globulus,True,3086,0.0,persistente,,0.053,ifn_2010
82445,Pinus_pinaster,True,126,0.0,persistente,,0.043,ifn_2010
82446,Eucalyptus_globulus,True,262,0.0,persistente,,0.134,ifn_2010
82447,Eucalyptus_globulus,True,25525,35.38,persistente,,0.056,ifn_2010
82448,Pinus_pinaster,True,0,0.0,sin_dato,,,sin_serie
82449,Pinus_pinaster,True,0,0.0,sin_dato,,,sin_serie
82450,Eucalyptus_globulus,True,2368,0.0,persistente,,0.08,ifn_2010
82451,Eucalyptus_globulus,True,4136,0.0,persistente,,0.121,ifn_2010
82452,Pinus_pinaster,True,0,0.0,sin_dato,,,sin_serie
82453,Eucalyptus_globulus,True,5308,0.0,persistente,,0.065,ifn_2010
82454,Eucalyptus_globulus,True,6789,1.174,evento,2018.0,0.22,prohibida_rebrote
82455,Eucalyptus_globulus,True,6052,2.297,persistente,,0.016,ifn_2010
82456,Quercus_robur,False,1214,2.39,persistente,,0.016,ifn_2010
82457,Quercus_robur,False,626,1.597,persistente,,0.03,ifn_2010
82458,Quercus_robur,False,2744,2.753,persistente,,0.012,ifn_2010
82459,Eucalyptus_globulus,True,2437,2.743,persistente,,0.019,ifn_2010
82460,Quercus_robur,False,5594,0.0,persistente,,0.021,ifn_2010
82461,Quercus_robur,False,11402,8.038,persistente,,0.022,ifn_2010
82462,Pinus_pinaster,True,302,0.593,persistente,,0.061,ifn_2010
82463,Pinus_pinaster,True,356,0.92,persistente,,0.045,ifn_2010
82464,Pinus_pinaster,True,628,1.15,persistente,,0.013,ifn_2010
82465,Eucalyptus_globulus,True,231,0.61,persistente,,0.092,ifn_2010
82466,Eucalyptus_globulus,True,1086,4.562,persistente,,0.073,ifn_2010
82467,Eucalyptus_globulus,True,158,1.284,persistente,,0.091,ifn_2010
82468,Eucalyptus_globulus,True,145,1.053,persistente,,0.007,ifn_2010
82469,Eucalyptus_globulus,True,190,0.0,persistente,,0.022,ifn_2010
82470,Eucalyptus_globulus,True,137,0.0,persistente,,0.038,ifn_2010
82471,Eucalyptus_globulus,True,170,0.0,persistente,,0.025,ifn_2010
82472,Eucalyptus_globulus,True,702,0.0,persistente,,0.043,ifn_2010
82473,Eucalyptus_globulus,True,100,0.0,persistente,,0.039,ifn_2010
82474,Eucalyptus_globulus,True,1859,0.0,persistente,,0.011,ifn_2010
82475,Eucalyptus_globulus,True,10546,4.16,persistente,,0.021,ifn_2010
82476,Quercus_robur,False,334,0.308,persistente,,0.1,ifn_2010
82477,Pinus_pinaster,True,622,0.0,persistente,,0.087,ifn_2010
82478,Eucalyptus_globulus,True,140,0.244,persistente,,0.025,ifn_2010
82479,Eucalyptus_globulus,True,2432,0.0,persistente,,0.02,ifn_2010
82480,Quercus_robur,False,1804,0.582,persistente,,0.022,ifn_2010
82481,Pinus_radiata,True,1545,0.0,persistente,,0.092,ifn_2010
82482,Eucalyptus_globulus,True,16025,0.012,persistente,,0.035,ifn_2010
82483,Eucalyptus_globulus,True,1807,0.0,persistente,,0.036,ifn_2010
82484,Pinus_radiata,True,927,0.0,persistente,,0.021,ifn_2010
82485,Pinus_radiata,True,3879,0.0,persistente,,0.042,ifn_2010
82486,Pinus_pinaster,True,1768,0.0,persistente,,0.057,ifn_2010
82487,Quercus_robur,False,14437,3.939,persistente,,0.022,ifn_2010
82488,Eucalyptus_globulus,True,501,1.818,persistente,,0.05,ifn_2010
82489,Eucalyptus_globulus,True,17913,6.07,persistente,,0.027,ifn_2010
82490,Pinus_pinaster,True,5936,0.0,persistente,,0.051,ifn_2010
82491,Eucalyptus_globulus,True,274,2.28,persistente,,0.06,ifn_2010
82492,Eucalyptus_globulus,True,108,0.552,persistente,,0.068,ifn_2010
82493,Pinus_pinaster,True,1233,0.0,persistente,,0.155,ifn_2010
82494,Eucalyptus_globulus,True,179,1.379,persistente,,0.026,ifn_2010
82495,Eucalyptus_globulus,True,333,0.979,persistente,,0.047,ifn_2010
82496,Eucalyptus_globulus,True,7675,5.358,persistente,,0.035,ifn_2010
82497,Pinus_pinaster,True,2045,1.749,persistente,,0.098,ifn_2010
82498,Pinus_pinaster,True,516,0.0,persistente,,0.147,ifn_2010
82499,Quercus_robur,False,287,0.47,persistente,,0.03,ifn_2010
82500,Eucalyptus_globulus,True,26797,20.151,persistente,,0.031,ifn_2010
82501,Pinus_pinaster,True,2202,0.347,persistente,,0.036,ifn_2010
82502,Pinus_pinaster,True,13944,4.8,persistente,,0.085,ifn_2010
82503,Pinus_pinaster,True,4248,0.471,persistente,,0.015,ifn_2010
82504,Pinus_pinaster,True,4185,2.097,persistente,,0.018,ifn_2010
82505,Eucalyptus_globulus,True,6268,6.767,persistente,,0.011,ifn_2010
82506,Eucalyptus_globulus,True,1069,0.613,persistente,,0.05,ifn_2010
82507,Pinus_pinaster,True,1116,0.0,persistente,,0.063,ifn_2010
82508,Quercus_robur,False,1645,1.384,persistente,,0.023,ifn_2010
82509,Pinus_pinaster,True,3281,0.0,persistente,,0.074,ifn_2010
82510,Quercus_robur,False,1445,7.403,persistente,,0.021,ifn_2010
82511,Pinus_pinaster,True,1441,0.056,persistente,,0.105,ifn_2010
82512,Pinus_pinaster,True,868,1.384,persistente,,0.04,ifn_2010
82513,Quercus_robur,False,8444,0.02,persistente,,0.106,ifn_2010
82515,Pinus_pinaster,True,1237,0.0,persistente,,0.039,ifn_2010
82516,Pinus_pinaster,True,1681,0.0,persistente,,0.105,ifn_2010
82521,Pinus_pinea,False,7944,4.925,persistente,,0.023,ifn_2010
82522,Pinus_pinaster,True,922,0.0,persistente,,0.183,ifn_2010
82523,Pinus_pinaster,True,1577,0.0,persistente,,0.043,ifn_2010
82524,Pinus_radiata,True,1368,0.0,persistente,,0.062,ifn_2010
82525,Pinus_pinaster,True,5040,0.0,persistente,,0.03,ifn_2010
82526,Salix_spp,False,6328,1.404,persistente,,0.043,ifn_2010
85018,Pinus_pinaster,True,9937,4.87,persistente,,0.06,ifn_2010
85019,Eucalyptus_globulus,True,11335,0.0,persistente,,0.015,ifn_2010
85020,Pinus_pinaster,True,1614,0.0,evento,2026.0,0.195,desconocida
85021,Eucalyptus_globulus,True,12076,2.843,persistente,,0.009,ifn_2010
85022,Pinus_pinaster,True,2278,3.934,persistente,,0.016,ifn_2010
85023,Pinus_pinaster,True,16943,3.345,persistente,,0.023,ifn_2010
85024,Pinus_pinaster,True,3171,2.214,persistente,,0.153,ifn_2010
85025,Pinus_pinaster,True,1333,2.885,persistente,,0.074,ifn_2010
85026,Castanea_sativa,False,1619,0.0,persistente,,0.021,ifn_2010
85027,Pinus_pinaster,True,6195,3.712,persistente,,0.141,ifn_2010
85028,Eucalyptus_globulus,True,781,0.925,persistente,,0.03,ifn_2010
85029,Pinus_pinaster,True,1319,0.0,persistente,,0.049,ifn_2010
85030,Pinus_pinaster,True,372,0.0,persistente,,0.128,ifn_2010
85031,Eucalyptus_globulus,True,859,0.0,persistente,,0.123,ifn_2010
85032,Acacia_dealbata,True,946,0.0,evento,2020.0,0.338,desconocida
85033,Eucalyptus_globulus,True,1098,0.0,evento,2018.0,0.276,prohibida_rebrote
85034,Pinus_pinaster,True,509,0.0,evento,2018.0,0.222,desconocida
85035,Eucalyptus_globulus,True,4031,0.874,persistente,,0.022,ifn_2010
85036,Pinus_radiata,True,781,1.346,persistente,,0.029,ifn_2010
85037,Pinus_pinaster,True,1043,0.0,persistente,,0.027,ifn_2010
85038,Salix_spp,False,1132,0.411,persistente,,0.019,ifn_2010
85039,Salix_spp,False,4310,6.408,persistente,,0.015,ifn_2010
85040,Salix_spp,False,443,2.937,persistente,,0.029,ifn_2010
85041,Eucalyptus_globulus,True,11221,18.182,persistente,,0.033,ifn_2010
85042,Pinus_pinaster,True,1892,0.0,persistente,,0.138,ifn_2010
85043,Eucalyptus_globulus,True,1816,1.849,persistente,,0.062,ifn_2010
85044,Eucalyptus_globulus,True,1752,0.576,persistente,,0.072,ifn_2010
85045,Quercus_robur,False,1476,3.248,persistente,,0.033,ifn_2010
85046,Eucalyptus_globulus,True,21785,0.362,persistente,,0.028,ifn_2010
85047,Eucalyptus_globulus,True,14846,0.0,persistente,,0.012,ifn_2010
85048,Pinus_pinaster,True,1421,0.059,persistente,,0.034,ifn_2010
85049,Pinus_pinaster,True,129,0.455,persistente,,0.067,ifn_2010
85050,Alnus_glutinosa,False,1688,1.348,persistente,,0.031,ifn_2010
85051,Alnus_glutinosa,False,411,0.811,persistente,,0.022,ifn_2010
85052,Alnus_glutinosa,False,9189,0.878,persistente,,0.029,ifn_2010
85053,Alnus_glutinosa,False,6302,3.037,persistente,,0.033,ifn_2010
85054,Salix_spp,False,491,0.255,persistente,,0.116,ifn_2010
85055,Betula_alba,False,2273,0.157,evento,2018.0,0.235,desconocida
85056,Pinus_pinaster,True,2789,0.0,evento,2018.0,0.374,desconocida
85057,Eucalyptus_globulus,True,3535,0.0,persistente,,0.049,ifn_2010
85058,Eucalyptus_globulus,True,9688,0.0,persistente,,0.031,ifn_2010
85059,Eucalyptus_globulus,True,43,0.0,persistente,,0.048,ifn_2010
85060,Quercus_robur,False,422,0.0,persistente,,0.056,ifn_2010
85061,Pinus_pinaster,True,3642,0.0,persistente,,0.162,ifn_2010
85062,Eucalyptus_globulus,True,2030,0.0,persistente,,0.147,ifn_2010
85063,Pinus_pinaster,True,212,0.0,persistente,,0.05,ifn_2010
85064,Eucalyptus_globulus,True,5467,0.0,persistente,,0.05,ifn_2010
85065,Pinus_pinaster,True,563,1.165,persistente,,0.025,ifn_2010
85066,Pinus_pinaster,True,1096,6.1,persistente,,0.098,ifn_2010
85067,Pinus_pinaster,True,320,1.98,persistente,,0.1,ifn_2010
85068,Pinus_pinaster,True,1639,3.98,persistente,,0.047,ifn_2010
85069,Pinus_pinaster,True,1637,4.159,persistente,,0.058,ifn_2010
85070,Pinus_pinaster,True,3017,0.0,persistente,,0.029,ifn_2010
85071,Pinus_pinaster,True,3550,0.0,persistente,,0.076,ifn_2010
85072,Eucalyptus_globulus,True,2209,0.0,persistente,,0.049,ifn_2010
85073,Pinus_pinaster,True,829,3.695,persistente,,0.09,ifn_2010
85074,Pinus_pinaster,True,178,0.572,persistente,,0.02,ifn_2010
85075,Pinus_pinaster,True,166,0.337,persistente,,0.074,ifn_2010
85076,Pinus_pinaster,True,1347,4.967,persistente,,0.031,ifn_2010
85077,Pinus_pinaster,True,144,0.099,persistente,,0.064,ifn_2010
85078,Eucalyptus_globulus,True,15562,5.28,persistente,,0.012,ifn_2010
85079,Eucalyptus_globulus,True,11931,6.304,persistente,,0.03,ifn_2010
85080,Eucalyptus_globulus,True,3628,0.0,persistente,,0.016,ifn_2010
85081,Pinus_radiata,True,429,0.0,persistente,,0.011,ifn_2010
85082,Pinus_radiata,True,626,0.0,persistente,,0.146,ifn_2010
85083,Robinia_pseudoacacia,False,175,0.031,persistente,,0.031,ifn_2010
85084,Salix_atrocinerea,False,830,0.079,persistente,,0.026,ifn_2010
85085,Acacia_dealbata,True,104,0.407,evento,2018.0,0.266,desconocida
85086,Acacia_melanoxylon,True,234,0.0,persistente,,0.062,ifn_2010
85087,Eucalyptus_globulus,True,21931,0.0,persistente,,0.054,ifn_2010
85088,Pinus_pinaster,True,298,0.0,persistente,,0.039,ifn_2010
85089,Pinus_pinaster,True,152,0.614,persistente,,0.028,ifn_2010
85090,Eucalyptus_globulus,True,513,0.0,evento,2026.0,0.338,prohibida_rebrote
85091,Betula_alba,False,1074,0.0,evento,2018.0,0.263,desconocida
85092,Eucalyptus_globulus,True,2050,0.0,persistente,,0.155,ifn_2010
85093,Eucalyptus_globulus,True,2869,0.0,persistente,,0.023,ifn_2010
85094,Eucalyptus_globulus,True,459,0.06,persistente,,0.163,ifn_2010
85095,Eucalyptus_globulus,True,366,0.0,persistente,,0.129,ifn_2010
85096,Quercus_robur,False,109,0.0,persistente,,0.032,ifn_2010
85097,Pinus_pinaster,True,1243,2.272,persistente,,0.024,ifn_2010
85098,Acacia_melanoxylon,True,60,0.0,persistente,,0.148,ifn_2010
85099,Pinus_pinaster,True,948,1.66,persistente,,0.023,ifn_2010
85100,Eucalyptus_globulus,True,129,0.0,persistente,,0.083,ifn_2010
85101,Pinus_pinaster,True,762,2.058,persistente,,0.015,ifn_2010
85102,Eucalyptus_globulus,True,112,0.0,persistente,,0.152,ifn_2010
85103,Pinus_pinaster,True,1907,1.756,persistente,,0.04,ifn_2010
85104,Pinus_pinaster,True,488,2.186,persistente,,0.124,ifn_2010
85105,Pinus_pinaster,True,508,0.386,persistente,,0.027,ifn_2010
85106,Pinus_pinaster,True,452,1.028,persistente,,0.04,ifn_2010
85107,Acacia_dealbata,True,212,1.05,persistente,,0.066,ifn_2010
85108,Eucalyptus_globulus,True,1839,0.0,persistente,,0.163,ifn_2010
85109,Quercus_robur,False,127,0.0,persistente,,0.076,ifn_2010
85110,Quercus_robur,False,419,0.0,persistente,,0.178,ifn_2010
85111,Quercus_robur,False,1181,0.0,persistente,,0.026,ifn_2010
85112,Eucalyptus_globulus,True,3228,1.057,persistente,,0.02,ifn_2010
85113,Pinus_pinaster,True,126,0.02,evento,2023.0,0.259,desconocida
85114,Eucalyptus_globulus,True,771,0.0,persistente,,0.15,ifn_2010
85115,Eucalyptus_globulus,True,752,0.0,persistente,,0.015,ifn_2010
85116,Eucalyptus_globulus,True,828,0.0,persistente,,0.159,ifn_2010
85117,Quercus_robur,False,583,0.0,persistente,,0.019,ifn_2010
85118,Eucalyptus_globulus,True,468,0.0,persistente,,0.16,ifn_2010
85119,Eucalyptus_globulus,True,202,0.0,persistente,,0.099,ifn_2010
85120,Pinus_pinaster,True,337,0.0,persistente,,0.038,ifn_2010
85121,Pinus_pinaster,True,1233,4.712,persistente,,0.023,ifn_2010
85122,Pinus_pinaster,True,329,1.482,persistente,,0.034,ifn_2010
85123,Quercus_robur,False,413,0.653,persistente,,0.029,ifn_2010
85124,Quercus_robur,False,164,0.0,persistente,,0.016,ifn_2010
85125,Quercus_robur,False,191,0.0,persistente,,0.028,ifn_2010
85126,Eucalyptus_globulus,True,230,1.234,persistente,,0.093,ifn_2010
85127,Quercus_robur,False,147,0.741,persistente,,0.034,ifn_2010
85128,Eucalyptus_globulus,True,1654,0.0,persistente,,0.034,ifn_2010
85129,Quercus_robur,False,424,0.48,persistente,,0.016,ifn_2010
85130,Quercus_suber,False,200,0.72,persistente,,0.063,ifn_2010
85131,Eucalyptus_globulus,True,2682,2.37,persistente,,0.049,ifn_2010
85132,Pinus_pinaster,True,153,0.0,persistente,,0.027,ifn_2010
85133,Acacia_melanoxylon,True,130,0.0,persistente,,0.043,ifn_2010
85134,Eucalyptus_globulus,True,8562,0.0,evento,2018.0,0.192,prohibida_rebrote
85135,Pinus_pinaster,True,344,0.0,persistente,,0.122,ifn_2010
85136,Quercus_robur,False,169,0.111,persistente,,0.01,ifn_2010
85137,Quercus_robur,False,299,0.0,persistente,,0.032,ifn_2010
85138,Eucalyptus_globulus,True,1151,0.617,persistente,,0.032,ifn_2010
85139,Eucalyptus_globulus,True,775,0.0,persistente,,0.07,ifn_2010
85140,Pinus_pinaster,True,652,0.0,persistente,,0.123,ifn_2010
85141,Pinus_pinaster,True,277,0.871,persistente,,0.033,ifn_2010
85142,Acacia_melanoxylon,True,160,0.0,persistente,,0.121,ifn_2010
85143,Acacia_melanoxylon,True,51,0.454,persistente,,0.052,ifn_2010
85144,Eucalyptus_globulus,True,1709,0.0,persistente,,0.013,ifn_2010
85145,Pinus_pinaster,True,134,0.0,persistente,,0.109,ifn_2010
85146,Quercus_robur,False,198,0.0,persistente,,0.014,ifn_2010
85147,Eucalyptus_globulus,True,204,0.0,persistente,,0.059,ifn_2010
85148,Pinus_pinaster,True,710,0.0,persistente,,0.025,ifn_2010
85149,Eucalyptus_globulus,True,203,0.0,persistente,,0.212,ifn_2010
85150,Acacia_melanoxylon,True,126,0.0,persistente,,0.025,ifn_2010
85151,Pinus_pinaster,True,151,0.0,persistente,,0.177,ifn_2010
85152,Acacia_melanoxylon,True,224,0.0,persistente,,0.025,ifn_2010
85153,Quercus_robur,False,212,0.0,persistente,,0.019,ifn_2010
85154,Pinus_pinaster,True,840,0.0,persistente,,0.022,ifn_2010
85155,Eucalyptus_globulus,True,171,0.0,evento,2026.0,0.247,prohibida_rebrote
85156,Acacia_melanoxylon,True,234,0.0,persistente,,0.232,ifn_2010
85157,Eucalyptus_globulus,True,144,0.0,persistente,,0.036,ifn_2010
85158,Eucalyptus_globulus,True,394,2.516,persistente,,0.098,ifn_2010
85159,Quercus_robur,False,325,0.0,persistente,,0.068,ifn_2010
85160,Chamaecyparis_lawsoniana,False,224,0.0,persistente,,0.1,ifn_2010
85161,Eucalyptus_globulus,True,537,0.0,persistente,,0.042,ifn_2010
85162,Eucalyptus_globulus,True,2132,3.575,persistente,,0.022,ifn_2010
85163,Castanea_sativa,False,847,1.613,persistente,,0.023,ifn_2010
85164,Eucalyptus_globulus,True,502,0.0,persistente,,0.073,ifn_2010
85165,Quercus_robur,False,367,1.177,persistente,,0.024,ifn_2010
85166,Eucalyptus_globulus,True,97,0.292,persistente,,0.031,ifn_2010
85167,Acacia_dealbata,True,120,0.0,persistente,,0.04,ifn_2010
85168,Pinus_pinaster,True,135,0.301,persistente,,0.128,ifn_2010
85169,Pinus_pinaster,True,953,0.0,persistente,,0.075,ifn_2010
85170,Acacia_melanoxylon,True,732,0.0,evento,2018.0,0.216,desconocida
85171,Pinus_pinaster,True,395,0.0,persistente,,0.049,ifn_2010
85172,Pinus_pinaster,True,3493,0.0,evento,2018.0,0.388,desconocida
85173,Pinus_pinaster,True,3913,1.545,persistente,,0.056,ifn_2010
85174,Acacia_melanoxylon,True,113,0.724,persistente,,0.07,ifn_2010
85175,Pinus_pinaster,True,1344,3.36,persistente,,0.03,ifn_2010
85176,Pinus_pinaster,True,296,1.215,persistente,,0.045,ifn_2010
85177,Eucalyptus_globulus,True,553,2.815,persistente,,0.039,ifn_2010
85178,Pinus_pinaster,True,2683,7.011,persistente,,0.021,ifn_2010
85179,Quercus_robur,False,1232,0.0,persistente,,0.03,ifn_2010
85180,Eucalyptus_globulus,True,297,0.0,persistente,,0.017,ifn_2010
85181,Acacia_dealbata,True,1362,0.0,persistente,,0.027,ifn_2010
85182,Eucalyptus_globulus,True,306,0.0,persistente,,0.03,ifn_2010
85183,Pinus_pinaster,True,128,0.0,persistente,,0.153,ifn_2010
85184,Quercus_robur,False,904,0.966,persistente,,0.021,ifn_2010
85185,Quercus_robur,False,1652,0.626,persistente,,0.021,ifn_2010
85186,Eucalyptus_globulus,True,330,0.0,persistente,,0.027,ifn_2010
85187,Eucalyptus_globulus,True,225,0.0,persistente,,0.054,ifn_2010
85188,Eucalyptus_globulus,True,323,0.0,persistente,,0.071,ifn_2010
85189,Eucalyptus_globulus,True,518,1.05,persistente,,0.036,ifn_2010
85190,Pinus_pinaster,True,2614,2.779,persistente,,0.023,ifn_2010
85191,Salix_atrocinerea,False,178,0.0,persistente,,0.033,ifn_2010
85192,Acacia_dealbata,True,429,0.0,persistente,,0.038,ifn_2010
85193,Pinus_pinaster,True,12966,28.793,persistente,,0.044,ifn_2010
85194,Pinus_pinaster,True,5650,2.542,persistente,,0.22,ifn_2010
85195,Quercus_robur,False,871,1.86,persistente,,0.019,ifn_2010
85196,Eucalyptus_globulus,True,266,0.0,persistente,,0.155,ifn_2010
85197,Pinus_pinaster,True,255,0.0,evento,2021.0,0.209,desconocida
85198,Eucalyptus_globulus,True,432,0.009,persistente,,0.031,ifn_2010
85199,Pinus_pinaster,True,299,1.333,persistente,,0.103,ifn_2010
85200,Quercus_robur,False,903,0.0,persistente,,0.076,ifn_2010
85201,Pinus_pinaster,True,936,0.0,persistente,,0.083,ifn_2010
85202,Eucalyptus_globulus,True,2481,0.0,persistente,,0.11,ifn_2010
85203,Eucalyptus_globulus,True,20712,0.0,persistente,,0.067,ifn_2010
85204,Eucalyptus_globulus,True,166,0.0,persistente,,0.013,ifn_2010
85205,Quercus_robur,False,920,2.513,persistente,,0.115,ifn_2010
85206,Pinus_pinaster,True,0,0.0,sin_dato,,,sin_serie
85207,Pinus_pinaster,True,147,0.0,evento,2023.0,0.382,desconocida
85208,Eucalyptus_globulus,True,2295,0.0,persistente,,0.088,ifn_2010
85209,Eucalyptus_globulus,True,347,0.0,evento,2023.0,0.315,prohibida_rebrote
85210,Eucalyptus_globulus,True,445,0.0,persistente,,0.139,ifn_2010
85211,Eucalyptus_globulus,True,1310,4.085,persistente,,0.052,ifn_2010
85212,Eucalyptus_globulus,True,341,0.0,persistente,,0.034,ifn_2010
85213,Quercus_suber,False,604,0.0,persistente,,0.029,ifn_2010
85214,Pinus_pinaster,True,555,0.0,evento,2021.0,0.308,desconocida
85215,Eucalyptus_globulus,True,0,0.0,sin_dato,,,sin_serie
85216,Pinus_pinaster,True,2705,7.377,persistente,,0.026,ifn_2010
85217,Robinia_pseudoacacia,False,119,0.556,persistente,,0.05,ifn_2010
85218,Eucalyptus_globulus,True,12428,5.272,persistente,,0.017,ifn_2010
85219,Pinus_pinaster,True,2188,1.133,persistente,,0.159,ifn_2010
85220,Quercus_robur,False,772,0.0,persistente,,0.046,ifn_2010
85221,Pinus_pinaster,True,13350,0.0,persistente,,0.058,ifn_2010
85222,Eucalyptus_globulus,True,10704,15.646,persistente,,0.042,ifn_2010
85223,Eucalyptus_globulus,True,24773,6.83,persistente,,0.057,ifn_2010
85224,Acacia_spp,True,547,2.446,evento,2024.0,0.27,desconocida
85225,Eucalyptus_globulus,True,2086,0.0,persistente,,0.047,ifn_2010
85226,Pinus_pinaster,True,1141,0.0,persistente,,0.032,ifn_2010
85227,Pinus_pinaster,True,2472,0.0,persistente,,0.103,ifn_2010
85228,Eucalyptus_globulus,True,2554,0.0,persistente,,0.035,ifn_2010
85229,Pinus_pinaster,True,2745,0.0,persistente,,0.012,ifn_2010
85230,Pinus_pinaster,True,2257,3.301,persistente,,0.026,ifn_2010
85231,Acacia_spp,True,941,0.525,persistente,,0.07,ifn_2010
85232,Acacia_spp,True,457,0.0,persistente,,0.099,ifn_2010
85233,Pinus_pinaster,True,2293,4.773,persistente,,0.046,ifn_2010
85234,Eucalyptus_globulus,True,1500,0.727,persistente,,0.053,ifn_2010
85235,Quercus_robur,False,4419,5.715,persistente,,0.046,ifn_2010
85236,Pinus_pinaster,True,10341,14.772,persistente,,0.032,ifn_2010
85237,Eucalyptus_globulus,True,694,1.943,evento,2022.0,0.2,prohibida_rebrote
85238,Eucalyptus_globulus,True,2255,0.0,persistente,,0.03,ifn_2010
85239,Pinus_pinaster,True,25174,0.725,evento,2025.0,0.211,desconocida
85240,Pinus_pinaster,True,1090,0.0,persistente,,0.054,ifn_2010
85241,Eucalyptus_globulus,True,4444,4.93,persistente,,0.064,ifn_2010
85242,Eucalyptus_globulus,True,32397,3.662,persistente,,0.109,ifn_2010
85243,Eucalyptus_globulus,True,2352,0.376,persistente,,0.098,ifn_2010
85244,Betula_alba,False,6574,0.71,persistente,,0.023,ifn_2010
85245,Pinus_pinaster,True,1839,6.558,persistente,,0.075,ifn_2010
85246,Castanea_sativa,False,553,0.0,persistente,,0.165,ifn_2010
85247,Pinus_pinaster,True,2072,0.0,persistente,,0.024,ifn_2010
85248,Pinus_pinaster,True,1848,0.335,persistente,,0.148,ifn_2010
85249,Pinus_pinaster,True,307,0.637,evento,2026.0,0.21,desconocida
85250,Eucalyptus_globulus,True,2128,0.387,persistente,,0.037,ifn_2010
85251,Quercus_robur,False,166,0.469,persistente,,0.03,ifn_2010
85252,Eucalyptus_globulus,True,1156,0.0,persistente,,0.044,ifn_2010
85253,Eucalyptus_globulus,True,769,1.129,persistente,,0.022,ifn_2010
85254,Platanus_hispanica,False,175,0.838,persistente,,0.061,ifn_2010
85255,Fraxinus_angustifolia,False,210,0.568,persistente,,0.031,ifn_2010
85256,Pinus_pinaster,True,128,0.28,persistente,,0.029,ifn_2010
85257,Eucalyptus_globulus,True,2301,3.04,persistente,,0.036,ifn_2010
85258,Alnus_glutinosa,False,469,0.0,persistente,,0.023,ifn_2010
85259,Eucalyptus_globulus,True,1097,1.982,persistente,,0.08,ifn_2010
85260,Castanea_sativa,False,837,2.366,persistente,,0.016,ifn_2010
85261,Eucalyptus_globulus,True,668,0.0,persistente,,0.057,ifn_2010
85262,Acacia_dealbata,True,1841,0.158,persistente,,0.094,ifn_2010
85263,Quercus_suber,False,963,3.714,persistente,,0.03,ifn_2010
85264,Castanea_sativa,False,6778,2.096,persistente,,0.021,ifn_2010
85265,Pinus_pinaster,True,1452,0.0,persistente,,0.124,ifn_2010
85266,Eucalyptus_globulus,True,6859,2.449,persistente,,0.025,ifn_2010
85267,Eucalyptus_globulus,True,3854,3.672,persistente,,0.16,ifn_2010
85268,Pinus_pinaster,True,2499,7.239,persistente,,0.028,ifn_2010
85269,Pinus_pinaster,True,3714,5.177,persistente,,0.028,ifn_2010
85270,Pinus_pinaster,True,23748,27.723,persistente,,0.024,ifn_2010
85271,Eucalyptus_globulus,True,1629,2.385,persistente,,0.016,ifn_2010
85272,Eucalyptus_globulus,True,15697,7.055,persistente,,0.026,ifn_2010
85273,Quercus_rubra,False,1038,0.397,persistente,,0.086,ifn_2010
85274,Eucalyptus_globulus,True,12968,14.069,persistente,,0.023,ifn_2010
85275,Eucalyptus_globulus,True,17372,2.192,persistente,,0.032,ifn_2010
85276,Eucalyptus_globulus,True,4169,4.271,persistente,,0.151,ifn_2010
85277,Eucalyptus_globulus,True,42188,8.255,persistente,,0.107,ifn_2010
85278,Pinus_pinaster,True,2263,0.0,persistente,,0.043,ifn_2010
85279,Pinus_pinaster,True,7042,11.517,persistente,,0.092,ifn_2010
85280,Pinus_pinaster,True,14521,28.151,persistente,,0.032,ifn_2010
85281,Eucalyptus_globulus,True,1194,1.748,evento,2024.0,0.262,prohibida_rebrote
85282,Eucalyptus_globulus,True,6254,1.495,persistente,,0.023,ifn_2010
85283,Pinus_pinaster,True,10128,0.286,persistente,,0.09,ifn_2010
85284,Eucalyptus_globulus,True,3440,4.254,persistente,,0.018,ifn_2010
85285,Eucalyptus_globulus,True,4001,1.816,persistente,,0.065,ifn_2010
85286,Pinus_pinaster,True,19792,0.0,persistente,,0.036,ifn_2010
85287,Eucalyptus_globulus,True,4094,0.0,persistente,,0.046,ifn_2010
85288,Alnus_glutinosa,False,282,0.407,persistente,,0.041,ifn_2010
85289,Eucalyptus_globulus,True,9268,0.0,evento,2018.0,0.191,prohibida_rebrote
85290,Eucalyptus_globulus,True,75948,8.995,evento,2018.0,0.212,prohibida_rebrote
85291,Eucalyptus_globulus,True,9324,6.174,persistente,,0.01,ifn_2010
85292,Eucalyptus_globulus,True,18205,0.0,persistente,,0.039,ifn_2010
85293,Eucalyptus_globulus,True,5260,5.547,persistente,,0.036,ifn_2010
85294,Quercus_robur,False,598,1.306,persistente,,0.012,ifn_2010
85295,Quercus_robur,False,7426,3.79,persistente,,0.033,ifn_2010
85296,Pinus_pinaster,True,276,0.562,persistente,,0.097,ifn_2010
85297,Pinus_pinaster,True,1602,0.764,persistente,,0.014,ifn_2010
85298,Alnus_glutinosa,False,1706,0.603,persistente,,0.028,ifn_2010
85299,Pinus_radiata,True,7945,3.725,persistente,,0.052,ifn_2010
85300,Eucalyptus_globulus,True,72134,7.741,persistente,,0.039,ifn_2010
85301,Pinus_pinaster,True,156,0.975,persistente,,0.13,ifn_2010
85302,Pinus_pinaster,True,464,1.186,persistente,,0.038,ifn_2010
85303,Eucalyptus_globulus,True,2752,0.15,persistente,,0.063,ifn_2010
85304,Quercus_robur,False,6048,0.308,persistente,,0.146,ifn_2010
85305,Quercus_robur,False,1037,0.914,persistente,,0.151,ifn_2010
85306,Quercus_robur,False,127,0.131,evento,2026.0,0.252,desconocida
85307,Eucalyptus_globulus,True,226,1.187,persistente,,0.07,ifn_2010
85308,Pinus_pinaster,True,428,0.33,persistente,,0.042,ifn_2010
85309,Pinus_pinaster,True,604,2.169,persistente,,0.015,ifn_2010
85310,Quercus_robur,False,296,0.0,persistente,,0.016,ifn_2010
85311,Quercus_robur,False,332,0.751,persistente,,0.067,ifn_2010
85312,Quercus_robur,False,946,1.639,persistente,,0.015,ifn_2010
85313,Pinus_pinaster,True,259,1.025,persistente,,0.127,ifn_2010
85314,Eucalyptus_viminalis,True,362,1.339,persistente,,0.048,ifn_2010
85315,Pinus_pinaster,True,2472,6.571,persistente,,0.026,ifn_2010
85316,Eucalyptus_globulus,True,2228,0.893,persistente,,0.054,ifn_2010
85317,Eucalyptus_globulus,True,1018,2.594,persistente,,0.12,ifn_2010
85318,Pinus_radiata,True,1165,0.0,evento,2018.0,0.296,desconocida
85319,Alnus_glutinosa,False,910,2.325,persistente,,0.058,ifn_2010
85320,Eucalyptus_globulus,True,22532,17.516,persistente,,0.023,ifn_2010
85321,Eucalyptus_globulus,True,28122,10.087,persistente,,0.024,ifn_2010
85322,Eucalyptus_globulus,True,48798,26.535,persistente,,0.035,ifn_2010
85323,Eucalyptus_globulus,True,13091,6.926,persistente,,0.03,ifn_2010
85324,Eucalyptus_globulus,True,495,1.558,persistente,,0.061,ifn_2010
85325,Quercus_robur,False,4422,0.0,persistente,,0.028,ifn_2010
85326,Eucalyptus_globulus,True,1597,0.0,persistente,,0.021,ifn_2010
85327,Eucalyptus_globulus,True,12393,5.423,persistente,,0.008,ifn_2010
85328,Pinus_pinaster,True,365,0.0,persistente,,0.073,ifn_2010
85329,Eucalyptus_globulus,True,1832,0.0,persistente,,0.025,ifn_2010
85330,Eucalyptus_globulus,True,670,0.0,persistente,,0.151,ifn_2010
85331,Eucalyptus_globulus,True,2004,0.0,persistente,,0.009,ifn_2010
85332,Eucalyptus_globulus,True,258,0.0,persistente,,0.012,ifn_2010
85333,Eucalyptus_globulus,True,920,0.0,persistente,,0.015,ifn_2010
85334,Eucalyptus_globulus,True,1268,0.0,persistente,,0.084,ifn_2010
85335,Acacia_melanoxylon,True,952,0.0,persistente,,0.027,ifn_2010
85336,Pinus_pinaster,True,264,1.113,persistente,,0.025,ifn_2010
85337,Pinus_pinaster,True,1121,4.375,persistente,,0.025,ifn_2010
85338,Quercus_robur,False,843,2.229,persistente,,0.051,ifn_2010
85339,Pinus_pinaster,True,48891,63.416,persistente,,0.023,ifn_2010
85340,Quercus_robur,False,2131,1.507,persistente,,0.021,ifn_2010
85341,Pinus_pinaster,True,942,0.0,persistente,,0.141,ifn_2010
85342,Pinus_pinaster,True,366,1.477,persistente,,0.035,ifn_2010
85343,Pinus_pinaster,True,289,1.259,persistente,,0.011,ifn_2010
85344,Pinus_pinaster,True,4456,9.402,evento,2018.0,0.212,desconocida
85345,Pinus_pinaster,True,2349,6.129,persistente,,0.056,ifn_2010
85346,Pinus_pinaster,True,377,2.526,persistente,,0.038,ifn_2010
85347,Quercus_robur,False,299,1.521,persistente,,0.043,ifn_2010
85348,Pinus_pinaster,True,330,2.016,persistente,,0.116,ifn_2010
85349,Pinus_pinaster,True,346,1.746,persistente,,0.049,ifn_2010
85350,Pinus_pinaster,True,280,0.982,persistente,,0.038,ifn_2010
85351,Pinus_pinaster,True,1900,5.331,persistente,,0.022,ifn_2010
85352,Quercus_robur,False,490,1.674,persistente,,0.04,ifn_2010
85353,Eucalyptus_globulus,True,1124,1.891,persistente,,0.021,ifn_2010
85354,Pinus_pinaster,True,1513,3.943,persistente,,0.039,ifn_2010
85355,Eucalyptus_globulus,True,915,3.156,persistente,,0.042,ifn_2010
85356,Pinus_pinaster,True,3095,3.16,persistente,,0.019,ifn_2010
85357,Quercus_robur,False,498,0.0,persistente,,0.04,ifn_2010
85358,Pinus_pinaster,True,791,1.177,evento,2018.0,0.232,desconocida
85359,Eucalyptus_globulus,True,110,0.687,evento,2018.0,0.232,prohibida_rebrote
85360,Eucalyptus_globulus,True,589,2.217,persistente,,0.161,ifn_2010
85361,Quercus_robur,False,29617,5.247,persistente,,0.023,ifn_2010
85362,Pinus_radiata,True,453,1.466,persistente,,0.148,ifn_2010
85363,Pinus_pinaster,True,701,0.581,persistente,,0.048,ifn_2010
85364,Eucalyptus_globulus,True,313,0.0,persistente,,0.014,ifn_2010
85365,Eucalyptus_globulus,True,569,0.102,persistente,,0.066,ifn_2010
85366,Quercus_robur,False,7130,4.039,persistente,,0.022,ifn_2010
85367,Quercus_robur,False,6392,4.272,persistente,,0.018,ifn_2010
85368,Eucalyptus_globulus,True,409,0.0,evento,2019.0,0.251,prohibida_rebrote
85369,Pinus_radiata,True,799,0.0,persistente,,0.226,ifn_2010
85370,Pinus_radiata,True,556,0.015,persistente,,0.114,ifn_2010
85371,Quercus_robur,False,1909,0.57,persistente,,0.058,ifn_2010
85372,Eucalyptus_globulus,True,1186,0.31,persistente,,0.064,ifn_2010
85373,Pinus_pinaster,True,3581,0.0,persistente,,0.019,ifn_2010
85374,Eucalyptus_globulus,True,2060,0.0,persistente,,0.037,ifn_2010
85375,Pinus_radiata,True,349,0.0,persistente,,0.164,ifn_2010
85376,Eucalyptus_globulus,True,1149,0.0,evento,2024.0,0.183,prohibida_rebrote
85377,Eucalyptus_globulus,True,567,0.694,persistente,,0.035,ifn_2010
85378,Eucalyptus_globulus,True,1334,5.849,persistente,,0.034,ifn_2010
85379,Quercus_robur,False,7423,4.591,persistente,,0.024,ifn_2010
85380,Quercus_robur,False,17086,6.634,persistente,,0.024,ifn_2010
85381,Eucalyptus_globulus,True,2254,1.169,persistente,,0.036,ifn_2010
85382,Quercus_robur,False,496,2.677,persistente,,0.045,ifn_2010
85383,Pinus_pinaster,True,1245,6.469,persistente,,0.046,ifn_2010
85384,Pinus_pinaster,True,2393,7.12,persistente,,0.049,ifn_2010
85385,Quercus_robur,False,2705,0.951,persistente,,0.026,ifn_2010
85386,Eucalyptus_globulus,True,5448,0.185,persistente,,0.025,ifn_2010
85387,Pinus_pinaster,True,772,0.0,persistente,,0.043,ifn_2010
85388,Quercus_robur,False,279,0.657,persistente,,0.057,ifn_2010
85389,Pinus_pinaster,True,1441,0.0,persistente,,0.18,ifn_2010
85390,Eucalyptus_globulus,True,1042,4.072,persistente,,0.032,ifn_2010
85391,Pinus_pinaster,True,1337,4.404,persistente,,0.077,ifn_2010
85392,Pinus_pinaster,True,13227,21.661,persistente,,0.038,ifn_2010
85393,Pinus_pinaster,True,769,0.0,persistente,,0.105,ifn_2010
85394,Pinus_radiata,True,8740,0.0,persistente,,0.121,ifn_2010
85395,Pinus_pinaster,True,429,0.0,persistente,,0.134,ifn_2010
85396,Pinus_pinaster,True,1632,0.0,persistente,,0.038,ifn_2010
85397,Pinus_pinaster,True,1295,0.0,persistente,,0.026,ifn_2010
85398,Eucalyptus_globulus,True,861,0.0,persistente,,0.159,ifn_2010
85399,Pinus_pinaster,True,15624,0.0,persistente,,0.109,ifn_2010
85400,Pinus_pinaster,True,2210,0.0,persistente,,0.035,ifn_2010
85401,Castanea_sativa,False,228,0.0,persistente,,0.034,ifn_2010
85402,Pinus_pinaster,True,1656,0.0,evento,2026.0,0.24,desconocida
85403,Pinus_pinaster,True,12904,16.598,persistente,,0.023,ifn_2010
85404,Pinus_pinaster,True,773,0.0,persistente,,0.025,ifn_2010
85405,Pinus_pinaster,True,5155,0.0,persistente,,0.031,ifn_2010
85406,Eucalyptus_globulus,True,2371,0.0,persistente,,0.1,ifn_2010
85407,Eucalyptus_globulus,True,727,0.0,persistente,,0.032,ifn_2010
85408,Pinus_pinaster,True,6654,0.0,persistente,,0.053,ifn_2010
85409,Quercus_robur,False,3009,4.943,persistente,,0.034,ifn_2010
85410,Pinus_pinaster,True,2759,9.515,persistente,,0.037,ifn_2010
85411,Pinus_pinaster,True,2851,10.31,persistente,,0.057,ifn_2010
85412,Pinus_pinaster,True,709,3.161,persistente,,0.034,ifn_2010
85413,Pinus_pinaster,True,1355,4.247,persistente,,0.019,ifn_2010
85414,Pinus_pinaster,True,306,0.253,persistente,,0.025,ifn_2010
85415,Pinus_pinaster,True,1250,4.506,persistente,,0.068,ifn_2010
85416,Pinus_pinaster,True,2345,10.499,persistente,,0.032,ifn_2010
85417,Pinus_pinaster,True,472,0.0,persistente,,0.024,ifn_2010
85418,Pinus_pinaster,True,176,1.362,persistente,,0.05,ifn_2010
85419,Pinus_pinaster,True,226,2.16,persistente,,0.063,ifn_2010
85420,Pinus_pinaster,True,3949,6.522,persistente,,0.031,ifn_2010
85421,Quercus_robur,False,720,1.038,persistente,,0.037,ifn_2010
85422,Pinus_pinaster,True,227,1.669,persistente,,0.068,ifn_2010
85423,Quercus_robur,False,179,1.053,persistente,,0.077,ifn_2010
85424,Pinus_pinaster,True,3510,7.525,persistente,,0.021,ifn_2010
85425,Quercus_robur,False,657,1.78,persistente,,0.019,ifn_2010
85426,Eucalyptus_globulus,True,2603,0.0,persistente,,0.027,ifn_2010
85427,Pinus_radiata,True,4759,0.0,persistente,,0.05,ifn_2010
85428,Quercus_robur,False,10950,1.754,persistente,,0.012,ifn_2010
85429,Pinus_pinaster,True,1014,0.0,persistente,,0.057,ifn_2010
85430,Eucalyptus_globulus,True,6256,0.0,persistente,,0.048,ifn_2010
85431,Eucalyptus_globulus,True,307,0.0,persistente,,0.036,ifn_2010
85432,Pinus_radiata,True,5130,0.0,persistente,,0.054,ifn_2010
85433,Pinus_pinaster,True,2996,0.058,persistente,,0.024,ifn_2010
85434,Pinus_pinaster,True,1279,0.0,persistente,,0.016,ifn_2010
85435,Eucalyptus_globulus,True,2211,0.0,persistente,,0.085,ifn_2010
85436,Eucalyptus_globulus,True,10916,0.09,persistente,,0.034,ifn_2010
85437,Eucalyptus_globulus,True,1153,0.109,evento,2020.0,0.308,prohibida_rebrote
85438,Pinus_pinaster,True,1048,0.0,persistente,,0.005,ifn_2010
85439,Pinus_pinaster,True,1011,0.0,evento,2020.0,0.194,desconocida
85440,Eucalyptus_globulus,True,10700,0.211,persistente,,0.122,ifn_2010
85441,Pinus_pinaster,True,1380,0.177,persistente,,0.035,ifn_2010
85442,Pinus_pinaster,True,818,0.0,persistente,,0.165,ifn_2010
85443,Pinus_pinaster,True,1092,0.0,persistente,,0.023,ifn_2010
85444,Eucalyptus_globulus,True,3639,0.0,persistente,,0.031,ifn_2010
85445,Pinus_radiata,True,671,0.0,persistente,,0.028,ifn_2010
85446,Eucalyptus_globulus,True,3665,0.0,persistente,,0.019,ifn_2010
85447,Quercus_robur,False,2796,0.0,persistente,,0.027,ifn_2010
85448,Pinus_pinaster,True,446,0.0,persistente,,0.03,ifn_2010
85449,Eucalyptus_globulus,True,6722,0.0,persistente,,0.09,ifn_2010
85450,Pinus_pinaster,True,3043,0.0,persistente,,0.124,ifn_2010
85451,Eucalyptus_globulus,True,4547,0.0,persistente,,0.04,ifn_2010
85452,Eucalyptus_globulus,True,2413,0.0,persistente,,0.077,ifn_2010
85453,Pinus_radiata,True,1433,0.0,persistente,,0.082,ifn_2010
85454,Eucalyptus_globulus,True,1445,0.0,persistente,,0.026,ifn_2010
85455,Pinus_pinaster,True,565,0.0,persistente,,0.066,ifn_2010
85456,Pinus_radiata,True,3410,3.057,persistente,,0.058,ifn_2010
85457,Eucalyptus_globulus,True,5527,0.0,persistente,,0.071,ifn_2010
85458,Eucalyptus_globulus,True,1711,1.894,persistente,,0.019,ifn_2010
85459,Pinus_pinaster,True,1212,0.137,persistente,,0.03,ifn_2010
85460,Pinus_pinaster,True,815,0.0,persistente,,0.092,ifn_2010
85461,Pinus_pinaster,True,833,2.549,persistente,,0.042,ifn_2010
85462,Pinus_pinaster,True,1936,1.001,persistente,,0.029,ifn_2010
85463,Eucalyptus_globulus,True,1847,0.0,evento,2020.0,0.326,prohibida_rebrote
85464,Eucalyptus_globulus,True,568,0.0,evento,2020.0,0.297,prohibida_rebrote
85465,Eucalyptus_globulus,True,6651,0.0,persistente,,0.059,ifn_2010
85466,Pinus_pinaster,True,14557,11.616,persistente,,0.043,ifn_2010
85467,Pinus_pinaster,True,5215,0.627,persistente,,0.043,ifn_2010
85468,Eucalyptus_globulus,True,13469,16.997,persistente,,0.025,ifn_2010
85469,Pinus_pinaster,True,1544,0.013,persistente,,0.035,ifn_2010
85470,Eucalyptus_globulus,True,2153,0.0,persistente,,0.026,ifn_2010
85471,Eucalyptus_globulus,True,7472,13.586,persistente,,0.021,ifn_2010
85472,Pinus_pinaster,True,499,1.192,evento,2026.0,0.229,desconocida
85473,Pinus_pinaster,True,444,1.651,persistente,,0.041,ifn_2010
85474,Eucalyptus_globulus,True,1079,1.876,persistente,,0.028,ifn_2010
85475,Pinus_pinaster,True,1589,5.732,persistente,,0.055,ifn_2010
85476,Pinus_pinaster,True,479,2.262,persistente,,0.028,ifn_2010
85477,Pinus_pinaster,True,677,1.467,persistente,,0.045,ifn_2010
85478,Pinus_pinaster,True,230,0.326,persistente,,0.123,ifn_2010
85479,Eucalyptus_globulus,True,1727,1.022,persistente,,0.047,ifn_2010
85480,Pinus_pinaster,True,5763,14.263,persistente,,0.02,ifn_2010
85481,Alnus_glutinosa,False,575,0.0,persistente,,0.042,ifn_2010
85482,Pinus_pinaster,True,15622,8.646,persistente,,0.026,ifn_2010
85483,Pinus_pinaster,True,1478,5.034,persistente,,0.055,ifn_2010
85484,Pinus_pinaster,True,154,0.077,persistente,,0.167,ifn_2010
85485,Pinus_pinaster,True,7745,6.299,persistente,,0.053,ifn_2010
85486,Pinus_pinaster,True,4647,1.827,persistente,,0.045,ifn_2010
85487,Pinus_pinaster,True,973,0.0,persistente,,0.028,ifn_2010
85488,Pinus_pinaster,True,2107,0.631,persistente,,0.039,ifn_2010
85489,Pinus_pinaster,True,1570,0.0,persistente,,0.04,ifn_2010
85490,Eucalyptus_globulus,True,893,0.0,persistente,,0.047,ifn_2010
85491,Pinus_pinaster,True,3780,0.02,persistente,,0.035,ifn_2010
85492,Pinus_pinaster,True,8035,0.844,persistente,,0.039,ifn_2010
85493,Eucalyptus_globulus,True,4032,0.0,persistente,,0.058,ifn_2010
85494,Pinus_pinaster,True,1213,0.0,persistente,,0.032,ifn_2010
85495,Pinus_radiata,True,1087,0.0,persistente,,0.054,ifn_2010
85496,Pinus_pinaster,True,475,0.0,persistente,,0.03,ifn_2010
85497,Eucalyptus_globulus,True,4812,0.0,persistente,,0.044,ifn_2010
85498,Pinus_pinaster,True,1825,0.0,persistente,,0.048,ifn_2010
85499,Eucalyptus_globulus,True,769,0.0,persistente,,0.008,ifn_2010
85500,Pinus_pinaster,True,1009,0.0,persistente,,0.08,ifn_2010
85501,Eucalyptus_globulus,True,3423,6.298,persistente,,0.064,ifn_2010
85502,Eucalyptus_globulus,True,1456,1.733,persistente,,0.025,ifn_2010
85503,Eucalyptus_globulus,True,187,0.671,persistente,,0.162,ifn_2010
85504,Eucalyptus_globulus,True,152,0.459,persistente,,0.125,ifn_2010
85505,Pinus_pinaster,True,1978,2.452,persistente,,0.151,ifn_2010
85506,Eucalyptus_globulus,True,4643,0.0,persistente,,0.054,ifn_2010
85507,Castanea_sativa,False,217,0.0,persistente,,0.014,ifn_2010
85508,Pinus_pinaster,True,878,0.0,persistente,,0.077,ifn_2010
85509,Pinus_pinaster,True,212,0.0,persistente,,0.072,ifn_2010
85510,Eucalyptus_globulus,True,2664,0.0,persistente,,0.04,ifn_2010
85511,Pinus_radiata,True,642,0.038,persistente,,0.146,ifn_2010
85512,Eucalyptus_globulus,True,2143,5.845,persistente,,0.034,ifn_2010
85513,Pinus_pinaster,True,214,0.0,persistente,,0.02,ifn_2010
85514,Eucalyptus_globulus,True,1431,3.44,persistente,,0.019,ifn_2010
85515,Quercus_robur,False,8769,7.135,persistente,,0.024,ifn_2010
85516,Eucalyptus_globulus,True,2640,3.764,persistente,,0.046,ifn_2010
85517,Pinus_radiata,True,209,0.0,persistente,,0.228,ifn_2010
85518,Pinus_pinaster,True,5367,0.0,persistente,,0.079,ifn_2010
85519,Pinus_pinaster,True,583,2.346,persistente,,0.131,ifn_2010
85520,Pinus_pinaster,True,601,3.072,persistente,,0.07,ifn_2010
85521,Pinus_pinaster,True,398,2.537,persistente,,0.08,ifn_2010
85522,Quercus_robur,False,768,0.0,persistente,,0.026,ifn_2010
85523,Quercus_robur,False,570,0.0,persistente,,0.059,ifn_2010
85524,Eucalyptus_globulus,True,2245,1.083,persistente,,0.195,ifn_2010
85525,Eucalyptus_globulus,True,651,1.289,persistente,,0.063,ifn_2010
85526,Eucalyptus_globulus,True,5341,3.978,persistente,,0.029,ifn_2010
85527,Eucalyptus_globulus,True,12351,1.531,persistente,,0.023,ifn_2010
85528,Pinus_pinaster,True,4489,2.875,persistente,,0.021,ifn_2010
85529,Quercus_robur,False,4671,4.208,persistente,,0.025,ifn_2010
85530,Pinus_pinaster,True,428,0.811,persistente,,0.017,ifn_2010
85531,Pinus_pinaster,True,3117,4.23,persistente,,0.038,ifn_2010
85532,Quercus_robur,False,5938,1.77,persistente,,0.024,ifn_2010
85533,Pinus_pinaster,True,286,1.151,persistente,,0.041,ifn_2010
85534,Pinus_pinaster,True,1377,1.037,persistente,,0.055,ifn_2010
85535,Eucalyptus_globulus,True,1095,0.0,persistente,,0.025,ifn_2010
85536,Eucalyptus_globulus,True,3159,0.0,persistente,,0.07,ifn_2010
85537,Pinus_pinaster,True,961,0.0,persistente,,0.13,ifn_2010
85538,Pinus_pinaster,True,838,0.0,persistente,,0.049,ifn_2010
85539,Pinus_radiata,True,1744,0.016,persistente,,0.056,ifn_2010
85540,Pinus_pinaster,True,9016,3.255,persistente,,0.026,ifn_2010
85541,Pinus_pinaster,True,14209,8.154,persistente,,0.016,ifn_2010
85542,Pinus_pinaster,True,2746,0.0,persistente,,0.05,ifn_2010
85543,Pinus_pinaster,True,20864,10.856,persistente,,0.02,ifn_2010
85544,Eucalyptus_globulus,True,1870,0.0,persistente,,0.055,ifn_2010
85545,Eucalyptus_globulus,True,1200,0.0,persistente,,0.068,ifn_2010
85546,Pinus_pinaster,True,4598,0.0,persistente,,0.026,ifn_2010
85547,Pinus_radiata,True,1007,0.0,persistente,,0.178,ifn_2010
85548,Pinus_pinaster,True,12474,5.274,persistente,,0.007,ifn_2010
85549,Alnus_glutinosa,False,3514,2.523,persistente,,0.038,ifn_2010
85550,Pinus_pinaster,True,31446,25.137,persistente,,0.015,ifn_2010
85551,Pinus_pinaster,True,1686,0.0,persistente,,0.032,ifn_2010
85552,Pinus_pinaster,True,1540,0.0,persistente,,0.026,ifn_2010
85553,Eucalyptus_globulus,True,1724,0.0,persistente,,0.036,ifn_2010
85554,Pinus_pinaster,True,2515,0.0,persistente,,0.112,ifn_2010
85555,Populus_nigra,False,19441,22.615,persistente,,0.031,ifn_2010
85556,Pinus_pinaster,True,4349,0.0,persistente,,0.041,ifn_2010
85557,Pinus_pinaster,True,2473,5.111,persistente,,0.061,ifn_2010
85558,Pinus_pinaster,True,404,1.654,persistente,,0.064,ifn_2010
85559,Pinus_pinaster,True,1316,5.86,persistente,,0.068,ifn_2010
85560,Pinus_pinaster,True,12306,0.0,persistente,,0.041,ifn_2010
85561,Pinus_pinaster,True,3308,0.0,persistente,,0.043,ifn_2010
85562,Pinus_pinaster,True,507,0.0,persistente,,0.061,ifn_2010
85563,Pinus_pinaster,True,2537,0.0,persistente,,0.079,ifn_2010
85564,Pinus_pinaster,True,5271,2.42,persistente,,0.113,ifn_2010
85565,Pinus_pinaster,True,407,0.0,persistente,,0.073,ifn_2010
85566,Pinus_pinaster,True,2486,3.818,persistente,,0.032,ifn_2010
85567,Eucalyptus_globulus,True,6477,8.906,persistente,,0.019,ifn_2010
85568,Eucalyptus_globulus,True,3097,1.068,persistente,,0.04,ifn_2010
85569,Pinus_pinaster,True,16524,21.455,persistente,,0.039,ifn_2010
85570,Pinus_pinaster,True,28966,38.501,persistente,,0.143,ifn_2010
85571,Eucalyptus_globulus,True,10631,16.712,persistente,,0.024,ifn_2010
85572,Pinus_pinaster,True,13588,7.457,persistente,,0.153,ifn_2010
85573,Eucalyptus_globulus,True,1770,0.045,persistente,,0.144,ifn_2010
85574,Eucalyptus_globulus,True,483,0.0,persistente,,0.109,ifn_2010
85575,Eucalyptus_globulus,True,476,0.0,persistente,,0.109,ifn_2010
85576,Eucalyptus_globulus,True,8707,6.2,persistente,,0.145,ifn_2010
85577,Quercus_robur,False,26258,5.584,persistente,,0.093,ifn_2010
85578,Pinus_pinaster,True,13556,18.65,persistente,,0.022,ifn_2010
85579,Quercus_robur,False,1220,0.0,persistente,,0.023,ifn_2010
85580,Pinus_pinaster,True,12366,10.933,persistente,,0.014,ifn_2010
85581,Eucalyptus_globulus,True,8194,16.328,persistente,,0.022,ifn_2010
85582,Pinus_pinaster,True,491,0.0,persistente,,0.029,ifn_2010
85583,Eucalyptus_globulus,True,21925,21.215,persistente,,0.021,ifn_2010
85584,Pinus_pinaster,True,439,0.992,persistente,,0.097,ifn_2010
85585,Pinus_pinaster,True,2126,3.737,persistente,,0.017,ifn_2010
85586,Pinus_radiata,True,577,0.0,persistente,,0.181,ifn_2010
85587,Pinus_radiata,True,820,0.0,evento,2022.0,0.37,desconocida
85588,Pinus_radiata,True,131,0.0,evento,2022.0,0.364,desconocida
85589,Pinus_pinaster,True,1196,0.0,evento,2026.0,0.279,desconocida
85590,Salix_spp,False,413,0.0,persistente,,0.17,ifn_2010
85591,Castanea_sativa,False,904,0.0,persistente,,0.066,ifn_2010
85592,Castanea_sativa,False,140,0.0,persistente,,0.076,ifn_2010
85593,Castanea_sativa,False,972,0.0,persistente,,0.065,ifn_2010
85594,Pinus_pinaster,True,2052,0.0,persistente,,0.105,ifn_2010
85595,Pinus_pinaster,True,1657,0.593,persistente,,0.108,ifn_2010
85596,Pinus_pinaster,True,789,0.0,persistente,,0.146,ifn_2010
85597,Pinus_pinaster,True,426,0.0,persistente,,0.023,ifn_2010
85598,Pinus_pinaster,True,489,0.0,persistente,,0.018,ifn_2010
85599,Eucalyptus_globulus,True,114,0.183,persistente,,0.029,ifn_2010
85600,Pinus_radiata,True,1416,0.0,persistente,,0.039,ifn_2010
85601,Pinus_radiata,True,343,0.0,persistente,,0.063,ifn_2010
85602,Pinus_pinaster,True,1812,0.103,persistente,,0.047,ifn_2010
85603,Eucalyptus_globulus,True,13045,28.017,persistente,,0.019,ifn_2010
85604,Eucalyptus_globulus,True,1186,4.858,persistente,,0.125,ifn_2010
85605,Pinus_radiata,True,3102,0.0,persistente,,0.113,ifn_2010
85606,Pinus_pinaster,True,1545,0.0,persistente,,0.024,ifn_2010
85607,Pinus_pinaster,True,1799,0.684,persistente,,0.031,ifn_2010
85608,Pinus_pinaster,True,4044,0.0,persistente,,0.098,ifn_2010
85609,Eucalyptus_globulus,True,5665,4.163,persistente,,0.031,ifn_2010
85610,Eucalyptus_globulus,True,4306,0.793,persistente,,0.07,ifn_2010
85611,Eucalyptus_globulus,True,375,0.0,persistente,,0.156,ifn_2010
85612,Eucalyptus_globulus,True,826,0.0,persistente,,0.095,ifn_2010
85613,Eucalyptus_globulus,True,101,0.0,persistente,,0.095,ifn_2010
85614,Pinus_pinaster,True,191,0.0,persistente,,0.05,ifn_2010
85615,Pinus_pinaster,True,200,0.0,persistente,,0.061,ifn_2010
85616,Pinus_pinaster,True,14104,7.902,persistente,,0.042,ifn_2010
85617,Pinus_pinaster,True,27597,35.247,persistente,,0.024,ifn_2010
85618,Eucalyptus_globulus,True,893,0.0,evento,2018.0,0.202,prohibida_rebrote
85619,Pinus_pinaster,True,343,0.0,evento,2019.0,0.205,desconocida
85620,Pinus_pinaster,True,426,0.0,evento,2018.0,0.393,desconocida
85621,Pinus_pinaster,True,277,0.0,persistente,,0.093,ifn_2010
85622,Eucalyptus_globulus,True,10127,0.034,evento,2018.0,0.182,prohibida_rebrote
85623,Eucalyptus_globulus,True,1712,1.131,evento,2018.0,0.212,prohibida_rebrote
85624,Eucalyptus_globulus,True,7981,1.75,persistente,,0.132,ifn_2010
85625,Eucalyptus_globulus,True,15651,15.629,persistente,,0.184,ifn_2010
85626,Eucalyptus_globulus,True,2190,0.0,persistente,,0.169,ifn_2010
85627,Quercus_robur,False,1224,0.0,persistente,,0.028,ifn_2010
85628,Pinus_radiata,True,218,0.0,persistente,,0.176,ifn_2010
85629,Pinus_pinaster,True,1351,0.0,persistente,,0.202,ifn_2010
85630,Quercus_robur,False,178,0.706,persistente,,0.02,ifn_2010
85631,Eucalyptus_globulus,True,4713,0.0,persistente,,0.068,ifn_2010
85632,Quercus_robur,False,1965,2.527,persistente,,0.022,ifn_2010
85633,Eucalyptus_globulus,True,4056,7.755,persistente,,0.009,ifn_2010
85634,Quercus_robur,False,10135,21.719,persistente,,0.015,ifn_2010
85635,Pinus_radiata,True,329,0.0,persistente,,0.226,ifn_2010
85636,Eucalyptus_globulus,True,238,0.867,persistente,,0.144,ifn_2010
85637,Pinus_pinaster,True,2854,6.166,persistente,,0.029,ifn_2010
85638,Eucalyptus_globulus,True,1704,1.076,persistente,,0.046,ifn_2010
85639,Eucalyptus_globulus,True,1401,7.104,persistente,,0.028,ifn_2010
85640,Eucalyptus_globulus,True,5899,4.965,persistente,,0.038,ifn_2010
85641,Pinus_pinaster,True,505,0.0,evento,2022.0,0.187,desconocida
85642,Pinus_pinaster,True,829,0.652,persistente,,0.116,ifn_2010
85643,Quercus_robur,False,272,0.007,persistente,,0.017,ifn_2010
85644,Quercus_robur,False,1546,1.938,persistente,,0.023,ifn_2010
85645,Pinus_pinaster,True,4491,0.0,persistente,,0.176,ifn_2010
85646,Quercus_robur,False,802,0.0,persistente,,0.055,ifn_2010
85647,Eucalyptus_globulus,True,5998,1.75,evento,2018.0,0.192,prohibida_rebrote
85648,Eucalyptus_globulus,True,7819,0.043,persistente,,0.177,ifn_2010
85649,Eucalyptus_globulus,True,4266,1.944,persistente,,0.188,ifn_2010
85650,Pinus_pinaster,True,1173,0.834,evento,2025.0,0.195,desconocida
85651,Eucalyptus_globulus,True,4728,6.372,persistente,,0.102,ifn_2010
85652,Pinus_pinaster,True,857,1.442,evento,2018.0,0.198,desconocida
85653,Pinus_pinaster,True,670,0.0,persistente,,0.04,ifn_2010
85654,Eucalyptus_globulus,True,491,0.0,evento,2021.0,0.223,prohibida_rebrote
85655,Pinus_pinaster,True,630,0.795,persistente,,0.032,ifn_2010
85656,Pinus_pinaster,True,924,0.0,persistente,,0.027,ifn_2010
85657,Pinus_pinaster,True,915,0.597,persistente,,0.075,ifn_2010
85658,Quercus_robur,False,4798,4.232,persistente,,0.037,ifn_2010
85659,Eucalyptus_globulus,True,151,0.0,evento,2019.0,0.19,prohibida_rebrote
85660,Eucalyptus_globulus,True,240,0.0,persistente,,0.205,ifn_2010
85661,Eucalyptus_globulus,True,757,0.0,persistente,,0.011,ifn_2010
85662,Pinus_radiata,True,156,0.0,evento,2018.0,0.218,desconocida
85663,Pinus_pinaster,True,1980,0.0,persistente,,0.025,ifn_2010
85664,Pinus_pinaster,True,4133,0.0,persistente,,0.068,ifn_2010
85665,Pinus_pinaster,True,1580,0.0,persistente,,0.018,ifn_2010
85666,Pinus_pinaster,True,4115,7.174,persistente,,0.013,ifn_2010
85667,Pinus_pinaster,True,725,0.0,persistente,,0.1,ifn_2010
85668,Eucalyptus_globulus,True,3367,0.0,persistente,,0.154,ifn_2010
85669,Pinus_pinaster,True,558,0.0,persistente,,0.061,ifn_2010
85670,Pinus_pinaster,True,5931,2.96,persistente,,0.014,ifn_2010
85671,Eucalyptus_globulus,True,141,0.0,persistente,,0.177,ifn_2010
85672,Pinus_pinaster,True,460,0.0,persistente,,0.176,ifn_2010
85673,Pinus_pinaster,True,7026,3.506,persistente,,0.019,ifn_2010
85674,Quercus_robur,False,893,2.553,persistente,,0.015,ifn_2010
85675,Pinus_pinaster,True,15220,20.985,persistente,,0.026,ifn_2010
85676,Quercus_robur,False,6478,7.315,persistente,,0.02,ifn_2010
85677,Eucalyptus_globulus,True,831,2.164,persistente,,0.033,ifn_2010
85678,Eucalyptus_globulus,True,3173,1.919,persistente,,0.02,ifn_2010
85679,Eucalyptus_globulus,True,1154,0.0,persistente,,0.04,ifn_2010
85680,Eucalyptus_globulus,True,471,0.0,persistente,,0.03,ifn_2010
85681,Pinus_pinaster,True,4942,7.293,persistente,,0.014,ifn_2010
85682,Pinus_pinaster,True,3653,2.983,persistente,,0.007,ifn_2010
85683,Eucalyptus_globulus,True,19013,4.075,persistente,,0.037,ifn_2010
85684,Pinus_pinaster,True,329,0.0,persistente,,0.069,ifn_2010
85685,Pinus_pinaster,True,3334,10.384,persistente,,0.013,ifn_2010
85686,Pinus_pinaster,True,4456,6.239,persistente,,0.04,ifn_2010
85687,Eucalyptus_globulus,True,780,0.0,evento,2021.0,0.476,prohibida_rebrote
85688,Salix_spp,False,908,1.007,persistente,,0.054,ifn_2010
85689,Salix_spp,False,971,0.0,persistente,,0.044,ifn_2010
85690,Pinus_pinaster,True,380,1.679,persistente,,0.088,ifn_2010
85691,Pinus_pinaster,True,2294,2.763,persistente,,0.034,ifn_2010
85692,Pinus_pinaster,True,1081,3.798,persistente,,0.032,ifn_2010
85693,Pinus_pinaster,True,7105,8.34,persistente,,0.034,ifn_2010
85694,Pinus_pinaster,True,724,3.238,persistente,,0.068,ifn_2010
85695,Pinus_pinaster,True,696,1.6,persistente,,0.033,ifn_2010
85696,Pinus_pinaster,True,215,0.948,persistente,,0.105,ifn_2010
85697,Pinus_pinaster,True,179,1.01,persistente,,0.025,ifn_2010
85698,Pinus_pinaster,True,965,1.923,persistente,,0.103,ifn_2010
85699,Pinus_pinaster,True,403,0.006,persistente,,0.067,ifn_2010
85700,Pinus_pinaster,True,1191,4.659,persistente,,0.041,ifn_2010
85701,Pinus_pinaster,True,445,1.318,persistente,,0.047,ifn_2010
85702,Pinus_pinaster,True,779,0.0,persistente,,0.101,ifn_2010
85703,Pinus_pinaster,True,1399,0.0,persistente,,0.143,ifn_2010
85704,Pinus_pinaster,True,9948,4.579,persistente,,0.023,ifn_2010
85705,Pinus_pinaster,True,129,0.429,persistente,,0.072,ifn_2010
85706,Pinus_pinaster,True,454,2.379,persistente,,0.023,ifn_2010
85707,Pinus_pinaster,True,262,0.8,persistente,,0.105,ifn_2010
85708,Pinus_pinaster,True,1070,0.294,persistente,,0.038,ifn_2010
85709,Pinus_pinaster,True,149,0.025,persistente,,0.02,ifn_2010
85710,Pinus_pinaster,True,122,0.0,persistente,,0.032,ifn_2010
85711,Pinus_pinaster,True,98,0.495,persistente,,0.026,ifn_2010
85712,Pinus_pinaster,True,412,1.177,persistente,,0.035,ifn_2010
85713,Pinus_pinaster,True,263,0.817,persistente,,0.078,ifn_2010
85714,Pinus_pinaster,True,3092,0.0,persistente,,0.006,ifn_2010
85715,Pinus_pinaster,True,4552,0.048,persistente,,0.023,ifn_2010
85716,Pinus_pinaster,True,7123,1.532,persistente,,0.023,ifn_2010
85717,Pinus_pinaster,True,1193,1.228,persistente,,0.087,ifn_2010
85718,Pinus_pinaster,True,2578,0.0,evento,2022.0,0.188,desconocida
85719,Pinus_radiata,True,1148,0.0,persistente,,0.042,ifn_2010
85720,Eucalyptus_globulus,True,1061,0.0,persistente,,0.056,ifn_2010
85721,Castanea_sativa,False,1108,0.0,persistente,,0.074,ifn_2010
85722,Eucalyptus_globulus,True,702,0.0,persistente,,0.017,ifn_2010
85723,Pinus_radiata,True,589,0.0,persistente,,0.144,ifn_2010
85724,Eucalyptus_globulus,True,2041,4.56,persistente,,0.104,ifn_2010
85725,Pinus_pinaster,True,674,2.437,persistente,,0.022,ifn_2010
85726,Eucalyptus_globulus,True,408,1.626,persistente,,0.03,ifn_2010
85727,Pinus_pinaster,True,3550,1.333,persistente,,0.017,ifn_2010
85728,Pinus_pinaster,True,4284,6.81,persistente,,0.049,ifn_2010
85729,Eucalyptus_globulus,True,6905,22.588,persistente,,0.034,ifn_2010
85730,Pinus_pinaster,True,2234,2.31,persistente,,0.028,ifn_2010
85731,Eucalyptus_globulus,True,2133,0.0,persistente,,0.169,ifn_2010
85732,Eucalyptus_globulus,True,1929,0.0,evento,2018.0,0.242,prohibida_rebrote
85733,Pinus_radiata,True,1681,0.0,persistente,,0.101,ifn_2010
85734,Pinus_radiata,True,2153,0.0,persistente,,0.044,ifn_2010
85735,Pinus_pinaster,True,6112,0.0,persistente,,0.068,ifn_2010
85736,Eucalyptus_globulus,True,12601,16.74,persistente,,0.022,ifn_2010
85737,Pinus_pinaster,True,865,0.0,persistente,,0.05,ifn_2010
85738,Eucalyptus_globulus,True,951,0.0,persistente,,0.141,ifn_2010
85739,Eucalyptus_globulus,True,1961,0.0,persistente,,0.036,ifn_2010
85740,Pinus_pinaster,True,9711,10.487,persistente,,0.034,ifn_2010
85741,Pinus_pinaster,True,1602,0.0,persistente,,0.137,ifn_2010
85742,Pinus_pinaster,True,515,0.0,persistente,,0.178,ifn_2010
85743,Pinus_pinaster,True,14175,8.839,persistente,,0.06,ifn_2010
85744,Pinus_pinaster,True,11077,6.463,persistente,,0.045,ifn_2010
85745,Pinus_pinaster,True,713,0.0,persistente,,0.11,ifn_2010
85746,Pinus_pinaster,True,851,1.761,persistente,,0.068,ifn_2010
85747,Pinus_pinaster,True,2546,3.32,persistente,,0.111,ifn_2010
85748,Pinus_pinaster,True,155,0.654,persistente,,0.116,ifn_2010
85749,Pinus_pinaster,True,2640,0.88,persistente,,0.17,ifn_2010
85750,Eucalyptus_globulus,True,2517,1.159,persistente,,0.019,ifn_2010
85751,Pinus_pinaster,True,2536,0.0,persistente,,0.04,ifn_2010
85752,Pinus_pinaster,True,13191,23.625,persistente,,0.027,ifn_2010
85753,Pinus_pinaster,True,1431,4.602,persistente,,0.047,ifn_2010
85754,Pinus_pinaster,True,904,0.089,persistente,,0.061,ifn_2010
85755,Eucalyptus_globulus,True,1603,0.0,evento,2022.0,0.277,prohibida_rebrote
85756,Eucalyptus_globulus,True,2163,0.285,persistente,,0.026,ifn_2010
85757,Eucalyptus_globulus,True,367,0.088,persistente,,0.087,ifn_2010
85758,Pinus_pinaster,True,167,0.893,persistente,,0.062,ifn_2010
85759,Pinus_pinaster,True,123,0.028,persistente,,0.114,ifn_2010
85760,Pinus_pinaster,True,267,1.578,persistente,,0.03,ifn_2010
85761,Pinus_pinaster,True,4551,0.0,persistente,,0.047,ifn_2010
85762,Pinus_pinaster,True,9044,0.0,evento,2018.0,0.238,desconocida
85763,Pinus_pinaster,True,4686,0.0,evento,2018.0,0.239,desconocida
85764,Pinus_radiata,True,1181,0.0,evento,2018.0,0.277,desconocida
85765,Pinus_pinaster,True,2678,0.0,persistente,,0.178,ifn_2010
85766,Pinus_pinaster,True,9891,9.367,evento,2018.0,0.222,desconocida
85767,Pinus_pinaster,True,2648,0.0,evento,2018.0,0.229,desconocida
85768,Eucalyptus_globulus,True,1250,1.169,persistente,,0.032,ifn_2010
85769,Eucalyptus_globulus,True,2397,3.025,persistente,,0.082,ifn_2010
85770,Eucalyptus_globulus,True,515,0.232,persistente,,0.034,ifn_2010
85771,Eucalyptus_globulus,True,556,0.394,persistente,,0.154,ifn_2010
85772,Pinus_pinaster,True,357,0.0,persistente,,0.167,ifn_2010
85773,Pinus_pinaster,True,201,0.911,persistente,,0.028,ifn_2010
85774,Pinus_pinaster,True,277,0.39,persistente,,0.017,ifn_2010
85775,Pinus_pinaster,True,202,0.905,persistente,,0.033,ifn_2010
85776,Pinus_pinaster,True,331,1.285,persistente,,0.03,ifn_2010
85777,Pinus_pinaster,True,833,1.978,persistente,,0.016,ifn_2010
85778,Pinus_pinaster,True,738,1.393,persistente,,0.047,ifn_2010
85779,Pinus_pinaster,True,357,1.694,persistente,,0.112,ifn_2010
85780,Pinus_pinaster,True,240,1.472,evento,2025.0,0.21,desconocida
85781,Pinus_pinaster,True,120,0.713,evento,2026.0,0.263,desconocida
85782,Pinus_pinaster,True,413,1.305,persistente,,0.088,ifn_2010
85783,Eucalyptus_globulus,True,16286,20.273,persistente,,0.022,ifn_2010
85784,Eucalyptus_globulus,True,2172,1.845,persistente,,0.05,ifn_2010
85785,Eucalyptus_globulus,True,1705,0.0,persistente,,0.041,ifn_2010
85786,Salix_spp,False,952,0.0,persistente,,0.028,ifn_2010
85787,Pinus_pinaster,True,1290,0.0,persistente,,0.029,ifn_2010
85788,Pinus_pinaster,True,606,0.0,persistente,,0.048,ifn_2010
85789,Eucalyptus_globulus,True,1087,3.033,persistente,,0.028,ifn_2010
85790,Eucalyptus_globulus,True,5364,18.265,persistente,,0.032,ifn_2010
85791,Pinus_pinaster,True,412,2.117,persistente,,0.053,ifn_2010
85792,Pinus_pinaster,True,106,0.62,persistente,,0.055,ifn_2010
85793,Pinus_pinaster,True,205,0.0,persistente,,0.052,ifn_2010
85794,Pinus_pinaster,True,358,1.568,persistente,,0.036,ifn_2010
85795,Pinus_pinaster,True,254,0.0,evento,2018.0,0.3,desconocida
85796,Eucalyptus_globulus,True,4046,0.0,persistente,,0.178,ifn_2010
85797,Pinus_pinaster,True,2042,0.0,evento,2018.0,0.249,desconocida
85798,Pinus_pinaster,True,196,0.0,evento,2018.0,0.366,desconocida
85799,Pinus_pinaster,True,6250,13.145,persistente,,0.024,ifn_2010
85800,Pinus_pinaster,True,385,1.876,persistente,,0.041,ifn_2010
85801,Pinus_pinaster,True,567,1.332,persistente,,0.026,ifn_2010
85802,Pinus_pinaster,True,295,2.021,persistente,,0.072,ifn_2010
85803,Eucalyptus_globulus,True,2213,0.0,persistente,,0.196,ifn_2010
85804,Eucalyptus_globulus,True,3624,1.627,persistente,,0.156,ifn_2010
85805,Eucalyptus_globulus,True,12876,0.0,persistente,,0.048,ifn_2010
85806,Pinus_pinaster,True,2632,0.0,evento,2019.0,0.252,desconocida
85807,Castanea_sativa,False,455,0.0,persistente,,0.019,ifn_2010
85808,Pinus_pinaster,True,1137,0.0,persistente,,0.096,ifn_2010
85809,Pinus_pinaster,True,877,0.385,evento,2026.0,0.305,desconocida
85810,Pinus_pinaster,True,1132,3.067,persistente,,0.065,ifn_2010
85811,Pinus_pinaster,True,1280,3.494,persistente,,0.054,ifn_2010
85812,Eucalyptus_globulus,True,284,0.0,persistente,,0.147,ifn_2010
85813,Pinus_pinaster,True,6945,9.11,persistente,,0.075,ifn_2010
85814,Pinus_pinaster,True,2783,0.0,evento,2018.0,0.237,desconocida
85815,Pinus_pinaster,True,1400,0.0,persistente,,0.06,ifn_2010
85816,Pinus_pinaster,True,759,0.0,persistente,,0.036,ifn_2010
85817,Pinus_pinaster,True,601,0.0,persistente,,0.139,ifn_2010
85818,Eucalyptus_globulus,True,1185,2.947,persistente,,0.114,ifn_2010
85819,Eucalyptus_globulus,True,1985,0.055,persistente,,0.017,ifn_2010
85820,Pinus_pinaster,True,327,1.225,persistente,,0.067,ifn_2010
85821,Pinus_pinaster,True,148,0.0,persistente,,0.029,ifn_2010
85822,Pinus_pinaster,True,4752,12.616,persistente,,0.051,ifn_2010
85823,Pinus_pinaster,True,223,1.127,persistente,,0.073,ifn_2010
85824,Pinus_pinaster,True,487,1.286,persistente,,0.012,ifn_2010
85825,Pinus_pinaster,True,999,5.986,persistente,,0.069,ifn_2010
85826,Pinus_pinaster,True,445,2.119,persistente,,0.078,ifn_2010
85827,Pinus_pinaster,True,183,0.0,persistente,,0.067,ifn_2010
85828,Pinus_pinaster,True,899,0.074,persistente,,0.058,ifn_2010
85829,Eucalyptus_globulus,True,1325,0.0,persistente,,0.035,ifn_2010
85830,Populus_nigra,False,339,0.0,persistente,,0.145,ifn_2010
85831,Pinus_pinaster,True,1778,2.879,persistente,,0.027,ifn_2010
85832,Pinus_pinaster,True,191,0.349,evento,2019.0,0.202,desconocida
85833,Pinus_pinaster,True,544,1.172,persistente,,0.175,ifn_2010
85834,Pinus_pinaster,True,272,0.686,persistente,,0.129,ifn_2010
85835,Pinus_pinaster,True,226,0.784,persistente,,0.125,ifn_2010
85836,Pinus_pinaster,True,1402,5.642,persistente,,0.032,ifn_2010
85837,Pinus_pinaster,True,4338,19.038,persistente,,0.046,ifn_2010
85838,Pinus_pinaster,True,656,2.554,persistente,,0.087,ifn_2010
85839,Pinus_pinaster,True,237,0.296,persistente,,0.036,ifn_2010
85840,Pinus_pinaster,True,461,2.831,persistente,,0.068,ifn_2010
85841,Pinus_pinaster,True,120,0.909,persistente,,0.078,ifn_2010
85842,Pinus_pinaster,True,334,1.56,persistente,,0.093,ifn_2010
85843,Pinus_pinaster,True,323,0.931,persistente,,0.062,ifn_2010
85844,Pinus_pinaster,True,1246,0.259,evento,2018.0,0.18,desconocida
85845,Pinus_pinaster,True,1779,0.922,evento,2018.0,0.293,desconocida
85846,Pinus_pinaster,True,1229,1.517,evento,2018.0,0.397,desconocida
85847,Pinus_pinaster,True,273,0.725,persistente,,0.05,ifn_2010
85848,Pinus_pinaster,True,151,0.468,persistente,,0.035,ifn_2010
85849,Pinus_pinaster,True,134,0.638,evento,2021.0,0.203,desconocida
85850,Pinus_pinaster,True,1055,0.005,persistente,,0.099,ifn_2010
85851,Pinus_pinaster,True,2449,2.02,persistente,,0.024,ifn_2010
85852,Pinus_pinaster,True,758,2.742,persistente,,0.052,ifn_2010
85853,Eucalyptus_globulus,True,292,0.432,persistente,,0.015,ifn_2010
85854,Pinus_radiata,True,1539,0.545,persistente,,0.098,ifn_2010
85855,Pinus_pinaster,True,1436,0.0,persistente,,0.021,ifn_2010
85856,Eucalyptus_globulus,True,5113,0.0,persistente,,0.052,ifn_2010
85857,Eucalyptus_globulus,True,747,0.0,persistente,,0.062,ifn_2010
85858,Pinus_pinaster,True,9010,10.995,persistente,,0.031,ifn_2010
85859,Pinus_pinaster,True,936,3.743,persistente,,0.056,ifn_2010
85860,Pinus_pinaster,True,190,0.829,persistente,,0.07,ifn_2010
85861,Pinus_pinaster,True,112,0.439,persistente,,0.058,ifn_2010
85862,Pinus_pinaster,True,114,0.792,persistente,,0.034,ifn_2010
85863,Pinus_pinaster,True,132,0.618,persistente,,0.024,ifn_2010
85864,Pinus_pinaster,True,243,0.0,persistente,,0.134,ifn_2010
85865,Pinus_pinaster,True,201,0.965,persistente,,0.041,ifn_2010
85866,Pinus_pinaster,True,223,1.113,persistente,,0.063,ifn_2010
85867,Pinus_pinaster,True,548,0.0,persistente,,0.042,ifn_2010
85868,Salix_spp,False,366,1.386,persistente,,0.017,ifn_2010
85869,Eucalyptus_globulus,True,1786,0.0,persistente,,0.136,ifn_2010
85870,Pinus_pinaster,True,278,0.0,persistente,,0.016,ifn_2010
85871,Pinus_pinaster,True,609,0.0,persistente,,0.022,ifn_2010
85872,Pinus_pinaster,True,3897,3.925,evento,2018.0,0.272,desconocida
85873,Pinus_pinaster,True,1650,6.045,persistente,,0.034,ifn_2010
85874,Pinus_pinaster,True,766,2.271,persistente,,0.042,ifn_2010
85875,Pinus_pinaster,True,207,1.608,persistente,,0.091,ifn_2010
85876,Pinus_pinaster,True,397,2.602,persistente,,0.044,ifn_2010
85877,Pinus_pinaster,True,335,2.157,persistente,,0.062,ifn_2010
85878,Pinus_pinaster,True,143,0.811,persistente,,0.102,ifn_2010
85879,Pinus_pinaster,True,4278,4.399,persistente,,0.058,ifn_2010
85880,Pinus_pinaster,True,454,0.604,persistente,,0.037,ifn_2010
85881,Pinus_pinaster,True,253,1.708,persistente,,0.038,ifn_2010
85882,Pinus_pinaster,True,990,1.877,persistente,,0.055,ifn_2010
85883,Pinus_pinaster,True,493,0.0,persistente,,0.05,ifn_2010
85884,Pinus_pinaster,True,1063,0.0,persistente,,0.012,ifn_2010
85885,Eucalyptus_globulus,True,4890,0.0,persistente,,0.051,ifn_2010
85886,Pinus_pinaster,True,362,0.911,persistente,,0.032,ifn_2010
85887,Pinus_pinaster,True,4896,0.944,persistente,,0.016,ifn_2010
85888,Pinus_pinaster,True,3570,0.0,persistente,,0.043,ifn_2010
85889,Pinus_pinaster,True,144,0.467,persistente,,0.166,ifn_2010
85890,Pinus_pinaster,True,2412,0.935,persistente,,0.021,ifn_2010
85891,Pinus_pinaster,True,155,0.881,persistente,,0.039,ifn_2010
85892,Pinus_pinaster,True,1703,0.0,persistente,,0.035,ifn_2010
85893,Pinus_pinaster,True,145,0.0,persistente,,0.03,ifn_2010
85894,Pinus_pinaster,True,1833,0.0,persistente,,0.087,ifn_2010
85895,Pinus_pinaster,True,731,0.0,persistente,,0.011,ifn_2010
85896,Pinus_pinaster,True,280,1.486,persistente,,0.061,ifn_2010
85897,Pinus_pinaster,True,184,0.0,persistente,,0.062,ifn_2010
85898,Pinus_pinaster,True,201,0.0,persistente,,0.026,ifn_2010
85899,Pinus_pinaster,True,218,0.135,persistente,,0.084,ifn_2010
85900,Pinus_pinaster,True,272,0.328,persistente,,0.039,ifn_2010
85901,Pinus_pinaster,True,194,0.0,persistente,,0.054,ifn_2010
85902,Pinus_pinaster,True,258,0.999,evento,2021.0,0.344,desconocida
85903,Pinus_pinaster,True,303,1.291,persistente,,0.145,ifn_2010
85904,Eucalyptus_globulus,True,816,0.0,persistente,,0.024,ifn_2010
85905,Pinus_pinaster,True,5320,5.248,persistente,,0.04,ifn_2010
85906,Pinus_pinaster,True,295,0.729,persistente,,0.075,ifn_2010
85907,Pinus_pinaster,True,1740,2.485,persistente,,0.023,ifn_2010
85908,Pinus_pinaster,True,1297,3.995,persistente,,0.026,ifn_2010
85909,Pinus_pinaster,True,184,0.0,persistente,,0.119,ifn_2010
85910,Pinus_pinaster,True,223,0.824,persistente,,0.04,ifn_2010
85911,Pinus_pinaster,True,739,1.308,persistente,,0.029,ifn_2010
85912,Pinus_pinaster,True,364,0.0,persistente,,0.073,ifn_2010
85913,Pinus_pinaster,True,117,0.001,persistente,,0.115,ifn_2010
85914,Pinus_pinaster,True,2266,0.0,persistente,,0.041,ifn_2010
85915,Pinus_pinaster,True,326,0.324,persistente,,0.041,ifn_2010
85916,Pinus_pinaster,True,201,1.266,persistente,,0.074,ifn_2010
85917,Pinus_pinaster,True,257,1.309,persistente,,0.032,ifn_2010
85918,Pinus_pinaster,True,1599,5.822,persistente,,0.026,ifn_2010
85919,Pinus_pinaster,True,355,0.855,persistente,,0.024,ifn_2010
85920,Pinus_pinaster,True,320,0.319,persistente,,0.017,ifn_2010
85921,Pinus_pinaster,True,2140,8.853,persistente,,0.037,ifn_2010
85922,Pinus_pinaster,True,1355,3.273,persistente,,0.03,ifn_2010
85923,Alnus_glutinosa,False,4237,7.418,persistente,,0.025,ifn_2010
85924,Pinus_pinaster,True,370,1.838,persistente,,0.045,ifn_2010
85925,Pinus_pinaster,True,472,0.897,persistente,,0.045,ifn_2010
85926,Pinus_pinaster,True,362,1.98,persistente,,0.057,ifn_2010
85927,Pinus_pinaster,True,227,0.819,persistente,,0.037,ifn_2010
85928,Pinus_pinaster,True,635,1.99,persistente,,0.037,ifn_2010
85929,Pinus_pinaster,True,184,1.328,persistente,,0.067,ifn_2010
85930,Alnus_glutinosa,False,1084,0.851,persistente,,0.026,ifn_2010
85931,Pinus_pinaster,True,100,0.366,persistente,,0.102,ifn_2010
85932,Pinus_pinaster,True,465,0.951,persistente,,0.069,ifn_2010
85933,Pinus_pinaster,True,363,1.643,persistente,,0.062,ifn_2010
85934,Pinus_pinaster,True,787,3.547,persistente,,0.024,ifn_2010
85935,Pinus_pinaster,True,339,0.0,persistente,,0.052,ifn_2010
85936,Pinus_pinaster,True,119,0.674,persistente,,0.046,ifn_2010
85937,Pinus_pinaster,True,839,2.827,persistente,,0.058,ifn_2010
85938,Pinus_pinaster,True,472,1.589,persistente,,0.06,ifn_2010
85939,Pinus_pinaster,True,279,0.429,persistente,,0.031,ifn_2010
85940,Pinus_pinaster,True,177,0.811,persistente,,0.041,ifn_2010
85941,Pinus_pinaster,True,2043,6.185,persistente,,0.037,ifn_2010
85942,Pinus_pinaster,True,409,1.669,persistente,,0.017,ifn_2010
85943,Pinus_pinaster,True,230,0.0,persistente,,0.089,ifn_2010
85944,Eucalyptus_globulus,True,1468,4.917,persistente,,0.021,ifn_2010
85945,Pinus_pinaster,True,1160,0.0,evento,2018.0,0.279,desconocida
85946,Pinus_pinaster,True,2517,4.259,evento,2018.0,0.251,desconocida
85947,Pinus_pinaster,True,571,0.0,persistente,,0.159,ifn_2010
85948,Pinus_pinaster,True,932,0.977,persistente,,0.037,ifn_2010
85949,Pinus_pinaster,True,785,0.0,persistente,,0.106,ifn_2010
85950,Eucalyptus_globulus,True,8867,5.921,evento,2018.0,0.196,prohibida_rebrote
85951,Eucalyptus_globulus,True,22177,23.55,persistente,,0.107,ifn_2010
85952,Eucalyptus_globulus,True,1867,0.821,evento,2018.0,0.222,prohibida_rebrote
85953,Eucalyptus_globulus,True,236,1.119,persistente,,0.042,ifn_2010
85954,Eucalyptus_globulus,True,131,0.035,persistente,,0.039,ifn_2010
85955,Pinus_pinaster,True,3098,0.038,evento,2018.0,0.389,desconocida
85956,Eucalyptus_globulus,True,11581,1.609,persistente,,0.135,ifn_2010
85957,Eucalyptus_globulus,True,171,0.417,persistente,,0.015,ifn_2010
85958,Eucalyptus_globulus,True,7519,13.561,persistente,,0.043,ifn_2010
85959,Pinus_pinaster,True,5354,7.237,persistente,,0.042,ifn_2010
85960,Pinus_pinaster,True,1667,5.811,persistente,,0.059,ifn_2010
85961,Eucalyptus_globulus,True,295,1.487,persistente,,0.173,ifn_2010
85962,Eucalyptus_globulus,True,3500,0.0,persistente,,0.16,ifn_2010
85963,Alnus_glutinosa,False,2545,0.019,persistente,,0.045,ifn_2010
85964,Pinus_pinaster,True,120,0.0,persistente,,0.067,ifn_2010
85965,Eucalyptus_globulus,True,2685,0.0,persistente,,0.029,ifn_2010
85966,Eucalyptus_globulus,True,1340,2.717,persistente,,0.019,ifn_2010
85967,Quercus_robur,False,2524,0.392,persistente,,0.026,ifn_2010
85968,Quercus_robur,False,518,0.741,persistente,,0.017,ifn_2010
85969,Pinus_radiata,True,724,0.0,persistente,,0.06,ifn_2010
85970,Pinus_pinaster,True,770,0.0,persistente,,0.033,ifn_2010
85971,Eucalyptus_globulus,True,1989,0.0,persistente,,0.086,ifn_2010
85972,Castanea_sativa,False,1028,0.0,persistente,,0.066,ifn_2010
85973,Eucalyptus_globulus,True,1994,0.0,persistente,,0.067,ifn_2010
85974,Pinus_pinaster,True,20095,13.363,persistente,,0.009,ifn_2010
85975,Eucalyptus_globulus,True,1833,0.0,persistente,,0.021,ifn_2010
85976,Quercus_robur,False,2085,0.0,persistente,,0.031,ifn_2010
85977,Eucalyptus_globulus,True,279,0.0,persistente,,0.005,ifn_2010
85978,Eucalyptus_globulus,True,14931,11.852,persistente,,0.014,ifn_2010
85979,Eucalyptus_globulus,True,12190,4.65,persistente,,0.025,ifn_2010
85980,Pinus_pinaster,True,1604,0.0,persistente,,0.022,ifn_2010
85981,Pinus_pinaster,True,1091,0.0,persistente,,0.055,ifn_2010
85982,Eucalyptus_globulus,True,20752,11.042,persistente,,0.034,ifn_2010
85983,Eucalyptus_globulus,True,3096,0.0,persistente,,0.053,ifn_2010
85984,Eucalyptus_globulus,True,209,0.0,persistente,,0.013,ifn_2010
85985,Eucalyptus_globulus,True,1636,0.0,persistente,,0.053,ifn_2010
85986,Eucalyptus_globulus,True,100,0.0,persistente,,0.07,ifn_2010
85987,Eucalyptus_globulus,True,6556,12.894,persistente,,0.025,ifn_2010
85988,Pinus_pinaster,True,808,0.0,evento,2026.0,0.349,desconocida
85989,Pinus_pinaster,True,758,0.0,persistente,,0.018,ifn_2010
85990,Pinus_pinaster,True,677,0.0,persistente,,0.071,ifn_2010
85991,Eucalyptus_globulus,True,3791,0.0,persistente,,0.068,ifn_2010
85992,Eucalyptus_globulus,True,7600,1.69,persistente,,0.124,ifn_2010
85993,Pinus_pinaster,True,3580,0.0,persistente,,0.099,ifn_2010
85994,Pinus_radiata,True,3967,0.0,persistente,,0.094,ifn_2010
85995,Pinus_radiata,True,1095,0.0,persistente,,0.149,ifn_2010
85996,Eucalyptus_globulus,True,13179,1.517,persistente,,0.051,ifn_2010
85997,Quercus_rubra,False,3528,0.0,persistente,,0.029,ifn_2010
85998,Pinus_pinaster,True,2874,0.0,persistente,,0.051,ifn_2010
85999,Quercus_robur,False,338,1.309,persistente,,0.031,ifn_2010
86000,Quercus_robur,False,258,0.438,persistente,,0.025,ifn_2010
86001,Eucalyptus_globulus,True,1810,1.82,persistente,,0.029,ifn_2010
86002,Eucalyptus_globulus,True,310,0.0,persistente,,0.036,ifn_2010
86003,Pinus_pinaster,True,1045,0.0,evento,2018.0,0.341,desconocida
86004,Alnus_glutinosa,False,233,0.021,persistente,,0.033,ifn_2010
86005,Eucalyptus_globulus,True,683,0.0,persistente,,0.068,ifn_2010
86006,Eucalyptus_globulus,True,636,0.0,persistente,,0.033,ifn_2010
86007,Pinus_radiata,True,697,0.0,persistente,,0.04,ifn_2010
86008,Pinus_pinaster,True,719,0.0,persistente,,0.081,ifn_2010
86009,Eucalyptus_globulus,True,829,0.849,persistente,,0.112,ifn_2010
86010,Eucalyptus_globulus,True,1928,2.565,persistente,,0.057,ifn_2010
86011,Pinus_pinaster,True,2014,0.019,persistente,,0.034,ifn_2010
86012,Eucalyptus_globulus,True,20304,0.905,persistente,,0.122,ifn_2010
86013,Castanea_sativa,False,772,0.0,persistente,,0.077,ifn_2010
86014,Pinus_pinaster,True,5756,0.0,persistente,,0.066,ifn_2010
86015,Pinus_pinaster,True,689,2.226,persistente,,0.175,ifn_2010
86016,Pinus_pinaster,True,3208,5.751,persistente,,0.038,ifn_2010
86017,Eucalyptus_globulus,True,1864,1.797,persistente,,0.052,ifn_2010
86018,Pinus_pinaster,True,396,2.427,persistente,,0.06,ifn_2010
86019,Pinus_pinaster,True,1436,0.0,persistente,,0.029,ifn_2010
86020,Eucalyptus_globulus,True,16910,0.124,persistente,,0.11,ifn_2010
86021,Pinus_pinaster,True,2410,0.0,evento,2018.0,0.286,desconocida
86022,Pinus_pinaster,True,958,3.53,persistente,,0.033,ifn_2010
86023,Eucalyptus_globulus,True,2780,2.54,persistente,,0.089,ifn_2010
86024,Pinus_pinaster,True,9117,0.208,persistente,,0.045,ifn_2010
86025,Pinus_pinaster,True,1565,0.0,persistente,,0.066,ifn_2010
86026,Pinus_pinaster,True,1387,0.0,persistente,,0.042,ifn_2010
86027,Pinus_pinaster,True,1079,0.016,persistente,,0.022,ifn_2010
86028,Pinus_pinaster,True,5959,0.347,persistente,,0.033,ifn_2010
86029,Quercus_rubra,False,645,0.0,persistente,,0.041,ifn_2010
86030,Pinus_pinaster,True,2145,1.155,persistente,,0.024,ifn_2010
86031,Pinus_pinaster,True,426,1.764,persistente,,0.034,ifn_2010
86032,Pinus_pinaster,True,9243,1.105,evento,2018.0,0.252,desconocida
86033,Eucalyptus_globulus,True,206,0.745,persistente,,0.112,ifn_2010
86034,Pinus_pinaster,True,3405,0.518,persistente,,0.029,ifn_2010
86035,Salix_spp,False,1930,0.487,persistente,,0.041,ifn_2010
86036,Pinus_pinaster,True,5150,0.0,persistente,,0.048,ifn_2010
86037,Pinus_pinaster,True,1268,0.679,persistente,,0.022,ifn_2010
86038,Pinus_pinaster,True,437,0.016,persistente,,0.024,ifn_2010
86039,Pinus_pinaster,True,572,3.259,persistente,,0.065,ifn_2010
86040,Pinus_pinaster,True,464,0.0,persistente,,0.035,ifn_2010
86041,Castanea_sativa,False,380,0.0,persistente,,0.079,ifn_2010
86042,Eucalyptus_globulus,True,8002,0.0,persistente,,0.146,ifn_2010
86043,Pinus_pinaster,True,317,0.0,persistente,,0.026,ifn_2010
86044,Pinus_pinaster,True,352,0.0,evento,2021.0,0.19,desconocida
86045,Pinus_pinaster,True,716,0.0,evento,2020.0,0.263,desconocida
86046,Pinus_radiata,True,606,0.0,persistente,,0.151,ifn_2010
86047,Pinus_pinaster,True,3800,6.904,persistente,,0.031,ifn_2010
86048,Salix_spp,False,146,0.0,persistente,,0.026,ifn_2010
86049,Pinus_pinaster,True,4736,0.0,persistente,,0.076,ifn_2010
86050,Quercus_robur,False,315,1.346,persistente,,0.034,ifn_2010
86051,Pinus_pinaster,True,7077,0.0,persistente,,0.031,ifn_2010
86052,Pinus_pinaster,True,1674,0.0,persistente,,0.018,ifn_2010
86053,Pinus_pinaster,True,2268,0.0,persistente,,0.073,ifn_2010
86054,Pinus_radiata,True,3544,0.0,persistente,,0.062,ifn_2010
86055,Pinus_radiata,True,1488,0.0,evento,2018.0,0.333,desconocida
86056,Pinus_pinaster,True,593,0.832,persistente,,0.058,ifn_2010
86057,Pinus_pinaster,True,705,0.0,persistente,,0.032,ifn_2010
86058,Pinus_pinaster,True,644,0.0,persistente,,0.168,ifn_2010
86059,Pinus_pinaster,True,452,0.0,persistente,,0.137,ifn_2010
86060,Pinus_pinaster,True,483,1.573,persistente,,0.023,ifn_2010
86061,Pinus_pinaster,True,4119,7.634,persistente,,0.041,ifn_2010
86062,Pinus_pinaster,True,12290,30.953,persistente,,0.043,ifn_2010
86063,Eucalyptus_globulus,True,27641,1.714,persistente,,0.021,ifn_2010
86064,Eucalyptus_globulus,True,25306,1.855,persistente,,0.021,ifn_2010
86065,Pinus_pinaster,True,19906,33.813,persistente,,0.025,ifn_2010
86066,Quercus_robur,False,10187,10.803,persistente,,0.049,ifn_2010
86067,Eucalyptus_globulus,True,1722,2.276,persistente,,0.028,ifn_2010
86068,Eucalyptus_globulus,True,387,0.0,persistente,,0.038,ifn_2010
86069,Pinus_pinaster,True,3043,0.0,persistente,,0.03,ifn_2010
86070,Quercus_robur,False,871,0.0,persistente,,0.054,ifn_2010
86071,Pinus_radiata,True,1617,0.0,persistente,,0.037,ifn_2010
86072,Pinus_pinaster,True,1193,0.0,persistente,,0.145,ifn_2010
86073,Quercus_robur,False,1944,0.089,persistente,,0.017,ifn_2010
86074,Pinus_pinaster,True,109,0.0,persistente,,0.022,ifn_2010
86075,Eucalyptus_globulus,True,1334,0.342,persistente,,0.041,ifn_2010
86076,Pinus_pinaster,True,343,1.107,persistente,,0.074,ifn_2010
86077,Pinus_pinaster,True,277,0.287,persistente,,0.058,ifn_2010
86078,Eucalyptus_globulus,True,13122,4.462,evento,2018.0,0.225,prohibida_rebrote
86079,Quercus_robur,False,779,0.0,persistente,,0.068,ifn_2010
86080,Eucalyptus_globulus,True,201,0.038,persistente,,0.049,ifn_2010
86081,Pinus_pinaster,True,645,0.0,persistente,,0.091,ifn_2010
86082,Pinus_pinaster,True,411,0.0,persistente,,0.066,ifn_2010
86083,Pinus_pinaster,True,1933,3.461,persistente,,0.021,ifn_2010
86084,Betula_alba,False,725,0.0,persistente,,0.037,ifn_2010
86085,Eucalyptus_globulus,True,217,0.0,persistente,,0.131,ifn_2010
86086,Betula_alba,False,1077,1.165,persistente,,0.023,ifn_2010
86087,Pinus_pinaster,True,609,0.0,persistente,,0.032,ifn_2010
86088,Pinus_pinaster,True,1873,5.439,persistente,,0.026,ifn_2010
86089,Eucalyptus_globulus,True,2465,1.986,persistente,,0.015,ifn_2010
86090,Pinus_pinaster,True,2038,5.786,persistente,,0.035,ifn_2010
86091,Eucalyptus_globulus,True,998,0.42,evento,2026.0,0.198,prohibida_rebrote
86092,Quercus_robur,False,732,2.147,persistente,,0.025,ifn_2010
86093,Pinus_pinaster,True,109,0.0,persistente,,0.108,ifn_2010
86094,Eucalyptus_globulus,True,942,2.428,persistente,,0.037,ifn_2010
86095,Pinus_pinaster,True,1401,0.0,persistente,,0.043,ifn_2010
86096,Eucalyptus_globulus,True,4692,13.942,persistente,,0.033,ifn_2010
86097,Eucalyptus_globulus,True,844,0.0,persistente,,0.195,ifn_2010
86098,Eucalyptus_globulus,True,829,1.776,persistente,,0.066,ifn_2010
86099,Eucalyptus_globulus,True,2218,0.0,persistente,,0.016,ifn_2010
86100,Pinus_pinaster,True,347,0.0,persistente,,0.137,ifn_2010
86101,Eucalyptus_globulus,True,291,0.0,evento,2022.0,0.259,prohibida_rebrote
86102,Pinus_pinaster,True,537,0.0,persistente,,0.035,ifn_2010
86103,Pinus_pinaster,True,410,0.0,persistente,,0.035,ifn_2010
86104,Pinus_pinaster,True,645,0.588,persistente,,0.103,ifn_2010
86105,Pinus_pinaster,True,763,0.0,persistente,,0.162,ifn_2010
86106,Pinus_pinaster,True,1943,2.685,persistente,,0.037,ifn_2010
86107,Eucalyptus_globulus,True,1492,2.063,persistente,,0.038,ifn_2010
86108,Eucalyptus_globulus,True,531,2.296,persistente,,0.025,ifn_2010
86109,Eucalyptus_globulus,True,201,0.033,persistente,,0.115,ifn_2010
86110,Pinus_pinaster,True,9224,23.427,persistente,,0.105,ifn_2010
86111,Eucalyptus_globulus,True,621,0.233,persistente,,0.17,ifn_2010
86112,Eucalyptus_globulus,True,2406,8.185,persistente,,0.029,ifn_2010
86113,Quercus_robur,False,535,0.087,persistente,,0.027,ifn_2010
86114,Pinus_pinaster,True,280,0.736,persistente,,0.022,ifn_2010
86115,Pinus_pinaster,True,497,0.407,persistente,,0.04,ifn_2010
86116,Eucalyptus_globulus,True,203,0.266,persistente,,0.06,ifn_2010
86117,Pinus_pinaster,True,682,0.852,persistente,,0.048,ifn_2010
86118,Pinus_pinaster,True,187,0.0,persistente,,0.127,ifn_2010
86119,Quercus_robur,False,102,0.107,persistente,,0.051,ifn_2010
86120,Eucalyptus_globulus,True,1261,0.0,persistente,,0.083,ifn_2010
86121,Pinus_sylvestris,True,680,0.0,persistente,,0.056,ifn_2010
86122,Eucalyptus_globulus,True,119,0.0,persistente,,0.093,ifn_2010
86123,Eucalyptus_globulus,True,128,0.0,evento,2018.0,0.271,prohibida_rebrote
86124,Eucalyptus_globulus,True,206,0.042,evento,2025.0,0.278,prohibida_rebrote
86125,Eucalyptus_globulus,True,1136,0.0,persistente,,0.023,ifn_2010
86126,Pinus_pinaster,True,411,0.0,persistente,,0.04,ifn_2010
86127,Quercus_robur,False,364,0.227,persistente,,0.021,ifn_2010
86128,Eucalyptus_camaldulensis,True,252,0.0,evento,2026.0,0.319,prohibida_rebrote
86129,Pinus_pinaster,True,1568,0.744,persistente,,0.169,ifn_2010
86130,Eucalyptus_globulus,True,396,1.291,persistente,,0.041,ifn_2010
86131,Pinus_pinaster,True,394,0.0,persistente,,0.009,ifn_2010
86132,Pinus_pinaster,True,436,0.0,evento,2018.0,0.357,desconocida
86133,Pinus_pinaster,True,204,0.956,persistente,,0.122,ifn_2010
86134,Quercus_robur,False,285,1.086,persistente,,0.025,ifn_2010
86135,Pinus_pinaster,True,187,0.345,persistente,,0.053,ifn_2010
86136,Pinus_pinaster,True,2241,0.0,persistente,,0.067,ifn_2010
86137,Eucalyptus_globulus,True,283,0.0,persistente,,0.038,ifn_2010
86138,Eucalyptus_globulus,True,155,0.0,persistente,,0.051,ifn_2010
86139,Pinus_pinaster,True,401,1.444,persistente,,0.005,ifn_2010
86140,Pinus_pinaster,True,1345,0.0,persistente,,0.033,ifn_2010
86141,Eucalyptus_globulus,True,4316,0.309,persistente,,0.031,ifn_2010
86142,Pinus_pinaster,True,109,0.0,persistente,,0.104,ifn_2010
86143,Pinus_pinaster,True,261,0.0,persistente,,0.01,ifn_2010
86144,Pinus_radiata,True,150,0.0,persistente,,0.066,ifn_2010
86145,Pinus_pinaster,True,919,0.0,persistente,,0.097,ifn_2010
86146,Pinus_pinaster,True,588,0.0,persistente,,0.032,ifn_2010
86147,Eucalyptus_globulus,True,1050,0.0,persistente,,0.024,ifn_2010
86148,Pinus_pinaster,True,299,0.206,persistente,,0.033,ifn_2010
86149,Quercus_robur,False,411,1.97,persistente,,0.054,ifn_2010
86150,Eucalyptus_globulus,True,480,0.687,persistente,,0.023,ifn_2010
86151,Quercus_robur,False,1264,4.423,persistente,,0.015,ifn_2010
86152,Pinus_pinaster,True,2212,4.259,persistente,,0.027,ifn_2010
86153,Eucalyptus_globulus,True,3339,0.0,persistente,,0.029,ifn_2010
86154,Eucalyptus_globulus,True,1441,0.0,persistente,,0.032,ifn_2010
86155,Eucalyptus_globulus,True,446,0.0,persistente,,0.133,ifn_2010
86156,Pinus_pinaster,True,286,0.0,persistente,,0.032,ifn_2010
86157,Eucalyptus_globulus,True,217,0.0,persistente,,0.022,ifn_2010
86158,Pinus_pinaster,True,130,0.0,persistente,,0.155,ifn_2010
86159,Quercus_robur,False,198,0.0,persistente,,0.1,ifn_2010
86160,Pinus_pinaster,True,1819,1.495,persistente,,0.056,ifn_2010
86161,Eucalyptus_globulus,True,119,0.0,persistente,,0.162,ifn_2010
86162,Quercus_robur,False,319,0.765,persistente,,0.046,ifn_2010
86163,Quercus_robur,False,261,0.01,persistente,,0.022,ifn_2010
86164,Pinus_radiata,True,192,0.0,persistente,,0.043,ifn_2010
86165,Quercus_robur,False,678,0.0,persistente,,0.049,ifn_2010
86166,Pinus_pinaster,True,1353,0.0,persistente,,0.101,ifn_2010
86167,Quercus_robur,False,152,0.052,evento,2018.0,0.266,desconocida
86168,Pinus_pinaster,True,1032,0.0,persistente,,0.027,ifn_2010
86169,Corylus_avellana,False,245,0.0,persistente,,0.015,ifn_2010
86170,Quercus_robur,False,277,0.0,persistente,,0.041,ifn_2010
86171,Eucalyptus_globulus,True,330,0.0,evento,2018.0,0.259,prohibida_rebrote
86172,Eucalyptus_globulus,True,813,0.0,persistente,,0.062,ifn_2010
86173,Pinus_pinaster,True,1207,0.0,persistente,,0.024,ifn_2010
86174,Pinus_pinaster,True,623,0.0,persistente,,0.162,ifn_2010
86175,Pinus_pinaster,True,866,0.496,persistente,,0.037,ifn_2010
86176,Alnus_glutinosa,False,232,0.211,persistente,,0.03,ifn_2010
86177,Pinus_pinaster,True,381,0.0,persistente,,0.072,ifn_2010
86178,Pinus_pinaster,True,1112,0.0,persistente,,0.017,ifn_2010
86179,Eucalyptus_globulus,True,394,1.108,persistente,,0.05,ifn_2010
86180,Pinus_pinaster,True,162,0.0,evento,2018.0,0.188,desconocida
86181,Pinus_pinaster,True,145,0.0,persistente,,0.019,ifn_2010
86182,Pinus_pinaster,True,1013,0.0,persistente,,0.016,ifn_2010
86183,Eucalyptus_globulus,True,182,0.0,persistente,,0.054,ifn_2010
86184,Pinus_pinaster,True,1072,2.092,persistente,,0.051,ifn_2010
86185,Eucalyptus_globulus,True,563,0.0,evento,2026.0,0.261,prohibida_rebrote
86186,Pinus_pinaster,True,515,0.0,evento,2021.0,0.204,desconocida
86187,Eucalyptus_globulus,True,171,0.456,persistente,,0.016,ifn_2010
86188,Pinus_pinaster,True,123,0.324,persistente,,0.032,ifn_2010
86189,Eucalyptus_globulus,True,413,0.0,evento,2021.0,0.277,prohibida_rebrote
86190,Pinus_pinaster,True,9576,14.088,persistente,,0.014,ifn_2010
86191,Quercus_robur,False,231,0.0,persistente,,0.058,ifn_2010
86192,Eucalyptus_globulus,True,224,0.038,persistente,,0.056,ifn_2010
86193,Eucalyptus_globulus,True,423,0.0,persistente,,0.023,ifn_2010
86194,Pinus_pinaster,True,579,2.268,persistente,,0.066,ifn_2010
86195,Pinus_pinaster,True,581,1.932,persistente,,0.094,ifn_2010
86196,Pinus_pinaster,True,100,0.0,persistente,,0.034,ifn_2010
86197,Eucalyptus_globulus,True,99,0.259,persistente,,0.085,ifn_2010
86198,Pinus_pinaster,True,384,2.036,persistente,,0.066,ifn_2010
86199,Pinus_pinaster,True,1066,2.078,persistente,,0.046,ifn_2010
86200,Alnus_glutinosa,False,105,0.027,persistente,,0.036,ifn_2010
86201,Alnus_glutinosa,False,130,0.448,persistente,,0.022,ifn_2010
86202,Pinus_radiata,True,913,0.0,persistente,,0.085,ifn_2010
86203,Eucalyptus_globulus,True,2468,0.0,persistente,,0.023,ifn_2010
86204,Quercus_robur,False,494,0.0,persistente,,0.141,ifn_2010
86205,Eucalyptus_globulus,True,8492,7.852,persistente,,0.037,ifn_2010
86206,Eucalyptus_globulus,True,250,1.498,persistente,,0.052,ifn_2010
86207,Eucalyptus_globulus,True,705,0.0,persistente,,0.069,ifn_2010
86208,Eucalyptus_globulus,True,1004,0.999,persistente,,0.09,ifn_2010
86209,Quercus_robur,False,478,0.0,persistente,,0.029,ifn_2010
86210,Eucalyptus_globulus,True,3088,0.0,persistente,,0.13,ifn_2010
86211,Pinus_pinaster,True,2724,0.0,persistente,,0.023,ifn_2010
86212,Eucalyptus_globulus,True,1183,0.0,persistente,,0.134,ifn_2010
86213,Pinus_pinaster,True,421,0.0,evento,2019.0,0.222,desconocida
86214,Quercus_robur,False,711,1.456,persistente,,0.016,ifn_2010
86215,Eucalyptus_globulus,True,518,0.981,persistente,,0.028,ifn_2010
86216,Eucalyptus_globulus,True,371,0.0,persistente,,0.039,ifn_2010
86217,Quercus_robur,False,124,0.753,persistente,,0.064,ifn_2010
86218,Eucalyptus_globulus,True,611,0.0,persistente,,0.018,ifn_2010
86219,Eucalyptus_globulus,True,2965,10.587,persistente,,0.035,ifn_2010
86220,Alnus_glutinosa,False,261,0.556,persistente,,0.018,ifn_2010
86221,Pinus_pinaster,True,4285,6.972,persistente,,0.127,ifn_2010
86222,Alnus_glutinosa,False,3091,3.366,persistente,,0.02,ifn_2010
86223,Pinus_pinaster,True,619,2.098,persistente,,0.023,ifn_2010
86224,Eucalyptus_globulus,True,278,1.692,persistente,,0.045,ifn_2010
86225,Pinus_pinaster,True,15752,25.028,persistente,,0.196,ifn_2010
86226,Quercus_robur,False,105,0.0,persistente,,0.017,ifn_2010
86227,Pinus_pinaster,True,2112,2.655,persistente,,0.033,ifn_2010
86228,Quercus_robur,False,398,0.894,persistente,,0.024,ifn_2010
86229,Pinus_pinaster,True,379,0.01,persistente,,0.031,ifn_2010
86230,Betula_alba,False,2785,0.0,evento,2018.0,0.286,desconocida
86231,Pinus_pinaster,True,244,0.0,persistente,,0.081,ifn_2010
86232,Eucalyptus_globulus,True,483,0.515,persistente,,0.116,ifn_2010
86233,Eucalyptus_globulus,True,540,0.0,persistente,,0.018,ifn_2010
86234,Quercus_robur,False,4338,1.646,persistente,,0.017,ifn_2010
86235,Eucalyptus_globulus,True,6062,5.339,persistente,,0.049,ifn_2010
86236,Quercus_robur,False,933,1.32,persistente,,0.018,ifn_2010
86237,Quercus_robur,False,3218,0.0,persistente,,0.066,ifn_2010
86238,Pinus_pinaster,True,28218,52.118,persistente,,0.112,ifn_2010
86239,Pinus_pinaster,True,323,0.0,persistente,,0.031,ifn_2010
86240,Pinus_pinaster,True,290,0.0,persistente,,0.029,ifn_2010
86241,Pinus_pinaster,True,951,0.0,persistente,,0.145,ifn_2010
86242,Pinus_pinaster,True,464,1.138,persistente,,0.042,ifn_2010
86243,Quercus_robur,False,1934,0.874,persistente,,0.022,ifn_2010
86244,Pinus_pinaster,True,784,2.171,persistente,,0.062,ifn_2010
86245,Pinus_pinaster,True,1735,0.13,persistente,,0.058,ifn_2010
86246,Pinus_pinaster,True,1818,0.0,persistente,,0.022,ifn_2010
86247,Pinus_pinaster,True,1202,0.0,persistente,,0.146,ifn_2010
86248,Eucalyptus_globulus,True,156,0.437,evento,2018.0,0.256,prohibida_rebrote
86249,Eucalyptus_globulus,True,3844,4.117,persistente,,0.029,ifn_2010
86250,Eucalyptus_globulus,True,6387,0.724,persistente,,0.055,ifn_2010
86251,Pinus_pinaster,True,21252,1.615,persistente,,0.079,ifn_2010
86252,Pinus_pinaster,True,512,0.0,persistente,,0.073,ifn_2010
86253,Eucalyptus_globulus,True,855,0.0,persistente,,0.017,ifn_2010
86254,Eucalyptus_globulus,True,374,0.0,persistente,,0.202,ifn_2010
86255,Pinus_pinaster,True,4977,12.572,persistente,,0.079,ifn_2010
86256,Pinus_pinaster,True,10664,0.0,persistente,,0.046,ifn_2010
86257,Pinus_pinaster,True,246,0.0,persistente,,0.042,ifn_2010
86258,Pinus_pinaster,True,107,0.0,persistente,,0.12,ifn_2010
86259,Pinus_pinaster,True,1010,0.0,persistente,,0.037,ifn_2010
86260,Quercus_suber,False,133,0.449,persistente,,0.017,ifn_2010
86261,Quercus_robur,False,2262,1.314,persistente,,0.016,ifn_2010
86262,Quercus_robur,False,15285,15.989,persistente,,0.025,ifn_2010
86263,Pinus_pinaster,True,10223,0.0,persistente,,0.056,ifn_2010
86264,Quercus_robur,False,11896,2.506,persistente,,0.035,ifn_2010
86265,Quercus_robur,False,2383,3.156,evento,2026.0,0.207,desconocida
86266,Quercus_robur,False,2680,4.727,persistente,,0.053,ifn_2010
86267,Quercus_robur,False,14152,7.49,persistente,,0.025,ifn_2010
86268,Quercus_robur,False,306,0.0,persistente,,0.032,ifn_2010
86269,Quercus_robur,False,8312,1.643,persistente,,0.022,ifn_2010
86270,Quercus_robur,False,4675,3.269,persistente,,0.028,ifn_2010
86271,Quercus_robur,False,10941,5.515,persistente,,0.033,ifn_2010
86272,Quercus_robur,False,588,1.494,persistente,,0.032,ifn_2010
86273,Eucalyptus_globulus,True,661,1.215,persistente,,0.03,ifn_2010
86274,Eucalyptus_globulus,True,1366,3.727,persistente,,0.02,ifn_2010
86275,Quercus_robur,False,3885,0.228,persistente,,0.028,ifn_2010
86276,Quercus_robur,False,16827,8.005,persistente,,0.026,ifn_2010
86277,Pinus_pinaster,True,199,0.0,persistente,,0.056,ifn_2010
86278,Quercus_robur,False,428,0.0,persistente,,0.075,ifn_2010
86279,Quercus_robur,False,11297,2.493,persistente,,0.024,ifn_2010
86280,Quercus_robur,False,305,1.246,persistente,,0.022,ifn_2010
86281,Quercus_robur,False,1071,0.0,persistente,,0.02,ifn_2010
86282,Quercus_robur,False,285,0.0,persistente,,0.026,ifn_2010
86283,Eucalyptus_globulus,True,4759,6.45,persistente,,0.197,ifn_2010
86284,Pinus_pinaster,True,16362,27.902,persistente,,0.029,ifn_2010
86285,Pinus_pinaster,True,216,1.518,persistente,,0.02,ifn_2010
86286,Pinus_pinaster,True,2773,12.497,persistente,,0.05,ifn_2010
86287,Pinus_pinaster,True,15304,30.153,persistente,,0.064,ifn_2010
86288,Pinus_pinaster,True,12195,5.438,persistente,,0.043,ifn_2010
86289,Quercus_robur,False,5097,3.174,persistente,,0.171,ifn_2010
86290,Pinus_sylvestris,True,14397,0.0,persistente,,0.043,ifn_2010
86291,Pinus_pinaster,True,1086,0.0,persistente,,0.05,ifn_2010
86292,Quercus_robur,False,4548,1.344,persistente,,0.015,ifn_2010
86293,Quercus_robur,False,967,0.825,persistente,,0.046,ifn_2010
86294,Pinus_pinaster,True,573,0.534,persistente,,0.05,ifn_2010
86295,Pinus_pinaster,True,1139,0.0,persistente,,0.033,ifn_2010
86296,Pinus_pinaster,True,451,0.529,persistente,,0.118,ifn_2010
86297,Pinus_pinaster,True,20064,18.429,persistente,,0.057,ifn_2010
86298,Pinus_pinaster,True,15284,18.983,persistente,,0.035,ifn_2010
86299,Pinus_sylvestris,True,4091,0.0,persistente,,0.112,ifn_2010
86300,Pinus_sylvestris,True,1137,0.0,persistente,,0.08,ifn_2010
86301,Pinus_sylvestris,True,1468,0.0,persistente,,0.142,ifn_2010
86302,Pinus_pinaster,True,3971,0.0,persistente,,0.101,ifn_2010
86303,Pinus_pinaster,True,6888,0.0,persistente,,0.053,ifn_2010
86304,Pinus_pinaster,True,756,0.0,persistente,,0.043,ifn_2010
86305,Quercus_robur,False,426,0.0,persistente,,0.145,ifn_2010
86306,Quercus_robur,False,324,0.004,persistente,,0.017,ifn_2010
86307,Pinus_pinaster,True,177,0.65,persistente,,0.05,ifn_2010
86308,Pinus_pinaster,True,4171,0.0,evento,2018.0,0.331,desconocida
86309,Eucalyptus_globulus,True,759,0.0,evento,2018.0,0.216,prohibida_rebrote
86310,Pinus_pinaster,True,308,0.914,persistente,,0.075,ifn_2010
86311,Quercus_robur,False,433,0.942,persistente,,0.173,ifn_2010
86312,Pinus_pinaster,True,1146,0.0,evento,2018.0,0.492,desconocida
86313,Pinus_pinaster,True,5380,11.469,persistente,,0.027,ifn_2010
86314,Eucalyptus_globulus,True,1119,0.212,persistente,,0.118,ifn_2010
86315,Pinus_pinaster,True,2973,0.0,evento,2018.0,0.334,desconocida
86316,Pinus_pinaster,True,5863,2.739,evento,2018.0,0.333,desconocida
86317,Quercus_robur,False,1455,1.885,persistente,,0.026,ifn_2010
86318,Pinus_pinaster,True,1395,2.217,evento,2018.0,0.342,desconocida
86319,Pinus_pinaster,True,6773,6.725,persistente,,0.074,ifn_2010
86320,Pinus_radiata,True,4613,6.528,evento,2018.0,0.268,desconocida
86321,Pinus_pinaster,True,2700,0.079,evento,2018.0,0.207,desconocida
86322,Pinus_pinaster,True,2168,7.492,persistente,,0.146,ifn_2010
86323,Eucalyptus_globulus,True,717,1.722,persistente,,0.03,ifn_2010
86324,Pinus_pinaster,True,5299,10.24,persistente,,0.017,ifn_2010
86325,Quercus_suber,False,2740,2.742,persistente,,0.025,ifn_2010
86326,Pinus_pinaster,True,18070,18.238,persistente,,0.024,ifn_2010
86327,Pinus_pinaster,True,10925,8.26,persistente,,0.025,ifn_2010
86328,Eucalyptus_globulus,True,11589,10.798,persistente,,0.175,ifn_2010
86329,Pinus_pinaster,True,3654,2.914,persistente,,0.015,ifn_2010
86330,Quercus_robur,False,1793,5.126,persistente,,0.013,ifn_2010
86331,Quercus_robur,False,377,1.305,persistente,,0.103,ifn_2010
86332,Pinus_pinaster,True,3242,0.0,evento,2018.0,0.254,desconocida
86333,Pinus_pinaster,True,557,0.811,persistente,,0.099,ifn_2010
86334,Eucalyptus_globulus,True,905,0.351,persistente,,0.12,ifn_2010
86335,Quercus_robur,False,690,0.11,persistente,,0.029,ifn_2010
86336,Quercus_robur,False,5350,5.325,persistente,,0.015,ifn_2010
86337,Pinus_pinaster,True,689,0.951,persistente,,0.168,ifn_2010
86338,Pinus_pinaster,True,3670,0.0,evento,2018.0,0.302,desconocida
86339,Pinus_pinaster,True,5497,0.0,evento,2018.0,0.228,desconocida
86340,Eucalyptus_globulus,True,494,0.0,persistente,,0.017,ifn_2010
86341,Pinus_sylvestris,True,2603,0.214,persistente,,0.07,ifn_2010
86342,Pinus_sylvestris,True,736,0.684,persistente,,0.095,ifn_2010
86343,Quercus_robur,False,7621,2.604,persistente,,0.02,ifn_2010
86344,Pinus_pinaster,True,2479,0.699,persistente,,0.073,ifn_2010
86345,Pinus_pinaster,True,352,0.0,persistente,,0.069,ifn_2010
86346,Quercus_robur,False,888,0.0,persistente,,0.111,ifn_2010
86347,Pinus_pinaster,True,1238,0.86,persistente,,0.04,ifn_2010
86348,Pinus_pinaster,True,935,0.0,persistente,,0.041,ifn_2010
86349,Eucalyptus_globulus,True,2344,0.162,persistente,,0.039,ifn_2010
86350,Quercus_robur,False,2149,3.044,persistente,,0.032,ifn_2010
86351,Eucalyptus_globulus,True,2100,1.048,persistente,,0.042,ifn_2010
86352,Quercus_robur,False,2836,4.502,persistente,,0.031,ifn_2010
86353,Quercus_robur,False,706,0.0,persistente,,0.029,ifn_2010
86354,Pinus_radiata,True,200,0.0,persistente,,0.152,ifn_2010
86355,Betula_alba,False,1694,0.0,persistente,,0.092,ifn_2010
86356,Pinus_pinaster,True,8029,1.295,persistente,,0.044,ifn_2010
86357,Pinus_pinaster,True,4190,8.553,persistente,,0.033,ifn_2010
86358,Quercus_robur,False,5685,8.507,persistente,,0.031,ifn_2010
86359,Quercus_robur,False,3010,2.557,persistente,,0.021,ifn_2010
86360,Pinus_pinaster,True,400,0.182,persistente,,0.041,ifn_2010
86361,Pinus_pinaster,True,5925,6.665,persistente,,0.124,ifn_2010
86362,Pinus_pinaster,True,926,0.923,persistente,,0.076,ifn_2010
86363,Pinus_pinaster,True,41372,84.414,persistente,,0.013,ifn_2010
86364,Pinus_pinaster,True,235,1.014,persistente,,0.071,ifn_2010
86365,Quercus_robur,False,13299,12.889,persistente,,0.016,ifn_2010
86366,Quercus_robur,False,153,0.0,persistente,,0.018,ifn_2010
86367,Quercus_robur,False,3695,6.018,persistente,,0.094,ifn_2010
86368,Pinus_pinaster,True,230,0.535,persistente,,0.139,ifn_2010
86369,Pinus_pinaster,True,5809,8.594,persistente,,0.021,ifn_2010
86370,Pinus_pinaster,True,416,0.0,persistente,,0.039,ifn_2010
86371,Eucalyptus_globulus,True,826,0.0,persistente,,0.128,ifn_2010
86372,Eucalyptus_globulus,True,235,0.0,persistente,,0.047,ifn_2010
86373,Pinus_pinaster,True,3172,0.0,persistente,,0.042,ifn_2010
86374,Pinus_pinaster,True,1129,4.192,persistente,,0.095,ifn_2010
86375,Pinus_pinaster,True,34124,64.061,persistente,,0.031,ifn_2010
86376,Eucalyptus_globulus,True,966,0.815,persistente,,0.179,ifn_2010
86377,Quercus_robur,False,3338,2.643,persistente,,0.031,ifn_2010
86378,Pinus_pinaster,True,333,0.0,persistente,,0.038,ifn_2010
86379,Pinus_pinaster,True,3203,0.0,persistente,,0.035,ifn_2010
86380,Pinus_pinaster,True,138,0.626,persistente,,0.031,ifn_2010
86381,Quercus_robur,False,2295,0.0,persistente,,0.047,ifn_2010
86382,Quercus_robur,False,9177,16.375,persistente,,0.017,ifn_2010
86383,Pinus_pinaster,True,5335,2.953,persistente,,0.029,ifn_2010
86384,Pinus_pinaster,True,1101,0.0,persistente,,0.045,ifn_2010
86385,Pinus_pinaster,True,344,0.0,persistente,,0.036,ifn_2010
86386,Pinus_pinaster,True,947,0.0,persistente,,0.074,ifn_2010
86387,Eucalyptus_globulus,True,1263,0.0,persistente,,0.076,ifn_2010
86388,Pinus_pinaster,True,102,0.1,persistente,,0.067,ifn_2010
86389,Pinus_radiata,True,458,0.0,persistente,,0.048,ifn_2010
86390,Pinus_pinaster,True,7754,16.427,persistente,,0.033,ifn_2010
86391,Quercus_robur,False,383,0.0,persistente,,0.025,ifn_2010
86392,Eucalyptus_globulus,True,1809,0.0,evento,2020.0,0.252,prohibida_rebrote
86393,Eucalyptus_globulus,True,418,0.0,persistente,,0.123,ifn_2010
86394,Pinus_pinaster,True,3830,0.744,persistente,,0.101,ifn_2010
86395,Quercus_robur,False,9357,14.542,persistente,,0.017,ifn_2010
86396,Pinus_pinaster,True,165,0.3,persistente,,0.022,ifn_2010
86397,Eucalyptus_globulus,True,7629,18.105,persistente,,0.022,ifn_2010
86398,Eucalyptus_globulus,True,568,0.784,persistente,,0.018,ifn_2010
86399,Eucalyptus_globulus,True,445,0.0,persistente,,0.189,ifn_2010
86400,Pinus_pinaster,True,3238,1.265,persistente,,0.05,ifn_2010
86401,Pinus_pinaster,True,978,3.394,persistente,,0.073,ifn_2010
86402,Eucalyptus_globulus,True,1538,2.079,persistente,,0.051,ifn_2010
86403,Eucalyptus_globulus,True,930,4.542,persistente,,0.063,ifn_2010
86404,Quercus_robur,False,2271,4.561,persistente,,0.018,ifn_2010
86405,Eucalyptus_globulus,True,1010,0.506,persistente,,0.086,ifn_2010
86406,Pinus_pinaster,True,7883,9.216,persistente,,0.037,ifn_2010
86407,Eucalyptus_globulus,True,1965,0.0,persistente,,0.112,ifn_2010
86408,Eucalyptus_globulus,True,292,0.0,persistente,,0.105,ifn_2010
86409,Pinus_pinaster,True,25032,40.989,persistente,,0.017,ifn_2010
86410,Eucalyptus_globulus,True,1792,0.0,persistente,,0.1,ifn_2010
86411,Quercus_robur,False,1730,1.91,persistente,,0.035,ifn_2010
86412,Quercus_rubra,False,1458,0.0,persistente,,0.179,ifn_2010
86413,Eucalyptus_globulus,True,428,0.0,evento,2024.0,0.477,prohibida_rebrote
86414,Pinus_pinaster,True,728,1.155,persistente,,0.034,ifn_2010
86415,Eucalyptus_globulus,True,1268,1.936,persistente,,0.03,ifn_2010
86416,Eucalyptus_globulus,True,1124,0.777,persistente,,0.069,ifn_2010
86417,Quercus_rubra,False,800,0.0,persistente,,0.041,ifn_2010
86418,Eucalyptus_globulus,True,1103,0.0,persistente,,0.141,ifn_2010
86419,Eucalyptus_globulus,True,104,0.0,evento,2022.0,0.413,prohibida_rebrote
86420,Eucalyptus_globulus,True,3767,9.481,persistente,,0.038,ifn_2010
86421,Eucalyptus_globulus,True,856,0.316,persistente,,0.065,ifn_2010
86422,Eucalyptus_globulus,True,452,0.0,persistente,,0.07,ifn_2010
86423,Eucalyptus_globulus,True,225,0.0,persistente,,0.062,ifn_2010
86424,Eucalyptus_globulus,True,404,0.0,persistente,,0.085,ifn_2010
86425,Pinus_pinaster,True,254,0.0,persistente,,0.045,ifn_2010
86426,Quercus_robur,False,2029,0.0,persistente,,0.028,ifn_2010
86427,Quercus_robur,False,1253,0.0,persistente,,0.028,ifn_2010
86428,Pinus_pinaster,True,444,0.0,persistente,,0.02,ifn_2010
86429,Eucalyptus_globulus,True,855,0.0,persistente,,0.08,ifn_2010
86430,Pinus_pinaster,True,8350,4.399,persistente,,0.023,ifn_2010
86431,Pinus_pinaster,True,1630,0.0,persistente,,0.147,ifn_2010
86432,Pinus_pinaster,True,2206,0.0,persistente,,0.031,ifn_2010
86433,Pinus_pinaster,True,689,0.2,persistente,,0.034,ifn_2010
86434,Pinus_pinaster,True,1946,0.009,persistente,,0.065,ifn_2010
86435,Pinus_pinaster,True,713,0.872,persistente,,0.038,ifn_2010
86436,Eucalyptus_globulus,True,432,0.0,evento,2026.0,0.296,prohibida_rebrote
86437,Eucalyptus_globulus,True,1079,0.0,persistente,,0.043,ifn_2010
86438,Eucalyptus_globulus,True,2573,0.0,persistente,,0.04,ifn_2010
86439,Pinus_pinaster,True,16765,3.442,persistente,,0.041,ifn_2010
86440,Pinus_radiata,True,906,0.0,persistente,,0.121,ifn_2010
86441,Pinus_pinaster,True,5357,0.0,persistente,,0.042,ifn_2010
86442,Pinus_sylvestris,True,10682,0.0,persistente,,0.04,ifn_2010
86443,Eucalyptus_globulus,True,1815,0.0,evento,2018.0,0.234,prohibida_rebrote
86444,Eucalyptus_globulus,True,230,0.0,persistente,,0.125,ifn_2010
86445,Pinus_radiata,True,424,0.0,persistente,,0.033,ifn_2010
86446,Pinus_radiata,True,433,0.0,evento,2019.0,0.266,desconocida
86447,Pinus_radiata,True,1511,0.0,persistente,,0.045,ifn_2010
86448,Pinus_radiata,True,1232,0.0,persistente,,0.192,ifn_2010
86449,Eucalyptus_globulus,True,480,0.0,persistente,,0.065,ifn_2010
86450,Pinus_pinaster,True,2282,0.147,persistente,,0.039,ifn_2010
86451,Pinus_pinaster,True,10983,12.234,persistente,,0.024,ifn_2010
86452,Pinus_pinaster,True,176,0.0,persistente,,0.041,ifn_2010
86453,Eucalyptus_globulus,True,4799,0.004,persistente,,0.08,ifn_2010
86454,Pinus_pinaster,True,10592,9.461,persistente,,0.022,ifn_2010
86455,Pinus_pinaster,True,24084,23.081,persistente,,0.018,ifn_2010
86456,Pinus_pinaster,True,24446,20.278,persistente,,0.051,ifn_2010
86457,Eucalyptus_globulus,True,18826,31.722,persistente,,0.024,ifn_2010
86458,Eucalyptus_globulus,True,1529,0.237,persistente,,0.028,ifn_2010
86459,Pinus_pinaster,True,19326,18.632,persistente,,0.013,ifn_2010
86460,Pinus_radiata,True,972,2.462,persistente,,0.033,ifn_2010
86461,Eucalyptus_globulus,True,4288,9.36,persistente,,0.063,ifn_2010
86462,Pinus_pinaster,True,3418,0.559,persistente,,0.056,ifn_2010
86463,Quercus_robur,False,7574,3.646,persistente,,0.018,ifn_2010
86464,Quercus_robur,False,151,0.079,persistente,,0.027,ifn_2010
86465,Pinus_pinaster,True,784,0.0,persistente,,0.066,ifn_2010
86466,Pinus_pinaster,True,111,0.0,persistente,,0.128,ifn_2010
86467,Pinus_pinaster,True,1474,0.0,persistente,,0.061,ifn_2010
86468,Quercus_robur,False,3440,1.304,persistente,,0.034,ifn_2010
86469,Pinus_pinaster,True,3516,0.0,persistente,,0.088,ifn_2010
86470,Quercus_robur,False,663,0.693,persistente,,0.06,ifn_2010
86471,Pinus_pinaster,True,760,0.0,evento,2025.0,0.443,desconocida
86472,Pinus_sylvestris,True,1355,0.0,persistente,,0.016,ifn_2010
86473,Pinus_pinaster,True,861,1.572,persistente,,0.023,ifn_2010
86474,Pinus_pinaster,True,2433,0.0,persistente,,0.073,ifn_2010
86475,Salix_atrocinerea,False,155,0.0,persistente,,0.056,ifn_2010
86476,Pinus_pinaster,True,1163,0.0,persistente,,0.122,ifn_2010
86477,Eucalyptus_globulus,True,950,0.0,evento,2023.0,0.228,prohibida_rebrote
86478,Pinus_pinaster,True,4485,0.241,persistente,,0.063,ifn_2010
86479,Pinus_radiata,True,2782,0.0,persistente,,0.053,ifn_2010
86480,Quercus_robur,False,1453,2.013,persistente,,0.016,ifn_2010
86481,Quercus_robur,False,601,1.284,persistente,,0.027,ifn_2010
86482,Pinus_pinaster,True,534,1.319,persistente,,0.019,ifn_2010
86483,Pinus_pinaster,True,586,0.0,persistente,,0.017,ifn_2010
86484,Pinus_pinaster,True,5494,0.059,persistente,,0.06,ifn_2010
86485,Eucalyptus_globulus,True,2386,0.0,persistente,,0.03,ifn_2010
86486,Quercus_robur,False,10094,4.255,persistente,,0.032,ifn_2010
86487,Quercus_robur,False,4258,1.131,persistente,,0.02,ifn_2010
86488,Quercus_robur,False,1530,0.0,persistente,,0.013,ifn_2010
86489,Quercus_robur,False,2820,0.0,persistente,,0.032,ifn_2010
86490,Pinus_pinaster,True,13561,0.0,persistente,,0.031,ifn_2010
86491,Pinus_pinaster,True,7058,0.0,persistente,,0.049,ifn_2010
86492,Pinus_radiata,True,450,0.0,persistente,,0.086,ifn_2010
86493,Pinus_pinaster,True,8465,0.497,persistente,,0.057,ifn_2010
86494,Pinus_pinaster,True,1538,0.0,persistente,,0.065,ifn_2010
86495,Quercus_robur,False,7870,3.619,persistente,,0.024,ifn_2010
86496,Pinus_pinaster,True,1440,0.0,persistente,,0.044,ifn_2010
86497,Quercus_rubra,False,619,0.854,persistente,,0.025,ifn_2010
86498,Quercus_robur,False,4255,1.582,persistente,,0.027,ifn_2010
86499,Eucalyptus_globulus,True,6918,4.217,persistente,,0.045,ifn_2010
86500,Eucalyptus_globulus,True,3494,4.786,persistente,,0.016,ifn_2010
86501,Pinus_pinaster,True,3303,0.0,persistente,,0.142,ifn_2010
86502,Eucalyptus_globulus,True,138,0.0,persistente,,0.033,ifn_2010
86503,Pinus_pinaster,True,1410,0.0,persistente,,0.06,ifn_2010
86504,Eucalyptus_globulus,True,7429,11.978,persistente,,0.016,ifn_2010
86505,Pinus_pinaster,True,2197,3.003,persistente,,0.014,ifn_2010
86506,Pinus_pinaster,True,15334,16.17,persistente,,0.041,ifn_2010
86507,Quercus_robur,False,908,0.995,persistente,,0.02,ifn_2010
86508,Pinus_radiata,True,1395,0.0,persistente,,0.064,ifn_2010
86509,Pinus_pinaster,True,341,0.0,persistente,,0.03,ifn_2010
86510,Eucalyptus_globulus,True,15563,0.025,persistente,,0.05,ifn_2010
86511,Quercus_robur,False,1614,0.0,persistente,,0.03,ifn_2010
86512,Eucalyptus_globulus,True,448,0.02,persistente,,0.035,ifn_2010
86513,Quercus_robur,False,4493,2.963,persistente,,0.017,ifn_2010
86514,Eucalyptus_globulus,True,752,0.0,persistente,,0.066,ifn_2010
86515,Pinus_pinaster,True,3033,0.0,persistente,,0.038,ifn_2010
86516,Salix_spp,False,1280,0.0,persistente,,0.039,ifn_2010
86517,Pinus_pinaster,True,3351,4.63,persistente,,0.037,ifn_2010
86518,Eucalyptus_globulus,True,1512,0.0,persistente,,0.024,ifn_2010
86519,Eucalyptus_globulus,True,984,0.0,persistente,,0.03,ifn_2010
86520,Quercus_robur,False,588,1.635,persistente,,0.039,ifn_2010
86521,Pinus_radiata,True,367,0.0,persistente,,0.041,ifn_2010
86522,Pinus_pinaster,True,866,2.5,persistente,,0.066,ifn_2010
86523,Pinus_pinaster,True,2138,0.0,persistente,,0.091,ifn_2010
86524,Pinus_pinaster,True,430,0.0,persistente,,0.1,ifn_2010
86525,Quercus_robur,False,340,1.021,persistente,,0.062,ifn_2010
86526,Pinus_pinaster,True,326,0.226,persistente,,0.028,ifn_2010
86527,Pinus_pinaster,True,23910,30.028,persistente,,0.017,ifn_2010
86528,Eucalyptus_globulus,True,1195,0.0,evento,2023.0,0.252,prohibida_rebrote
86529,Pinus_pinaster,True,173,0.322,persistente,,0.018,ifn_2010
86530,Pinus_pinaster,True,1007,0.0,persistente,,0.056,ifn_2010
86531,Pinus_radiata,True,2239,0.0,persistente,,0.031,ifn_2010
86532,Pinus_pinaster,True,1228,0.324,persistente,,0.04,ifn_2010
86533,Eucalyptus_globulus,True,2651,7.285,persistente,,0.035,ifn_2010
86534,Eucalyptus_globulus,True,11157,10.169,persistente,,0.053,ifn_2010
86535,Pinus_pinaster,True,368,0.021,persistente,,0.042,ifn_2010
86536,Pinus_pinaster,True,3668,2.573,persistente,,0.054,ifn_2010
86537,Pinus_radiata,True,333,0.0,evento,2024.0,0.252,desconocida
86538,Pinus_pinaster,True,2185,9.955,persistente,,0.059,ifn_2010
86539,Pinus_pinaster,True,313,1.622,persistente,,0.117,ifn_2010
86540,Eucalyptus_globulus,True,1291,2.111,persistente,,0.03,ifn_2010
86541,Pinus_pinaster,True,7526,14.16,persistente,,0.018,ifn_2010
86542,Pinus_pinaster,True,8451,0.0,persistente,,0.031,ifn_2010
86543,Salix_spp,False,1912,0.0,persistente,,0.017,ifn_2010
86544,Eucalyptus_globulus,True,13819,7.451,persistente,,0.015,ifn_2010
86545,Quercus_robur,False,2009,0.0,persistente,,0.019,ifn_2010
86546,Quercus_robur,False,1764,0.0,persistente,,0.028,ifn_2010
86547,Eucalyptus_globulus,True,8731,14.104,persistente,,0.016,ifn_2010
86548,Pinus_pinaster,True,368,0.0,persistente,,0.055,ifn_2010
86549,Quercus_robur,False,8947,2.912,persistente,,0.014,ifn_2010
86550,Eucalyptus_globulus,True,462,1.172,persistente,,0.019,ifn_2010
86551,Eucalyptus_globulus,True,251,1.097,persistente,,0.072,ifn_2010
86552,Eucalyptus_globulus,True,2008,0.425,persistente,,0.016,ifn_2010
86553,Quercus_robur,False,886,0.0,persistente,,0.024,ifn_2010
86554,Pinus_pinaster,True,151,0.148,evento,2025.0,0.234,desconocida
86555,Eucalyptus_globulus,True,5875,3.107,persistente,,0.025,ifn_2010
86556,Pinus_pinaster,True,1980,0.0,persistente,,0.029,ifn_2010
86557,Eucalyptus_globulus,True,5037,0.0,persistente,,0.156,ifn_2010
86558,Eucalyptus_globulus,True,718,0.0,persistente,,0.125,ifn_2010
86559,Eucalyptus_globulus,True,3763,0.189,persistente,,0.086,ifn_2010
86560,Eucalyptus_globulus,True,189,0.0,evento,2025.0,0.335,prohibida_rebrote
86561,Eucalyptus_globulus,True,706,0.0,evento,2025.0,0.284,prohibida_rebrote
86562,Eucalyptus_globulus,True,1385,1.645,persistente,,0.025,ifn_2010
86563,Eucalyptus_globulus,True,674,0.0,persistente,,0.038,ifn_2010
86564,Eucalyptus_globulus,True,3452,6.646,persistente,,0.034,ifn_2010
86565,Quercus_robur,False,3928,9.375,persistente,,0.022,ifn_2010
86566,Pinus_pinaster,True,2036,2.082,persistente,,0.074,ifn_2010
86567,Pinus_pinaster,True,641,1.157,evento,2021.0,0.197,desconocida
86568,Quercus_robur,False,244,0.326,persistente,,0.024,ifn_2010
86569,Pinus_radiata,True,488,0.0,persistente,,0.05,ifn_2010
86570,Pinus_pinaster,True,1081,0.0,persistente,,0.052,ifn_2010
86571,Pinus_pinaster,True,4750,0.231,persistente,,0.037,ifn_2010
86572,Quercus_robur,False,4080,0.0,persistente,,0.014,ifn_2010
86573,Eucalyptus_globulus,True,15394,3.978,persistente,,0.023,ifn_2010
86574,Pinus_pinaster,True,453,0.0,persistente,,0.116,ifn_2010
86575,Pinus_pinaster,True,1138,0.0,persistente,,0.119,ifn_2010
86576,Pinus_pinaster,True,513,0.0,persistente,,0.139,ifn_2010
86577,Pinus_pinaster,True,424,0.467,persistente,,0.115,ifn_2010
86578,Pinus_pinaster,True,2304,0.0,persistente,,0.047,ifn_2010
86579,Quercus_rubra,False,628,0.006,persistente,,0.027,ifn_2010
86580,Pinus_radiata,True,3640,0.0,persistente,,0.036,ifn_2010
86581,Pinus_radiata,True,5593,0.044,persistente,,0.048,ifn_2010
86582,Pinus_pinaster,True,791,0.0,persistente,,0.077,ifn_2010
86583,Quercus_robur,False,16822,7.296,persistente,,0.012,ifn_2010
86584,Pinus_radiata,True,213,0.0,persistente,,0.097,ifn_2010
86585,Pinus_radiata,True,357,0.0,persistente,,0.021,ifn_2010
86586,Pinus_radiata,True,2906,0.0,persistente,,0.042,ifn_2010
86587,Pinus_pinaster,True,547,0.0,persistente,,0.069,ifn_2010
86588,Pinus_pinaster,True,1544,0.0,persistente,,0.055,ifn_2010
86589,Pinus_radiata,True,1815,0.0,persistente,,0.053,ifn_2010
86590,Quercus_robur,False,3319,1.556,persistente,,0.02,ifn_2010
86591,Pinus_pinaster,True,988,0.137,persistente,,0.111,ifn_2010
86592,Eucalyptus_globulus,True,4704,3.16,persistente,,0.021,ifn_2010
86593,Pinus_pinaster,True,7075,8.912,persistente,,0.01,ifn_2010
86594,Quercus_robur,False,8361,7.851,persistente,,0.019,ifn_2010
86595,Pinus_pinaster,True,288,1.074,persistente,,0.028,ifn_2010
86596,Quercus_robur,False,3734,7.903,persistente,,0.034,ifn_2010
86597,Eucalyptus_globulus,True,3514,6.436,persistente,,0.029,ifn_2010
86598,Eucalyptus_globulus,True,849,3.166,persistente,,0.068,ifn_2010
86599,Eucalyptus_globulus,True,3120,8.749,persistente,,0.014,ifn_2010
86600,Pinus_pinaster,True,22575,15.785,persistente,,0.024,ifn_2010
86601,Pinus_pinaster,True,8515,3.671,persistente,,0.023,ifn_2010
86602,Pinus_pinaster,True,1867,1.28,persistente,,0.058,ifn_2010
86603,Eucalyptus_globulus,True,4030,0.693,persistente,,0.031,ifn_2010
86604,Quercus_robur,False,13751,7.295,persistente,,0.022,ifn_2010
86605,Alnus_glutinosa,False,587,1.151,persistente,,0.032,ifn_2010
86606,Pinus_pinaster,True,1495,0.0,persistente,,0.191,ifn_2010
86607,Quercus_rubra,False,275,0.0,persistente,,0.028,ifn_2010
86608,Quercus_rubra,False,1382,0.498,persistente,,0.024,ifn_2010
86609,Pinus_pinaster,True,1945,0.0,persistente,,0.072,ifn_2010
86610,Eucalyptus_globulus,True,3352,2.334,persistente,,0.015,ifn_2010
86611,Pinus_pinaster,True,1747,0.0,persistente,,0.171,ifn_2010
86612,Pinus_pinaster,True,594,0.0,persistente,,0.029,ifn_2010
86613,Eucalyptus_globulus,True,1664,1.363,persistente,,0.03,ifn_2010
86614,Pinus_pinaster,True,1106,0.634,persistente,,0.035,ifn_2010
86615,Pinus_pinaster,True,1388,0.0,persistente,,0.019,ifn_2010
86616,Quercus_robur,False,29763,22.643,persistente,,0.022,ifn_2010
86617,Quercus_robur,False,166,0.705,persistente,,0.027,ifn_2010
86618,Pinus_pinaster,True,219,0.0,persistente,,0.074,ifn_2010
86619,Pinus_sylvestris,True,3750,0.0,persistente,,0.031,ifn_2010
86620,Eucalyptus_globulus,True,431,0.0,evento,2019.0,0.369,prohibida_rebrote
86621,Pinus_pinaster,True,1070,0.0,persistente,,0.033,ifn_2010
86622,Pinus_pinaster,True,4915,1.294,persistente,,0.06,ifn_2010
86623,Eucalyptus_globulus,True,3189,0.173,evento,2024.0,0.256,prohibida_rebrote
86624,Pinus_pinaster,True,894,0.0,persistente,,0.027,ifn_2010
86625,Pinus_pinaster,True,3042,0.0,persistente,,0.087,ifn_2010
86626,Eucalyptus_globulus,True,583,0.0,persistente,,0.076,ifn_2010
86627,Pinus_pinaster,True,1357,0.095,persistente,,0.051,ifn_2010
86628,Pinus_pinaster,True,6296,4.613,persistente,,0.029,ifn_2010
86629,Pinus_pinaster,True,3559,2.121,persistente,,0.03,ifn_2010
86630,Pinus_pinaster,True,2011,1.317,persistente,,0.074,ifn_2010
86631,Pinus_pinaster,True,695,0.092,persistente,,0.064,ifn_2010
86632,Quercus_suber,False,8448,4.445,persistente,,0.035,ifn_2010
86633,Eucalyptus_globulus,True,2018,0.123,evento,2026.0,0.224,prohibida_rebrote
86634,Eucalyptus_globulus,True,5372,0.0,persistente,,0.141,ifn_2010
86635,Salix_atrocinerea,False,266,0.0,persistente,,0.033,ifn_2010
86636,Salix_atrocinerea,False,152,0.0,persistente,,0.036,ifn_2010
86637,Quercus_robur,False,213,1.089,persistente,,0.026,ifn_2010
86638,Quercus_robur,False,1125,0.0,persistente,,0.023,ifn_2010
86639,Pinus_pinaster,True,658,0.0,persistente,,0.04,ifn_2010
86640,Eucalyptus_globulus,True,3692,1.22,persistente,,0.058,ifn_2010
86641,Eucalyptus_globulus,True,1288,0.0,persistente,,0.085,ifn_2010
86642,Eucalyptus_globulus,True,427,0.03,persistente,,0.03,ifn_2010
86643,Alnus_glutinosa,False,102,0.0,persistente,,0.077,ifn_2010
86644,Pinus_pinaster,True,1255,0.0,persistente,,0.049,ifn_2010
86645,Pinus_pinaster,True,1449,0.015,persistente,,0.199,ifn_2010
86646,Pinus_pinaster,True,756,0.0,evento,2018.0,0.362,desconocida
86647,Eucalyptus_globulus,True,379,0.0,persistente,,0.023,ifn_2010
86648,Pinus_pinaster,True,103,0.0,persistente,,0.035,ifn_2010
86649,Eucalyptus_globulus,True,281,0.025,persistente,,0.013,ifn_2010
86650,Quercus_robur,False,158,0.152,persistente,,0.043,ifn_2010
86651,Quercus_robur,False,1142,2.505,persistente,,0.028,ifn_2010
86652,Quercus_robur,False,451,0.545,persistente,,0.036,ifn_2010
86653,Eucalyptus_globulus,True,103,0.424,persistente,,0.027,ifn_2010
86654,Pinus_pinaster,True,671,2.304,persistente,,0.116,ifn_2010
86655,Pinus_pinaster,True,110,0.44,persistente,,0.038,ifn_2010
86656,Pinus_pinaster,True,217,0.0,persistente,,0.033,ifn_2010
86657,Quercus_robur,False,1876,0.102,persistente,,0.02,ifn_2010
86658,Eucalyptus_globulus,True,3553,1.937,persistente,,0.026,ifn_2010
86659,Eucalyptus_globulus,True,2491,0.226,persistente,,0.033,ifn_2010
86660,Quercus_pyrenaica,False,293,0.0,persistente,,0.03,ifn_2010
86661,Quercus_robur,False,2735,1.532,persistente,,0.049,ifn_2010
86662,Quercus_robur,False,15554,1.937,persistente,,0.028,ifn_2010
86663,Pinus_pinaster,True,2684,0.0,persistente,,0.144,ifn_2010
86664,Quercus_robur,False,1230,0.0,persistente,,0.053,ifn_2010
86665,Quercus_robur,False,170,0.0,persistente,,0.014,ifn_2010
86666,Eucalyptus_globulus,True,171,0.0,persistente,,0.103,ifn_2010
86667,Quercus_robur,False,126,0.797,persistente,,0.072,ifn_2010
86668,Salix_spp,False,118,0.221,evento,2018.0,0.311,desconocida
86669,Quercus_robur,False,144,0.665,evento,2026.0,0.184,desconocida
86670,Eucalyptus_globulus,True,1393,0.895,persistente,,0.021,ifn_2010
86671,Pinus_pinaster,True,2745,0.0,persistente,,0.052,ifn_2010
86672,Betula_alba,False,1268,0.807,persistente,,0.026,ifn_2010
86673,Alnus_glutinosa,False,165,0.581,persistente,,0.031,ifn_2010
86674,Laurus_nobilis,False,108,0.0,persistente,,0.019,ifn_2010
86675,Quercus_robur,False,391,0.0,persistente,,0.023,ifn_2010
86676,Quercus_robur,False,488,0.0,persistente,,0.024,ifn_2010
86677,Quercus_robur,False,518,0.312,persistente,,0.011,ifn_2010
86678,Pinus_pinaster,True,323,0.0,persistente,,0.03,ifn_2010
86679,Quercus_robur,False,555,0.0,persistente,,0.02,ifn_2010
86680,Eucalyptus_globulus,True,164,0.0,persistente,,0.028,ifn_2010
86681,Pinus_pinaster,True,830,0.0,persistente,,0.019,ifn_2010
86682,Pinus_pinaster,True,814,0.416,persistente,,0.041,ifn_2010
86683,Quercus_robur,False,192,0.0,persistente,,0.023,ifn_2010
86684,Quercus_robur,False,1039,0.892,persistente,,0.033,ifn_2010
86685,Eucalyptus_globulus,True,2752,0.287,persistente,,0.049,ifn_2010
86686,Pinus_pinaster,True,245,0.792,persistente,,0.113,ifn_2010
86687,Quercus_rubra,False,64,0.0,persistente,,0.026,ifn_2010
86688,Pinus_pinaster,True,550,2.019,persistente,,0.077,ifn_2010
86689,Pinus_pinaster,True,1256,1.016,persistente,,0.1,ifn_2010
86690,Pinus_pinaster,True,1021,0.987,persistente,,0.088,ifn_2010
86691,Eucalyptus_globulus,True,305,0.0,persistente,,0.032,ifn_2010
86692,Eucalyptus_globulus,True,1862,3.461,persistente,,0.032,ifn_2010
86693,Pinus_pinaster,True,395,0.0,persistente,,0.055,ifn_2010
86694,Pinus_pinaster,True,887,2.905,persistente,,0.038,ifn_2010
86695,Pinus_pinaster,True,4724,0.0,persistente,,0.047,ifn_2010
86696,Pinus_pinaster,True,1216,0.0,persistente,,0.024,ifn_2010
86697,Quercus_robur,False,184,0.664,persistente,,0.029,ifn_2010
86698,Eucalyptus_globulus,True,291,1.913,persistente,,0.061,ifn_2010
86699,Quercus_robur,False,160,0.126,persistente,,0.027,ifn_2010
86700,Eucalyptus_globulus,True,981,0.0,persistente,,0.019,ifn_2010
86701,Pinus_pinaster,True,348,0.309,persistente,,0.061,ifn_2010
86702,Quercus_rubra,False,294,0.292,persistente,,0.011,ifn_2010
86703,Eucalyptus_globulus,True,3348,4.575,persistente,,0.025,ifn_2010
86704,Pinus_pinaster,True,126,0.0,persistente,,0.074,ifn_2010
86705,Eucalyptus_globulus,True,565,0.44,persistente,,0.044,ifn_2010
86706,Quercus_robur,False,119,0.0,persistente,,0.036,ifn_2010
86707,Pinus_pinaster,True,383,1.407,persistente,,0.02,ifn_2010
86708,Eucalyptus_globulus,True,122,0.0,persistente,,0.034,ifn_2010
86709,Quercus_robur,False,846,0.142,persistente,,0.026,ifn_2010
86710,Eucalyptus_globulus,True,735,1.227,persistente,,0.047,ifn_2010
86711,Quercus_robur,False,1677,5.662,persistente,,0.021,ifn_2010
86712,Quercus_robur,False,292,0.374,persistente,,0.024,ifn_2010
86713,Eucalyptus_globulus,True,299,0.0,persistente,,0.152,ifn_2010
86714,Quercus_robur,False,110,0.185,persistente,,0.047,ifn_2010
86715,Quercus_robur,False,1667,0.046,persistente,,0.021,ifn_2010
86716,Quercus_robur,False,257,0.0,persistente,,0.014,ifn_2010
86717,Quercus_robur,False,356,0.855,persistente,,0.019,ifn_2010
86718,Pinus_pinaster,True,7314,0.0,evento,2018.0,0.238,desconocida
86719,Pinus_pinaster,True,9031,0.0,persistente,,0.144,ifn_2010
86720,Pinus_pinaster,True,7071,6.124,persistente,,0.019,ifn_2010
86721,Pinus_pinaster,True,2886,0.602,persistente,,0.037,ifn_2010
86722,Quercus_robur,False,228,0.0,persistente,,0.026,ifn_2010
86723,Pinus_pinaster,True,241,0.0,evento,2018.0,0.291,desconocida
86724,Pinus_pinaster,True,345,0.007,persistente,,0.031,ifn_2010
86725,Quercus_robur,False,901,0.772,persistente,,0.018,ifn_2010
86726,Pinus_pinaster,True,21429,0.07,evento,2020.0,0.335,desconocida
86727,Pinus_pinaster,True,648,0.0,persistente,,0.062,ifn_2010
86728,Pinus_pinaster,True,6873,3.93,persistente,,0.029,ifn_2010
86729,Pinus_pinaster,True,62,0.0,persistente,,0.03,ifn_2010
86730,Pinus_pinaster,True,375,0.0,persistente,,0.021,ifn_2010
86731,Pinus_pinaster,True,978,0.0,persistente,,0.049,ifn_2010
86732,Pinus_pinaster,True,1052,0.0,persistente,,0.047,ifn_2010
86733,Pinus_pinaster,True,5653,0.0,persistente,,0.057,ifn_2010
86734,Salix_spp,False,436,0.0,persistente,,0.041,ifn_2010
86735,Pinus_pinaster,True,149,0.0,persistente,,0.066,ifn_2010
86736,Pinus_pinaster,True,386,0.0,persistente,,0.059,ifn_2010
86737,Pinus_pinaster,True,12166,0.0,persistente,,0.069,ifn_2010
86738,Pinus_pinaster,True,141,0.0,evento,2024.0,0.284,desconocida
86739,Pinus_pinaster,True,355,0.0,persistente,,0.053,ifn_2010
86740,Pinus_pinaster,True,6074,0.732,persistente,,0.096,ifn_2010
86741,Eucalyptus_globulus,True,0,0.0,sin_dato,,,sin_serie
86742,Pinus_pinaster,True,147,1.023,persistente,,0.007,ifn_2010
86743,Pinus_pinaster,True,112,0.7,evento,2018.0,0.423,desconocida
86744,Pinus_pinaster,True,1890,5.719,persistente,,0.046,ifn_2010
86745,Pinus_pinaster,True,827,3.802,persistente,,0.056,ifn_2010
86746,Pinus_pinaster,True,4005,11.135,persistente,,0.028,ifn_2010
86747,Pinus_pinaster,True,264,1.613,persistente,,0.079,ifn_2010
86748,Pinus_pinaster,True,238,1.2,persistente,,0.04,ifn_2010
86749,Pinus_pinaster,True,180,0.0,persistente,,0.085,ifn_2010
86750,Pinus_pinaster,True,183,1.522,persistente,,0.049,ifn_2010
86751,Pinus_pinaster,True,248,2.252,persistente,,0.163,ifn_2010
86752,Pinus_pinaster,True,107,0.65,persistente,,0.042,ifn_2010
86753,Pinus_pinaster,True,736,2.693,persistente,,0.059,ifn_2010
86754,Pinus_pinaster,True,450,0.996,persistente,,0.128,ifn_2010
86755,Pinus_pinaster,True,350,1.654,persistente,,0.119,ifn_2010
86758,Eucalyptus_globulus,True,1003,0.0,persistente,,0.03,ifn_2010
86759,Pinus_pinaster,True,24399,0.0,persistente,,0.092,ifn_2010
86760,Eucalyptus_globulus,True,6634,0.0,persistente,,0.073,ifn_2010
86761,Eucalyptus_globulus,True,884,0.0,persistente,,0.053,ifn_2010
86762,Pinus_pinaster,True,50029,0.0,persistente,,0.03,ifn_2010
86763,Pinus_pinaster,True,4232,0.0,persistente,,0.054,ifn_2010
86764,Pinus_pinaster,True,342,0.0,persistente,,0.083,ifn_2010
86765,Pinus_pinaster,True,0,0.0,sin_dato,,,sin_serie
86766,Eucalyptus_globulus,True,656,3.426,persistente,,0.099,ifn_2010
86767,Eucalyptus_globulus,True,2895,7.5,persistente,,0.039,ifn_2010
86768,Eucalyptus_globulus,True,1915,7.043,persistente,,0.068,ifn_2010
86769,Eucalyptus_globulus,True,727,0.528,persistente,,0.118,ifn_2010
86770,Pinus_pinaster,True,2060,2.727,persistente,,0.053,ifn_2010
86771,Pinus_pinaster,True,207,0.871,evento,2021.0,0.223,desconocida
86772,Pinus_pinaster,True,2003,1.384,persistente,,0.075,ifn_2010
86773,Pinus_pinaster,True,1101,0.897,persistente,,0.083,ifn_2010
86774,Eucalyptus_globulus,True,146,0.303,persistente,,0.127,ifn_2010
86775,Pinus_pinaster,True,1094,4.253,persistente,,0.111,ifn_2010
86776,Pinus_pinaster,True,0,0.0,sin_dato,,,sin_serie
86777,Pinus_pinaster,True,119,0.55,persistente,,0.136,ifn_2010
86778,Pinus_pinaster,True,288,0.548,persistente,,0.119,ifn_2010
86779,Salix_spp,False,0,0.0,sin_dato,,,sin_serie
86780,Pinus_pinaster,True,15863,12.411,persistente,,0.024,ifn_2010
86781,Salix_spp,False,0,0.0,sin_dato,,,sin_serie
86783,Pinus_pinaster,True,0,0.0,sin_dato,,,sin_serie
86785,Pinus_pinaster,True,0,0.0,sin_dato,,,sin_serie
86786,Pinus_pinaster,True,404,1.863,persistente,,0.02,ifn_2010
86788,Pinus_pinaster,True,0,0.0,sin_dato,,,sin_serie
86789,Eucalyptus_globulus,True,224,0.606,evento,2024.0,0.26,prohibida_rebrote
86790,Pinus_pinaster,True,1646,1.435,persistente,,0.014,ifn_2010
86791,Eucalyptus_globulus,True,610,0.383,persistente,,0.054,ifn_2010
86792,Eucalyptus_globulus,True,622,0.838,persistente,,0.079,ifn_2010
86793,Eucalyptus_globulus,True,366,0.254,persistente,,0.083,ifn_2010
86794,Eucalyptus_globulus,True,870,0.658,evento,2024.0,0.273,prohibida_rebrote
86795,Eucalyptus_globulus,True,308,1.155,persistente,,0.066,ifn_2010
86796,Pinus_pinaster,True,6762,17.381,persistente,,0.029,ifn_2010
86797,Eucalyptus_globulus,True,9914,7.188,persistente,,0.054,ifn_2010
86798,Pinus_pinaster,True,390,1.439,persistente,,0.047,ifn_2010
86799,Pinus_pinaster,True,526,1.87,persistente,,0.129,ifn_2010
86800,Pinus_pinaster,True,374,0.82,persistente,,0.03,ifn_2010
86801,Eucalyptus_globulus,True,219,0.0,persistente,,0.049,ifn_2010
86802,Pinus_pinaster,True,338,0.122,persistente,,0.053,ifn_2010
86803,Pinus_pinaster,True,606,2.612,persistente,,0.174,ifn_2010
86804,Pinus_pinaster,True,111,0.0,persistente,,0.049,ifn_2010
86805,Pinus_pinaster,True,363,0.298,persistente,,0.029,ifn_2010
86806,Pinus_pinaster,True,222,1.029,evento,2026.0,0.229,desconocida
86807,Pinus_pinaster,True,273,1.458,persistente,,0.134,ifn_2010
86808,Pinus_pinaster,True,964,1.947,persistente,,0.051,ifn_2010
86809,Pinus_pinaster,True,361,0.894,persistente,,0.023,ifn_2010
86810,Quercus_robur,False,1617,0.0,persistente,,0.108,ifn_2010
86811,Eucalyptus_globulus,True,279,1.033,persistente,,0.078,ifn_2010
86812,Pinus_pinaster,True,5326,9.784,evento,2026.0,0.279,desconocida
86813,Pinus_pinaster,True,503,2.801,persistente,,0.095,ifn_2010
86814,Pinus_pinaster,True,1458,3.784,persistente,,0.033,ifn_2010
86815,Eucalyptus_globulus,True,1321,1.47,persistente,,0.043,ifn_2010
86816,Quercus_robur,False,7022,1.892,persistente,,0.013,ifn_2010
86817,Pinus_pinaster,True,321,0.178,persistente,,0.026,ifn_2010
86818,Pinus_pinaster,True,206,0.0,persistente,,0.039,ifn_2010
86819,Pinus_pinaster,True,482,0.0,persistente,,0.013,ifn_2010
86820,Quercus_robur,False,1317,1.357,persistente,,0.016,ifn_2010
86821,Quercus_robur,False,5362,0.511,persistente,,0.013,ifn_2010
86822,Pinus_pinaster,True,244,0.796,persistente,,0.036,ifn_2010
86823,Pinus_pinaster,True,9322,0.0,persistente,,0.025,ifn_2010
86824,Pinus_pinaster,True,247,1.303,persistente,,0.119,ifn_2010
86825,Eucalyptus_globulus,True,14161,7.378,persistente,,0.061,ifn_2010
86826,Pinus_pinaster,True,5141,0.0,persistente,,0.096,ifn_2010
86827,Pinus_pinaster,True,419,1.529,persistente,,0.034,ifn_2010
86828,Pinus_pinaster,True,163,1.137,persistente,,0.038,ifn_2010
86829,Pinus_pinaster,True,2347,8.177,persistente,,0.018,ifn_2010
86830,Pinus_pinaster,True,381,0.394,persistente,,0.049,ifn_2010
86831,Quercus_robur,False,8762,7.953,persistente,,0.018,ifn_2010
86832,Eucalyptus_globulus,True,2414,3.237,persistente,,0.01,ifn_2010
86833,Pinus_pinaster,True,2268,2.161,persistente,,0.073,ifn_2010
86834,Pinus_radiata,True,5983,0.037,persistente,,0.094,ifn_2010
86835,Pinus_pinaster,True,10006,0.0,persistente,,0.062,ifn_2010
86836,Pinus_pinaster,True,1587,6.767,persistente,,0.046,ifn_2010
86837,Pinus_pinaster,True,14968,0.0,evento,2018.0,0.214,desconocida
86838,Pinus_pinaster,True,462,1.603,persistente,,0.111,ifn_2010
86839,Pinus_pinaster,True,1452,5.434,persistente,,0.047,ifn_2010
86840,Pinus_pinaster,True,4670,0.0,evento,2018.0,0.222,desconocida
86841,Pinus_pinaster,True,11004,0.0,evento,2018.0,0.238,desconocida
86842,Eucalyptus_globulus,True,18808,0.0,evento,2018.0,0.279,prohibida_rebrote
86843,Pinus_pinaster,True,15080,0.666,persistente,,0.09,ifn_2010
86844,Eucalyptus_globulus,True,7134,4.833,persistente,,0.142,ifn_2010
86845,Eucalyptus_globulus,True,12608,3.071,persistente,,0.109,ifn_2010
86846,Eucalyptus_globulus,True,2028,4.375,persistente,,0.179,ifn_2010
86847,Quercus_robur,False,1602,0.851,persistente,,0.016,ifn_2010
86848,Quercus_robur,False,6428,2.308,persistente,,0.092,ifn_2010
86849,Pinus_pinaster,True,5456,2.192,persistente,,0.038,ifn_2010
86850,Alnus_glutinosa,False,401,1.272,persistente,,0.024,ifn_2010
86851,Pinus_pinaster,True,1164,4.962,persistente,,0.02,ifn_2010
86852,Pinus_pinaster,True,5046,12.255,persistente,,0.038,ifn_2010
86853,Quercus_robur,False,847,2.795,persistente,,0.04,ifn_2010
86854,Pinus_pinaster,True,10652,6.746,persistente,,0.025,ifn_2010
86855,Pinus_pinaster,True,6928,27.999,persistente,,0.047,ifn_2010
86856,Pinus_pinaster,True,13539,14.295,persistente,,0.033,ifn_2010
86857,Pinus_pinaster,True,423,1.226,persistente,,0.013,ifn_2010
86858,Pinus_pinaster,True,694,0.465,persistente,,0.094,ifn_2010
86859,Pinus_pinaster,True,3158,4.719,persistente,,0.04,ifn_2010
86860,Pinus_pinaster,True,5383,9.502,persistente,,0.03,ifn_2010
86861,Pinus_pinaster,True,1839,5.805,persistente,,0.054,ifn_2010
86862,Pinus_pinaster,True,1199,0.26,persistente,,0.049,ifn_2010
86863,Pinus_pinaster,True,185,1.437,persistente,,0.076,ifn_2010
86864,Pinus_pinaster,True,922,0.907,persistente,,0.072,ifn_2010
86865,Eucalyptus_globulus,True,1837,5.643,persistente,,0.012,ifn_2010
86866,Pinus_pinaster,True,409,2.25,persistente,,0.107,ifn_2010
86867,Pinus_pinaster,True,1730,6.019,persistente,,0.085,ifn_2010
86868,Pinus_pinaster,True,606,3.235,persistente,,0.043,ifn_2010
86869,Pinus_pinaster,True,362,1.12,persistente,,0.055,ifn_2010
86870,Pinus_pinaster,True,413,1.324,persistente,,0.075,ifn_2010
86871,Pinus_pinaster,True,916,1.69,persistente,,0.076,ifn_2010
86872,Pinus_pinaster,True,1496,0.852,persistente,,0.066,ifn_2010
86873,Pinus_pinaster,True,157,0.0,persistente,,0.088,ifn_2010
86874,Pinus_pinaster,True,1597,3.647,persistente,,0.057,ifn_2010
86875,Eucalyptus_globulus,True,419,1.192,persistente,,0.021,ifn_2010
86876,Pinus_pinaster,True,556,2.187,persistente,,0.016,ifn_2010
86877,Eucalyptus_globulus,True,3843,9.129,persistente,,0.028,ifn_2010
86878,Pinus_pinaster,True,768,2.322,persistente,,0.104,ifn_2010
86879,Quercus_robur,False,4414,1.797,persistente,,0.012,ifn_2010
86880,Pinus_pinaster,True,3744,4.139,persistente,,0.02,ifn_2010
86881,Pinus_radiata,True,468,0.0,evento,2018.0,0.362,desconocida
86882,Eucalyptus_globulus,True,19577,4.895,persistente,,0.019,ifn_2010
86883,Pinus_pinaster,True,2434,1.898,persistente,,0.05,ifn_2010
86884,Eucalyptus_globulus,True,523,2.509,persistente,,0.039,ifn_2010
86885,Alnus_glutinosa,False,478,1.052,persistente,,0.033,ifn_2010
86886,Pinus_radiata,True,196,0.0,persistente,,0.044,ifn_2010
86887,Pinus_pinaster,True,2080,0.0,persistente,,0.06,ifn_2010
86888,Pinus_pinaster,True,1303,0.462,persistente,,0.076,ifn_2010
86889,Eucalyptus_globulus,True,1556,0.0,persistente,,0.024,ifn_2010
86890,Pinus_pinaster,True,2604,0.0,evento,2018.0,0.348,desconocida
86891,Pinus_pinaster,True,4325,2.927,persistente,,0.013,ifn_2010
86892,Pinus_pinaster,True,468,0.0,persistente,,0.06,ifn_2010
86893,Quercus_robur,False,619,1.502,persistente,,0.046,ifn_2010
86894,Pinus_pinaster,True,838,4.595,persistente,,0.013,ifn_2010
86895,Pinus_pinaster,True,348,0.534,persistente,,0.165,ifn_2010
86896,Pinus_pinaster,True,236,0.323,persistente,,0.031,ifn_2010
86897,Pinus_pinaster,True,217,1.559,persistente,,0.102,ifn_2010
86898,Eucalyptus_globulus,True,2656,0.299,persistente,,0.038,ifn_2010
86899,Eucalyptus_globulus,True,39224,23.171,persistente,,0.017,ifn_2010
86900,Eucalyptus_globulus,True,20340,2.199,persistente,,0.051,ifn_2010
86901,Eucalyptus_globulus,True,4696,1.578,persistente,,0.134,ifn_2010
86902,Quercus_robur,False,4280,2.687,persistente,,0.012,ifn_2010
86903,Pinus_pinaster,True,2616,0.0,evento,2018.0,0.222,desconocida
86904,Eucalyptus_globulus,True,484,0.0,evento,2024.0,0.271,prohibida_rebrote
86905,Eucalyptus_globulus,True,29058,6.149,persistente,,0.022,ifn_2010
86906,Eucalyptus_globulus,True,12188,5.448,persistente,,0.02,ifn_2010
86907,Quercus_robur,False,4780,1.408,persistente,,0.011,ifn_2010
86908,Pinus_pinaster,True,10123,0.434,persistente,,0.047,ifn_2010
86909,Eucalyptus_globulus,True,11282,9.21,persistente,,0.034,ifn_2010
86910,Eucalyptus_globulus,True,1088,2.973,persistente,,0.028,ifn_2010
86911,Pinus_pinaster,True,7347,10.776,persistente,,0.023,ifn_2010
86912,Eucalyptus_globulus,True,1824,0.0,persistente,,0.038,ifn_2010
86913,Pinus_pinaster,True,2126,2.811,persistente,,0.137,ifn_2010
86914,Pinus_radiata,True,1778,0.0,persistente,,0.02,ifn_2010
86915,Pinus_pinaster,True,700,2.578,persistente,,0.059,ifn_2010
86916,Eucalyptus_globulus,True,32178,7.556,persistente,,0.042,ifn_2010
86917,Pinus_pinaster,True,858,3.921,persistente,,0.014,ifn_2010
86918,Eucalyptus_globulus,True,33400,20.305,persistente,,0.018,ifn_2010
86919,Quercus_robur,False,9070,2.074,persistente,,0.013,ifn_2010
86920,Eucalyptus_globulus,True,20708,10.672,persistente,,0.018,ifn_2010
86921,Pinus_pinaster,True,5810,2.278,persistente,,0.144,ifn_2010
86922,Pinus_pinaster,True,1836,0.0,persistente,,0.042,ifn_2010
86923,Pinus_pinaster,True,401,0.78,persistente,,0.062,ifn_2010
86924,Pinus_pinaster,True,1423,3.704,persistente,,0.029,ifn_2010
86925,Eucalyptus_globulus,True,1314,0.0,persistente,,0.032,ifn_2010
86926,Quercus_robur,False,25220,16.456,persistente,,0.008,ifn_2010
86927,Quercus_robur,False,19576,1.724,persistente,,0.009,ifn_2010
86928,Eucalyptus_globulus,True,7420,0.0,persistente,,0.029,ifn_2010
86929,Eucalyptus_globulus,True,1352,1.629,persistente,,0.021,ifn_2010
86930,Eucalyptus_globulus,True,42174,10.993,persistente,,0.026,ifn_2010
86931,Quercus_robur,False,8280,1.845,persistente,,0.014,ifn_2010
86932,Pinus_radiata,True,1556,0.0,persistente,,0.058,ifn_2010
86933,Pinus_pinaster,True,950,1.743,persistente,,0.091,ifn_2010
86934,Pinus_pinaster,True,2050,3.892,persistente,,0.111,ifn_2010
86935,Pinus_pinaster,True,1204,0.004,persistente,,0.034,ifn_2010
86936,Eucalyptus_globulus,True,51666,8.781,persistente,,0.169,ifn_2010
86937,Quercus_robur,False,8915,7.114,persistente,,0.029,ifn_2010
86938,Quercus_robur,False,9922,7.451,persistente,,0.014,ifn_2010
86939,Quercus_robur,False,1956,4.787,persistente,,0.016,ifn_2010
86940,Eucalyptus_globulus,True,12976,1.731,persistente,,0.014,ifn_2010
86941,Castanea_sativa,False,1202,1.603,persistente,,0.038,ifn_2010
86942,Eucalyptus_globulus,True,4956,2.454,persistente,,0.025,ifn_2010
86943,Quercus_robur,False,20015,8.0,persistente,,0.016,ifn_2010
86944,Eucalyptus_globulus,True,12259,7.115,persistente,,0.017,ifn_2010
86945,Pinus_radiata,True,1924,0.0,persistente,,0.191,ifn_2010
86946,Quercus_robur,False,10996,5.411,persistente,,0.006,ifn_2010
86947,Pinus_pinaster,True,1933,0.0,evento,2025.0,0.19,desconocida
86948,Eucalyptus_globulus,True,30486,10.302,persistente,,0.025,ifn_2010
86949,Pinus_pinaster,True,22707,9.673,persistente,,0.02,ifn_2010
86950,Pinus_radiata,True,1032,0.0,persistente,,0.12,ifn_2010
86951,Pinus_radiata,True,981,0.0,persistente,,0.04,ifn_2010
86952,Pinus_pinaster,True,10847,9.323,persistente,,0.024,ifn_2010
86953,Pinus_pinaster,True,8223,0.0,persistente,,0.032,ifn_2010
86954,Pinus_pinaster,True,4228,0.0,persistente,,0.098,ifn_2010
86955,Quercus_robur,False,25523,7.248,persistente,,0.017,ifn_2010
86956,Eucalyptus_globulus,True,1200,0.0,persistente,,0.164,ifn_2010
86957,Eucalyptus_globulus,True,211,0.0,persistente,,0.126,ifn_2010
86958,Eucalyptus_globulus,True,1170,0.768,persistente,,0.118,ifn_2010
86959,Quercus_robur,False,2928,3.233,persistente,,0.013,ifn_2010
86960,Quercus_robur,False,915,2.414,persistente,,0.018,ifn_2010
86961,Eucalyptus_globulus,True,322,0.0,persistente,,0.027,ifn_2010
86962,Eucalyptus_globulus,True,2536,0.0,evento,2023.0,0.308,prohibida_rebrote
86963,Eucalyptus_globulus,True,2080,0.0,persistente,,0.064,ifn_2010
86964,Eucalyptus_globulus,True,1800,0.0,persistente,,0.12,ifn_2010
86965,Eucalyptus_globulus,True,1364,0.607,persistente,,0.027,ifn_2010
86966,Castanea_sativa,False,320,1.11,persistente,,0.019,ifn_2010
86967,Eucalyptus_globulus,True,1014,0.0,persistente,,0.039,ifn_2010
86968,Eucalyptus_globulus,True,2604,0.182,persistente,,0.035,ifn_2010
86969,Eucalyptus_globulus,True,11302,2.941,persistente,,0.027,ifn_2010
86970,Eucalyptus_globulus,True,2478,3.339,persistente,,0.036,ifn_2010
86971,Eucalyptus_globulus,True,580,0.695,persistente,,0.035,ifn_2010
86972,Eucalyptus_globulus,True,2586,4.481,persistente,,0.05,ifn_2010
86973,Quercus_robur,False,2562,0.0,persistente,,0.006,ifn_2010
86974,Eucalyptus_globulus,True,1240,0.0,persistente,,0.081,ifn_2010
86975,Pinus_pinaster,True,11278,0.0,persistente,,0.043,ifn_2010
86976,Eucalyptus_globulus,True,3326,4.612,persistente,,0.067,ifn_2010
86977,Eucalyptus_globulus,True,872,0.824,persistente,,0.049,ifn_2010
86978,Eucalyptus_globulus,True,1126,0.0,persistente,,0.175,ifn_2010
86979,Eucalyptus_globulus,True,1184,0.0,persistente,,0.041,ifn_2010
86980,Quercus_robur,False,3573,5.17,persistente,,0.031,ifn_2010
86981,Quercus_robur,False,960,0.899,persistente,,0.024,ifn_2010
86982,Eucalyptus_globulus,True,280,0.0,persistente,,0.149,ifn_2010
86983,Pinus_pinaster,True,1397,3.9,persistente,,0.044,ifn_2010
86984,Pinus_pinaster,True,1635,1.642,persistente,,0.087,ifn_2010
86985,Eucalyptus_globulus,True,4952,0.453,persistente,,0.039,ifn_2010
86986,Quercus_robur,False,36509,24.146,persistente,,0.02,ifn_2010
86987,Pinus_pinaster,True,9301,1.807,persistente,,0.025,ifn_2010
86988,Eucalyptus_globulus,True,722,0.0,persistente,,0.107,ifn_2010
86989,Pinus_radiata,True,5020,0.0,persistente,,0.148,ifn_2010
86990,Eucalyptus_globulus,True,1232,1.134,persistente,,0.056,ifn_2010
86991,Eucalyptus_globulus,True,845,0.507,persistente,,0.031,ifn_2010
86992,Eucalyptus_globulus,True,690,0.0,evento,2018.0,0.359,prohibida_rebrote
86993,Pinus_radiata,True,818,0.0,evento,2018.0,0.308,desconocida
86994,Pinus_pinaster,True,7652,0.0,evento,2018.0,0.264,desconocida
86995,Pinus_pinaster,True,4211,0.0,evento,2026.0,0.194,desconocida
86996,Salix_spp,False,348,0.0,persistente,,0.017,ifn_2010
86997,Quercus_robur,False,278,0.02,persistente,,0.111,ifn_2010
86998,Salix_spp,False,556,0.0,persistente,,0.027,ifn_2010
86999,Castanea_sativa,False,4856,8.077,persistente,,0.012,ifn_2010
87000,Eucalyptus_globulus,True,1042,0.0,persistente,,0.123,ifn_2010
87001,Eucalyptus_globulus,True,3491,0.456,persistente,,0.034,ifn_2010
87002,Pinus_radiata,True,587,0.0,persistente,,0.105,ifn_2010
87003,Pinus_pinaster,True,983,0.0,persistente,,0.061,ifn_2010
87004,Pinus_pinaster,True,22395,19.486,persistente,,0.017,ifn_2010
87005,Pinus_pinaster,True,1415,1.094,persistente,,0.026,ifn_2010
87006,Castanea_sativa,False,297,0.411,persistente,,0.056,ifn_2010
87007,Pinus_pinaster,True,4768,0.0,persistente,,0.114,ifn_2010
87008,Eucalyptus_globulus,True,28843,12.971,persistente,,0.018,ifn_2010
87009,Eucalyptus_globulus,True,1077,1.739,persistente,,0.021,ifn_2010
87010,Eucalyptus_globulus,True,1990,1.931,persistente,,0.025,ifn_2010
87011,Pinus_pinaster,True,17137,22.257,persistente,,0.026,ifn_2010
87012,Pinus_pinaster,True,2302,0.0,persistente,,0.027,ifn_2010
87013,Eucalyptus_globulus,True,506,1.455,persistente,,0.014,ifn_2010
87014,Pinus_pinaster,True,1264,0.304,persistente,,0.02,ifn_2010
87015,Pinus_pinaster,True,6339,4.67,persistente,,0.01,ifn_2010
87016,Eucalyptus_globulus,True,265,1.664,persistente,,0.037,ifn_2010
87017,Eucalyptus_globulus,True,284,1.821,persistente,,0.172,ifn_2010
87018,Eucalyptus_globulus,True,2729,7.697,persistente,,0.013,ifn_2010
87019,Pinus_pinaster,True,2995,6.428,persistente,,0.043,ifn_2010
87020,Pinus_pinaster,True,21152,7.255,persistente,,0.149,ifn_2010
87021,Pinus_pinaster,True,1145,0.01,persistente,,0.019,ifn_2010
87022,Eucalyptus_globulus,True,29186,8.185,persistente,,0.016,ifn_2010
87023,Quercus_robur,False,4236,5.092,persistente,,0.01,ifn_2010
87024,Quercus_robur,False,9978,8.388,persistente,,0.025,ifn_2010
87025,Eucalyptus_globulus,True,4986,1.425,persistente,,0.044,ifn_2010
87026,Eucalyptus_globulus,True,3634,0.0,persistente,,0.166,ifn_2010
87027,Eucalyptus_globulus,True,414,0.0,evento,2018.0,0.323,prohibida_rebrote
87028,Pinus_pinaster,True,16533,0.0,evento,2018.0,0.228,desconocida
87029,Pinus_pinaster,True,1673,0.0,evento,2018.0,0.195,desconocida
87030,Eucalyptus_globulus,True,10132,0.0,persistente,,0.148,ifn_2010
87031,Eucalyptus_globulus,True,1556,0.0,persistente,,0.111,ifn_2010
87032,Pinus_pinaster,True,5653,2.967,persistente,,0.03,ifn_2010
87033,Pinus_pinaster,True,4024,0.0,persistente,,0.086,ifn_2010
87034,Pinus_pinaster,True,1523,2.768,persistente,,0.021,ifn_2010
87035,Pinus_pinaster,True,11578,28.313,persistente,,0.018,ifn_2010
87036,Pinus_pinaster,True,11383,12.588,persistente,,0.05,ifn_2010
87037,Eucalyptus_globulus,True,1909,0.0,persistente,,0.179,ifn_2010
87038,Pinus_pinaster,True,29783,4.929,persistente,,0.078,ifn_2010
87039,Pinus_pinaster,True,5235,1.633,persistente,,0.099,ifn_2010
87040,Quercus_robur,False,352,1.601,persistente,,0.115,ifn_2010
87041,Pinus_pinaster,True,29300,31.046,persistente,,0.016,ifn_2010
87042,Pinus_pinaster,True,1137,6.883,persistente,,0.081,ifn_2010
87043,Eucalyptus_globulus,True,356,0.673,persistente,,0.053,ifn_2010
87044,Pinus_pinaster,True,2994,3.748,persistente,,0.023,ifn_2010
87045,Pinus_pinaster,True,3167,3.916,persistente,,0.063,ifn_2010
87046,Pinus_pinaster,True,1175,3.617,persistente,,0.069,ifn_2010
87047,Pinus_pinaster,True,178,1.019,persistente,,0.093,ifn_2010
87048,Pinus_pinaster,True,233,1.232,persistente,,0.108,ifn_2010
87049,Pinus_pinaster,True,478,1.765,persistente,,0.096,ifn_2010
87050,Eucalyptus_globulus,True,878,1.203,persistente,,0.023,ifn_2010
87051,Eucalyptus_globulus,True,451,1.159,persistente,,0.066,ifn_2010
87052,Pinus_pinaster,True,874,1.706,persistente,,0.085,ifn_2010
87053,Eucalyptus_globulus,True,400,1.705,persistente,,0.021,ifn_2010
87054,Pinus_pinaster,True,222,0.515,persistente,,0.08,ifn_2010
87055,Pinus_pinaster,True,2483,2.422,persistente,,0.111,ifn_2010
87056,Alnus_glutinosa,False,8814,4.369,persistente,,0.037,ifn_2010
87057,Eucalyptus_globulus,True,625,0.0,persistente,,0.109,ifn_2010
87058,Eucalyptus_globulus,True,534,1.926,persistente,,0.068,ifn_2010
87059,Pinus_pinaster,True,6706,9.243,persistente,,0.082,ifn_2010
87060,Eucalyptus_globulus,True,3499,5.581,evento,2018.0,0.22,prohibida_rebrote
87061,Eucalyptus_globulus,True,3260,0.0,persistente,,0.091,ifn_2010
87062,Eucalyptus_globulus,True,2651,0.0,persistente,,0.019,ifn_2010
87063,Pinus_pinaster,True,8313,8.912,persistente,,0.019,ifn_2010
87064,Pinus_pinaster,True,18151,10.132,persistente,,0.027,ifn_2010
87065,Eucalyptus_globulus,True,15924,15.504,persistente,,0.066,ifn_2010
87066,Eucalyptus_globulus,True,842,0.687,persistente,,0.067,ifn_2010
87067,Pinus_pinaster,True,2871,7.96,persistente,,0.076,ifn_2010
87068,Pinus_pinaster,True,7382,11.095,persistente,,0.037,ifn_2010
87069,Pinus_pinaster,True,3980,1.809,persistente,,0.058,ifn_2010
87070,Alnus_glutinosa,False,4818,0.0,persistente,,0.047,ifn_2010
87071,Eucalyptus_globulus,True,19898,0.0,persistente,,0.016,ifn_2010
87072,Alnus_glutinosa,False,3556,0.0,persistente,,0.015,ifn_2010
87073,Eucalyptus_globulus,True,9068,7.687,persistente,,0.029,ifn_2010
87074,Eucalyptus_globulus,True,738,2.004,persistente,,0.127,ifn_2010
87075,Eucalyptus_globulus,True,2028,0.0,persistente,,0.05,ifn_2010
87076,Pinus_pinaster,True,1499,6.067,persistente,,0.056,ifn_2010
87077,Eucalyptus_globulus,True,3734,1.596,persistente,,0.018,ifn_2010
87078,Alnus_glutinosa,False,6187,0.985,persistente,,0.021,ifn_2010
87079,Eucalyptus_globulus,True,652,1.124,persistente,,0.049,ifn_2010
87080,Eucalyptus_globulus,True,14680,14.605,persistente,,0.012,ifn_2010
87081,Eucalyptus_globulus,True,276,0.0,persistente,,0.025,ifn_2010
87082,Eucalyptus_globulus,True,3604,4.994,persistente,,0.017,ifn_2010
87083,Eucalyptus_globulus,True,1444,1.347,persistente,,0.008,ifn_2010
87084,Pinus_pinaster,True,3150,5.562,persistente,,0.083,ifn_2010
87085,Eucalyptus_globulus,True,1182,0.0,persistente,,0.016,ifn_2010
87086,Eucalyptus_globulus,True,1768,0.0,persistente,,0.022,ifn_2010
87087,Pinus_pinaster,True,1968,1.88,persistente,,0.034,ifn_2010
87088,Eucalyptus_globulus,True,1072,0.0,persistente,,0.029,ifn_2010
87089,Eucalyptus_globulus,True,236,0.07,persistente,,0.012,ifn_2010
87090,Pinus_pinaster,True,244,0.808,persistente,,0.029,ifn_2010
87091,Eucalyptus_globulus,True,298,0.33,persistente,,0.038,ifn_2010
87092,Quercus_robur,False,2748,1.676,persistente,,0.02,ifn_2010
87093,Eucalyptus_globulus,True,210,0.012,persistente,,0.044,ifn_2010
87094,Quercus_robur,False,454,0.357,persistente,,0.022,ifn_2010
87095,Eucalyptus_globulus,True,9645,5.15,persistente,,0.013,ifn_2010
87096,Eucalyptus_globulus,True,1276,0.894,persistente,,0.09,ifn_2010
87097,Quercus_robur,False,26782,25.977,persistente,,0.027,ifn_2010
87098,Eucalyptus_globulus,True,30520,3.491,persistente,,0.028,ifn_2010
87099,Quercus_robur,False,2341,0.0,persistente,,0.026,ifn_2010
87100,Pinus_pinaster,True,8783,6.315,persistente,,0.031,ifn_2010
87101,Eucalyptus_globulus,True,4553,4.011,persistente,,0.025,ifn_2010
87102,Eucalyptus_globulus,True,9852,0.0,persistente,,0.031,ifn_2010
87103,Eucalyptus_globulus,True,470,0.0,persistente,,0.039,ifn_2010
87104,Eucalyptus_globulus,True,6888,7.064,persistente,,0.031,ifn_2010
87105,Eucalyptus_globulus,True,2132,0.0,persistente,,0.012,ifn_2010
87106,Pinus_pinaster,True,3554,0.0,persistente,,0.08,ifn_2010
87107,Eucalyptus_globulus,True,232,0.0,persistente,,0.085,ifn_2010
87108,Eucalyptus_globulus,True,496,0.0,persistente,,0.122,ifn_2010
87109,Eucalyptus_globulus,True,420,0.0,persistente,,0.043,ifn_2010
87110,Pinus_radiata,True,1042,0.0,persistente,,0.188,ifn_2010
87111,Pinus_radiata,True,1948,0.0,persistente,,0.065,ifn_2010
87112,Eucalyptus_globulus,True,583,0.0,persistente,,0.044,ifn_2010
87113,Eucalyptus_globulus,True,959,0.0,persistente,,0.033,ifn_2010
87114,Eucalyptus_globulus,True,6710,0.0,persistente,,0.081,ifn_2010
87115,Pinus_radiata,True,13145,0.0,persistente,,0.039,ifn_2010
87116,Eucalyptus_globulus,True,2682,3.251,persistente,,0.073,ifn_2010
87117,Eucalyptus_globulus,True,10020,11.296,persistente,,0.081,ifn_2010
87118,Eucalyptus_globulus,True,460,1.745,persistente,,0.03,ifn_2010
87119,Pinus_pinaster,True,1178,0.0,persistente,,0.044,ifn_2010
87120,Eucalyptus_globulus,True,3968,1.954,persistente,,0.039,ifn_2010
87121,Pinus_pinaster,True,17272,1.272,persistente,,0.01,ifn_2010
87122,Pinus_pinaster,True,12586,0.827,persistente,,0.026,ifn_2010
87123,Eucalyptus_globulus,True,5017,1.06,persistente,,0.124,ifn_2010
87124,Eucalyptus_globulus,True,997,1.543,persistente,,0.041,ifn_2010
87125,Pinus_pinaster,True,441,3.375,persistente,,0.035,ifn_2010
87126,Pinus_pinaster,True,3919,0.0,evento,2018.0,0.209,desconocida
87127,Eucalyptus_globulus,True,7204,0.0,evento,2018.0,0.335,prohibida_rebrote
87128,Eucalyptus_globulus,True,4384,0.0,persistente,,0.111,ifn_2010
87129,Eucalyptus_globulus,True,626,0.0,persistente,,0.022,ifn_2010
87130,Quercus_robur,False,12602,6.693,persistente,,0.164,ifn_2010
87131,Pinus_pinaster,True,4043,0.0,evento,2018.0,0.294,desconocida
87132,Eucalyptus_globulus,True,33742,11.24,persistente,,0.054,ifn_2010
87133,Pinus_pinaster,True,10959,0.717,persistente,,0.098,ifn_2010
87134,Quercus_robur,False,2658,0.918,persistente,,0.033,ifn_2010
87135,Pinus_pinaster,True,1414,4.56,persistente,,0.037,ifn_2010
87136,Eucalyptus_globulus,True,6836,0.394,persistente,,0.181,ifn_2010
87137,Pinus_pinaster,True,5891,2.384,persistente,,0.051,ifn_2010
87138,Pinus_pinaster,True,151,0.397,persistente,,0.021,ifn_2010
87139,Pinus_pinaster,True,106,0.69,persistente,,0.168,ifn_2010
87140,Pinus_pinaster,True,2780,0.81,persistente,,0.023,ifn_2010
87141,Eucalyptus_globulus,True,1227,0.057,persistente,,0.035,ifn_2010
87142,Pinus_pinaster,True,303,0.56,persistente,,0.028,ifn_2010
87143,Pinus_pinaster,True,158,0.0,persistente,,0.076,ifn_2010
87144,Pinus_pinaster,True,7456,11.265,persistente,,0.031,ifn_2010
87145,Pinus_pinaster,True,5895,7.028,persistente,,0.055,ifn_2010
87146,Pinus_pinaster,True,464,2.433,persistente,,0.076,ifn_2010
87147,Eucalyptus_globulus,True,6148,15.935,persistente,,0.037,ifn_2010
87148,Pinus_pinaster,True,1625,4.185,persistente,,0.073,ifn_2010
87149,Pinus_pinaster,True,301,0.586,persistente,,0.104,ifn_2010
87150,Pinus_pinaster,True,646,2.065,persistente,,0.027,ifn_2010
87151,Pinus_pinaster,True,647,0.268,persistente,,0.048,ifn_2010
87152,Pinus_pinaster,True,181,0.837,persistente,,0.034,ifn_2010
87153,Pinus_pinaster,True,158,0.72,evento,2020.0,0.206,desconocida
87154,Pinus_pinaster,True,1229,2.643,persistente,,0.044,ifn_2010
87155,Pinus_pinaster,True,981,4.22,persistente,,0.103,ifn_2010
87156,Pinus_pinaster,True,1557,4.362,persistente,,0.025,ifn_2010
87157,Pinus_pinaster,True,283,1.829,persistente,,0.124,ifn_2010
87158,Pinus_pinaster,True,3589,3.942,persistente,,0.021,ifn_2010
87159,Pinus_pinaster,True,734,0.722,persistente,,0.026,ifn_2010
87160,Pinus_pinaster,True,504,0.842,persistente,,0.045,ifn_2010
87161,Pinus_pinaster,True,2311,4.017,persistente,,0.087,ifn_2010
87162,Pinus_pinaster,True,1661,0.0,persistente,,0.158,ifn_2010
87163,Pinus_pinaster,True,1119,0.0,persistente,,0.031,ifn_2010
87164,Eucalyptus_globulus,True,20317,15.125,persistente,,0.014,ifn_2010
87165,Pinus_pinaster,True,6759,7.122,persistente,,0.012,ifn_2010
87166,Pinus_pinaster,True,4364,2.494,persistente,,0.044,ifn_2010
87167,Pinus_pinaster,True,14748,0.725,persistente,,0.013,ifn_2010
87168,Pinus_pinaster,True,5636,9.155,persistente,,0.029,ifn_2010
87169,Pinus_pinaster,True,20264,12.365,persistente,,0.016,ifn_2010
87170,Eucalyptus_globulus,True,9042,12.248,persistente,,0.029,ifn_2010
87171,Pinus_pinaster,True,10409,9.259,persistente,,0.035,ifn_2010
87172,Eucalyptus_globulus,True,255,1.37,persistente,,0.103,ifn_2010
87173,Pinus_pinaster,True,338,1.7,persistente,,0.042,ifn_2010
87174,Pinus_pinaster,True,309,1.616,persistente,,0.038,ifn_2010
87175,Pinus_pinaster,True,471,0.626,persistente,,0.03,ifn_2010
87176,Pinus_pinaster,True,15088,9.857,persistente,,0.037,ifn_2010
87177,Pinus_pinaster,True,1856,2.834,persistente,,0.031,ifn_2010
87178,Eucalyptus_globulus,True,2176,2.517,persistente,,0.031,ifn_2010
87179,Eucalyptus_globulus,True,8529,0.0,persistente,,0.022,ifn_2010
87180,Pinus_pinaster,True,3217,0.008,persistente,,0.022,ifn_2010
87181,Eucalyptus_globulus,True,3626,0.329,persistente,,0.015,ifn_2010
87182,Pinus_pinaster,True,575,0.067,persistente,,0.017,ifn_2010
87183,Pinus_radiata,True,421,0.018,persistente,,0.023,ifn_2010
87184,Pinus_pinaster,True,1220,0.0,persistente,,0.076,ifn_2010
87185,Pinus_pinaster,True,691,0.0,persistente,,0.032,ifn_2010
87186,Pseudotsuga_menziesii,True,1969,0.0,persistente,,0.018,ifn_2010
87187,Eucalyptus_globulus,True,6687,0.0,persistente,,0.021,ifn_2010
87188,Eucalyptus_globulus,True,6894,0.0,persistente,,0.101,ifn_2010
87189,Eucalyptus_globulus,True,249,0.0,persistente,,0.059,ifn_2010
87190,Eucalyptus_globulus,True,1142,0.0,persistente,,0.043,ifn_2010
87191,Pinus_pinaster,True,7834,2.155,persistente,,0.042,ifn_2010
87192,Pinus_pinaster,True,1097,0.0,persistente,,0.014,ifn_2010
87193,Eucalyptus_globulus,True,166,0.544,persistente,,0.119,ifn_2010
87194,Eucalyptus_globulus,True,1326,1.036,persistente,,0.085,ifn_2010
87195,Pinus_pinaster,True,248,0.0,persistente,,0.059,ifn_2010
87196,Pinus_pinaster,True,160,0.429,persistente,,0.023,ifn_2010
87197,Eucalyptus_globulus,True,217,0.839,persistente,,0.071,ifn_2010
87198,Quercus_robur,False,113,0.427,evento,2023.0,0.267,desconocida
87199,Eucalyptus_globulus,True,313,0.541,persistente,,0.045,ifn_2010
87200,Pinus_pinaster,True,99,0.678,persistente,,0.047,ifn_2010
87201,Eucalyptus_globulus,True,86,0.567,persistente,,0.094,ifn_2010
87202,Eucalyptus_globulus,True,167,1.413,persistente,,0.098,ifn_2010
87203,Eucalyptus_globulus,True,433,1.942,persistente,,0.073,ifn_2010
87204,Quercus_robur,False,182,0.0,persistente,,0.118,ifn_2010
87205,Eucalyptus_globulus,True,158,0.488,persistente,,0.055,ifn_2010
87206,Eucalyptus_globulus,True,1995,0.06,persistente,,0.027,ifn_2010
87207,Eucalyptus_globulus,True,103,0.35,persistente,,0.04,ifn_2010
87208,Eucalyptus_globulus,True,169,0.762,evento,2020.0,0.192,prohibida_rebrote
87209,Eucalyptus_globulus,True,139,0.564,persistente,,0.033,ifn_2010
87210,Eucalyptus_globulus,True,211,0.212,persistente,,0.021,ifn_2010
87211,Eucalyptus_globulus,True,980,2.258,persistente,,0.115,ifn_2010
87212,Eucalyptus_globulus,True,877,3.077,persistente,,0.094,ifn_2010
87213,Eucalyptus_globulus,True,191,0.55,persistente,,0.082,ifn_2010
87214,Eucalyptus_globulus,True,99,0.45,persistente,,0.04,ifn_2010
87215,Eucalyptus_globulus,True,156,1.231,persistente,,0.166,ifn_2010
87216,Eucalyptus_globulus,True,145,0.328,evento,2024.0,0.256,prohibida_rebrote
87217,Eucalyptus_globulus,True,180,0.588,persistente,,0.044,ifn_2010
87218,Eucalyptus_globulus,True,109,0.378,persistente,,0.016,ifn_2010
87219,Eucalyptus_globulus,True,158,0.341,persistente,,0.047,ifn_2010
87220,Eucalyptus_globulus,True,171,0.699,persistente,,0.021,ifn_2010
87221,Pinus_pinaster,True,3933,2.872,persistente,,0.048,ifn_2010
87222,Pinus_pinaster,True,7046,11.048,persistente,,0.04,ifn_2010
87223,Pinus_pinaster,True,2180,4.585,persistente,,0.064,ifn_2010
87224,Pinus_pinaster,True,418,0.0,persistente,,0.03,ifn_2010
87225,Pinus_radiata,True,7404,0.019,persistente,,0.142,ifn_2010
87226,Salix_spp,False,1072,1.176,persistente,,0.021,ifn_2010
87227,Pinus_pinaster,True,1664,0.119,persistente,,0.046,ifn_2010
87228,Pinus_radiata,True,1801,0.0,evento,2018.0,0.229,desconocida
87229,Pinus_pinaster,True,391,1.85,persistente,,0.076,ifn_2010
87230,Pinus_pinaster,True,2079,1.492,persistente,,0.035,ifn_2010
87231,Pinus_pinaster,True,11086,28.568,persistente,,0.018,ifn_2010
87232,Pinus_radiata,True,3442,0.091,persistente,,0.107,ifn_2010
87233,Pinus_pinaster,True,3348,5.375,persistente,,0.04,ifn_2010
87234,Pinus_pinaster,True,1775,2.428,persistente,,0.174,ifn_2010
87235,Eucalyptus_globulus,True,5122,2.788,persistente,,0.06,ifn_2010
87236,Pinus_pinaster,True,18162,18.58,persistente,,0.02,ifn_2010
87237,Pinus_pinaster,True,485,3.042,persistente,,0.025,ifn_2010
87238,Pinus_pinaster,True,219,0.75,persistente,,0.019,ifn_2010
87239,Eucalyptus_globulus,True,392,0.534,persistente,,0.053,ifn_2010
87240,Pinus_pinaster,True,2943,2.723,persistente,,0.041,ifn_2010
87241,Eucalyptus_globulus,True,11502,10.934,persistente,,0.044,ifn_2010
87242,Pinus_pinaster,True,511,0.0,persistente,,0.029,ifn_2010
87243,Quercus_robur,False,314,0.325,persistente,,0.076,ifn_2010
87244,Quercus_robur,False,206,0.166,persistente,,0.033,ifn_2010
87245,Eucalyptus_globulus,True,910,1.971,evento,2025.0,0.212,prohibida_rebrote
87246,Pinus_pinaster,True,524,1.834,persistente,,0.059,ifn_2010
87247,Pinus_pinaster,True,1144,1.522,persistente,,0.056,ifn_2010
87248,Pinus_pinaster,True,796,2.595,persistente,,0.11,ifn_2010
87249,Eucalyptus_globulus,True,1782,0.026,persistente,,0.01,ifn_2010
87250,Pinus_pinaster,True,328,0.654,persistente,,0.07,ifn_2010
87251,Pinus_pinaster,True,354,0.644,evento,2023.0,0.224,desconocida
87252,Pinus_pinaster,True,411,0.253,persistente,,0.054,ifn_2010
87253,Pinus_pinaster,True,7316,7.293,persistente,,0.027,ifn_2010
87254,Pinus_pinaster,True,508,0.0,persistente,,0.022,ifn_2010
87255,Pinus_pinaster,True,134,0.233,persistente,,0.082,ifn_2010
87256,Pinus_pinaster,True,6962,4.72,persistente,,0.007,ifn_2010
87257,Eucalyptus_globulus,True,770,0.769,persistente,,0.016,ifn_2010
87258,Pinus_pinaster,True,480,2.555,persistente,,0.086,ifn_2010
87259,Eucalyptus_globulus,True,3268,4.212,persistente,,0.036,ifn_2010
87260,Eucalyptus_globulus,True,570,0.897,persistente,,0.018,ifn_2010
87261,Eucalyptus_globulus,True,2258,2.609,evento,2026.0,0.188,prohibida_rebrote
87262,Pinus_pinaster,True,1314,2.174,persistente,,0.094,ifn_2010
87263,Eucalyptus_globulus,True,868,2.368,persistente,,0.034,ifn_2010
87264,Eucalyptus_globulus,True,1650,4.261,persistente,,0.042,ifn_2010
87265,Eucalyptus_globulus,True,2192,0.424,persistente,,0.025,ifn_2010
87266,Eucalyptus_globulus,True,944,2.884,persistente,,0.1,ifn_2010
87267,Eucalyptus_globulus,True,484,0.768,persistente,,0.14,ifn_2010
87268,Pinus_pinaster,True,22042,10.741,persistente,,0.016,ifn_2010
87269,Alnus_glutinosa,False,1805,0.031,persistente,,0.025,ifn_2010
87270,Pinus_pinaster,True,237,0.0,persistente,,0.043,ifn_2010
87271,Pinus_pinaster,True,2062,0.957,persistente,,0.032,ifn_2010
87272,Eucalyptus_globulus,True,3240,3.946,persistente,,0.098,ifn_2010
87273,Pinus_pinaster,True,8538,4.574,persistente,,0.035,ifn_2010
87274,Pinus_pinaster,True,18802,10.537,persistente,,0.056,ifn_2010
87275,Pinus_pinaster,True,2074,4.562,persistente,,0.086,ifn_2010
87276,Pinus_pinaster,True,3192,0.0,persistente,,0.022,ifn_2010
87277,Pinus_pinaster,True,396,1.21,persistente,,0.117,ifn_2010
87278,Pinus_radiata,True,771,0.0,evento,2023.0,0.398,desconocida
87279,Eucalyptus_globulus,True,1948,0.285,persistente,,0.151,ifn_2010
87280,Eucalyptus_globulus,True,480,0.884,persistente,,0.064,ifn_2010
87281,Alnus_glutinosa,False,1138,0.88,persistente,,0.025,ifn_2010
87282,Alnus_glutinosa,False,539,0.529,persistente,,0.027,ifn_2010
87283,Eucalyptus_globulus,True,230,0.04,persistente,,0.033,ifn_2010
87284,Pinus_pinaster,True,648,1.438,persistente,,0.172,ifn_2010
87285,Pinus_pinaster,True,550,0.458,persistente,,0.097,ifn_2010
87286,Pinus_pinaster,True,555,1.922,persistente,,0.239,ifn_2010
87287,Pinus_pinaster,True,3860,3.642,persistente,,0.046,ifn_2010
87288,Pinus_pinaster,True,503,1.005,persistente,,0.038,ifn_2010
87289,Pinus_pinaster,True,304,0.232,persistente,,0.021,ifn_2010
87290,Pinus_pinaster,True,512,0.993,persistente,,0.029,ifn_2010
87291,Pinus_pinaster,True,340,0.123,persistente,,0.013,ifn_2010
87292,Pinus_pinaster,True,1589,0.0,persistente,,0.064,ifn_2010
87293,Pinus_radiata,True,1848,0.0,persistente,,0.112,ifn_2010
87294,Pinus_pinaster,True,8090,13.166,persistente,,0.048,ifn_2010
87295,Eucalyptus_globulus,True,403,0.0,persistente,,0.034,ifn_2010
87296,Eucalyptus_globulus,True,5938,7.692,persistente,,0.046,ifn_2010
87297,Pinus_pinaster,True,218,0.547,evento,2021.0,0.194,desconocida
87298,Pinus_pinaster,True,910,2.63,persistente,,0.061,ifn_2010
87299,Pinus_pinaster,True,238,0.04,persistente,,0.024,ifn_2010
87300,Eucalyptus_globulus,True,3744,2.914,persistente,,0.018,ifn_2010
87301,Eucalyptus_globulus,True,576,0.0,evento,2023.0,0.308,prohibida_rebrote
87302,Pinus_pinaster,True,3210,0.0,persistente,,0.059,ifn_2010
87303,Pinus_pinaster,True,2708,0.334,persistente,,0.014,ifn_2010
87304,Pinus_pinaster,True,1530,3.462,persistente,,0.066,ifn_2010
87305,Eucalyptus_globulus,True,544,1.31,persistente,,0.087,ifn_2010
87306,Eucalyptus_globulus,True,4092,5.936,persistente,,0.019,ifn_2010
87307,Eucalyptus_globulus,True,336,0.325,persistente,,0.032,ifn_2010
87308,Eucalyptus_globulus,True,248,0.811,persistente,,0.017,ifn_2010
87309,Pinus_pinaster,True,1090,4.006,persistente,,0.069,ifn_2010
87310,Eucalyptus_globulus,True,950,2.181,persistente,,0.094,ifn_2010
87311,Eucalyptus_globulus,True,236,0.196,persistente,,0.051,ifn_2010
87312,Eucalyptus_globulus,True,570,1.143,persistente,,0.073,ifn_2010
87313,Pinus_pinaster,True,14816,35.792,persistente,,0.063,ifn_2010
87314,Chamaecyparis_lawsoniana,False,239,0.0,persistente,,0.124,ifn_2010
87315,Pinus_radiata,True,1065,0.0,persistente,,0.103,ifn_2010
87316,Pinus_pinaster,True,2900,0.0,persistente,,0.019,ifn_2010
87317,Pinus_pinaster,True,818,0.0,persistente,,0.048,ifn_2010
87318,Pinus_pinaster,True,420,0.0,persistente,,0.027,ifn_2010
87319,Castanea_sativa,False,157,0.0,persistente,,0.021,ifn_2010
87320,Pinus_pinaster,True,342,1.435,persistente,,0.04,ifn_2010
87321,Pinus_pinaster,True,324,1.926,persistente,,0.049,ifn_2010
87322,Pinus_radiata,True,12188,0.0,persistente,,0.037,ifn_2010
87323,Pinus_pinaster,True,2129,0.0,persistente,,0.044,ifn_2010
87324,Populus_x_canadensis,False,279,1.182,persistente,,0.035,ifn_2010
87325,Quercus_robur,False,116,0.123,persistente,,0.031,ifn_2010
87326,Pinus_pinaster,True,186,1.05,persistente,,0.107,ifn_2010
87327,Pinus_pinaster,True,206,0.466,persistente,,0.032,ifn_2010
87328,Pinus_pinaster,True,314,0.596,persistente,,0.042,ifn_2010
87329,Pinus_pinaster,True,181,0.728,evento,2026.0,0.302,desconocida
87330,Eucalyptus_globulus,True,614,1.094,persistente,,0.096,ifn_2010
87331,Pinus_radiata,True,729,0.0,evento,2026.0,0.311,desconocida
87332,Eucalyptus_globulus,True,396,0.0,persistente,,0.03,ifn_2010
87333,Eucalyptus_globulus,True,5032,7.031,persistente,,0.13,ifn_2010
87334,Pinus_pinaster,True,468,0.719,persistente,,0.05,ifn_2010
87335,Castanea_sativa,False,255,0.168,persistente,,0.026,ifn_2010
87336,Eucalyptus_globulus,True,3704,3.176,persistente,,0.018,ifn_2010
87337,Eucalyptus_globulus,True,322,0.509,persistente,,0.032,ifn_2010
87338,Pinus_pinaster,True,428,1.446,persistente,,0.002,ifn_2010
87339,Pinus_pinaster,True,934,0.0,persistente,,0.015,ifn_2010
87340,Pinus_pinaster,True,310,0.521,persistente,,0.105,ifn_2010
87341,Eucalyptus_globulus,True,4420,5.33,persistente,,0.076,ifn_2010
87342,Eucalyptus_globulus,True,2776,6.217,persistente,,0.045,ifn_2010
87343,Pinus_pinaster,True,900,0.092,persistente,,0.043,ifn_2010
87344,Pinus_pinaster,True,656,1.034,persistente,,0.011,ifn_2010
87345,Eucalyptus_globulus,True,832,2.986,persistente,,0.091,ifn_2010
87346,Quercus_robur,False,476,0.328,persistente,,0.087,ifn_2010
87347,Eucalyptus_globulus,True,26856,11.389,persistente,,0.026,ifn_2010
87348,Eucalyptus_globulus,True,16814,10.681,persistente,,0.019,ifn_2010
87349,Eucalyptus_globulus,True,24523,3.229,persistente,,0.103,ifn_2010
87350,Pinus_pinaster,True,218,0.0,persistente,,0.06,ifn_2010
87351,Pinus_pinaster,True,1724,0.0,persistente,,0.028,ifn_2010
87352,Eucalyptus_globulus,True,2398,1.095,persistente,,0.042,ifn_2010
87353,Pinus_pinaster,True,1811,2.15,persistente,,0.03,ifn_2010
87354,Eucalyptus_globulus,True,350,0.0,persistente,,0.047,ifn_2010
87355,Pinus_pinaster,True,1538,0.0,persistente,,0.04,ifn_2010
87356,Pinus_pinaster,True,847,0.0,persistente,,0.043,ifn_2010
87357,Pinus_pinaster,True,101,0.0,persistente,,0.025,ifn_2010
87358,Pinus_pinaster,True,154,0.0,persistente,,0.045,ifn_2010
87359,Eucalyptus_globulus,True,765,0.0,persistente,,0.023,ifn_2010
87360,Eucalyptus_globulus,True,119,0.0,persistente,,0.097,ifn_2010
87361,Eucalyptus_globulus,True,2147,0.0,persistente,,0.015,ifn_2010
87362,Pinus_pinaster,True,635,0.0,persistente,,0.026,ifn_2010
87363,Eucalyptus_globulus,True,107,0.416,persistente,,0.037,ifn_2010
87364,Eucalyptus_globulus,True,658,0.528,persistente,,0.035,ifn_2010
87365,Pinus_pinaster,True,488,1.216,persistente,,0.039,ifn_2010
87366,Pinus_pinaster,True,407,1.474,persistente,,0.023,ifn_2010
87367,Pinus_pinaster,True,107,0.785,persistente,,0.129,ifn_2010
87368,Eucalyptus_globulus,True,7834,5.526,persistente,,0.024,ifn_2010
87369,Eucalyptus_globulus,True,282,0.246,persistente,,0.023,ifn_2010
87370,Eucalyptus_globulus,True,762,0.0,persistente,,0.036,ifn_2010
87371,Eucalyptus_globulus,True,1868,4.86,persistente,,0.077,ifn_2010
87372,Eucalyptus_globulus,True,775,2.036,persistente,,0.035,ifn_2010
87373,Eucalyptus_globulus,True,693,3.139,persistente,,0.045,ifn_2010
87374,Eucalyptus_globulus,True,9300,1.33,persistente,,0.028,ifn_2010
87375,Eucalyptus_globulus,True,2829,0.112,persistente,,0.016,ifn_2010
87376,Eucalyptus_globulus,True,244,0.992,persistente,,0.043,ifn_2010
87377,Eucalyptus_globulus,True,220,0.381,persistente,,0.153,ifn_2010
87378,Eucalyptus_globulus,True,478,0.263,evento,2026.0,0.207,prohibida_rebrote
87379,Eucalyptus_globulus,True,338,0.0,persistente,,0.026,ifn_2010
87380,Eucalyptus_globulus,True,342,0.996,persistente,,0.044,ifn_2010
87381,Eucalyptus_globulus,True,1548,2.305,persistente,,0.041,ifn_2010
87382,Pinus_pinaster,True,1688,0.908,persistente,,0.068,ifn_2010
87383,Pinus_pinaster,True,246,0.0,persistente,,0.11,ifn_2010
87384,Pinus_pinaster,True,932,0.273,evento,2020.0,0.249,desconocida
87385,Pinus_radiata,True,1010,0.0,persistente,,0.017,ifn_2010
87386,Pinus_pinaster,True,308,1.367,persistente,,0.044,ifn_2010
87387,Pinus_pinaster,True,415,2.001,persistente,,0.041,ifn_2010
87388,Pinus_pinaster,True,6538,6.294,persistente,,0.032,ifn_2010
87389,Eucalyptus_globulus,True,3033,0.0,persistente,,0.018,ifn_2010
87390,Quercus_robur,False,334,0.75,persistente,,0.156,ifn_2010
87391,Eucalyptus_globulus,True,21432,10.773,persistente,,0.013,ifn_2010
87392,Pinus_pinaster,True,2908,3.617,persistente,,0.036,ifn_2010
87393,Eucalyptus_globulus,True,6328,4.634,persistente,,0.029,ifn_2010
87394,Pinus_pinaster,True,812,0.0,persistente,,0.063,ifn_2010
87395,Eucalyptus_globulus,True,30654,2.683,persistente,,0.024,ifn_2010
87396,Eucalyptus_globulus,True,16232,10.252,persistente,,0.023,ifn_2010
87397,Pinus_pinaster,True,5357,3.312,persistente,,0.016,ifn_2010
87398,Pinus_pinaster,True,4428,2.525,persistente,,0.012,ifn_2010
87399,Eucalyptus_globulus,True,8170,0.555,persistente,,0.026,ifn_2010
87400,Pinus_pinaster,True,12079,0.376,persistente,,0.053,ifn_2010
87401,Eucalyptus_globulus,True,57376,17.126,persistente,,0.004,ifn_2010
87402,Salix_spp,False,209,0.111,persistente,,0.026,ifn_2010
87403,Pinus_pinaster,True,262,0.354,persistente,,0.048,ifn_2010
87404,Eucalyptus_globulus,True,1598,0.515,persistente,,0.17,ifn_2010
87405,Eucalyptus_globulus,True,382,2.142,persistente,,0.084,ifn_2010
87406,Quercus_robur,False,368,0.255,persistente,,0.021,ifn_2010
87407,Eucalyptus_globulus,True,32568,24.098,persistente,,0.038,ifn_2010
87408,Eucalyptus_globulus,True,6472,13.285,persistente,,0.024,ifn_2010
87409,Eucalyptus_globulus,True,6552,7.832,persistente,,0.026,ifn_2010
87410,Pinus_pinaster,True,209,0.0,persistente,,0.03,ifn_2010
87411,Eucalyptus_globulus,True,29554,15.927,persistente,,0.016,ifn_2010
87412,Pinus_pinaster,True,1177,2.408,persistente,,0.012,ifn_2010
87413,Eucalyptus_globulus,True,16396,24.981,persistente,,0.021,ifn_2010
87414,Pinus_pinaster,True,1591,1.446,persistente,,0.023,ifn_2010
87415,Alnus_glutinosa,False,3219,4.071,persistente,,0.027,ifn_2010
87416,Pinus_pinaster,True,1172,2.108,persistente,,0.025,ifn_2010
87417,Eucalyptus_globulus,True,8478,10.289,persistente,,0.013,ifn_2010
87418,Pinus_pinaster,True,3894,0.461,persistente,,0.039,ifn_2010
87419,Pinus_pinaster,True,521,1.137,persistente,,0.039,ifn_2010
87420,Eucalyptus_globulus,True,28170,4.929,persistente,,0.014,ifn_2010
87421,Pinus_pinaster,True,18030,0.0,persistente,,0.027,ifn_2010
87422,Eucalyptus_globulus,True,25980,10.548,persistente,,0.032,ifn_2010
87423,Eucalyptus_globulus,True,133,0.0,persistente,,0.04,ifn_2010
87424,Eucalyptus_globulus,True,2805,1.686,persistente,,0.03,ifn_2010
87425,Eucalyptus_globulus,True,17781,21.639,persistente,,0.031,ifn_2010
87426,Pinus_pinaster,True,6520,0.933,persistente,,0.118,ifn_2010
87427,Eucalyptus_globulus,True,7822,0.0,persistente,,0.078,ifn_2010
87428,Pinus_pinaster,True,560,0.0,persistente,,0.049,ifn_2010
87429,Pinus_pinaster,True,430,0.0,persistente,,0.027,ifn_2010
87430,Pinus_pinaster,True,1321,0.0,persistente,,0.017,ifn_2010
87431,Pinus_pinaster,True,2645,0.0,persistente,,0.017,ifn_2010
87432,Pinus_pinaster,True,243,0.0,persistente,,0.071,ifn_2010
87433,Pinus_radiata,True,743,0.0,evento,2023.0,0.351,desconocida
87434,Pinus_pinaster,True,2975,0.0,persistente,,0.012,ifn_2010
87435,Pinus_pinaster,True,19352,17.671,persistente,,0.021,ifn_2010
87436,Alnus_glutinosa,False,305,0.747,persistente,,0.053,ifn_2010
87437,Pinus_pinaster,True,718,1.464,persistente,,0.025,ifn_2010
87438,Quercus_robur,False,534,1.159,persistente,,0.034,ifn_2010
87439,Pinus_pinaster,True,771,0.548,persistente,,0.071,ifn_2010
87440,Quercus_robur,False,438,0.0,persistente,,0.022,ifn_2010
87441,Eucalyptus_globulus,True,176,0.0,persistente,,0.007,ifn_2010
87442,Pinus_pinaster,True,216,0.0,persistente,,0.034,ifn_2010
87443,Eucalyptus_globulus,True,243,0.753,persistente,,0.075,ifn_2010
87444,Pinus_pinaster,True,129,0.417,persistente,,0.012,ifn_2010
87445,Pinus_pinaster,True,5057,4.955,persistente,,0.048,ifn_2010
87446,Pinus_pinaster,True,393,1.997,persistente,,0.053,ifn_2010
87447,Pinus_pinaster,True,445,2.55,persistente,,0.039,ifn_2010
87448,Pinus_pinaster,True,741,1.335,persistente,,0.028,ifn_2010
87449,Pinus_pinaster,True,367,1.239,persistente,,0.019,ifn_2010
87450,Pinus_pinaster,True,776,1.616,persistente,,0.022,ifn_2010
87451,Pinus_pinaster,True,345,0.0,persistente,,0.091,ifn_2010
87452,Pinus_pinaster,True,514,0.0,persistente,,0.021,ifn_2010
87453,Pinus_pinaster,True,2002,0.292,persistente,,0.018,ifn_2010
87454,Pinus_pinaster,True,5601,5.702,persistente,,0.025,ifn_2010
87455,Pinus_pinaster,True,13222,14.582,persistente,,0.023,ifn_2010
87456,Pinus_pinaster,True,246,1.299,persistente,,0.052,ifn_2010
87457,Eucalyptus_globulus,True,2106,7.249,persistente,,0.018,ifn_2010
87458,Pinus_pinaster,True,3519,3.793,evento,2022.0,0.202,desconocida
87459,Pinus_pinaster,True,200,0.235,persistente,,0.022,ifn_2010
87460,Pinus_pinaster,True,210,1.229,persistente,,0.034,ifn_2010
87461,Pinus_pinaster,True,981,0.148,persistente,,0.011,ifn_2010
87462,Pinus_pinaster,True,134,0.0,persistente,,0.05,ifn_2010
87463,Pinus_pinaster,True,659,0.0,persistente,,0.019,ifn_2010
87464,Pinus_pinaster,True,2510,0.768,persistente,,0.051,ifn_2010
87465,Pinus_pinaster,True,1738,0.882,persistente,,0.016,ifn_2010
87466,Quercus_robur,False,5644,3.503,persistente,,0.022,ifn_2010
87467,Quercus_robur,False,185,1.257,persistente,,0.064,ifn_2010
87468,Pinus_pinaster,True,1478,1.164,persistente,,0.064,ifn_2010
87469,Eucalyptus_globulus,True,3108,2.075,persistente,,0.051,ifn_2010
87470,Eucalyptus_globulus,True,2420,1.423,persistente,,0.062,ifn_2010
87471,Eucalyptus_globulus,True,1509,0.0,persistente,,0.087,ifn_2010
87472,Pinus_pinaster,True,541,0.0,persistente,,0.034,ifn_2010
87473,Pinus_pinaster,True,382,0.086,persistente,,0.028,ifn_2010
87474,Pinus_pinaster,True,513,0.613,persistente,,0.058,ifn_2010
87475,Eucalyptus_globulus,True,279,0.0,persistente,,0.021,ifn_2010
87476,Eucalyptus_globulus,True,406,0.0,persistente,,0.025,ifn_2010
87477,Eucalyptus_globulus,True,2472,0.0,evento,2024.0,0.246,prohibida_rebrote
87478,Pinus_pinaster,True,5927,1.794,persistente,,0.025,ifn_2010
87479,Eucalyptus_globulus,True,3539,2.174,persistente,,0.105,ifn_2010
87480,Pinus_pinaster,True,9349,8.534,persistente,,0.066,ifn_2010
87481,Eucalyptus_globulus,True,4115,0.0,persistente,,0.041,ifn_2010
87482,Eucalyptus_globulus,True,16941,20.551,persistente,,0.033,ifn_2010
87483,Eucalyptus_globulus,True,13439,11.435,persistente,,0.022,ifn_2010
87484,Eucalyptus_globulus,True,23703,9.057,persistente,,0.021,ifn_2010
87485,Eucalyptus_globulus,True,4687,3.229,persistente,,0.017,ifn_2010
87486,Eucalyptus_globulus,True,1907,0.0,persistente,,0.128,ifn_2010
87487,Pinus_pinaster,True,2019,0.0,persistente,,0.071,ifn_2010
87488,Eucalyptus_globulus,True,17672,3.338,persistente,,0.034,ifn_2010
87489,Eucalyptus_globulus,True,53717,2.416,persistente,,0.043,ifn_2010
87490,Eucalyptus_globulus,True,42338,7.087,persistente,,0.032,ifn_2010
87491,Pinus_pinaster,True,4137,0.0,persistente,,0.015,ifn_2010
87492,Eucalyptus_globulus,True,3985,0.0,persistente,,0.034,ifn_2010
87493,Eucalyptus_globulus,True,3703,0.0,persistente,,0.024,ifn_2010
87494,Pinus_pinaster,True,164,0.0,persistente,,0.152,ifn_2010
87495,Alnus_glutinosa,False,976,0.0,persistente,,0.041,ifn_2010
87496,Eucalyptus_globulus,True,2080,0.0,persistente,,0.024,ifn_2010
87497,Pinus_pinaster,True,1750,0.0,persistente,,0.077,ifn_2010
87498,Quercus_robur,False,392,0.0,persistente,,0.064,ifn_2010
87499,Pinus_pinaster,True,672,0.0,persistente,,0.053,ifn_2010
87500,Eucalyptus_globulus,True,1988,0.0,persistente,,0.044,ifn_2010
87501,Eucalyptus_globulus,True,3350,0.0,persistente,,0.048,ifn_2010
87502,Eucalyptus_globulus,True,422,0.0,persistente,,0.043,ifn_2010
87503,Pinus_pinaster,True,1144,0.0,persistente,,0.042,ifn_2010
87504,Pinus_pinaster,True,472,0.0,persistente,,0.032,ifn_2010
87505,Eucalyptus_globulus,True,2520,0.0,persistente,,0.047,ifn_2010
87506,Eucalyptus_globulus,True,1116,0.0,persistente,,0.033,ifn_2010
87507,Eucalyptus_globulus,True,920,0.0,persistente,,0.09,ifn_2010
87508,Eucalyptus_globulus,True,836,0.0,evento,2021.0,0.505,prohibida_rebrote
87509,Eucalyptus_globulus,True,638,0.0,persistente,,0.063,ifn_2010
87510,Eucalyptus_globulus,True,3510,0.0,persistente,,0.027,ifn_2010
87511,Eucalyptus_globulus,True,1064,0.0,persistente,,0.024,ifn_2010
87512,Eucalyptus_globulus,True,276,0.0,persistente,,0.062,ifn_2010
87513,Eucalyptus_globulus,True,486,0.0,persistente,,0.212,ifn_2010
87514,Eucalyptus_globulus,True,182,0.0,evento,2019.0,0.207,prohibida_rebrote
87515,Eucalyptus_globulus,True,1282,0.0,persistente,,0.07,ifn_2010
87516,Eucalyptus_globulus,True,290,0.0,persistente,,0.039,ifn_2010
87517,Eucalyptus_globulus,True,346,0.0,persistente,,0.022,ifn_2010
87518,Eucalyptus_globulus,True,982,0.0,persistente,,0.064,ifn_2010
87519,Eucalyptus_globulus,True,216,0.0,persistente,,0.134,ifn_2010
87520,Eucalyptus_globulus,True,366,0.0,persistente,,0.064,ifn_2010
87521,Quercus_robur,False,896,0.0,persistente,,0.104,ifn_2010
87522,Eucalyptus_globulus,True,216,0.0,persistente,,0.063,ifn_2010
87523,Eucalyptus_globulus,True,796,0.0,persistente,,0.072,ifn_2010
87524,Eucalyptus_globulus,True,2814,0.0,persistente,,0.016,ifn_2010
87525,Eucalyptus_globulus,True,566,0.0,persistente,,0.021,ifn_2010
87526,Eucalyptus_globulus,True,530,0.0,persistente,,0.03,ifn_2010
87527,Eucalyptus_globulus,True,828,0.0,persistente,,0.019,ifn_2010
87528,Eucalyptus_globulus,True,1112,0.0,persistente,,0.038,ifn_2010
87529,Eucalyptus_globulus,True,532,0.0,persistente,,0.032,ifn_2010
87530,Pinus_pinaster,True,6640,0.0,persistente,,0.006,ifn_2010
87531,Eucalyptus_globulus,True,2008,0.0,persistente,,0.026,ifn_2010
87532,Eucalyptus_globulus,True,8108,0.0,persistente,,0.019,ifn_2010
87533,Eucalyptus_globulus,True,11404,0.0,persistente,,0.015,ifn_2010
87534,Pinus_pinaster,True,374,0.0,persistente,,0.041,ifn_2010
87535,Castanea_sativa,False,121,0.785,persistente,,0.051,ifn_2010
87536,Quercus_robur,False,1386,0.0,persistente,,0.115,ifn_2010
87537,Alnus_glutinosa,False,1161,0.0,persistente,,0.026,ifn_2010
87538,Salix_spp,False,3796,0.0,persistente,,0.049,ifn_2010
87539,Salix_spp,False,2080,0.575,persistente,,0.062,ifn_2010
90019,Pinus_pinaster,True,1842,3.012,persistente,,0.014,ifn_2010
90020,Pinus_pinaster,True,182,0.0,persistente,,0.022,ifn_2010
90021,Pinus_pinaster,True,436,0.0,persistente,,0.017,ifn_2010
90022,Pinus_pinaster,True,272,0.0,persistente,,0.026,ifn_2010
90023,Eucalyptus_globulus,True,8954,0.0,persistente,,0.023,ifn_2010
90024,Eucalyptus_globulus,True,1371,1.186,persistente,,0.018,ifn_2010
90025,Eucalyptus_globulus,True,1192,0.038,persistente,,0.038,ifn_2010
90026,Pinus_pinaster,True,8813,0.0,persistente,,0.017,ifn_2010
90027,Acacia_dealbata,True,1536,0.0,persistente,,0.079,ifn_2010
90028,Eucalyptus_globulus,True,12435,0.0,persistente,,0.018,ifn_2010
90029,Eucalyptus_globulus,True,63498,8.671,persistente,,0.038,ifn_2010
90030,Eucalyptus_globulus,True,5598,0.0,persistente,,0.099,ifn_2010
90031,Pinus_pinaster,True,547,0.0,persistente,,0.05,ifn_2010
90032,Quercus_robur,False,1263,0.0,evento,2026.0,0.189,desconocida
90033,Eucalyptus_globulus,True,13519,3.459,persistente,,0.028,ifn_2010
90034,Eucalyptus_globulus,True,8867,0.0,persistente,,0.02,ifn_2010
90035,Eucalyptus_globulus,True,3643,0.862,persistente,,0.045,ifn_2010
90036,Eucalyptus_globulus,True,1860,0.0,persistente,,0.043,ifn_2010
90037,Pinus_pinaster,True,16076,4.72,persistente,,0.02,ifn_2010
90038,Quercus_robur,False,935,1.053,persistente,,0.029,ifn_2010
90039,Pinus_pinaster,True,511,0.0,persistente,,0.039,ifn_2010
90040,Pinus_pinaster,True,948,0.0,persistente,,0.031,ifn_2010
90041,Eucalyptus_globulus,True,24798,0.0,persistente,,0.023,ifn_2010
90042,Eucalyptus_globulus,True,20832,0.0,persistente,,0.032,ifn_2010
90043,Quercus_robur,False,262,0.0,persistente,,0.084,ifn_2010
90044,Eucalyptus_globulus,True,6672,1.064,evento,2022.0,0.203,prohibida_rebrote
90045,Eucalyptus_globulus,True,59374,19.361,persistente,,0.011,ifn_2010
90046,Pinus_pinaster,True,6574,0.0,persistente,,0.052,ifn_2010
90047,Eucalyptus_globulus,True,8582,0.624,persistente,,0.064,ifn_2010
90048,Betula_alba,False,6844,0.0,persistente,,0.081,ifn_2010
90049,Pinus_radiata,True,906,1.606,persistente,,0.087,ifn_2010
90050,Eucalyptus_globulus,True,4875,0.826,persistente,,0.09,ifn_2010
90051,Eucalyptus_globulus,True,251,0.994,persistente,,0.037,ifn_2010
90052,Eucalyptus_globulus,True,2848,0.0,persistente,,0.057,ifn_2010
90053,Quercus_robur,False,56936,2.028,persistente,,0.019,ifn_2010
90054,Acacia_dealbata,True,454,1.126,persistente,,0.179,ifn_2010
90055,Eucalyptus_globulus,True,1554,0.031,persistente,,0.021,ifn_2010
90056,Eucalyptus_globulus,True,39232,13.59,persistente,,0.047,ifn_2010
90057,Acacia_dealbata,True,2640,0.0,persistente,,0.047,ifn_2010
90058,Eucalyptus_globulus,True,25528,1.621,persistente,,0.021,ifn_2010
90059,Eucalyptus_globulus,True,3482,0.0,evento,2026.0,0.197,prohibida_rebrote
90060,Eucalyptus_globulus,True,23114,3.821,persistente,,0.048,ifn_2010
90061,Castanea_sativa,False,1148,0.0,persistente,,0.138,ifn_2010
90062,Pinus_pinaster,True,655,0.0,persistente,,0.044,ifn_2010
90063,Eucalyptus_viminalis,True,8156,0.0,persistente,,0.104,ifn_2010
90064,Eucalyptus_globulus,True,1596,0.0,persistente,,0.036,ifn_2010
90065,Eucalyptus_globulus,True,10446,0.0,persistente,,0.084,ifn_2010
90066,Eucalyptus_globulus,True,21202,6.569,persistente,,0.075,ifn_2010
90067,Eucalyptus_globulus,True,46576,0.271,persistente,,0.032,ifn_2010
90068,Quercus_robur,False,1891,1.275,persistente,,0.022,ifn_2010
90069,Quercus_robur,False,3261,1.411,persistente,,0.017,ifn_2010
90070,Quercus_robur,False,204,0.105,persistente,,0.057,ifn_2010
90071,Pinus_pinaster,True,162,0.0,persistente,,0.032,ifn_2010
90072,Eucalyptus_globulus,True,292,0.961,persistente,,0.082,ifn_2010
90073,Eucalyptus_globulus,True,324,0.0,persistente,,0.039,ifn_2010
90074,Pinus_pinaster,True,12275,0.0,persistente,,0.033,ifn_2010
90075,Pinus_pinaster,True,116,0.0,persistente,,0.028,ifn_2010
90076,Acacia_dealbata,True,184,0.0,evento,2025.0,0.346,desconocida
90077,Pinus_pinaster,True,638,0.0,evento,2018.0,0.412,desconocida
90078,Pinus_pinaster,True,350,0.0,evento,2023.0,0.346,desconocida
90079,Quercus_robur,False,583,0.0,persistente,,0.019,ifn_2010
90080,Quercus_robur,False,1690,1.707,persistente,,0.021,ifn_2010
90081,Quercus_robur,False,817,0.051,persistente,,0.019,ifn_2010
90082,Pinus_pinaster,True,13794,24.025,persistente,,0.015,ifn_2010
90083,Pinus_pinaster,True,1216,0.0,persistente,,0.075,ifn_2010
90084,Alnus_glutinosa,False,797,2.761,persistente,,0.033,ifn_2010
90085,Eucalyptus_globulus,True,1028,1.118,persistente,,0.029,ifn_2010
90086,Eucalyptus_globulus,True,1432,0.0,persistente,,0.098,ifn_2010
90087,Pinus_pinaster,True,8838,5.215,persistente,,0.017,ifn_2010
90088,Pinus_pinaster,True,4258,0.0,persistente,,0.015,ifn_2010
90089,Pinus_pinaster,True,4093,2.587,persistente,,0.025,ifn_2010
90090,Quercus_robur,False,1118,0.0,persistente,,0.032,ifn_2010
90091,Quercus_robur,False,4905,1.663,persistente,,0.024,ifn_2010
90092,Pinus_pinaster,True,141,0.104,persistente,,0.055,ifn_2010
90093,Castanea_sativa,False,723,0.0,persistente,,0.032,ifn_2010
90094,Pinus_pinaster,True,2683,0.788,persistente,,0.015,ifn_2010
90095,Eucalyptus_globulus,True,2079,0.0,persistente,,0.041,ifn_2010
90096,Quercus_robur,False,122,0.799,persistente,,0.103,ifn_2010
90097,Pinus_pinaster,True,712,0.912,persistente,,0.096,ifn_2010
90098,Eucalyptus_globulus,True,2196,0.629,persistente,,0.057,ifn_2010
90099,Quercus_robur,False,2497,2.369,persistente,,0.037,ifn_2010
90100,Pinus_radiata,True,119,0.0,evento,2025.0,0.457,desconocida
90101,Eucalyptus_globulus,True,922,1.416,persistente,,0.02,ifn_2010
90102,Eucalyptus_globulus,True,3815,0.0,persistente,,0.039,ifn_2010
90103,Pinus_pinaster,True,8156,1.701,persistente,,0.031,ifn_2010
90104,Pinus_pinaster,True,718,0.258,persistente,,0.032,ifn_2010
90105,Eucalyptus_globulus,True,3773,0.0,persistente,,0.024,ifn_2010
90106,Pinus_pinaster,True,4743,0.832,persistente,,0.024,ifn_2010
90107,Eucalyptus_globulus,True,16618,2.533,persistente,,0.031,ifn_2010
90108,Pinus_pinaster,True,163,0.0,persistente,,0.037,ifn_2010
90109,Quercus_robur,False,1485,6.315,persistente,,0.112,ifn_2010
90110,Salix_atrocinerea,False,700,0.008,persistente,,0.029,ifn_2010
90111,Alnus_glutinosa,False,749,0.238,persistente,,0.013,ifn_2010
90112,Quercus_robur,False,2734,0.768,persistente,,0.027,ifn_2010
90113,Pinus_pinaster,True,4838,2.505,persistente,,0.027,ifn_2010
90114,Pinus_pinaster,True,2624,0.799,persistente,,0.054,ifn_2010
90115,Pinus_pinaster,True,1559,0.0,persistente,,0.034,ifn_2010
90116,Pinus_pinaster,True,5456,2.224,persistente,,0.043,ifn_2010
90117,Eucalyptus_globulus,True,1101,0.0,evento,2024.0,0.204,prohibida_rebrote
90118,Eucalyptus_globulus,True,2339,0.0,persistente,,0.085,ifn_2010
90119,Eucalyptus_viminalis,True,776,0.797,persistente,,0.024,ifn_2010
90120,Eucalyptus_globulus,True,4654,0.768,persistente,,0.041,ifn_2010
90121,Eucalyptus_globulus,True,7764,0.0,persistente,,0.033,ifn_2010
90122,Acacia_melanoxylon,True,357,1.309,persistente,,0.024,ifn_2010
90123,Eucalyptus_globulus,True,970,0.0,persistente,,0.022,ifn_2010
90124,Pinus_pinaster,True,1606,3.617,persistente,,0.02,ifn_2010
90125,Quercus_robur,False,1683,4.621,persistente,,0.076,ifn_2010
90126,Betula_alba,False,973,0.0,persistente,,0.044,ifn_2010
90127,Eucalyptus_globulus,True,3988,0.0,persistente,,0.078,ifn_2010
90128,Pinus_pinaster,True,197,0.0,persistente,,0.048,ifn_2010
90129,Eucalyptus_globulus,True,80,0.407,persistente,,0.114,ifn_2010
90130,Robinia_pseudoacacia,False,1611,2.842,persistente,,0.019,ifn_2010
90131,Alnus_glutinosa,False,435,0.451,persistente,,0.03,ifn_2010
90132,Eucalyptus_globulus,True,1792,1.06,persistente,,0.034,ifn_2010
90133,Eucalyptus_globulus,True,808,1.811,persistente,,0.104,ifn_2010
90134,Eucalyptus_globulus,True,874,0.0,persistente,,0.062,ifn_2010
90135,Quercus_robur,False,211,0.0,persistente,,0.125,ifn_2010
90136,Pinus_pinaster,True,13872,0.0,persistente,,0.107,ifn_2010
90137,Eucalyptus_globulus,True,10442,0.0,persistente,,0.126,ifn_2010
90138,Pinus_pinaster,True,2235,1.981,persistente,,0.032,ifn_2010
90139,Pinus_pinaster,True,231,0.0,evento,2020.0,0.413,desconocida
90140,Pinus_pinaster,True,351,0.0,persistente,,0.045,ifn_2010
90141,Pinus_pinaster,True,547,0.0,persistente,,0.167,ifn_2010
90142,Pinus_pinaster,True,263,0.465,evento,2019.0,0.312,desconocida
90143,Pyrus_spp,False,4386,0.0,persistente,,0.056,ifn_2010
90144,Pinus_pinaster,True,154,0.0,persistente,,0.171,ifn_2010
90145,Pinus_radiata,True,530,0.115,persistente,,0.178,ifn_2010
90146,Pinus_pinaster,True,469,1.075,persistente,,0.151,ifn_2010
90147,Pinus_radiata,True,258,0.0,evento,2023.0,0.357,desconocida
90148,Eucalyptus_globulus,True,297,0.0,persistente,,0.182,ifn_2010
90149,Pinus_radiata,True,166,0.0,persistente,,0.053,ifn_2010
90150,Pinus_pinaster,True,352,1.688,persistente,,0.14,ifn_2010
90151,Eucalyptus_globulus,True,2605,0.504,persistente,,0.012,ifn_2010
90152,Quercus_robur,False,461,0.247,persistente,,0.08,ifn_2010
90153,Pinus_pinaster,True,8878,0.0,persistente,,0.023,ifn_2010
90154,Pinus_pinaster,True,3927,2.393,persistente,,0.024,ifn_2010
90155,Pinus_pinaster,True,2224,0.427,persistente,,0.029,ifn_2010
90156,Pinus_pinaster,True,16007,12.33,persistente,,0.021,ifn_2010
90157,Pinus_pinaster,True,318,1.813,persistente,,0.053,ifn_2010
90158,Pinus_pinaster,True,272,0.903,persistente,,0.053,ifn_2010
90159,Pinus_pinaster,True,6598,0.29,persistente,,0.067,ifn_2010
90160,Eucalyptus_globulus,True,1959,0.0,persistente,,0.034,ifn_2010
90161,Pinus_pinaster,True,1973,0.0,persistente,,0.028,ifn_2010
90162,Eucalyptus_globulus,True,14343,0.0,persistente,,0.042,ifn_2010
90163,Pinus_pinaster,True,4390,0.0,persistente,,0.05,ifn_2010
90164,Pseudotsuga_menziesii,True,176,0.0,persistente,,0.156,ifn_2010
90165,Pinus_pinaster,True,458,0.442,persistente,,0.048,ifn_2010
90166,Pinus_pinaster,True,1051,1.18,persistente,,0.031,ifn_2010
90167,Pinus_pinaster,True,165,0.567,persistente,,0.017,ifn_2010
90168,Pinus_pinaster,True,160,0.296,persistente,,0.026,ifn_2010
90169,Pinus_pinaster,True,521,0.0,persistente,,0.058,ifn_2010
90170,Eucalyptus_globulus,True,291,0.205,persistente,,0.094,ifn_2010
90171,Eucalyptus_viminalis,True,943,0.66,persistente,,0.023,ifn_2010
90172,Pinus_pinaster,True,7904,5.277,persistente,,0.025,ifn_2010
90173,Pinus_radiata,True,4280,0.921,persistente,,0.043,ifn_2010
90174,Pinus_pinaster,True,2830,0.0,persistente,,0.032,ifn_2010
90175,Eucalyptus_globulus,True,1470,0.321,persistente,,0.014,ifn_2010
90176,Pinus_pinaster,True,6060,2.984,persistente,,0.029,ifn_2010
90177,Eucalyptus_globulus,True,2053,0.874,persistente,,0.027,ifn_2010
90178,Pinus_pinaster,True,950,1.377,persistente,,0.037,ifn_2010
90179,Pinus_pinaster,True,1922,0.38,persistente,,0.051,ifn_2010
90180,Pinus_radiata,True,1512,0.683,persistente,,0.091,ifn_2010
90181,Pinus_pinaster,True,5183,8.617,persistente,,0.008,ifn_2010
90182,Pinus_pinaster,True,390,0.105,persistente,,0.022,ifn_2010
90183,Pinus_pinaster,True,458,0.17,persistente,,0.018,ifn_2010
90184,Alnus_glutinosa,False,156,0.0,persistente,,0.037,ifn_2010
90185,Pinus_pinaster,True,322,0.0,persistente,,0.04,ifn_2010
90186,Eucalyptus_globulus,True,356,0.0,persistente,,0.028,ifn_2010
90187,Quercus_robur,False,21517,2.695,persistente,,0.021,ifn_2010
90188,Eucalyptus_globulus,True,369,0.0,persistente,,0.06,ifn_2010
90189,Pinus_radiata,True,4188,0.043,persistente,,0.135,ifn_2010
90190,Eucalyptus_globulus,True,8924,4.78,persistente,,0.026,ifn_2010
90191,Alnus_glutinosa,False,1634,0.0,persistente,,0.036,ifn_2010
90192,Alnus_glutinosa,False,1825,0.0,persistente,,0.029,ifn_2010
90193,Alnus_glutinosa,False,3083,0.0,persistente,,0.022,ifn_2010
90194,Pinus_pinaster,True,8580,0.0,persistente,,0.01,ifn_2010
90195,Quercus_robur,False,2500,0.0,persistente,,0.017,ifn_2010
90196,Pinus_pinaster,True,8006,0.0,persistente,,0.016,ifn_2010
90197,Pinus_pinaster,True,13046,0.0,persistente,,0.011,ifn_2010
90198,Pinus_pinaster,True,6192,8.773,persistente,,0.055,ifn_2010
90199,Pinus_pinaster,True,424,0.0,persistente,,0.108,ifn_2010
90200,Pinus_pinaster,True,1058,1.716,persistente,,0.045,ifn_2010
90201,Eucalyptus_globulus,True,18545,9.763,persistente,,0.012,ifn_2010
90202,Eucalyptus_globulus,True,2768,0.0,persistente,,0.064,ifn_2010
90203,Eucalyptus_globulus,True,1506,3.357,persistente,,0.106,ifn_2010
90204,Eucalyptus_globulus,True,950,2.386,persistente,,0.15,ifn_2010
90205,Pinus_pinaster,True,14918,8.253,persistente,,0.072,ifn_2010
90206,Pinus_pinaster,True,6464,0.0,persistente,,0.068,ifn_2010
90207,Pinus_pinaster,True,10380,0.0,persistente,,0.045,ifn_2010
90208,Pinus_pinaster,True,6654,0.0,persistente,,0.051,ifn_2010
90209,Pinus_pinaster,True,7081,0.0,persistente,,0.024,ifn_2010
90210,Pinus_pinaster,True,5158,19.328,persistente,,0.017,ifn_2010
90211,Pinus_pinaster,True,14627,9.231,persistente,,0.016,ifn_2010
90212,Pinus_pinaster,True,18616,15.651,persistente,,0.016,ifn_2010
90213,Pinus_pinaster,True,2420,5.825,persistente,,0.026,ifn_2010
90214,Eucalyptus_globulus,True,10390,12.668,persistente,,0.032,ifn_2010
90215,Eucalyptus_globulus,True,2028,0.0,persistente,,0.032,ifn_2010
90216,Pinus_pinaster,True,432,0.0,persistente,,0.082,ifn_2010
90217,Quercus_robur,False,166,0.869,persistente,,0.035,ifn_2010
90218,Pinus_pinaster,True,426,0.0,persistente,,0.098,ifn_2010
90219,Quercus_robur,False,487,0.84,persistente,,0.016,ifn_2010
90220,Eucalyptus_globulus,True,8590,0.491,persistente,,0.104,ifn_2010
90221,Eucalyptus_globulus,True,1733,0.0,persistente,,0.029,ifn_2010
90222,Eucalyptus_globulus,True,266,0.0,persistente,,0.1,ifn_2010
90223,Pinus_pinaster,True,4576,1.133,evento,2020.0,0.203,desconocida
90224,Pinus_pinaster,True,5594,7.86,persistente,,0.034,ifn_2010
90225,Pinus_pinaster,True,16231,0.0,persistente,,0.037,ifn_2010
90226,Quercus_robur,False,8167,0.468,persistente,,0.02,ifn_2010
90227,Eucalyptus_globulus,True,1140,1.653,persistente,,0.111,ifn_2010
90228,Eucalyptus_globulus,True,13310,7.035,persistente,,0.017,ifn_2010
90229,Eucalyptus_globulus,True,2033,1.413,persistente,,0.02,ifn_2010
90230,Pinus_pinaster,True,768,1.055,persistente,,0.026,ifn_2010
90231,Quercus_robur,False,626,0.74,persistente,,0.048,ifn_2010
90232,Pinus_pinaster,True,2726,3.586,persistente,,0.035,ifn_2010
90233,Eucalyptus_globulus,True,345,0.0,persistente,,0.069,ifn_2010
90234,Eucalyptus_globulus,True,14568,0.635,persistente,,0.041,ifn_2010
90235,Pinus_pinaster,True,17735,7.005,persistente,,0.024,ifn_2010
90236,Quercus_robur,False,1931,0.0,persistente,,0.019,ifn_2010
90237,Eucalyptus_globulus,True,1227,0.0,persistente,,0.021,ifn_2010
90238,Pinus_pinaster,True,552,1.094,persistente,,0.021,ifn_2010
90239,Eucalyptus_globulus,True,1920,0.0,persistente,,0.068,ifn_2010
90240,Pinus_pinaster,True,1442,0.0,persistente,,0.133,ifn_2010
90241,Pinus_pinaster,True,1660,2.151,persistente,,0.021,ifn_2010
90242,Eucalyptus_globulus,True,10894,8.321,persistente,,0.035,ifn_2010
90243,Eucalyptus_globulus,True,1761,0.0,evento,2022.0,0.211,prohibida_rebrote
90244,Eucalyptus_globulus,True,419,0.0,persistente,,0.123,ifn_2010
90245,Eucalyptus_globulus,True,123,0.892,persistente,,0.173,ifn_2010
90246,Eucalyptus_globulus,True,382,0.085,persistente,,0.024,ifn_2010
90247,Pinus_pinaster,True,10359,0.553,persistente,,0.06,ifn_2010
90248,Pinus_pinaster,True,609,0.0,persistente,,0.039,ifn_2010
90249,Pinus_pinaster,True,115,0.0,persistente,,0.027,ifn_2010
90250,Pinus_pinaster,True,478,0.44,persistente,,0.031,ifn_2010
90251,Pinus_pinaster,True,105,0.0,persistente,,0.042,ifn_2010
90252,Pinus_pinaster,True,324,0.0,persistente,,0.087,ifn_2010
90253,Pinus_pinaster,True,11616,9.567,persistente,,0.045,ifn_2010
90254,Quercus_robur,False,6244,1.58,persistente,,0.035,ifn_2010
90255,Pinus_pinaster,True,1175,1.681,persistente,,0.086,ifn_2010
90256,Eucalyptus_globulus,True,5126,1.411,persistente,,0.047,ifn_2010
90257,Pinus_pinaster,True,1203,0.0,persistente,,0.047,ifn_2010
90258,Quercus_robur,False,471,0.973,persistente,,0.039,ifn_2010
90259,Pinus_pinaster,True,5239,3.193,persistente,,0.03,ifn_2010
90260,Pinus_pinaster,True,7917,2.746,persistente,,0.023,ifn_2010
90261,Pinus_pinaster,True,3796,5.459,persistente,,0.033,ifn_2010
90262,Eucalyptus_globulus,True,3637,1.895,persistente,,0.041,ifn_2010
90263,Pinus_pinaster,True,247,0.0,persistente,,0.162,ifn_2010
90264,Eucalyptus_globulus,True,293,0.101,persistente,,0.014,ifn_2010
90265,Quercus_robur,False,856,1.228,persistente,,0.017,ifn_2010
90266,Pinus_pinaster,True,235,0.283,persistente,,0.018,ifn_2010
90267,Pinus_pinaster,True,2507,3.506,persistente,,0.029,ifn_2010
90268,Pinus_pinaster,True,356,0.0,persistente,,0.028,ifn_2010
90269,Eucalyptus_globulus,True,13284,2.674,persistente,,0.049,ifn_2010
90270,Eucalyptus_globulus,True,1834,0.003,persistente,,0.044,ifn_2010
90271,Pinus_pinaster,True,3912,1.133,persistente,,0.018,ifn_2010
90272,Pinus_pinaster,True,2056,2.383,persistente,,0.029,ifn_2010
90273,Pinus_pinaster,True,451,0.0,persistente,,0.019,ifn_2010
90274,Pinus_pinaster,True,257,0.0,persistente,,0.035,ifn_2010
90275,Eucalyptus_globulus,True,8875,2.809,persistente,,0.029,ifn_2010
90276,Pinus_pinaster,True,3780,4.216,persistente,,0.091,ifn_2010
90277,Pinus_pinaster,True,151,0.036,persistente,,0.036,ifn_2010
90278,Pinus_pinaster,True,15667,8.098,persistente,,0.018,ifn_2010
90279,Pinus_pinaster,True,2339,0.0,persistente,,0.026,ifn_2010
90280,Eucalyptus_globulus,True,139,0.0,persistente,,0.031,ifn_2010
90281,Eucalyptus_globulus,True,3102,2.063,persistente,,0.017,ifn_2010
90282,Eucalyptus_globulus,True,1185,0.0,persistente,,0.053,ifn_2010
90283,Eucalyptus_globulus,True,1019,0.0,persistente,,0.072,ifn_2010
90284,Eucalyptus_globulus,True,219,0.0,persistente,,0.047,ifn_2010
90285,Alnus_glutinosa,False,603,0.01,persistente,,0.028,ifn_2010
90286,Alnus_glutinosa,False,510,0.222,persistente,,0.134,ifn_2010
90287,Eucalyptus_globulus,True,4298,0.0,persistente,,0.136,ifn_2010
90288,Eucalyptus_globulus,True,2676,0.0,persistente,,0.063,ifn_2010
90289,Pinus_pinaster,True,2829,0.677,persistente,,0.031,ifn_2010
90290,Quercus_robur,False,6018,1.403,persistente,,0.009,ifn_2010
90291,Pinus_pinaster,True,9198,4.99,persistente,,0.022,ifn_2010
90292,Eucalyptus_globulus,True,1265,0.0,evento,2019.0,0.268,prohibida_rebrote
90293,Pinus_pinaster,True,21983,9.436,persistente,,0.031,ifn_2010
90294,Eucalyptus_globulus,True,2413,0.0,persistente,,0.05,ifn_2010
90295,Eucalyptus_globulus,True,516,0.505,persistente,,0.06,ifn_2010
90296,Eucalyptus_globulus,True,246,0.0,persistente,,0.04,ifn_2010
90297,Pinus_pinaster,True,402,2.846,persistente,,0.072,ifn_2010
90298,Pinus_pinaster,True,10002,14.023,persistente,,0.027,ifn_2010
90299,Pinus_pinaster,True,3293,4.632,persistente,,0.045,ifn_2010
90300,Eucalyptus_globulus,True,7855,10.744,persistente,,0.062,ifn_2010
90301,Pinus_pinaster,True,19706,20.463,persistente,,0.024,ifn_2010
90302,Eucalyptus_globulus,True,1331,0.0,persistente,,0.022,ifn_2010
90303,Eucalyptus_globulus,True,6055,0.0,persistente,,0.034,ifn_2010
90304,Quercus_robur,False,6553,1.007,persistente,,0.014,ifn_2010
90305,Quercus_robur,False,2365,4.001,persistente,,0.019,ifn_2010
90306,Quercus_robur,False,12620,11.238,persistente,,0.02,ifn_2010
90307,Eucalyptus_globulus,True,342,0.529,persistente,,0.022,ifn_2010
90308,Quercus_robur,False,933,0.0,persistente,,0.027,ifn_2010
90309,Eucalyptus_globulus,True,20728,0.044,persistente,,0.033,ifn_2010
90310,Pinus_radiata,True,1515,0.0,evento,2021.0,0.202,desconocida
90311,Pinus_pinaster,True,4433,0.0,persistente,,0.064,ifn_2010
90312,Pinus_pinaster,True,7611,3.922,persistente,,0.044,ifn_2010
90313,Pinus_pinaster,True,1111,0.0,persistente,,0.1,ifn_2010
90314,Pinus_pinaster,True,650,0.121,persistente,,0.06,ifn_2010
90315,Pinus_pinaster,True,2029,0.247,persistente,,0.111,ifn_2010
90316,Eucalyptus_globulus,True,1175,2.888,persistente,,0.042,ifn_2010
90317,Eucalyptus_globulus,True,3284,5.409,persistente,,0.025,ifn_2010
90318,Quercus_robur,False,970,2.499,persistente,,0.02,ifn_2010
90319,Pinus_pinaster,True,1721,3.528,persistente,,0.027,ifn_2010
90320,Quercus_robur,False,427,0.0,persistente,,0.034,ifn_2010
90321,Pinus_pinaster,True,3836,0.0,persistente,,0.062,ifn_2010
90322,Eucalyptus_globulus,True,449,0.228,persistente,,0.061,ifn_2010
90323,Eucalyptus_globulus,True,3350,0.0,persistente,,0.031,ifn_2010
90324,Pinus_pinaster,True,1137,0.0,persistente,,0.036,ifn_2010
90325,Eucalyptus_globulus,True,9019,3.109,persistente,,0.029,ifn_2010
90326,Eucalyptus_globulus,True,8862,0.075,persistente,,0.082,ifn_2010
90327,Eucalyptus_globulus,True,1193,0.261,persistente,,0.098,ifn_2010
90328,Eucalyptus_globulus,True,829,0.0,evento,2025.0,0.202,prohibida_rebrote
90329,Eucalyptus_globulus,True,386,0.0,persistente,,0.055,ifn_2010
90330,Eucalyptus_globulus,True,358,0.0,evento,2024.0,0.412,prohibida_rebrote
90331,Eucalyptus_globulus,True,14710,0.0,persistente,,0.15,ifn_2010
90332,Pinus_pinaster,True,949,0.239,persistente,,0.048,ifn_2010
90333,Pinus_pinaster,True,2988,2.228,persistente,,0.214,ifn_2010
90334,Eucalyptus_globulus,True,3151,0.441,persistente,,0.022,ifn_2010
90335,Eucalyptus_globulus,True,5729,0.0,persistente,,0.122,ifn_2010
90336,Eucalyptus_globulus,True,2268,0.0,persistente,,0.106,ifn_2010
90337,Eucalyptus_globulus,True,2304,0.246,persistente,,0.022,ifn_2010
90338,Pinus_pinaster,True,8376,8.769,persistente,,0.024,ifn_2010
90339,Eucalyptus_globulus,True,9818,8.066,persistente,,0.037,ifn_2010
90340,Pinus_pinaster,True,1805,0.226,persistente,,0.122,ifn_2010
90341,Eucalyptus_globulus,True,1189,0.182,persistente,,0.023,ifn_2010
90342,Eucalyptus_globulus,True,405,0.0,persistente,,0.042,ifn_2010
90343,Eucalyptus_globulus,True,369,0.036,persistente,,0.031,ifn_2010
90344,Eucalyptus_globulus,True,197,0.0,evento,2026.0,0.342,prohibida_rebrote
90345,Eucalyptus_globulus,True,682,1.5,persistente,,0.041,ifn_2010
90346,Quercus_robur,False,605,0.0,persistente,,0.057,ifn_2010
90347,Pinus_pinaster,True,6906,0.72,persistente,,0.039,ifn_2010
90348,Eucalyptus_globulus,True,3999,4.417,persistente,,0.025,ifn_2010
90349,Quercus_robur,False,676,2.511,persistente,,0.034,ifn_2010
90350,Eucalyptus_globulus,True,437,0.622,persistente,,0.049,ifn_2010
90351,Eucalyptus_globulus,True,1769,0.0,persistente,,0.173,ifn_2010
90352,Eucalyptus_globulus,True,422,0.289,persistente,,0.023,ifn_2010
90353,Eucalyptus_globulus,True,3197,0.597,persistente,,0.028,ifn_2010
90354,Eucalyptus_globulus,True,1835,0.746,persistente,,0.107,ifn_2010
90355,Eucalyptus_globulus,True,440,0.0,persistente,,0.058,ifn_2010
90356,Pinus_pinaster,True,4114,5.169,persistente,,0.031,ifn_2010
90357,Pinus_pinaster,True,6144,7.959,persistente,,0.027,ifn_2010
90358,Pinus_pinaster,True,2039,0.852,persistente,,0.076,ifn_2010
90359,Pinus_pinaster,True,277,1.234,evento,2022.0,0.25,desconocida
90360,Pinus_pinaster,True,2776,3.973,persistente,,0.034,ifn_2010
90361,Eucalyptus_globulus,True,476,2.024,persistente,,0.112,ifn_2010
90362,Eucalyptus_globulus,True,8577,2.599,persistente,,0.021,ifn_2010
90363,Eucalyptus_globulus,True,6939,0.579,persistente,,0.051,ifn_2010
90364,Quercus_robur,False,1058,0.0,persistente,,0.053,ifn_2010
90365,Pinus_pinaster,True,5562,10.149,persistente,,0.027,ifn_2010
90366,Quercus_robur,False,953,0.453,persistente,,0.027,ifn_2010
90367,Pinus_pinaster,True,1345,0.127,persistente,,0.079,ifn_2010
90368,Pinus_pinaster,True,683,0.49,persistente,,0.056,ifn_2010
90369,Pinus_radiata,True,116,0.0,persistente,,0.24,ifn_2010
90370,Quercus_robur,False,5224,1.629,persistente,,0.018,ifn_2010
90371,Pinus_pinaster,True,2937,1.343,persistente,,0.042,ifn_2010
90372,Eucalyptus_globulus,True,2835,1.811,persistente,,0.026,ifn_2010
90373,Pinus_pinaster,True,161,0.561,persistente,,0.132,ifn_2010
90374,Pinus_pinaster,True,212,0.0,evento,2025.0,0.27,desconocida
90375,Pinus_pinaster,True,165,0.021,persistente,,0.17,ifn_2010
90376,Eucalyptus_globulus,True,301,0.032,persistente,,0.03,ifn_2010
90377,Eucalyptus_globulus,True,887,0.428,persistente,,0.037,ifn_2010
90378,Pinus_pinaster,True,2936,2.993,persistente,,0.023,ifn_2010
90379,Eucalyptus_globulus,True,1561,0.0,evento,2021.0,0.184,prohibida_rebrote
90380,Eucalyptus_globulus,True,532,0.0,persistente,,0.137,ifn_2010
90381,Eucalyptus_globulus,True,839,0.0,persistente,,0.084,ifn_2010
90382,Eucalyptus_globulus,True,695,0.0,evento,2026.0,0.277,prohibida_rebrote
90383,Eucalyptus_globulus,True,8950,0.0,persistente,,0.061,ifn_2010
90384,Eucalyptus_globulus,True,10998,1.199,persistente,,0.032,ifn_2010
90385,Eucalyptus_globulus,True,106,0.0,persistente,,0.046,ifn_2010
90386,Eucalyptus_globulus,True,459,0.0,persistente,,0.04,ifn_2010
90387,Eucalyptus_globulus,True,247,0.0,persistente,,0.031,ifn_2010
90388,Quercus_robur,False,204,0.0,persistente,,0.033,ifn_2010
90389,Quercus_robur,False,116,0.0,persistente,,0.056,ifn_2010
90390,Eucalyptus_globulus,True,24918,3.499,persistente,,0.029,ifn_2010
90391,Quercus_robur,False,540,0.0,persistente,,0.028,ifn_2010
90392,Quercus_robur,False,3265,0.503,persistente,,0.019,ifn_2010
90393,Eucalyptus_globulus,True,679,0.0,persistente,,0.017,ifn_2010
90394,Quercus_robur,False,5241,0.806,persistente,,0.026,ifn_2010
90395,Eucalyptus_globulus,True,1968,0.0,persistente,,0.058,ifn_2010
90396,Quercus_robur,False,10781,1.192,persistente,,0.014,ifn_2010
90397,Pinus_pinaster,True,929,0.0,persistente,,0.029,ifn_2010
90398,Pinus_pinaster,True,979,0.0,evento,2026.0,0.363,desconocida
90399,Pinus_pinaster,True,1341,0.0,persistente,,0.059,ifn_2010
90400,Eucalyptus_globulus,True,1447,0.0,persistente,,0.022,ifn_2010
90401,Quercus_robur,False,4992,0.0,persistente,,0.02,ifn_2010
90402,Pinus_radiata,True,1667,0.0,evento,2023.0,0.346,desconocida
90403,Pinus_pinaster,True,4153,0.0,persistente,,0.118,ifn_2010
90404,Pinus_pinaster,True,2729,0.0,persistente,,0.082,ifn_2010
90405,Pinus_pinaster,True,6855,0.0,persistente,,0.055,ifn_2010
90406,Eucalyptus_globulus,True,8649,0.0,persistente,,0.028,ifn_2010
90407,Eucalyptus_globulus,True,1703,0.0,persistente,,0.024,ifn_2010
90408,Pinus_pinaster,True,618,0.0,evento,2023.0,0.328,desconocida
90409,Eucalyptus_globulus,True,3883,0.0,persistente,,0.128,ifn_2010
90410,Quercus_robur,False,1195,0.0,persistente,,0.016,ifn_2010
90411,Eucalyptus_globulus,True,2589,1.546,persistente,,0.065,ifn_2010
90412,Eucalyptus_globulus,True,11692,3.362,persistente,,0.038,ifn_2010
90413,Pinus_pinaster,True,906,0.0,persistente,,0.029,ifn_2010
90414,Pinus_pinaster,True,5860,1.877,persistente,,0.016,ifn_2010
90415,Quercus_robur,False,1772,5.127,persistente,,0.018,ifn_2010
90416,Quercus_robur,False,737,1.034,persistente,,0.047,ifn_2010
90417,Quercus_robur,False,736,0.046,persistente,,0.016,ifn_2010
90418,Pinus_pinaster,True,1141,1.365,persistente,,0.109,ifn_2010
90419,Pinus_pinaster,True,565,0.0,evento,2020.0,0.262,desconocida
90420,Eucalyptus_globulus,True,13926,2.997,persistente,,0.033,ifn_2010
90421,Eucalyptus_globulus,True,751,0.0,persistente,,0.085,ifn_2010
90422,Pinus_pinaster,True,453,2.706,persistente,,0.104,ifn_2010
90423,Pinus_pinaster,True,399,0.453,persistente,,0.024,ifn_2010
90424,Eucalyptus_globulus,True,885,0.421,persistente,,0.026,ifn_2010
90425,Pinus_pinaster,True,1374,0.0,persistente,,0.02,ifn_2010
90426,Eucalyptus_globulus,True,798,0.0,persistente,,0.055,ifn_2010
90427,Pinus_radiata,True,113,0.134,persistente,,0.052,ifn_2010
90428,Pinus_pinaster,True,3449,0.055,persistente,,0.057,ifn_2010
90429,Quercus_robur,False,10846,2.234,persistente,,0.017,ifn_2010
90430,Pinus_pinaster,True,100,0.223,persistente,,0.051,ifn_2010
90431,Quercus_robur,False,209,0.0,persistente,,0.016,ifn_2010
90432,Eucalyptus_globulus,True,200,0.0,persistente,,0.116,ifn_2010
90433,Pinus_pinaster,True,3517,0.0,persistente,,0.034,ifn_2010
90434,Pinus_pinaster,True,1071,0.505,persistente,,0.026,ifn_2010
90435,Quercus_robur,False,7893,2.821,persistente,,0.02,ifn_2010
90436,Quercus_robur,False,205,0.0,persistente,,0.124,ifn_2010
90437,Pinus_pinaster,True,8447,2.702,persistente,,0.02,ifn_2010
90438,Alnus_glutinosa,False,1799,0.12,persistente,,0.02,ifn_2010
90439,Quercus_robur,False,910,0.255,persistente,,0.019,ifn_2010
90440,Eucalyptus_globulus,True,10922,5.592,persistente,,0.016,ifn_2010
90441,Quercus_robur,False,197,0.617,evento,2023.0,0.252,desconocida
90442,Quercus_robur,False,480,0.137,persistente,,0.096,ifn_2010
90443,Eucalyptus_globulus,True,149,0.073,persistente,,0.118,ifn_2010
90444,Pinus_pinaster,True,1258,5.262,persistente,,0.028,ifn_2010
90445,Eucalyptus_globulus,True,584,0.298,persistente,,0.068,ifn_2010
90446,Pinus_pinaster,True,241,1.733,persistente,,0.041,ifn_2010
90447,Alnus_glutinosa,False,1128,0.908,persistente,,0.018,ifn_2010
90448,Pinus_pinaster,True,312,0.0,persistente,,0.047,ifn_2010
90449,Pinus_pinaster,True,239,0.256,persistente,,0.048,ifn_2010
90450,Quercus_robur,False,593,0.732,persistente,,0.029,ifn_2010
90451,Pinus_pinaster,True,381,0.058,persistente,,0.032,ifn_2010
90452,Quercus_robur,False,659,2.179,persistente,,0.045,ifn_2010
90453,Eucalyptus_globulus,True,761,2.568,persistente,,0.066,ifn_2010
90454,Quercus_robur,False,3304,1.934,persistente,,0.011,ifn_2010
90455,Eucalyptus_globulus,True,426,1.63,persistente,,0.069,ifn_2010
90456,Quercus_robur,False,101,0.528,persistente,,0.051,ifn_2010
90457,Eucalyptus_globulus,True,250,0.014,persistente,,0.026,ifn_2010
90458,Alnus_glutinosa,False,2867,0.695,persistente,,0.02,ifn_2010
90459,Eucalyptus_globulus,True,1685,0.0,persistente,,0.044,ifn_2010
90460,Eucalyptus_globulus,True,32437,7.346,persistente,,0.018,ifn_2010
90461,Pinus_pinaster,True,3014,0.0,persistente,,0.081,ifn_2010
90462,Pinus_radiata,True,147,0.0,evento,2019.0,0.354,desconocida
90463,Eucalyptus_globulus,True,252,0.0,persistente,,0.041,ifn_2010
90464,Quercus_robur,False,444,0.0,persistente,,0.026,ifn_2010
90465,Pinus_pinaster,True,353,0.248,persistente,,0.126,ifn_2010
90466,Eucalyptus_globulus,True,40667,10.146,persistente,,0.013,ifn_2010
90467,Pinus_pinaster,True,15002,6.949,persistente,,0.02,ifn_2010
90468,Pinus_pinaster,True,21282,11.412,persistente,,0.016,ifn_2010
90469,Pinus_pinaster,True,1416,0.0,persistente,,0.021,ifn_2010
90470,Pinus_pinaster,True,1433,0.132,persistente,,0.034,ifn_2010
90471,Pinus_pinaster,True,435,2.752,persistente,,0.078,ifn_2010
90472,Pinus_pinaster,True,601,3.156,persistente,,0.049,ifn_2010
90473,Pinus_pinaster,True,137,0.799,persistente,,0.013,ifn_2010
90474,Eucalyptus_globulus,True,2859,1.733,persistente,,0.011,ifn_2010
90475,Pinus_pinaster,True,4899,3.872,persistente,,0.025,ifn_2010
90476,Pinus_pinaster,True,11567,6.646,persistente,,0.029,ifn_2010
90477,Eucalyptus_globulus,True,2293,5.013,persistente,,0.02,ifn_2010
90478,Pinus_pinaster,True,1933,0.0,persistente,,0.055,ifn_2010
90479,Eucalyptus_globulus,True,14049,4.835,persistente,,0.007,ifn_2010
90480,Quercus_robur,False,2647,0.582,persistente,,0.031,ifn_2010
90481,Quercus_robur,False,204,0.16,persistente,,0.049,ifn_2010
90482,Eucalyptus_globulus,True,1974,1.21,persistente,,0.03,ifn_2010
90483,Quercus_robur,False,1818,0.0,persistente,,0.012,ifn_2010
90484,Pinus_pinaster,True,381,0.02,persistente,,0.042,ifn_2010
90485,Quercus_robur,False,164,0.03,persistente,,0.016,ifn_2010
90486,Quercus_robur,False,49338,17.984,persistente,,0.01,ifn_2010
90487,Quercus_robur,False,520,0.389,persistente,,0.015,ifn_2010
90488,Quercus_robur,False,181,0.014,persistente,,0.042,ifn_2010
90489,Eucalyptus_globulus,True,268,0.0,persistente,,0.016,ifn_2010
90490,Eucalyptus_globulus,True,702,0.0,persistente,,0.05,ifn_2010
90491,Eucalyptus_globulus,True,13718,2.201,persistente,,0.025,ifn_2010
90492,Eucalyptus_globulus,True,1227,0.0,persistente,,0.105,ifn_2010
90493,Eucalyptus_globulus,True,11735,1.47,persistente,,0.02,ifn_2010
90494,Pinus_pinaster,True,1001,0.0,persistente,,0.116,ifn_2010
90495,Pinus_pinaster,True,2213,0.0,persistente,,0.041,ifn_2010
90496,Pinus_pinaster,True,469,0.0,persistente,,0.025,ifn_2010
90497,Eucalyptus_globulus,True,15903,2.899,persistente,,0.021,ifn_2010
90498,Eucalyptus_globulus,True,2681,0.0,persistente,,0.031,ifn_2010
90499,Pinus_pinaster,True,864,0.0,persistente,,0.177,ifn_2010
90500,Eucalyptus_globulus,True,3145,0.0,persistente,,0.126,ifn_2010
90501,Pinus_pinaster,True,2983,0.0,persistente,,0.014,ifn_2010
90502,Pinus_pinaster,True,555,0.0,persistente,,0.024,ifn_2010
90503,Pinus_pinaster,True,221,0.0,persistente,,0.053,ifn_2010
90504,Eucalyptus_globulus,True,11075,1.012,persistente,,0.026,ifn_2010
90505,Eucalyptus_globulus,True,640,0.0,persistente,,0.043,ifn_2010
90506,Quercus_robur,False,30943,6.727,persistente,,0.014,ifn_2010
90507,Eucalyptus_globulus,True,2224,0.0,persistente,,0.024,ifn_2010
90508,Eucalyptus_globulus,True,8296,1.458,persistente,,0.016,ifn_2010
90509,Eucalyptus_globulus,True,1496,0.0,evento,2020.0,0.195,prohibida_rebrote
90510,Eucalyptus_globulus,True,408,0.0,evento,2020.0,0.205,prohibida_rebrote
90511,Eucalyptus_globulus,True,1427,0.0,evento,2020.0,0.382,prohibida_rebrote
90512,Pinus_pinaster,True,986,0.0,persistente,,0.027,ifn_2010
90513,Eucalyptus_globulus,True,1227,0.0,persistente,,0.131,ifn_2010
90514,Quercus_robur,False,5640,0.321,persistente,,0.008,ifn_2010
90515,Eucalyptus_globulus,True,4850,0.0,persistente,,0.027,ifn_2010
90516,Quercus_robur,False,1022,0.327,persistente,,0.017,ifn_2010
90517,Eucalyptus_globulus,True,846,0.0,persistente,,0.027,ifn_2010
90518,Eucalyptus_globulus,True,12683,0.0,persistente,,0.044,ifn_2010
90519,Eucalyptus_globulus,True,11897,4.158,persistente,,0.02,ifn_2010
90520,Eucalyptus_globulus,True,6865,0.28,persistente,,0.057,ifn_2010
90521,Quercus_robur,False,3001,0.445,persistente,,0.024,ifn_2010
90522,Alnus_glutinosa,False,2836,0.0,persistente,,0.024,ifn_2010
90523,Alnus_glutinosa,False,1490,0.0,persistente,,0.018,ifn_2010
90524,Pinus_pinaster,True,2709,0.186,persistente,,0.02,ifn_2010
90525,Pinus_pinaster,True,3299,4.542,persistente,,0.034,ifn_2010
90526,Pinus_radiata,True,3438,1.946,persistente,,0.06,ifn_2010
90527,Eucalyptus_globulus,True,6205,7.025,persistente,,0.046,ifn_2010
90528,Eucalyptus_globulus,True,390,0.232,persistente,,0.014,ifn_2010
90529,Eucalyptus_globulus,True,3804,0.218,persistente,,0.024,ifn_2010
90530,Pinus_pinaster,True,883,0.334,persistente,,0.101,ifn_2010
90531,Pinus_pinaster,True,4893,5.146,persistente,,0.011,ifn_2010
90532,Eucalyptus_globulus,True,4290,5.963,persistente,,0.049,ifn_2010
90533,Eucalyptus_globulus,True,1028,2.499,persistente,,0.016,ifn_2010
90534,Salix_spp,False,129,0.13,persistente,,0.013,ifn_2010
90535,Pinus_pinaster,True,2995,0.0,persistente,,0.037,ifn_2010
90536,Pinus_pinaster,True,2324,2.318,persistente,,0.036,ifn_2010
90537,Pinus_pinaster,True,7390,7.963,persistente,,0.02,ifn_2010
90538,Pinus_pinaster,True,4615,0.013,persistente,,0.037,ifn_2010
90539,Eucalyptus_globulus,True,650,0.0,persistente,,0.032,ifn_2010
90540,Pinus_pinaster,True,3312,3.427,persistente,,0.02,ifn_2010
90541,Pinus_pinaster,True,525,0.0,persistente,,0.026,ifn_2010
90542,Quercus_robur,False,234,0.249,persistente,,0.023,ifn_2010
90543,Pinus_pinaster,True,29575,29.712,persistente,,0.023,ifn_2010
90544,Pinus_pinaster,True,921,2.558,persistente,,0.025,ifn_2010
90545,Pinus_pinaster,True,16399,26.574,persistente,,0.013,ifn_2010
90546,Eucalyptus_globulus,True,2455,0.381,persistente,,0.014,ifn_2010
90547,Eucalyptus_globulus,True,21483,14.177,persistente,,0.037,ifn_2010
90548,Eucalyptus_globulus,True,887,4.237,persistente,,0.017,ifn_2010
90549,Pinus_pinaster,True,777,3.435,persistente,,0.015,ifn_2010
90550,Pinus_pinaster,True,578,2.808,persistente,,0.032,ifn_2010
90551,Pinus_pinaster,True,3537,0.0,persistente,,0.025,ifn_2010
90552,Eucalyptus_globulus,True,7219,5.931,persistente,,0.073,ifn_2010
90553,Pinus_pinaster,True,482,0.0,persistente,,0.077,ifn_2010
90554,Pinus_pinaster,True,1085,0.0,persistente,,0.1,ifn_2010
90555,Eucalyptus_globulus,True,212,0.005,persistente,,0.033,ifn_2010
90556,Pinus_pinaster,True,663,0.0,persistente,,0.145,ifn_2010
90557,Eucalyptus_globulus,True,3434,2.132,persistente,,0.049,ifn_2010
90558,Pinus_pinaster,True,14574,1.98,persistente,,0.019,ifn_2010
90559,Eucalyptus_globulus,True,2828,2.263,persistente,,0.031,ifn_2010
90560,Eucalyptus_globulus,True,779,1.109,persistente,,0.05,ifn_2010
90561,Pinus_radiata,True,3092,2.55,persistente,,0.058,ifn_2010
90562,Pinus_pinaster,True,459,0.0,persistente,,0.072,ifn_2010
90563,Pinus_pinaster,True,1615,0.459,persistente,,0.025,ifn_2010
90564,Pinus_pinaster,True,850,2.204,persistente,,0.109,ifn_2010
90565,Pinus_pinaster,True,1516,5.582,persistente,,0.01,ifn_2010
90566,Pinus_pinaster,True,452,2.549,persistente,,0.04,ifn_2010
90567,Pinus_pinaster,True,1895,1.838,persistente,,0.034,ifn_2010
90568,Pinus_pinaster,True,3041,4.15,persistente,,0.029,ifn_2010
90569,Pinus_pinaster,True,2494,0.118,persistente,,0.064,ifn_2010
90570,Eucalyptus_globulus,True,2704,0.0,persistente,,0.092,ifn_2010
90571,Eucalyptus_globulus,True,456,0.0,persistente,,0.026,ifn_2010
90572,Eucalyptus_globulus,True,2146,0.0,persistente,,0.098,ifn_2010
90573,Pinus_pinaster,True,438,0.0,persistente,,0.029,ifn_2010
90574,Pinus_pinaster,True,1582,0.0,persistente,,0.043,ifn_2010
90575,Pinus_pinaster,True,1090,0.0,evento,2026.0,0.238,desconocida
90576,Pinus_pinaster,True,4087,0.0,persistente,,0.081,ifn_2010
90577,Pinus_pinaster,True,1197,0.0,persistente,,0.113,ifn_2010
90578,Pinus_pinaster,True,3615,0.262,persistente,,0.023,ifn_2010
90579,Pinus_radiata,True,1995,0.0,persistente,,0.093,ifn_2010
90580,Eucalyptus_globulus,True,2768,2.041,persistente,,0.025,ifn_2010
90581,Pinus_pinaster,True,17357,9.892,persistente,,0.027,ifn_2010
90582,Eucalyptus_globulus,True,28588,22.808,persistente,,0.017,ifn_2010
90583,Eucalyptus_globulus,True,2174,0.0,persistente,,0.025,ifn_2010
90584,Quercus_robur,False,528,0.878,persistente,,0.045,ifn_2010
90585,Quercus_robur,False,1140,0.593,persistente,,0.018,ifn_2010
90586,Quercus_robur,False,10710,9.653,persistente,,0.019,ifn_2010
90587,Pinus_pinaster,True,570,1.306,evento,2026.0,0.184,desconocida
90588,Quercus_robur,False,4232,0.815,persistente,,0.018,ifn_2010
90589,Quercus_robur,False,3322,0.0,persistente,,0.141,ifn_2010
90590,Quercus_robur,False,310,0.0,persistente,,0.024,ifn_2010
90591,Quercus_robur,False,1858,0.0,persistente,,0.024,ifn_2010
90592,Alnus_glutinosa,False,5294,0.0,persistente,,0.015,ifn_2010
90593,Quercus_robur,False,5068,1.467,persistente,,0.004,ifn_2010
90594,Quercus_robur,False,466,0.0,persistente,,0.021,ifn_2010
90595,Eucalyptus_globulus,True,550,0.0,persistente,,0.017,ifn_2010
90596,Eucalyptus_globulus,True,556,0.0,persistente,,0.021,ifn_2010
90597,Eucalyptus_globulus,True,1524,0.537,persistente,,0.049,ifn_2010
90598,Quercus_robur,False,15946,0.0,persistente,,0.018,ifn_2010
90599,Eucalyptus_globulus,True,844,0.911,persistente,,0.073,ifn_2010
90600,Eucalyptus_globulus,True,232,0.355,persistente,,0.111,ifn_2010
90601,Quercus_robur,False,2094,0.566,persistente,,0.025,ifn_2010
90602,Pinus_pinaster,True,317,0.555,persistente,,0.14,ifn_2010
90603,Betula_alba,False,4923,8.17,persistente,,0.028,ifn_2010
90604,Quercus_robur,False,1000,1.121,persistente,,0.023,ifn_2010
90605,Eucalyptus_globulus,True,9996,8.236,persistente,,0.02,ifn_2010
90606,Pinus_pinaster,True,12200,6.839,persistente,,0.035,ifn_2010
90607,Pinus_pinaster,True,1526,0.555,persistente,,0.053,ifn_2010
90608,Pinus_pinaster,True,1262,2.467,persistente,,0.027,ifn_2010
90609,Eucalyptus_globulus,True,4467,1.345,persistente,,0.037,ifn_2010
90610,Eucalyptus_globulus,True,3929,0.0,persistente,,0.063,ifn_2010
90611,Eucalyptus_globulus,True,5941,4.238,persistente,,0.014,ifn_2010
90612,Pinus_pinaster,True,832,0.0,persistente,,0.032,ifn_2010
90613,Eucalyptus_globulus,True,222,0.0,persistente,,0.026,ifn_2010
90614,Eucalyptus_globulus,True,1329,0.331,persistente,,0.048,ifn_2010
90615,Pinus_pinaster,True,849,0.0,persistente,,0.134,ifn_2010
90616,Pinus_pinaster,True,14559,8.397,persistente,,0.019,ifn_2010
90617,Pinus_pinaster,True,682,1.154,persistente,,0.026,ifn_2010
90618,Pinus_pinaster,True,165,0.918,persistente,,0.077,ifn_2010
90619,Pinus_pinaster,True,8193,10.647,persistente,,0.032,ifn_2010
90620,Pinus_radiata,True,676,0.0,persistente,,0.05,ifn_2010
90621,Pinus_pinaster,True,1209,0.0,persistente,,0.029,ifn_2010
90622,Quercus_robur,False,200,0.0,persistente,,0.066,ifn_2010
90623,Quercus_robur,False,551,0.548,persistente,,0.026,ifn_2010
90624,Pinus_pinaster,True,348,0.0,persistente,,0.051,ifn_2010
90625,Pinus_pinaster,True,2283,7.737,persistente,,0.018,ifn_2010
90626,Pinus_pinaster,True,2483,6.435,persistente,,0.016,ifn_2010
90627,Eucalyptus_globulus,True,18888,7.745,persistente,,0.031,ifn_2010
90628,Pinus_pinaster,True,644,0.746,persistente,,0.131,ifn_2010
90629,Pinus_pinaster,True,226,0.343,persistente,,0.05,ifn_2010
90630,Eucalyptus_globulus,True,14244,3.436,persistente,,0.017,ifn_2010
90631,Quercus_robur,False,17114,0.0,persistente,,0.007,ifn_2010
90632,Betula_alba,False,1700,0.0,persistente,,0.048,ifn_2010
90633,Eucalyptus_globulus,True,8968,0.0,persistente,,0.087,ifn_2010
90634,Pinus_pinaster,True,21458,0.0,persistente,,0.024,ifn_2010
90635,Castanea_sativa,False,1644,2.256,persistente,,0.041,ifn_2010
90636,Quercus_robur,False,412,0.003,persistente,,0.027,ifn_2010
90637,Pinus_pinaster,True,276,1.587,persistente,,0.018,ifn_2010
90638,Quercus_robur,False,227,0.513,persistente,,0.042,ifn_2010
90639,Pinus_pinaster,True,7915,12.488,persistente,,0.028,ifn_2010
90640,Quercus_rubra,False,2414,0.0,persistente,,0.074,ifn_2010
90641,Eucalyptus_globulus,True,37594,7.88,persistente,,0.011,ifn_2010
90642,Pinus_pinaster,True,1809,0.0,persistente,,0.07,ifn_2010
90643,Eucalyptus_globulus,True,764,0.008,persistente,,0.024,ifn_2010
90644,Pinus_pinaster,True,372,0.748,persistente,,0.067,ifn_2010
90645,Eucalyptus_globulus,True,753,1.365,persistente,,0.035,ifn_2010
90646,Eucalyptus_globulus,True,2887,10.463,persistente,,0.035,ifn_2010
90647,Pinus_pinaster,True,474,0.0,persistente,,0.041,ifn_2010
90648,Pinus_pinaster,True,4520,4.975,persistente,,0.016,ifn_2010
90649,Pinus_pinaster,True,3943,0.296,persistente,,0.04,ifn_2010
90650,Eucalyptus_globulus,True,40084,3.933,persistente,,0.098,ifn_2010
90651,Eucalyptus_globulus,True,40710,4.617,persistente,,0.015,ifn_2010
90652,Pinus_pinaster,True,1010,0.444,persistente,,0.009,ifn_2010
90653,Eucalyptus_globulus,True,17682,9.012,persistente,,0.033,ifn_2010
90654,Pinus_radiata,True,3979,1.608,persistente,,0.031,ifn_2010
90655,Eucalyptus_globulus,True,12984,2.753,persistente,,0.026,ifn_2010
90656,Eucalyptus_globulus,True,806,0.0,persistente,,0.135,ifn_2010
90657,Quercus_robur,False,147,0.57,persistente,,0.045,ifn_2010
90658,Pinus_pinaster,True,5082,0.0,evento,2018.0,0.281,desconocida
90659,Eucalyptus_globulus,True,610,0.0,persistente,,0.128,ifn_2010
90660,Quercus_robur,False,2498,1.744,persistente,,0.048,ifn_2010
90661,Pinus_pinaster,True,567,1.427,persistente,,0.049,ifn_2010
90662,Pinus_pinaster,True,3662,7.302,persistente,,0.047,ifn_2010
90663,Pinus_pinaster,True,4809,3.915,persistente,,0.023,ifn_2010
90664,Eucalyptus_globulus,True,4105,2.185,persistente,,0.013,ifn_2010
90665,Eucalyptus_globulus,True,2295,4.254,persistente,,0.052,ifn_2010
90666,Eucalyptus_globulus,True,637,0.0,evento,2024.0,0.279,prohibida_rebrote
90667,Eucalyptus_globulus,True,3735,3.825,persistente,,0.019,ifn_2010
90668,Eucalyptus_globulus,True,11503,4.134,persistente,,0.027,ifn_2010
90669,Pinus_pinaster,True,1443,0.0,persistente,,0.012,ifn_2010
90670,Eucalyptus_globulus,True,46920,3.206,persistente,,0.019,ifn_2010
90671,Eucalyptus_globulus,True,5190,0.0,persistente,,0.104,ifn_2010
90672,Eucalyptus_globulus,True,318,0.0,persistente,,0.006,ifn_2010
90673,Quercus_robur,False,1630,0.0,persistente,,0.02,ifn_2010
90674,Pinus_pinaster,True,4308,0.0,evento,2023.0,0.197,desconocida
90675,Eucalyptus_globulus,True,2218,1.137,persistente,,0.129,ifn_2010
90676,Eucalyptus_globulus,True,794,1.051,persistente,,0.058,ifn_2010
90677,Eucalyptus_globulus,True,258,0.093,persistente,,0.135,ifn_2010
90678,Eucalyptus_globulus,True,1050,1.945,persistente,,0.027,ifn_2010
90679,Eucalyptus_globulus,True,216,0.327,persistente,,0.053,ifn_2010
90680,Eucalyptus_globulus,True,576,1.882,persistente,,0.047,ifn_2010
90681,Eucalyptus_globulus,True,414,0.282,persistente,,0.017,ifn_2010
90682,Eucalyptus_globulus,True,6490,7.391,persistente,,0.014,ifn_2010
90683,Eucalyptus_globulus,True,574,0.0,persistente,,0.107,ifn_2010
90684,Eucalyptus_globulus,True,1920,3.082,persistente,,0.036,ifn_2010
90685,Castanea_sativa,False,558,0.0,persistente,,0.121,ifn_2010
90686,Eucalyptus_globulus,True,8110,0.0,persistente,,0.003,ifn_2010
90687,Eucalyptus_globulus,True,2220,0.0,persistente,,0.06,ifn_2010
90688,Pinus_pinaster,True,1156,0.0,persistente,,0.084,ifn_2010
90689,Eucalyptus_globulus,True,1950,2.166,persistente,,0.019,ifn_2010
90690,Eucalyptus_globulus,True,1792,2.855,persistente,,0.056,ifn_2010
90691,Eucalyptus_globulus,True,3078,2.052,persistente,,0.053,ifn_2010
90692,Eucalyptus_globulus,True,49594,0.02,persistente,,0.015,ifn_2010
90693,Quercus_robur,False,1154,0.844,evento,2019.0,0.235,desconocida
90694,Eucalyptus_globulus,True,1670,0.489,persistente,,0.063,ifn_2010
90695,Pinus_pinaster,True,10011,7.727,persistente,,0.029,ifn_2010
90696,Pinus_pinaster,True,342,0.0,persistente,,0.037,ifn_2010
90697,Quercus_robur,False,1612,0.0,persistente,,0.053,ifn_2010
90698,Pinus_pinaster,True,8164,11.483,persistente,,0.022,ifn_2010
90699,Pinus_pinaster,True,906,0.0,persistente,,0.061,ifn_2010
90700,Quercus_robur,False,4285,4.763,persistente,,0.028,ifn_2010
90701,Eucalyptus_globulus,True,1644,0.0,persistente,,0.15,ifn_2010
90702,Eucalyptus_globulus,True,530,0.636,persistente,,0.056,ifn_2010
90703,Eucalyptus_globulus,True,510,0.0,persistente,,0.057,ifn_2010
90704,Pinus_pinaster,True,8845,2.9,persistente,,0.024,ifn_2010
90705,Eucalyptus_globulus,True,284,0.0,persistente,,0.046,ifn_2010
90706,Eucalyptus_globulus,True,1672,0.0,persistente,,0.041,ifn_2010
90707,Pinus_pinaster,True,7294,9.557,persistente,,0.015,ifn_2010
90708,Eucalyptus_globulus,True,7257,5.987,persistente,,0.041,ifn_2010
90709,Eucalyptus_globulus,True,280,1.457,persistente,,0.02,ifn_2010
90710,Eucalyptus_globulus,True,18400,0.0,persistente,,0.023,ifn_2010
90711,Pinus_pinaster,True,348,0.0,persistente,,0.096,ifn_2010
90712,Eucalyptus_globulus,True,1817,3.044,persistente,,0.032,ifn_2010
90713,Pinus_pinaster,True,2903,5.562,persistente,,0.015,ifn_2010
90714,Pinus_pinaster,True,2744,2.895,persistente,,0.028,ifn_2010
90715,Pinus_pinaster,True,626,2.182,persistente,,0.082,ifn_2010
90716,Pinus_pinaster,True,2621,2.517,persistente,,0.028,ifn_2010
90717,Pinus_pinaster,True,4150,1.941,persistente,,0.055,ifn_2010
90718,Pinus_pinaster,True,3873,0.0,persistente,,0.048,ifn_2010
90719,Eucalyptus_globulus,True,3835,0.987,persistente,,0.035,ifn_2010
90720,Quercus_robur,False,189,0.445,persistente,,0.193,ifn_2010
90721,Quercus_robur,False,2727,2.16,persistente,,0.025,ifn_2010
90722,Eucalyptus_globulus,True,765,0.0,persistente,,0.029,ifn_2010
90723,Eucalyptus_globulus,True,638,1.737,persistente,,0.016,ifn_2010
90724,Eucalyptus_globulus,True,5013,0.277,persistente,,0.02,ifn_2010
90725,Eucalyptus_globulus,True,3382,1.701,persistente,,0.072,ifn_2010
90726,Pinus_pinaster,True,1628,0.0,persistente,,0.137,ifn_2010
90727,Pinus_pinaster,True,1616,0.0,persistente,,0.032,ifn_2010
90728,Eucalyptus_globulus,True,20561,5.081,persistente,,0.032,ifn_2010
90729,Eucalyptus_globulus,True,25791,15.825,persistente,,0.013,ifn_2010
90730,Pinus_pinaster,True,624,0.0,persistente,,0.127,ifn_2010
90731,Pinus_pinaster,True,1566,1.791,persistente,,0.056,ifn_2010
90732,Pinus_pinaster,True,796,0.0,persistente,,0.04,ifn_2010
90733,Pinus_radiata,True,2574,0.0,persistente,,0.018,ifn_2010
90734,Eucalyptus_globulus,True,2521,1.099,persistente,,0.014,ifn_2010
90735,Eucalyptus_globulus,True,7927,1.129,persistente,,0.022,ifn_2010
90736,Quercus_robur,False,8145,2.951,persistente,,0.015,ifn_2010
90737,Eucalyptus_globulus,True,4761,0.0,persistente,,0.038,ifn_2010
90738,Eucalyptus_globulus,True,25939,5.669,persistente,,0.034,ifn_2010
90739,Eucalyptus_globulus,True,2467,0.0,evento,2019.0,0.217,prohibida_rebrote
90740,Eucalyptus_globulus,True,1576,2.42,persistente,,0.03,ifn_2010
90741,Pinus_radiata,True,3895,0.0,persistente,,0.032,ifn_2010
90742,Eucalyptus_globulus,True,306,0.113,persistente,,0.018,ifn_2010
90743,Eucalyptus_globulus,True,376,0.814,persistente,,0.01,ifn_2010
90744,Eucalyptus_globulus,True,536,1.397,persistente,,0.081,ifn_2010
90745,Pinus_pinaster,True,460,0.524,persistente,,0.028,ifn_2010
90746,Pinus_pinaster,True,1247,0.0,persistente,,0.044,ifn_2010
90747,Pinus_pinaster,True,219,0.0,persistente,,0.118,ifn_2010
90748,Pinus_pinaster,True,276,0.0,evento,2020.0,0.197,desconocida
90749,Pinus_pinaster,True,743,0.0,persistente,,0.084,ifn_2010
90750,Eucalyptus_globulus,True,11297,1.324,persistente,,0.042,ifn_2010
90751,Eucalyptus_globulus,True,460,0.0,persistente,,0.075,ifn_2010
90752,Pinus_radiata,True,2519,0.0,evento,2024.0,0.199,desconocida
90753,Pinus_pinaster,True,421,0.0,persistente,,0.037,ifn_2010
90754,Pinus_pinaster,True,15585,8.501,persistente,,0.021,ifn_2010
90755,Pinus_pinaster,True,472,1.768,persistente,,0.041,ifn_2010
90756,Eucalyptus_globulus,True,293,1.548,persistente,,0.052,ifn_2010
90757,Eucalyptus_globulus,True,441,0.394,persistente,,0.048,ifn_2010
90758,Eucalyptus_globulus,True,7182,1.143,persistente,,0.021,ifn_2010
90759,Eucalyptus_globulus,True,320,1.345,persistente,,0.165,ifn_2010
90760,Quercus_robur,False,4658,0.0,persistente,,0.035,ifn_2010
90761,Eucalyptus_globulus,True,4950,2.308,persistente,,0.022,ifn_2010
90762,Eucalyptus_globulus,True,5294,0.0,persistente,,0.16,ifn_2010
90763,Eucalyptus_globulus,True,3677,0.0,persistente,,0.065,ifn_2010
90764,Quercus_robur,False,14466,9.652,persistente,,0.02,ifn_2010
90765,Eucalyptus_globulus,True,253,1.783,persistente,,0.112,ifn_2010
90766,Pinus_pinaster,True,398,2.992,persistente,,0.043,ifn_2010
90767,Pinus_pinaster,True,502,0.0,persistente,,0.069,ifn_2010
90768,Pinus_pinaster,True,341,1.371,persistente,,0.022,ifn_2010
90769,Pinus_pinaster,True,182,0.842,persistente,,0.049,ifn_2010
90770,Pinus_pinaster,True,168,0.202,persistente,,0.14,ifn_2010
90771,Quercus_robur,False,207,0.787,persistente,,0.025,ifn_2010
90772,Eucalyptus_globulus,True,277,0.27,evento,2026.0,0.264,prohibida_rebrote
90773,Quercus_robur,False,517,0.544,persistente,,0.037,ifn_2010
90774,Pinus_pinaster,True,2841,0.0,persistente,,0.025,ifn_2010
90775,Eucalyptus_globulus,True,1788,5.682,persistente,,0.054,ifn_2010
90776,Pinus_pinaster,True,913,0.81,persistente,,0.035,ifn_2010
90777,Pinus_pinaster,True,2712,3.919,persistente,,0.079,ifn_2010
90778,Quercus_robur,False,914,0.0,persistente,,0.021,ifn_2010
90779,Pinus_pinaster,True,459,0.0,persistente,,0.033,ifn_2010
90780,Pinus_pinaster,True,175,1.048,persistente,,0.049,ifn_2010
90781,Alnus_glutinosa,False,1905,0.094,persistente,,0.022,ifn_2010
90782,Pinus_pinaster,True,757,1.107,persistente,,0.01,ifn_2010
90783,Pinus_pinaster,True,421,0.731,persistente,,0.061,ifn_2010
90784,Pinus_pinaster,True,1090,0.0,persistente,,0.065,ifn_2010
90785,Pinus_pinaster,True,3003,0.0,persistente,,0.048,ifn_2010
90786,Pinus_radiata,True,473,0.0,persistente,,0.034,ifn_2010
90787,Eucalyptus_globulus,True,291,0.0,persistente,,0.123,ifn_2010
90788,Pinus_pinaster,True,4735,0.0,persistente,,0.032,ifn_2010
90789,Salix_spp,False,0,0.0,sin_dato,,,sin_serie
90791,Pinus_pinaster,True,864,0.0,persistente,,0.026,ifn_2010
90792,Quercus_robur,False,344,0.0,persistente,,0.024,ifn_2010
90793,Quercus_suber,False,696,0.0,persistente,,0.052,ifn_2010
90794,Alnus_glutinosa,False,336,0.0,persistente,,0.04,ifn_2010
90795,Eucalyptus_globulus,True,536,0.0,persistente,,0.096,ifn_2010
90796,Pinus_pinaster,True,2903,0.0,persistente,,0.06,ifn_2010
90797,Quercus_robur,False,2074,4.113,persistente,,0.085,ifn_2010
90798,Pinus_pinaster,True,5654,0.0,persistente,,0.054,ifn_2010
90799,Pinus_pinaster,True,438,0.0,persistente,,0.116,ifn_2010
90800,Pinus_pinaster,True,383,0.0,persistente,,0.042,ifn_2010
90801,Quercus_robur,False,4816,0.345,evento,2018.0,0.312,desconocida
90802,Quercus_robur,False,441,0.0,persistente,,0.017,ifn_2010
90803,Quercus_robur,False,4527,1.505,persistente,,0.021,ifn_2010
90804,Quercus_robur,False,1236,1.306,persistente,,0.016,ifn_2010
90805,Quercus_robur,False,934,0.0,persistente,,0.034,ifn_2010
90806,Pinus_pinaster,True,217,1.24,persistente,,0.076,ifn_2010
90807,Pinus_pinaster,True,1422,2.769,persistente,,0.022,ifn_2010
90808,Eucalyptus_globulus,True,1316,0.425,persistente,,0.132,ifn_2010
90809,Pinus_pinaster,True,1053,0.0,persistente,,0.039,ifn_2010
90810,Pinus_radiata,True,536,0.0,persistente,,0.048,ifn_2010
90811,Quercus_robur,False,4950,2.485,persistente,,0.031,ifn_2010
90812,Eucalyptus_globulus,True,165,0.467,persistente,,0.066,ifn_2010
90813,Eucalyptus_globulus,True,238,0.289,persistente,,0.044,ifn_2010
90814,Pinus_pinaster,True,261,0.0,persistente,,0.036,ifn_2010
90815,Pinus_pinaster,True,725,0.8,persistente,,0.022,ifn_2010
90816,Pinus_pinaster,True,3206,2.781,persistente,,0.036,ifn_2010
90817,Pinus_pinaster,True,2622,5.258,persistente,,0.046,ifn_2010
90818,Eucalyptus_globulus,True,438,0.0,evento,2020.0,0.335,prohibida_rebrote
90819,Eucalyptus_globulus,True,1260,0.0,persistente,,0.03,ifn_2010
90820,Eucalyptus_globulus,True,495,0.0,persistente,,0.106,ifn_2010
90821,Pinus_pinaster,True,1477,0.0,persistente,,0.076,ifn_2010
90822,Eucalyptus_globulus,True,1963,0.0,persistente,,0.03,ifn_2010
90823,Quercus_robur,False,506,0.0,persistente,,0.076,ifn_2010
90824,Quercus_robur,False,282,0.0,persistente,,0.025,ifn_2010
90825,Pinus_pinaster,True,2734,3.943,persistente,,0.025,ifn_2010
90826,Eucalyptus_globulus,True,183,0.0,persistente,,0.031,ifn_2010
90827,Pinus_pinaster,True,2041,0.0,persistente,,0.071,ifn_2010
90828,Quercus_robur,False,107,0.0,persistente,,0.029,ifn_2010
90829,Quercus_robur,False,366,0.062,persistente,,0.094,ifn_2010
90830,Pinus_pinaster,True,428,1.301,persistente,,0.082,ifn_2010
90831,Eucalyptus_globulus,True,266,0.655,persistente,,0.051,ifn_2010
90832,Pinus_pinaster,True,1536,1.242,persistente,,0.057,ifn_2010
90833,Salix_atrocinerea,False,524,0.645,persistente,,0.017,ifn_2010
90834,Eucalyptus_globulus,True,428,1.689,persistente,,0.088,ifn_2010
90835,Pinus_pinaster,True,3118,2.085,persistente,,0.004,ifn_2010
90836,Eucalyptus_globulus,True,792,0.517,persistente,,0.068,ifn_2010
90837,Eucalyptus_globulus,True,1594,3.295,persistente,,0.04,ifn_2010
90838,Eucalyptus_globulus,True,264,0.0,persistente,,0.05,ifn_2010
90839,Pinus_pinaster,True,1154,0.0,persistente,,0.046,ifn_2010
90840,Eucalyptus_globulus,True,894,0.0,persistente,,0.025,ifn_2010
90841,Eucalyptus_viminalis,True,1421,1.534,persistente,,0.025,ifn_2010
90842,Alnus_glutinosa,False,456,0.045,persistente,,0.032,ifn_2010
90843,Eucalyptus_globulus,True,461,0.0,persistente,,0.065,ifn_2010
90844,Pinus_pinaster,True,74,0.269,persistente,,0.085,ifn_2010
90845,Pinus_pinaster,True,366,0.564,persistente,,0.036,ifn_2010
90846,Pinus_pinaster,True,494,0.0,persistente,,0.024,ifn_2010
90847,Eucalyptus_globulus,True,996,0.0,evento,2018.0,0.347,prohibida_rebrote
90848,Quercus_robur,False,4945,0.875,persistente,,0.014,ifn_2010
90849,Eucalyptus_globulus,True,1103,0.0,persistente,,0.02,ifn_2010
90850,Eucalyptus_globulus,True,235,0.0,persistente,,0.069,ifn_2010
90851,Quercus_robur,False,120,0.0,persistente,,0.018,ifn_2010
90852,Quercus_robur,False,634,0.0,persistente,,0.026,ifn_2010
90853,Quercus_robur,False,775,0.33,persistente,,0.011,ifn_2010
90854,Eucalyptus_globulus,True,518,0.002,persistente,,0.053,ifn_2010
90855,Pinus_pinaster,True,520,0.0,persistente,,0.073,ifn_2010
90856,Quercus_robur,False,1850,0.415,persistente,,0.012,ifn_2010
90857,Quercus_robur,False,161,0.0,persistente,,0.011,ifn_2010
90858,Eucalyptus_globulus,True,138,0.191,persistente,,0.166,ifn_2010
90859,Quercus_robur,False,2115,0.379,persistente,,0.02,ifn_2010
90860,Eucalyptus_globulus,True,1136,1.492,persistente,,0.087,ifn_2010
90861,Eucalyptus_globulus,True,2240,0.0,persistente,,0.04,ifn_2010
90862,Pinus_pinaster,True,250,1.302,persistente,,0.032,ifn_2010
90863,Eucalyptus_globulus,True,1122,0.0,evento,2023.0,0.217,prohibida_rebrote
90864,Quercus_robur,False,4193,0.0,persistente,,0.011,ifn_2010
90865,Pinus_pinaster,True,135,0.0,persistente,,0.016,ifn_2010
90866,Eucalyptus_globulus,True,764,0.0,persistente,,0.028,ifn_2010
90867,Eucalyptus_globulus,True,4476,1.156,persistente,,0.159,ifn_2010
90868,Pinus_pinaster,True,649,0.573,persistente,,0.033,ifn_2010
90869,Quercus_robur,False,1065,3.297,persistente,,0.026,ifn_2010
90870,Quercus_robur,False,336,1.047,persistente,,0.037,ifn_2010
90871,Eucalyptus_globulus,True,792,0.651,persistente,,0.008,ifn_2010
90872,Quercus_robur,False,650,0.0,persistente,,0.02,ifn_2010
90873,Eucalyptus_globulus,True,137,0.447,persistente,,0.067,ifn_2010
90874,Pinus_pinaster,True,44,0.0,persistente,,0.025,ifn_2010
90875,Quercus_robur,False,34,0.273,persistente,,0.086,ifn_2010
90876,Eucalyptus_globulus,True,657,0.607,persistente,,0.015,ifn_2010
90877,Eucalyptus_globulus,True,557,0.0,persistente,,0.042,ifn_2010
90878,Quercus_robur,False,108,0.117,persistente,,0.025,ifn_2010
90879,Pinus_pinaster,True,726,0.0,evento,2018.0,0.27,desconocida
90880,Salix_atrocinerea,False,75,0.0,persistente,,0.2,ifn_2010
90881,Pinus_pinaster,True,275,0.0,persistente,,0.038,ifn_2010
90882,Eucalyptus_globulus,True,1754,0.0,evento,2024.0,0.201,prohibida_rebrote
90883,Pinus_pinaster,True,452,0.0,persistente,,0.035,ifn_2010
90884,Pinus_pinaster,True,1305,0.0,persistente,,0.012,ifn_2010
90885,Quercus_robur,False,166,0.735,persistente,,0.036,ifn_2010
90886,Eucalyptus_globulus,True,1162,0.0,evento,2022.0,0.342,prohibida_rebrote
90887,Quercus_robur,False,136,0.0,persistente,,0.019,ifn_2010
90888,Betula_alba,False,394,0.0,persistente,,0.033,ifn_2010
90889,Eucalyptus_globulus,True,1292,0.0,persistente,,0.025,ifn_2010
90890,Quercus_robur,False,214,0.0,persistente,,0.028,ifn_2010
90891,Quercus_robur,False,296,1.231,persistente,,0.045,ifn_2010
90892,Eucalyptus_globulus,True,18550,0.0,persistente,,0.055,ifn_2010
90893,Eucalyptus_globulus,True,2710,0.0,persistente,,0.013,ifn_2010
90894,Eucalyptus_globulus,True,1108,0.556,persistente,,0.057,ifn_2010
90895,Pinus_pinaster,True,3109,0.0,persistente,,0.079,ifn_2010
90896,Eucalyptus_globulus,True,7262,8.234,persistente,,0.062,ifn_2010
90897,Pinus_pinaster,True,939,0.0,persistente,,0.03,ifn_2010
90898,Quercus_robur,False,1648,0.546,persistente,,0.034,ifn_2010
90899,Pinus_pinaster,True,2608,0.0,persistente,,0.073,ifn_2010
90900,Betula_alba,False,642,0.0,persistente,,0.006,ifn_2010
90901,Eucalyptus_globulus,True,1916,0.477,persistente,,0.028,ifn_2010
90902,Pinus_pinaster,True,3594,5.406,persistente,,0.036,ifn_2010
90903,Salix_caprea,False,285,0.732,persistente,,0.035,ifn_2010
90904,Alnus_glutinosa,False,982,0.91,persistente,,0.014,ifn_2010
90905,Pinus_pinaster,True,718,0.0,persistente,,0.124,ifn_2010
90906,Pinus_pinaster,True,2490,0.0,persistente,,0.046,ifn_2010
90907,Eucalyptus_globulus,True,1150,0.536,persistente,,0.127,ifn_2010
90908,Quercus_robur,False,2008,0.011,persistente,,0.024,ifn_2010
90909,Quercus_robur,False,3844,2.585,persistente,,0.023,ifn_2010
90910,Eucalyptus_globulus,True,2516,1.562,persistente,,0.02,ifn_2010
90911,Eucalyptus_globulus,True,1794,0.0,persistente,,0.053,ifn_2010
90912,Pinus_pinaster,True,280,0.0,persistente,,0.025,ifn_2010
90913,Pinus_pinaster,True,496,0.065,evento,2018.0,0.278,desconocida
90914,Eucalyptus_globulus,True,1048,0.251,persistente,,0.045,ifn_2010
90915,Eucalyptus_globulus,True,526,1.132,persistente,,0.094,ifn_2010
90916,Eucalyptus_globulus,True,176,0.0,evento,2023.0,0.208,prohibida_rebrote
90917,Quercus_robur,False,428,1.194,persistente,,0.051,ifn_2010
90918,Pinus_pinaster,True,506,0.0,persistente,,0.027,ifn_2010
90919,Eucalyptus_globulus,True,3305,0.0,persistente,,0.038,ifn_2010
90920,Eucalyptus_globulus,True,1107,0.0,persistente,,0.036,ifn_2010
90921,Castanea_sativa,False,722,0.0,persistente,,0.03,ifn_2010
90922,Eucalyptus_globulus,True,264,0.798,persistente,,0.047,ifn_2010
90923,Eucalyptus_globulus,True,5234,3.563,persistente,,0.018,ifn_2010
90924,Quercus_robur,False,131,0.801,persistente,,0.021,ifn_2010
90925,Eucalyptus_globulus,True,312,0.0,persistente,,0.035,ifn_2010
90926,Eucalyptus_globulus,True,801,1.096,persistente,,0.082,ifn_2010
90927,Pinus_pinaster,True,1123,0.0,persistente,,0.089,ifn_2010
90928,Eucalyptus_globulus,True,549,1.157,persistente,,0.019,ifn_2010
90929,Eucalyptus_globulus,True,341,0.257,persistente,,0.026,ifn_2010
90930,Quercus_robur,False,1482,1.926,persistente,,0.014,ifn_2010
90931,Quercus_robur,False,1557,2.089,persistente,,0.035,ifn_2010
90932,Quercus_robur,False,124,0.0,persistente,,0.02,ifn_2010
90933,Quercus_robur,False,269,1.124,persistente,,0.028,ifn_2010
90934,Quercus_robur,False,112,0.013,persistente,,0.046,ifn_2010
90935,Pinus_pinaster,True,134,0.0,persistente,,0.041,ifn_2010
90936,Pinus_pinaster,True,365,1.371,persistente,,0.134,ifn_2010
90937,Quercus_robur,False,91,0.132,persistente,,0.015,ifn_2010
90938,Alnus_glutinosa,False,1144,0.575,persistente,,0.023,ifn_2010
90939,Eucalyptus_globulus,True,4542,3.572,persistente,,0.019,ifn_2010
90940,Eucalyptus_globulus,True,3396,0.0,persistente,,0.039,ifn_2010
90941,Eucalyptus_globulus,True,2126,0.0,persistente,,0.008,ifn_2010
90942,Eucalyptus_globulus,True,1670,0.0,persistente,,0.037,ifn_2010
90943,Betula_alba,False,3501,0.0,persistente,,0.036,ifn_2010
90944,Eucalyptus_globulus,True,1338,0.0,persistente,,0.105,ifn_2010
90945,Eucalyptus_globulus,True,4916,0.0,persistente,,0.16,ifn_2010
90946,Eucalyptus_globulus,True,6074,0.0,persistente,,0.165,ifn_2010
90947,Quercus_robur,False,2234,0.0,persistente,,0.063,ifn_2010
90948,Quercus_suber,False,466,0.0,persistente,,0.185,ifn_2010
90949,Eucalyptus_globulus,True,3130,0.0,persistente,,0.178,ifn_2010
90950,Eucalyptus_globulus,True,1498,0.0,persistente,,0.034,ifn_2010
90951,Quercus_robur,False,908,0.0,persistente,,0.165,ifn_2010
90952,Quercus_robur,False,1157,1.441,persistente,,0.095,ifn_2010
90953,Quercus_robur,False,988,0.0,persistente,,0.054,ifn_2010
90954,Eucalyptus_globulus,True,1002,0.0,persistente,,0.015,ifn_2010
90955,Quercus_robur,False,106,0.0,persistente,,0.083,ifn_2010
90956,Pinus_pinaster,True,778,0.0,persistente,,0.151,ifn_2010
90957,Eucalyptus_globulus,True,105,0.0,evento,2023.0,0.265,prohibida_rebrote
90958,Eucalyptus_globulus,True,787,1.917,persistente,,0.065,ifn_2010
90959,Eucalyptus_globulus,True,881,0.0,persistente,,0.044,ifn_2010
90960,Quercus_robur,False,137,0.0,persistente,,0.035,ifn_2010
90961,Pinus_pinaster,True,1121,0.0,persistente,,0.068,ifn_2010
90962,Eucalyptus_globulus,True,200,0.0,persistente,,0.105,ifn_2010
90963,Pinus_pinaster,True,1474,0.0,persistente,,0.098,ifn_2010
90964,Eucalyptus_globulus,True,256,0.007,persistente,,0.076,ifn_2010
90965,Betula_alba,False,1252,0.0,persistente,,0.086,ifn_2010
90966,Pinus_radiata,True,958,0.0,evento,2021.0,0.218,desconocida
90967,Quercus_robur,False,107,0.0,persistente,,0.085,ifn_2010
90968,Eucalyptus_globulus,True,1019,0.0,persistente,,0.063,ifn_2010
90969,Eucalyptus_globulus,True,617,0.0,persistente,,0.042,ifn_2010
90970,Eucalyptus_globulus,True,328,0.159,persistente,,0.045,ifn_2010
90971,Eucalyptus_globulus,True,3269,0.886,persistente,,0.046,ifn_2010
90972,Betula_alba,False,2756,0.567,persistente,,0.012,ifn_2010
90973,Eucalyptus_globulus,True,29461,16.385,persistente,,0.018,ifn_2010
90974,Quercus_robur,False,10454,3.766,persistente,,0.017,ifn_2010
90975,Pinus_pinaster,True,539,0.0,persistente,,0.073,ifn_2010
90976,Eucalyptus_globulus,True,393,1.515,persistente,,0.088,ifn_2010
90977,Castanea_sativa,False,281,0.365,persistente,,0.015,ifn_2010
90978,Quercus_robur,False,318,0.0,persistente,,0.018,ifn_2010
90979,Quercus_robur,False,140,0.251,persistente,,0.114,ifn_2010
90980,Quercus_robur,False,1962,0.0,persistente,,0.023,ifn_2010
90981,Quercus_robur,False,912,0.0,persistente,,0.011,ifn_2010
90982,Eucalyptus_globulus,True,20951,23.789,persistente,,0.033,ifn_2010
90983,Quercus_robur,False,990,0.0,persistente,,0.019,ifn_2010
90984,Pinus_pinaster,True,236,1.187,persistente,,0.074,ifn_2010
90985,Pinus_pinaster,True,198,0.952,persistente,,0.037,ifn_2010
90986,Eucalyptus_globulus,True,1958,1.292,persistente,,0.057,ifn_2010
90987,Eucalyptus_globulus,True,2774,0.306,persistente,,0.029,ifn_2010
90988,Eucalyptus_globulus,True,1894,0.24,persistente,,0.103,ifn_2010
90989,Eucalyptus_globulus,True,628,0.0,persistente,,0.034,ifn_2010
90990,Eucalyptus_globulus,True,1356,0.525,persistente,,0.228,ifn_2010
90991,Quercus_robur,False,2406,2.814,persistente,,0.041,ifn_2010
90992,Eucalyptus_globulus,True,1170,1.107,evento,2018.0,0.195,prohibida_rebrote
90993,Eucalyptus_globulus,True,856,0.0,persistente,,0.014,ifn_2010
90994,Pinus_pinaster,True,3406,0.0,persistente,,0.02,ifn_2010
90995,Eucalyptus_globulus,True,4484,0.081,persistente,,0.028,ifn_2010
90996,Eucalyptus_globulus,True,480,0.422,persistente,,0.09,ifn_2010
90997,Quercus_robur,False,169,0.0,persistente,,0.029,ifn_2010
90998,Pinus_pinaster,True,617,0.0,persistente,,0.061,ifn_2010
90999,Pinus_pinaster,True,2585,0.0,persistente,,0.04,ifn_2010
91000,Eucalyptus_globulus,True,17034,0.0,persistente,,0.014,ifn_2010
91001,Eucalyptus_globulus,True,330,0.695,persistente,,0.049,ifn_2010
91002,Quercus_robur,False,5058,1.798,persistente,,0.023,ifn_2010
91003,Pinus_pinaster,True,439,0.027,persistente,,0.041,ifn_2010
91004,Quercus_robur,False,229,0.0,persistente,,0.017,ifn_2010
91005,Eucalyptus_globulus,True,4968,1.81,persistente,,0.042,ifn_2010
91006,Quercus_robur,False,506,1.944,persistente,,0.108,ifn_2010
91007,Pinus_pinaster,True,1504,0.0,persistente,,0.024,ifn_2010
91008,Quercus_robur,False,12228,3.74,persistente,,0.022,ifn_2010
91009,Pinus_pinaster,True,7486,0.0,persistente,,0.06,ifn_2010
91010,Quercus_robur,False,423,0.0,persistente,,0.024,ifn_2010
91011,Quercus_robur,False,20,0.0,persistente,,0.028,ifn_2010
91012,Quercus_robur,False,13,0.0,persistente,,0.057,ifn_2010
91013,Pinus_pinaster,True,326,0.526,persistente,,0.039,ifn_2010
91014,Pinus_pinaster,True,49,0.0,persistente,,0.047,ifn_2010
91015,Pinus_pinaster,True,117,0.0,persistente,,0.098,ifn_2010
91016,Pinus_pinaster,True,95,0.0,evento,2019.0,0.328,desconocida
91017,Quercus_robur,False,128,0.0,persistente,,0.033,ifn_2010
91018,Quercus_robur,False,3,0.0,sin_dato,,,sin_serie
91019,Pinus_pinaster,True,33,0.0,persistente,,0.017,ifn_2010
91020,Eucalyptus_globulus,True,60,0.0,persistente,,0.017,ifn_2010
91021,Quercus_robur,False,7228,0.0,persistente,,0.022,ifn_2010
91022,Pinus_pinaster,True,31,0.0,persistente,,0.015,ifn_2010
91023,Pinus_pinaster,True,102,0.0,persistente,,0.055,ifn_2010
91034,Pinus_pinaster,True,209,0.0,persistente,,0.032,ifn_2010
91035,Pinus_pinaster,True,8,0.0,evento,2024.0,0.205,desconocida
91036,Pinus_pinaster,True,84,0.0,evento,2023.0,0.419,desconocida
91037,Pinus_pinaster,True,612,0.0,evento,2023.0,0.252,desconocida
91038,Pinus_pinaster,True,151,0.0,evento,2023.0,0.364,desconocida
91039,Quercus_robur,False,12,0.0,persistente,,0.208,ifn_2010
91040,Pinus_pinaster,True,130,0.0,persistente,,0.127,ifn_2010
91041,Pinus_pinaster,True,183,0.0,persistente,,0.053,ifn_2010
91042,Quercus_robur,False,421,0.0,persistente,,0.062,ifn_2010
91043,Quercus_robur,False,137,0.0,persistente,,0.043,ifn_2010
91044,Pinus_pinaster,True,4913,0.0,persistente,,0.029,ifn_2010
91045,Pinus_pinaster,True,2666,0.0,persistente,,0.035,ifn_2010
91046,Quercus_robur,False,150,0.0,persistente,,0.032,ifn_2010
91047,Quercus_robur,False,4095,0.0,persistente,,0.021,ifn_2010
91048,Pseudotsuga_menziesii,True,8703,0.0,persistente,,0.041,ifn_2010
91049,Quercus_robur,False,391,0.0,persistente,,0.051,ifn_2010
91050,Eucalyptus_globulus,True,198,0.0,persistente,,0.09,ifn_2010
91051,Quercus_robur,False,232,0.0,persistente,,0.015,ifn_2010
91052,Quercus_robur,False,611,0.0,persistente,,0.052,ifn_2010
91053,Quercus_robur,False,4318,0.0,persistente,,0.042,ifn_2010
91054,Quercus_robur,False,360,0.0,persistente,,0.059,ifn_2010
91055,Pinus_pinaster,True,448,0.0,persistente,,0.045,ifn_2010
91056,Quercus_robur,False,221,0.152,persistente,,0.05,ifn_2010
91057,Pinus_pinaster,True,28,0.0,persistente,,0.061,ifn_2010
91058,Pinus_pinaster,True,5,0.0,sin_dato,,,sin_serie
91059,Quercus_robur,False,259,0.0,persistente,,0.049,ifn_2010
91060,Pinus_pinaster,True,182,0.0,persistente,,0.065,ifn_2010
91061,Quercus_robur,False,804,0.0,persistente,,0.083,ifn_2010
91062,Quercus_robur,False,1965,0.0,persistente,,0.037,ifn_2010
91063,Quercus_robur,False,217,0.0,persistente,,0.06,ifn_2010
91064,Betula_alba,False,1136,0.0,persistente,,0.106,ifn_2010
91065,Pinus_radiata,True,774,0.0,evento,2026.0,0.416,desconocida
91066,Eucalyptus_globulus,True,316,0.0,evento,2019.0,0.432,prohibida_rebrote
91067,Eucalyptus_globulus,True,104,0.0,evento,2019.0,0.463,prohibida_rebrote
91068,Eucalyptus_globulus,True,111,0.0,evento,2026.0,0.449,prohibida_rebrote
91069,Quercus_robur,False,103,0.0,persistente,,0.048,ifn_2010
91070,Pinus_pinaster,True,4560,0.0,evento,2026.0,0.195,desconocida
91071,Quercus_robur,False,405,0.0,persistente,,0.021,ifn_2010
91072,Quercus_robur,False,401,0.0,persistente,,0.053,ifn_2010
91073,Quercus_robur,False,2754,0.0,persistente,,0.028,ifn_2010
91074,Quercus_robur,False,1224,0.0,persistente,,0.048,ifn_2010
91075,Quercus_robur,False,276,0.0,persistente,,0.038,ifn_2010
91076,Quercus_robur,False,628,0.0,persistente,,0.044,ifn_2010
91077,Quercus_robur,False,157,0.0,persistente,,0.041,ifn_2010
91078,Quercus_robur,False,2468,0.0,persistente,,0.025,ifn_2010
91079,Quercus_robur,False,876,0.0,persistente,,0.046,ifn_2010
91080,Quercus_robur,False,1254,0.0,persistente,,0.037,ifn_2010
91081,Quercus_robur,False,792,0.0,persistente,,0.04,ifn_2010
91082,Quercus_robur,False,312,0.0,persistente,,0.02,ifn_2010
91083,Quercus_robur,False,150,0.0,persistente,,0.124,ifn_2010
91084,Quercus_robur,False,511,0.0,persistente,,0.022,ifn_2010
91085,Quercus_robur,False,263,0.0,persistente,,0.021,ifn_2010
91086,Quercus_robur,False,9772,0.0,persistente,,0.022,ifn_2010
91087,Quercus_robur,False,108,0.0,persistente,,0.047,ifn_2010
91088,Pinus_pinaster,True,9310,0.0,persistente,,0.102,ifn_2010
91089,Pinus_pinaster,True,460,0.0,persistente,,0.045,ifn_2010
91090,Quercus_robur,False,1072,0.0,persistente,,0.022,ifn_2010
91091,Pinus_pinaster,True,1057,0.0,persistente,,0.047,ifn_2010
91092,Pinus_pinaster,True,24620,0.0,persistente,,0.073,ifn_2010
91093,Pinus_radiata,True,2880,0.0,persistente,,0.05,ifn_2010
91094,Pinus_pinaster,True,2888,0.0,persistente,,0.109,ifn_2010
91095,Quercus_robur,False,2799,0.0,persistente,,0.023,ifn_2010
91096,Quercus_robur,False,400,0.0,persistente,,0.097,ifn_2010
91097,Pinus_pinaster,True,1189,0.0,persistente,,0.064,ifn_2010
91098,Pinus_pinaster,True,809,0.0,persistente,,0.019,ifn_2010
91099,Pinus_pinaster,True,574,0.0,evento,2020.0,0.2,desconocida
91100,Eucalyptus_globulus,True,149,0.0,persistente,,0.134,ifn_2010
91101,Pinus_pinaster,True,118,0.0,persistente,,0.028,ifn_2010
91102,Quercus_robur,False,599,0.0,persistente,,0.021,ifn_2010
91103,Quercus_robur,False,441,0.0,persistente,,0.115,ifn_2010
91104,Eucalyptus_globulus,True,1009,0.0,persistente,,0.046,ifn_2010
91105,Eucalyptus_globulus,True,210,0.0,persistente,,0.09,ifn_2010
91106,Pinus_pinaster,True,107,0.0,persistente,,0.016,ifn_2010
91107,Quercus_robur,False,9333,3.234,persistente,,0.035,ifn_2010
91108,Pinus_pinaster,True,1387,0.0,persistente,,0.155,ifn_2010
91109,Pinus_sylvestris,True,105,0.0,evento,2019.0,0.281,desconocida
91110,Pinus_pinaster,True,1998,0.0,persistente,,0.176,ifn_2010
91111,Quercus_robur,False,105,0.233,persistente,,0.019,ifn_2010
91112,Pinus_pinaster,True,2489,0.0,evento,2023.0,0.261,desconocida
91113,Pinus_pinaster,True,8356,0.0,persistente,,0.048,ifn_2010
91114,Quercus_robur,False,4618,0.107,persistente,,0.081,ifn_2010
91115,Quercus_robur,False,733,0.0,persistente,,0.088,ifn_2010
91116,Eucalyptus_globulus,True,2326,0.0,persistente,,0.122,ifn_2010
91117,Quercus_pyrenaica,False,2947,0.644,persistente,,0.032,ifn_2010
91118,Quercus_robur,False,682,1.288,persistente,,0.036,ifn_2010
91119,Quercus_robur,False,841,0.219,persistente,,0.027,ifn_2010
91120,Quercus_robur,False,2926,1.039,persistente,,0.035,ifn_2010
91121,Castanea_sativa,False,209,0.0,persistente,,0.048,ifn_2010
91122,Castanea_sativa,False,159,0.0,evento,2025.0,0.232,desconocida
91123,Castanea_sativa,False,613,1.841,persistente,,0.026,ifn_2010
91124,Castanea_sativa,False,618,1.909,persistente,,0.039,ifn_2010
91125,Castanea_sativa,False,257,0.439,persistente,,0.056,ifn_2010
91126,Betula_alba,False,843,0.0,persistente,,0.067,ifn_2010
91127,Quercus_robur,False,26820,5.134,persistente,,0.024,ifn_2010
91128,Quercus_robur,False,839,0.0,persistente,,0.046,ifn_2010
91129,Quercus_robur,False,305,0.0,persistente,,0.046,ifn_2010
91130,Quercus_robur,False,2707,0.192,persistente,,0.016,ifn_2010
91131,Quercus_robur,False,7201,3.579,persistente,,0.015,ifn_2010
91132,Quercus_robur,False,1661,0.946,persistente,,0.021,ifn_2010
91133,Quercus_robur,False,551,0.118,persistente,,0.022,ifn_2010
91134,Quercus_robur,False,2573,1.997,persistente,,0.022,ifn_2010
91135,Quercus_robur,False,421,0.0,persistente,,0.043,ifn_2010
91136,Quercus_robur,False,422,0.0,persistente,,0.025,ifn_2010
91137,Betula_alba,False,786,0.0,persistente,,0.029,ifn_2010
91138,Pinus_pinaster,True,246,0.0,persistente,,0.079,ifn_2010
91139,Quercus_robur,False,261,0.562,persistente,,0.016,ifn_2010
91140,Quercus_robur,False,175,0.307,persistente,,0.063,ifn_2010
91141,Quercus_robur,False,3291,2.072,persistente,,0.022,ifn_2010
91142,Pinus_pinaster,True,793,0.0,persistente,,0.115,ifn_2010
91143,Pinus_pinaster,True,1027,0.0,persistente,,0.127,ifn_2010
91144,Quercus_robur,False,8971,6.416,persistente,,0.034,ifn_2010
91145,Quercus_robur,False,275,0.0,persistente,,0.021,ifn_2010
91146,Pinus_pinaster,True,336,0.0,persistente,,0.066,ifn_2010
91147,Quercus_robur,False,1659,0.309,persistente,,0.026,ifn_2010
91148,Quercus_robur,False,214,0.0,persistente,,0.047,ifn_2010
91149,Quercus_robur,False,3746,0.633,persistente,,0.024,ifn_2010
91150,Quercus_robur,False,195,0.0,persistente,,0.036,ifn_2010
91151,Pinus_radiata,True,255,0.0,evento,2018.0,0.253,desconocida
91152,Pinus_pinaster,True,383,0.0,persistente,,0.101,ifn_2010
91153,Eucalyptus_globulus,True,286,0.0,evento,2024.0,0.344,prohibida_rebrote
91154,Quercus_robur,False,2417,1.265,persistente,,0.013,ifn_2010
91155,Quercus_robur,False,1321,2.733,persistente,,0.015,ifn_2010
91156,Quercus_robur,False,971,0.0,persistente,,0.035,ifn_2010
91157,Quercus_robur,False,296,0.0,persistente,,0.056,ifn_2010
91158,Quercus_robur,False,127,0.55,persistente,,0.033,ifn_2010
91159,Quercus_robur,False,926,0.254,persistente,,0.027,ifn_2010
91160,Quercus_robur,False,1037,0.088,persistente,,0.014,ifn_2010
91161,Quercus_robur,False,566,1.141,persistente,,0.041,ifn_2010
91162,Quercus_robur,False,4334,0.0,persistente,,0.037,ifn_2010
91163,Quercus_robur,False,1267,0.869,persistente,,0.046,ifn_2010
91164,Quercus_robur,False,307,0.513,persistente,,0.023,ifn_2010
91165,Quercus_robur,False,2119,0.406,persistente,,0.032,ifn_2010
91166,Quercus_robur,False,3529,1.291,persistente,,0.018,ifn_2010
91167,Quercus_robur,False,2036,0.673,persistente,,0.022,ifn_2010
91168,Quercus_robur,False,5360,5.64,persistente,,0.022,ifn_2010
91169,Quercus_robur,False,311,1.193,persistente,,0.022,ifn_2010
91170,Quercus_robur,False,789,0.249,persistente,,0.044,ifn_2010
91171,Quercus_robur,False,423,0.005,persistente,,0.024,ifn_2010
91172,Quercus_robur,False,413,0.987,persistente,,0.025,ifn_2010
91173,Quercus_robur,False,382,1.366,persistente,,0.018,ifn_2010
91174,Quercus_robur,False,2346,0.266,persistente,,0.011,ifn_2010
91175,Quercus_robur,False,3634,0.0,persistente,,0.011,ifn_2010
91176,Pinus_pinaster,True,2663,0.0,persistente,,0.043,ifn_2010
91177,Quercus_robur,False,3224,1.161,persistente,,0.022,ifn_2010
91178,Quercus_robur,False,282,0.0,persistente,,0.032,ifn_2010
91179,Quercus_robur,False,1415,0.0,persistente,,0.033,ifn_2010
91180,Quercus_robur,False,4755,0.105,persistente,,0.033,ifn_2010
91181,Quercus_robur,False,438,0.0,persistente,,0.04,ifn_2010
91182,Alnus_glutinosa,False,2806,0.0,persistente,,0.034,ifn_2010
91183,Quercus_robur,False,945,0.0,persistente,,0.032,ifn_2010
91184,Quercus_robur,False,1435,0.314,persistente,,0.019,ifn_2010
91185,Quercus_robur,False,490,0.146,persistente,,0.041,ifn_2010
91186,Quercus_robur,False,553,0.11,persistente,,0.058,ifn_2010
91187,Quercus_robur,False,211,0.0,persistente,,0.056,ifn_2010
91188,Eucalyptus_globulus,True,602,1.019,persistente,,0.026,ifn_2010
91189,Quercus_robur,False,954,0.0,persistente,,0.07,ifn_2010
91190,Pinus_pinaster,True,115,0.0,evento,2025.0,0.264,desconocida
91191,Pinus_pinaster,True,4961,4.04,persistente,,0.026,ifn_2010
91192,Pinus_pinaster,True,171,0.0,persistente,,0.024,ifn_2010
91193,Quercus_robur,False,2909,5.189,persistente,,0.034,ifn_2010
91194,Pinus_pinaster,True,1219,0.0,persistente,,0.107,ifn_2010
91195,Pinus_pinaster,True,2774,0.0,persistente,,0.06,ifn_2010
91196,Pinus_pinaster,True,143,0.0,persistente,,0.101,ifn_2010
91197,Eucalyptus_globulus,True,170,0.0,persistente,,0.028,ifn_2010
91198,Betula_alba,False,1015,0.0,persistente,,0.034,ifn_2010
91199,Quercus_robur,False,1260,1.841,persistente,,0.033,ifn_2010
91200,Quercus_robur,False,3535,0.0,persistente,,0.022,ifn_2010
91201,Pinus_pinaster,True,1025,0.0,persistente,,0.024,ifn_2010
91202,Pinus_radiata,True,3825,0.061,persistente,,0.067,ifn_2010
91203,Pinus_radiata,True,391,0.0,evento,2018.0,0.188,desconocida
91204,Eucalyptus_globulus,True,1218,0.0,evento,2025.0,0.183,prohibida_rebrote
91205,Pinus_radiata,True,1766,0.0,evento,2020.0,0.266,desconocida
91206,Pinus_radiata,True,963,0.0,persistente,,0.133,ifn_2010
91207,Pinus_pinaster,True,834,0.692,persistente,,0.056,ifn_2010
91208,Quercus_robur,False,560,0.0,evento,2026.0,0.223,desconocida
91209,Eucalyptus_globulus,True,154,0.0,persistente,,0.134,ifn_2010
91210,Eucalyptus_globulus,True,147,0.0,evento,2019.0,0.196,prohibida_rebrote
91211,Pinus_pinaster,True,3791,0.011,persistente,,0.039,ifn_2010
91212,Quercus_robur,False,830,0.0,persistente,,0.019,ifn_2010
91213,Eucalyptus_globulus,True,347,0.0,persistente,,0.051,ifn_2010
91214,Pinus_pinaster,True,6811,3.945,persistente,,0.047,ifn_2010
91215,Pinus_pinaster,True,657,0.0,persistente,,0.177,ifn_2010
91216,Eucalyptus_globulus,True,298,0.0,persistente,,0.058,ifn_2010
91217,Pinus_pinaster,True,435,0.0,persistente,,0.152,ifn_2010
91218,Eucalyptus_globulus,True,224,0.0,persistente,,0.015,ifn_2010
91219,Pinus_pinaster,True,175,0.086,persistente,,0.018,ifn_2010
91220,Pinus_pinaster,True,4539,1.769,persistente,,0.067,ifn_2010
91221,Pinus_pinaster,True,554,3.26,persistente,,0.043,ifn_2010
91222,Pinus_pinaster,True,3359,0.817,persistente,,0.033,ifn_2010
91223,Pinus_pinaster,True,855,1.387,persistente,,0.017,ifn_2010
91224,Pinus_pinaster,True,506,1.482,persistente,,0.057,ifn_2010
91225,Quercus_robur,False,348,0.008,persistente,,0.02,ifn_2010
91226,Pinus_pinaster,True,2192,2.299,persistente,,0.008,ifn_2010
91227,Pinus_pinaster,True,1432,3.641,persistente,,0.02,ifn_2010
91228,Pinus_pinaster,True,7972,3.221,persistente,,0.018,ifn_2010
91229,Quercus_robur,False,8428,3.47,persistente,,0.006,ifn_2010
91230,Quercus_robur,False,370,0.124,persistente,,0.045,ifn_2010
91231,Quercus_robur,False,1308,1.552,persistente,,0.033,ifn_2010
91232,Quercus_robur,False,191,0.003,persistente,,0.012,ifn_2010
91233,Quercus_robur,False,913,0.289,persistente,,0.062,ifn_2010
91234,Quercus_robur,False,1671,2.925,persistente,,0.02,ifn_2010
91235,Quercus_robur,False,320,0.0,persistente,,0.02,ifn_2010
91236,Quercus_robur,False,4532,2.386,persistente,,0.035,ifn_2010
91237,Quercus_robur,False,12360,3.63,persistente,,0.021,ifn_2010
91238,Quercus_robur,False,483,0.823,evento,2021.0,0.205,desconocida
91239,Quercus_robur,False,1250,0.41,persistente,,0.051,ifn_2010
91240,Quercus_robur,False,1124,2.577,persistente,,0.093,ifn_2010
91241,Quercus_robur,False,269,1.026,persistente,,0.03,ifn_2010
91242,Quercus_robur,False,823,3.268,persistente,,0.044,ifn_2010
91243,Quercus_robur,False,198,0.847,persistente,,0.044,ifn_2010
91244,Pinus_pinaster,True,383,2.279,persistente,,0.066,ifn_2010
91245,Quercus_robur,False,274,1.005,persistente,,0.067,ifn_2010
91246,Quercus_robur,False,5961,4.464,persistente,,0.013,ifn_2010
91247,Pinus_pinaster,True,589,0.0,persistente,,0.03,ifn_2010
91248,Quercus_robur,False,353,0.53,persistente,,0.07,ifn_2010
91249,Quercus_robur,False,5333,0.512,persistente,,0.018,ifn_2010
91250,Eucalyptus_globulus,True,264,0.0,evento,2018.0,0.269,prohibida_rebrote
91251,Eucalyptus_globulus,True,162,0.0,persistente,,0.074,ifn_2010
91252,Eucalyptus_globulus,True,202,0.0,persistente,,0.041,ifn_2010
91253,Eucalyptus_globulus,True,130,0.0,persistente,,0.065,ifn_2010
91254,Quercus_robur,False,3470,0.0,persistente,,0.032,ifn_2010
91255,Pinus_pinaster,True,130,0.0,evento,2019.0,0.445,desconocida
91256,Quercus_robur,False,205,0.0,persistente,,0.042,ifn_2010
91257,Quercus_robur,False,3879,4.529,persistente,,0.126,ifn_2010
91258,Pinus_pinaster,True,122,0.055,persistente,,0.156,ifn_2010
91259,Quercus_robur,False,526,0.0,persistente,,0.019,ifn_2010
91260,Quercus_robur,False,851,1.216,persistente,,0.039,ifn_2010
91261,Quercus_robur,False,139,0.673,persistente,,0.098,ifn_2010
91262,Quercus_robur,False,146,0.304,persistente,,0.019,ifn_2010
91263,Quercus_robur,False,3172,2.269,persistente,,0.026,ifn_2010
91264,Quercus_robur,False,5738,9.666,persistente,,0.053,ifn_2010
91265,Quercus_robur,False,1250,4.514,persistente,,0.025,ifn_2010
91266,Quercus_robur,False,268,1.713,persistente,,0.064,ifn_2010
91267,Pinus_radiata,True,404,0.329,evento,2022.0,0.434,desconocida
91268,Pinus_pinaster,True,1268,3.98,persistente,,0.033,ifn_2010
91269,Quercus_robur,False,1236,4.277,persistente,,0.055,ifn_2010
91270,Castanea_sativa,False,943,3.635,persistente,,0.027,ifn_2010
91271,Castanea_sativa,False,7172,4.822,persistente,,0.013,ifn_2010
91272,Castanea_sativa,False,684,2.538,persistente,,0.053,ifn_2010
91273,Quercus_robur,False,3508,3.247,persistente,,0.017,ifn_2010
91274,Castanea_sativa,False,945,0.295,persistente,,0.021,ifn_2010
91275,Quercus_robur,False,2565,1.174,persistente,,0.023,ifn_2010
91276,Quercus_robur,False,562,3.146,persistente,,0.019,ifn_2010
91277,Betula_alba,False,1628,6.905,persistente,,0.035,ifn_2010
91278,Castanea_sativa,False,654,0.678,persistente,,0.027,ifn_2010
91279,Quercus_robur,False,215,1.595,persistente,,0.052,ifn_2010
91280,Quercus_robur,False,557,0.936,persistente,,0.036,ifn_2010
91281,Quercus_robur,False,1075,2.359,persistente,,0.039,ifn_2010
91282,Quercus_robur,False,1261,3.453,persistente,,0.037,ifn_2010
91283,Quercus_robur,False,2096,13.857,persistente,,0.062,ifn_2010
91284,Quercus_robur,False,2233,3.213,persistente,,0.025,ifn_2010
91285,Quercus_robur,False,733,1.8,persistente,,0.032,ifn_2010
91286,Quercus_robur,False,196,0.0,persistente,,0.054,ifn_2010
91287,Quercus_robur,False,14061,3.593,persistente,,0.016,ifn_2010
91288,Pinus_pinaster,True,233,0.0,evento,2024.0,0.302,desconocida
91289,Quercus_robur,False,513,0.0,persistente,,0.046,ifn_2010
91290,Quercus_robur,False,420,0.0,persistente,,0.043,ifn_2010
91291,Quercus_robur,False,2447,0.045,persistente,,0.019,ifn_2010
91292,Quercus_robur,False,3111,0.0,persistente,,0.021,ifn_2010
91293,Quercus_robur,False,2838,2.284,persistente,,0.039,ifn_2010
91294,Quercus_pyrenaica,False,12646,0.0,persistente,,0.03,ifn_2010
91295,Pinus_radiata,True,1720,0.0,persistente,,0.053,ifn_2010
91296,Quercus_robur,False,1480,0.0,persistente,,0.029,ifn_2010
91297,Pinus_pinaster,True,870,0.0,persistente,,0.044,ifn_2010
91298,Pinus_pinaster,True,7836,0.642,persistente,,0.058,ifn_2010
91299,Pinus_pinaster,True,350,0.0,evento,2025.0,0.279,desconocida
91300,Pinus_pinaster,True,1566,0.349,persistente,,0.042,ifn_2010
91301,Quercus_robur,False,796,0.0,persistente,,0.018,ifn_2010
91302,Quercus_robur,False,8540,8.627,persistente,,0.026,ifn_2010
91303,Quercus_robur,False,2742,0.0,persistente,,0.024,ifn_2010
91304,Quercus_robur,False,1696,0.0,persistente,,0.032,ifn_2010
91305,Quercus_robur,False,219,0.0,persistente,,0.147,ifn_2010
91306,Quercus_robur,False,2930,0.0,persistente,,0.025,ifn_2010
91307,Castanea_sativa,False,334,0.0,persistente,,0.085,ifn_2010
91308,Pinus_pinaster,True,1089,2.002,persistente,,0.095,ifn_2010
91309,Quercus_robur,False,15523,5.074,persistente,,0.038,ifn_2010
91310,Pinus_pinaster,True,1578,1.776,persistente,,0.143,ifn_2010
91311,Castanea_sativa,False,117,0.0,persistente,,0.041,ifn_2010
91312,Pinus_radiata,True,385,0.0,evento,2026.0,0.251,desconocida
91313,Pinus_pinaster,True,8672,0.0,persistente,,0.04,ifn_2010
91314,Pinus_pinaster,True,12029,3.422,persistente,,0.078,ifn_2010
91315,Pinus_radiata,True,1406,0.0,persistente,,0.125,ifn_2010
91316,Pinus_pinaster,True,467,0.0,persistente,,0.02,ifn_2010
91317,Pinus_pinaster,True,627,0.0,persistente,,0.122,ifn_2010
91318,Pinus_pinaster,True,1109,0.0,persistente,,0.043,ifn_2010
91319,Pinus_pinaster,True,9067,0.16,persistente,,0.068,ifn_2010
91320,Quercus_robur,False,5572,0.328,persistente,,0.034,ifn_2010
91321,Pinus_radiata,True,848,0.717,evento,2020.0,0.202,desconocida
91322,Quercus_robur,False,808,0.0,persistente,,0.028,ifn_2010
91323,Pinus_pinaster,True,1109,0.0,persistente,,0.032,ifn_2010
91324,Pinus_pinaster,True,621,0.0,persistente,,0.083,ifn_2010
91325,Pinus_pinaster,True,660,1.308,persistente,,0.077,ifn_2010
91326,Pinus_pinaster,True,156,0.0,persistente,,0.078,ifn_2010
91327,Pinus_pinaster,True,795,0.0,evento,2026.0,0.195,desconocida
91328,Quercus_robur,False,7565,0.349,persistente,,0.068,ifn_2010
91329,Pinus_pinaster,True,10580,0.0,persistente,,0.027,ifn_2010
91330,Quercus_robur,False,6729,0.0,persistente,,0.044,ifn_2010
91331,Quercus_robur,False,167,0.0,persistente,,0.016,ifn_2010
91332,Castanea_sativa,False,1637,0.0,persistente,,0.006,ifn_2010
91333,Pinus_pinaster,True,13532,0.0,persistente,,0.025,ifn_2010
91334,Pinus_pinaster,True,1555,0.0,persistente,,0.085,ifn_2010
91335,Pinus_pinaster,True,2017,0.0,persistente,,0.022,ifn_2010
91336,Pinus_pinaster,True,177,0.0,persistente,,0.029,ifn_2010
91337,Pinus_pinaster,True,1320,0.0,persistente,,0.05,ifn_2010
91338,Quercus_robur,False,25302,0.0,persistente,,0.062,ifn_2010
91339,Betula_alba,False,14912,0.0,persistente,,0.031,ifn_2010
91340,Quercus_robur,False,1264,0.0,persistente,,0.022,ifn_2010
91341,Quercus_robur,False,865,0.0,persistente,,0.087,ifn_2010
91342,Pinus_pinaster,True,324,0.0,persistente,,0.119,ifn_2010
91343,Quercus_robur,False,1147,0.0,persistente,,0.038,ifn_2010
91344,Pinus_pinaster,True,772,0.0,persistente,,0.027,ifn_2010
91345,Quercus_robur,False,113,0.0,persistente,,0.027,ifn_2010
91346,Quercus_robur,False,251,0.0,persistente,,0.025,ifn_2010
91347,Quercus_robur,False,938,0.0,persistente,,0.048,ifn_2010
91348,Pinus_pinaster,True,981,0.0,persistente,,0.109,ifn_2010
91349,Pinus_pinaster,True,350,0.0,persistente,,0.095,ifn_2010
91350,Pinus_pinaster,True,374,0.0,persistente,,0.154,ifn_2010
91351,Quercus_robur,False,510,0.0,persistente,,0.033,ifn_2010
91352,Pinus_pinaster,True,285,0.0,persistente,,0.036,ifn_2010
91353,Quercus_robur,False,826,0.0,persistente,,0.03,ifn_2010
91354,Quercus_robur,False,422,0.0,persistente,,0.022,ifn_2010
91355,Quercus_robur,False,346,0.0,persistente,,0.023,ifn_2010
91356,Quercus_robur,False,296,0.0,persistente,,0.02,ifn_2010
91357,Pinus_pinaster,True,1099,0.0,persistente,,0.228,ifn_2010
91358,Quercus_robur,False,546,0.0,persistente,,0.04,ifn_2010
91359,Quercus_robur,False,544,0.0,persistente,,0.072,ifn_2010
91360,Quercus_robur,False,201,0.0,persistente,,0.037,ifn_2010
91361,Quercus_robur,False,1167,0.0,persistente,,0.014,ifn_2010
91362,Quercus_robur,False,1282,0.0,persistente,,0.037,ifn_2010
91363,Quercus_robur,False,481,0.0,persistente,,0.06,ifn_2010
91364,Pinus_radiata,True,120,0.0,persistente,,0.116,ifn_2010
91365,Quercus_robur,False,571,0.0,persistente,,0.053,ifn_2010
91366,Quercus_robur,False,224,0.0,persistente,,0.039,ifn_2010
91367,Quercus_robur,False,0,0.0,sin_dato,,,sin_serie
91368,Quercus_robur,False,0,0.0,sin_dato,,,sin_serie
91369,Quercus_robur,False,0,0.0,sin_dato,,,sin_serie
91370,Quercus_robur,False,0,0.0,sin_dato,,,sin_serie
91371,Quercus_robur,False,440,0.0,persistente,,0.041,ifn_2010
91372,Quercus_robur,False,427,0.0,persistente,,0.132,ifn_2010
91373,Quercus_robur,False,2096,0.0,persistente,,0.048,ifn_2010
91374,Quercus_robur,False,968,0.0,persistente,,0.089,ifn_2010
91375,Quercus_robur,False,0,0.0,sin_dato,,,sin_serie
91376,Quercus_robur,False,639,1.053,persistente,,0.034,ifn_2010
91377,Quercus_robur,False,110,0.0,persistente,,0.021,ifn_2010
91378,Pinus_pinaster,True,1787,0.293,persistente,,0.016,ifn_2010
91379,Quercus_robur,False,435,0.115,persistente,,0.037,ifn_2010
91380,Quercus_robur,False,207,0.0,persistente,,0.019,ifn_2010
91381,Quercus_robur,False,1656,0.0,persistente,,0.036,ifn_2010
91382,Pinus_pinaster,True,623,0.0,persistente,,0.086,ifn_2010
91383,Pinus_pinaster,True,555,0.41,persistente,,0.018,ifn_2010
91384,Quercus_robur,False,171,0.0,persistente,,0.019,ifn_2010
91385,Pinus_pinaster,True,4173,0.0,persistente,,0.044,ifn_2010
91386,Pinus_pinaster,True,15259,0.0,persistente,,0.024,ifn_2010
91387,Pinus_pinaster,True,14709,0.0,persistente,,0.046,ifn_2010
91388,Pinus_pinaster,True,809,0.0,persistente,,0.03,ifn_2010
91389,Pinus_pinaster,True,7608,0.0,persistente,,0.05,ifn_2010
91390,Quercus_robur,False,245,0.0,persistente,,0.036,ifn_2010
91391,Quercus_robur,False,136,0.241,persistente,,0.013,ifn_2010
91392,Quercus_robur,False,2319,0.008,persistente,,0.024,ifn_2010
91393,Quercus_robur,False,633,0.104,persistente,,0.026,ifn_2010
91394,Quercus_robur,False,672,0.082,persistente,,0.037,ifn_2010
91395,Quercus_robur,False,5856,3.734,persistente,,0.015,ifn_2010
91396,Quercus_robur,False,263,0.0,persistente,,0.019,ifn_2010
91397,Quercus_robur,False,1467,0.086,persistente,,0.041,ifn_2010
91398,Quercus_robur,False,738,0.217,persistente,,0.035,ifn_2010
91399,Quercus_robur,False,254,0.0,persistente,,0.236,ifn_2010
91400,Eucalyptus_globulus,True,177,0.0,persistente,,0.22,ifn_2010
91401,Pinus_pinaster,True,179,0.0,evento,2026.0,0.273,desconocida
91402,Quercus_robur,False,701,0.882,persistente,,0.041,ifn_2010
91403,Quercus_robur,False,1451,0.0,persistente,,0.017,ifn_2010
91404,Quercus_robur,False,212,0.0,persistente,,0.015,ifn_2010
91405,Betula_alba,False,442,0.0,persistente,,0.019,ifn_2010
91406,Quercus_robur,False,3405,0.227,persistente,,0.016,ifn_2010
91407,Quercus_robur,False,405,0.0,persistente,,0.019,ifn_2010
91408,Quercus_robur,False,120,0.0,persistente,,0.022,ifn_2010
91409,Pinus_pinaster,True,277,0.0,persistente,,0.03,ifn_2010
91410,Quercus_robur,False,1682,1.6,persistente,,0.045,ifn_2010
91411,Quercus_robur,False,391,0.019,persistente,,0.14,ifn_2010
91412,Quercus_robur,False,201,0.0,persistente,,0.069,ifn_2010
91413,Quercus_robur,False,10325,0.0,persistente,,0.124,ifn_2010
91414,Quercus_robur,False,684,0.0,evento,2018.0,0.329,desconocida
91415,Pinus_pinaster,True,11812,0.0,persistente,,0.08,ifn_2010
91416,Pinus_pinaster,True,36318,0.0,persistente,,0.019,ifn_2010
91417,Quercus_robur,False,288,0.0,persistente,,0.034,ifn_2010
91418,Eucalyptus_globulus,True,2558,0.0,persistente,,0.032,ifn_2010
91419,Quercus_robur,False,306,0.0,persistente,,0.057,ifn_2010
91420,Eucalyptus_globulus,True,451,0.0,persistente,,0.049,ifn_2010
91421,Pinus_sylvestris,True,0,0.0,sin_dato,,,sin_serie
91425,Quercus_robur,False,475,0.0,persistente,,0.07,ifn_2010
91426,Pinus_pinaster,True,0,0.0,sin_dato,,,sin_serie
91427,Pinus_pinaster,True,362,0.0,persistente,,0.039,ifn_2010
91428,Betula_alba,False,117,0.0,evento,2020.0,0.48,desconocida
91429,Pinus_pinaster,True,387,0.0,persistente,,0.113,ifn_2010
91430,Pinus_pinaster,True,693,0.001,persistente,,0.2,ifn_2010
91431,Alnus_glutinosa,False,702,0.0,persistente,,0.025,ifn_2010
91432,Eucalyptus_globulus,True,110,0.0,persistente,,0.06,ifn_2010
91433,Eucalyptus_nitens,True,5025,0.0,persistente,,0.024,ifn_2010
91434,Pinus_pinaster,True,3160,0.0,persistente,,0.037,ifn_2010
91435,Pinus_pinaster,True,3691,0.0,persistente,,0.046,ifn_2010
91436,Pinus_pinaster,True,1286,0.03,persistente,,0.054,ifn_2010
91437,Pinus_pinaster,True,4445,0.0,persistente,,0.038,ifn_2010
91438,Pinus_pinaster,True,601,0.0,persistente,,0.04,ifn_2010
91439,Pinus_pinaster,True,4938,0.0,persistente,,0.18,ifn_2010
91440,Quercus_robur,False,7048,0.572,persistente,,0.122,ifn_2010
91441,Pinus_pinaster,True,2572,0.0,persistente,,0.037,ifn_2010
91442,Quercus_robur,False,4563,0.689,persistente,,0.026,ifn_2010
91443,Eucalyptus_globulus,True,418,0.0,persistente,,0.047,ifn_2010
91444,Pinus_pinaster,True,21,0.0,persistente,,0.019,ifn_2010
91445,Pinus_radiata,True,1425,0.0,persistente,,0.105,ifn_2010
91446,Eucalyptus_globulus,True,763,0.324,persistente,,0.104,ifn_2010
91447,Pinus_pinaster,True,4235,0.833,persistente,,0.01,ifn_2010
91448,Quercus_robur,False,3718,0.461,persistente,,0.014,ifn_2010
91449,Pinus_pinaster,True,5131,0.432,persistente,,0.018,ifn_2010
91450,Pinus_pinaster,True,8844,0.0,persistente,,0.051,ifn_2010
91451,Pinus_radiata,True,6839,0.0,persistente,,0.039,ifn_2010
91452,Pinus_pinaster,True,1818,0.0,persistente,,0.035,ifn_2010
91453,Eucalyptus_nitens,True,857,0.0,persistente,,0.059,ifn_2010
91454,Pinus_pinaster,True,4188,0.0,persistente,,0.075,ifn_2010
91455,Pinus_pinaster,True,6227,2.285,persistente,,0.043,ifn_2010
91456,Eucalyptus_globulus,True,229,0.0,persistente,,0.171,ifn_2010
91457,Pinus_pinaster,True,2772,0.0,persistente,,0.054,ifn_2010
91458,Quercus_robur,False,607,0.0,persistente,,0.082,ifn_2010
91459,Eucalyptus_globulus,True,636,0.477,persistente,,0.166,ifn_2010
91460,Pinus_pinaster,True,3339,0.0,persistente,,0.032,ifn_2010
91461,Quercus_robur,False,0,0.0,sin_dato,,,sin_serie
91466,Quercus_robur,False,920,0.0,persistente,,0.039,ifn_2010
91467,Quercus_robur,False,0,0.0,sin_dato,,,sin_serie
91468,Quercus_robur,False,0,0.0,sin_dato,,,sin_serie
91471,Pinus_pinaster,True,0,0.0,sin_dato,,,sin_serie
91473,Quercus_pyrenaica,False,0,0.0,sin_dato,,,sin_serie
91474,Quercus_robur,False,0,0.0,sin_dato,,,sin_serie
91477,Quercus_robur,False,2078,0.0,persistente,,0.038,ifn_2010
91478,Alnus_glutinosa,False,2740,0.0,persistente,,0.045,ifn_2010
91479,Quercus_robur,False,185,0.0,persistente,,0.05,ifn_2010
91480,Pinus_pinaster,True,324,0.0,evento,2020.0,0.326,desconocida
91481,Pinus_pinaster,True,1148,0.289,persistente,,0.026,ifn_2010
91482,Quercus_robur,False,8555,0.0,persistente,,0.081,ifn_2010
91483,Pinus_radiata,True,413,0.0,evento,2024.0,0.228,desconocida
91484,Pinus_pinaster,True,360,0.0,persistente,,0.149,ifn_2010
91485,Pinus_pinaster,True,0,0.0,sin_dato,,,sin_serie
91486,Pinus_pinaster,True,0,0.0,sin_dato,,,sin_serie
91487,Quercus_robur,False,0,0.0,sin_dato,,,sin_serie
91488,Quercus_robur,False,0,0.0,sin_dato,,,sin_serie
91489,Quercus_robur,False,0,0.0,sin_dato,,,sin_serie
91490,Quercus_robur,False,473,0.0,persistente,,0.079,ifn_2010
91491,Quercus_robur,False,0,0.0,sin_dato,,,sin_serie
91492,Quercus_robur,False,1421,0.0,persistente,,0.058,ifn_2010
91493,Quercus_robur,False,4541,0.0,persistente,,0.054,ifn_2010
91494,Quercus_robur,False,551,0.0,persistente,,0.05,ifn_2010
91495,Quercus_robur,False,418,0.0,persistente,,0.095,ifn_2010
91496,Quercus_robur,False,486,0.0,persistente,,0.046,ifn_2010
91497,Pinus_pinaster,True,3079,1.339,persistente,,0.082,ifn_2010
91498,Pinus_pinaster,True,2258,0.0,persistente,,0.148,ifn_2010
91499,Pinus_pinaster,True,447,0.0,persistente,,0.129,ifn_2010
91500,Quercus_robur,False,5202,0.0,persistente,,0.074,ifn_2010
91501,Pinus_pinaster,True,1566,0.0,persistente,,0.051,ifn_2010
91502,Pinus_pinaster,True,5096,0.0,persistente,,0.035,ifn_2010
91503,Quercus_robur,False,3531,0.0,persistente,,0.103,ifn_2010
91504,Pinus_pinaster,True,4442,0.533,persistente,,0.034,ifn_2010
91505,Quercus_pyrenaica,False,3486,0.0,persistente,,0.032,ifn_2010
91506,Quercus_pyrenaica,False,1787,0.0,persistente,,0.068,ifn_2010
91507,Quercus_robur,False,3422,0.0,persistente,,0.073,ifn_2010
91508,Pinus_pinaster,True,0,0.0,sin_dato,,,sin_serie
91509,Quercus_robur,False,0,0.0,sin_dato,,,sin_serie
91510,Pinus_pinaster,True,1878,0.0,persistente,,0.064,ifn_2010
91511,Pinus_pinaster,True,7653,0.0,persistente,,0.076,ifn_2010
91512,Quercus_robur,False,694,0.0,persistente,,0.013,ifn_2010
91513,Castanea_sativa,False,114,0.0,persistente,,0.096,ifn_2010
91514,Pinus_pinaster,True,866,0.0,persistente,,0.044,ifn_2010
91515,Pinus_pinaster,True,9653,0.0,persistente,,0.048,ifn_2010
91516,Quercus_robur,False,9437,2.27,persistente,,0.004,ifn_2010
91517,Quercus_robur,False,879,0.0,persistente,,0.054,ifn_2010
91518,Pinus_pinaster,True,1269,0.0,persistente,,0.099,ifn_2010
91519,Pinus_pinaster,True,697,0.0,persistente,,0.078,ifn_2010
91520,Quercus_robur,False,378,0.0,persistente,,0.063,ifn_2010
91521,Pinus_radiata,True,137,0.0,evento,2020.0,0.296,desconocida
91522,Eucalyptus_globulus,True,1100,0.0,persistente,,0.023,ifn_2010
91523,Quercus_robur,False,1002,0.0,persistente,,0.054,ifn_2010
91524,Pinus_radiata,True,3831,0.0,persistente,,0.054,ifn_2010
91525,Pinus_pinaster,True,959,0.0,persistente,,0.06,ifn_2010
91526,Pinus_radiata,True,538,0.0,persistente,,0.075,ifn_2010
91527,Quercus_robur,False,1583,0.0,persistente,,0.019,ifn_2010
91528,Quercus_robur,False,300,1.057,persistente,,0.055,ifn_2010
91529,Quercus_robur,False,327,0.057,persistente,,0.047,ifn_2010
91530,Quercus_robur,False,2425,0.0,persistente,,0.024,ifn_2010
91531,Pinus_pinaster,True,1555,0.0,persistente,,0.066,ifn_2010
91532,Pinus_pinaster,True,906,0.0,persistente,,0.103,ifn_2010
91533,Pinus_pinaster,True,5650,0.237,persistente,,0.086,ifn_2010
91534,Pinus_pinaster,True,749,0.0,persistente,,0.147,ifn_2010
91535,Pinus_pinaster,True,279,0.0,evento,2019.0,0.261,desconocida
91536,Eucalyptus_globulus,True,234,0.0,persistente,,0.163,ifn_2010
91537,Pinus_pinaster,True,181,0.0,evento,2018.0,0.406,desconocida
91538,Pinus_pinaster,True,144,0.0,evento,2024.0,0.353,desconocida
91539,Pinus_radiata,True,9119,0.0,persistente,,0.057,ifn_2010
91540,Pinus_pinaster,True,331,0.0,persistente,,0.097,ifn_2010
91541,Quercus_robur,False,18769,1.303,persistente,,0.008,ifn_2010
91542,Castanea_sativa,False,849,0.0,persistente,,0.024,ifn_2010
91543,Castanea_sativa,False,223,0.0,persistente,,0.067,ifn_2010
91544,Quercus_robur,False,132,0.429,persistente,,0.085,ifn_2010
91545,Quercus_robur,False,235,0.0,persistente,,0.041,ifn_2010
91546,Quercus_robur,False,257,0.0,persistente,,0.036,ifn_2010
91547,Pinus_radiata,True,104,0.0,evento,2026.0,0.267,desconocida
91548,Pinus_radiata,True,627,0.0,persistente,,0.062,ifn_2010
91549,Quercus_robur,False,231,0.195,persistente,,0.035,ifn_2010
91550,Quercus_robur,False,909,0.308,evento,2024.0,0.288,desconocida
91551,Pinus_pinaster,True,305,0.0,persistente,,0.035,ifn_2010
91552,Pinus_pinaster,True,199,0.0,persistente,,0.044,ifn_2010
91553,Quercus_robur,False,3571,1.414,persistente,,0.024,ifn_2010
91554,Quercus_robur,False,3481,1.192,persistente,,0.027,ifn_2010
91555,Quercus_robur,False,538,0.0,persistente,,0.044,ifn_2010
91556,Quercus_robur,False,963,0.0,persistente,,0.037,ifn_2010
91557,Quercus_robur,False,4217,1.706,persistente,,0.036,ifn_2010
91558,Pinus_pinaster,True,114,0.0,persistente,,0.038,ifn_2010
91559,Quercus_robur,False,3989,0.0,persistente,,0.026,ifn_2010
91560,Pinus_pinaster,True,4139,0.0,persistente,,0.151,ifn_2010
91561,Pinus_pinaster,True,144,0.0,evento,2018.0,0.197,desconocida
91562,Pinus_pinaster,True,101,0.0,persistente,,0.098,ifn_2010
91563,Quercus_robur,False,926,0.0,persistente,,0.056,ifn_2010
91564,Quercus_robur,False,963,0.784,persistente,,0.017,ifn_2010
91565,Betula_alba,False,286,0.24,persistente,,0.082,ifn_2010
91566,Quercus_robur,False,1588,0.106,persistente,,0.062,ifn_2010
91567,Pinus_radiata,True,407,0.0,persistente,,0.058,ifn_2010
91568,Pinus_pinaster,True,754,0.0,persistente,,0.03,ifn_2010
91569,Pinus_pinaster,True,785,0.0,persistente,,0.053,ifn_2010
91570,Pinus_pinaster,True,3426,0.0,persistente,,0.043,ifn_2010
91571,Pinus_pinaster,True,2605,0.0,persistente,,0.069,ifn_2010
91572,Pinus_pinaster,True,5075,2.176,persistente,,0.047,ifn_2010
91573,Eucalyptus_globulus,True,771,0.0,persistente,,0.155,ifn_2010
91574,Quercus_robur,False,304,0.378,persistente,,0.069,ifn_2010
91575,Quercus_robur,False,753,0.979,evento,2022.0,0.191,desconocida
91576,Pinus_pinaster,True,989,0.0,persistente,,0.049,ifn_2010
91577,Quercus_robur,False,562,0.331,persistente,,0.039,ifn_2010
91578,Pinus_pinaster,True,432,1.259,persistente,,0.065,ifn_2010
91579,Quercus_robur,False,115,0.0,persistente,,0.061,ifn_2010
91580,Quercus_robur,False,589,0.0,persistente,,0.162,ifn_2010
91581,Pinus_pinaster,True,427,0.0,persistente,,0.045,ifn_2010
91582,Pinus_pinaster,True,250,0.0,persistente,,0.098,ifn_2010
91583,Pinus_pinaster,True,411,0.0,persistente,,0.095,ifn_2010
91584,Pinus_pinaster,True,530,0.742,persistente,,0.043,ifn_2010
91585,Eucalyptus_globulus,True,946,0.0,evento,2020.0,0.293,prohibida_rebrote
91586,Pinus_pinaster,True,5392,0.0,persistente,,0.062,ifn_2010
91587,Quercus_robur,False,1347,0.182,persistente,,0.02,ifn_2010
91588,Pinus_pinaster,True,3174,0.0,persistente,,0.07,ifn_2010
91589,Pinus_pinaster,True,0,0.0,sin_dato,,,sin_serie
91592,Pinus_pinaster,True,1234,0.0,persistente,,0.083,ifn_2010
91593,Betula_alba,False,1168,0.0,persistente,,0.048,ifn_2010
91594,Quercus_robur,False,1693,1.072,persistente,,0.088,ifn_2010
91595,Quercus_robur,False,675,0.0,persistente,,0.022,ifn_2010
91596,Quercus_robur,False,2384,0.291,persistente,,0.018,ifn_2010
91597,Quercus_robur,False,108,0.331,persistente,,0.03,ifn_2010
91598,Pinus_pinaster,True,2548,0.0,persistente,,0.063,ifn_2010
91599,Pinus_pinaster,True,456,0.0,persistente,,0.058,ifn_2010
91600,Quercus_robur,False,125,0.0,persistente,,0.037,ifn_2010
91601,Quercus_robur,False,165,0.337,persistente,,0.101,ifn_2010
91602,Quercus_robur,False,239,0.0,persistente,,0.034,ifn_2010
91603,Quercus_robur,False,520,0.1,persistente,,0.043,ifn_2010
91604,Quercus_robur,False,582,0.403,persistente,,0.031,ifn_2010
91605,Quercus_robur,False,640,0.017,persistente,,0.027,ifn_2010
91606,Pinus_pinaster,True,2558,0.0,persistente,,0.026,ifn_2010
91607,Castanea_sativa,False,199,0.0,persistente,,0.026,ifn_2010
91608,Quercus_robur,False,198,0.0,persistente,,0.033,ifn_2010
91609,Pinus_pinaster,True,3697,0.0,persistente,,0.037,ifn_2010
91625,Eucalyptus_globulus,True,658,0.0,persistente,,0.056,ifn_2010
91626,Pinus_pinaster,True,9392,0.0,persistente,,0.035,ifn_2010
91627,Quercus_robur,False,9380,6.966,persistente,,0.006,ifn_2010
91628,Quercus_robur,False,46248,15.751,persistente,,0.024,ifn_2010
91631,Quercus_robur,False,1748,2.314,persistente,,0.015,ifn_2010
91633,Quercus_robur,False,284,0.843,persistente,,0.011,ifn_2010
91636,Quercus_robur,False,46652,30.557,persistente,,0.027,ifn_2010
91637,Quercus_robur,False,728,1.422,persistente,,0.028,ifn_2010
91638,Pinus_pinaster,True,276,0.0,persistente,,0.005,ifn_2010
91639,Quercus_robur,False,372,1.043,persistente,,0.027,ifn_2010
91640,Quercus_robur,False,48396,37.326,persistente,,0.015,ifn_2010
91641,Pinus_pinaster,True,0,0.0,sin_dato,,,sin_serie
91642,Pinus_pinaster,True,0,0.0,sin_dato,,,sin_serie
91643,Pinus_pinaster,True,280,0.0,persistente,,0.019,ifn_2010
91644,Quercus_robur,False,660,0.057,persistente,,0.025,ifn_2010
91645,Quercus_robur,False,959,1.281,persistente,,0.022,ifn_2010
91646,Quercus_robur,False,982,1.172,persistente,,0.025,ifn_2010
91647,Quercus_robur,False,256,0.0,persistente,,0.013,ifn_2010
91648,Quercus_robur,False,1957,0.791,persistente,,0.013,ifn_2010
91651,Quercus_robur,False,0,0.0,sin_dato,,,sin_serie
91653,Pinus_pinaster,True,186,0.0,evento,2022.0,0.309,desconocida
91654,Pinus_pinaster,True,0,0.0,sin_dato,,,sin_serie
91655,Quercus_robur,False,378,0.0,persistente,,0.04,ifn_2010
91656,Quercus_robur,False,518,0.0,persistente,,0.017,ifn_2010
91657,Quercus_robur,False,1,0.0,sin_dato,,,sin_serie
91658,Quercus_robur,False,0,0.0,sin_dato,,,sin_serie
91659,Quercus_robur,False,0,0.0,sin_dato,,,sin_serie
91660,Quercus_robur,False,0,0.0,sin_dato,,,sin_serie
91661,Pinus_pinaster,True,0,0.0,sin_dato,,,sin_serie
91662,Quercus_robur,False,0,0.0,sin_dato,,,sin_serie
91665,Quercus_robur,False,0,0.0,sin_dato,,,sin_serie
91666,Quercus_robur,False,12093,0.86,persistente,,0.051,ifn_2010
91667,Pinus_pinaster,True,2815,0.0,persistente,,0.023,ifn_2010
91668,Pinus_radiata,True,5973,0.0,persistente,,0.061,ifn_2010
91669,Pinus_pinaster,True,1113,0.0,persistente,,0.089,ifn_2010
91670,Pinus_pinaster,True,1312,0.0,persistente,,0.037,ifn_2010
91671,Pinus_pinaster,True,167,0.0,persistente,,0.171,ifn_2010
91672,Quercus_robur,False,1251,0.0,persistente,,0.06,ifn_2010
91673,Pinus_pinaster,True,1081,0.0,persistente,,0.063,ifn_2010
91674,Pinus_pinaster,True,836,0.0,persistente,,0.047,ifn_2010
91675,Quercus_robur,False,6683,3.551,persistente,,0.01,ifn_2010
91676,Eucalyptus_nitens,True,2022,0.0,persistente,,0.038,ifn_2010
91677,Pinus_pinaster,True,143,0.0,persistente,,0.045,ifn_2010
91678,Quercus_robur,False,1145,0.0,persistente,,0.042,ifn_2010
91679,Quercus_robur,False,1992,0.0,persistente,,0.014,ifn_2010
91680,Quercus_robur,False,962,0.097,persistente,,0.027,ifn_2010
91681,Quercus_robur,False,526,0.859,persistente,,0.022,ifn_2010
91682,Quercus_robur,False,696,0.0,persistente,,0.031,ifn_2010
91683,Pinus_sylvestris,True,2024,0.0,persistente,,0.034,ifn_2010
91684,Quercus_robur,False,1130,0.283,persistente,,0.025,ifn_2010
91685,Quercus_robur,False,814,0.0,persistente,,0.022,ifn_2010
91686,Quercus_robur,False,328,0.0,persistente,,0.025,ifn_2010
91687,Pinus_pinaster,True,1624,0.0,persistente,,0.015,ifn_2010
91688,Pinus_pinaster,True,2922,0.0,evento,2020.0,0.263,desconocida
91689,Quercus_robur,False,462,0.338,persistente,,0.055,ifn_2010
91690,Quercus_robur,False,1280,0.0,persistente,,0.022,ifn_2010
91691,Quercus_robur,False,680,1.25,persistente,,0.082,ifn_2010
91692,Pinus_pinaster,True,0,0.0,sin_dato,,,sin_serie
91693,Pinus_pinaster,True,0,0.0,sin_dato,,,sin_serie
91694,Pinus_pinaster,True,0,0.0,sin_dato,,,sin_serie
91695,Pinus_pinaster,True,0,0.0,sin_dato,,,sin_serie
91696,Pinus_pinaster,True,0,0.0,sin_dato,,,sin_serie
91697,Quercus_robur,False,224,0.0,persistente,,0.04,ifn_2010
91698,Pinus_pinaster,True,0,0.0,sin_dato,,,sin_serie
91699,Pinus_pinaster,True,0,0.0,sin_dato,,,sin_serie
91700,Pinus_pinaster,True,0,0.0,sin_dato,,,sin_serie
91701,Quercus_robur,False,3,0.0,sin_dato,,,sin_serie
91702,Quercus_robur,False,0,0.0,sin_dato,,,sin_serie
91703,Pinus_pinaster,True,3880,0.0,persistente,,0.029,ifn_2010
91704,Quercus_robur,False,0,0.0,sin_dato,,,sin_serie
91705,Pinus_pinaster,True,2123,0.0,persistente,,0.099,ifn_2010
91706,Quercus_robur,False,558,0.0,persistente,,0.081,ifn_2010
91707,Pinus_pinaster,True,464,0.0,persistente,,0.028,ifn_2010
91708,Pinus_pinaster,True,6058,0.0,persistente,,0.071,ifn_2010
91709,Pinus_pinaster,True,842,0.0,persistente,,0.098,ifn_2010
91710,Pinus_pinaster,True,103,0.0,persistente,,0.125,ifn_2010
91711,Pinus_pinaster,True,645,0.0,persistente,,0.057,ifn_2010
91712,Quercus_robur,False,356,0.0,persistente,,0.09,ifn_2010
91713,Quercus_robur,False,511,0.0,persistente,,0.172,ifn_2010
91714,Quercus_robur,False,509,0.0,persistente,,0.191,ifn_2010
91715,Quercus_robur,False,486,0.0,persistente,,0.044,ifn_2010
91716,Pinus_pinaster,True,544,0.0,persistente,,0.035,ifn_2010
91717,Pinus_pinaster,True,871,2.351,persistente,,0.08,ifn_2010
91718,Quercus_robur,False,522,0.874,persistente,,0.132,ifn_2010
91719,Pinus_pinaster,True,199,0.0,persistente,,0.087,ifn_2010
91720,Quercus_robur,False,223,0.14,persistente,,0.087,ifn_2010
91721,Quercus_robur,False,3255,0.03,persistente,,0.024,ifn_2010
91722,Eucalyptus_globulus,True,994,1.185,persistente,,0.205,ifn_2010
91723,Eucalyptus_globulus,True,100,0.0,evento,2026.0,0.335,prohibida_rebrote
91724,Eucalyptus_globulus,True,382,0.0,evento,2026.0,0.285,prohibida_rebrote
91725,Eucalyptus_globulus,True,934,0.0,persistente,,0.129,ifn_2010
91726,Quercus_robur,False,178,0.0,persistente,,0.09,ifn_2010
91727,Quercus_robur,False,92,0.0,persistente,,0.073,ifn_2010
91728,Eucalyptus_globulus,True,407,0.0,persistente,,0.063,ifn_2010
91729,Pinus_pinaster,True,318,1.33,persistente,,0.076,ifn_2010
91730,Eucalyptus_globulus,True,358,0.0,persistente,,0.023,ifn_2010
91731,Quercus_robur,False,942,0.0,persistente,,0.034,ifn_2010
91732,Eucalyptus_globulus,True,210,0.0,evento,2025.0,0.324,prohibida_rebrote
91733,Quercus_robur,False,1196,2.075,persistente,,0.017,ifn_2010
91734,Eucalyptus_globulus,True,97,0.0,persistente,,0.052,ifn_2010
91735,Eucalyptus_globulus,True,226,0.0,evento,2025.0,0.239,prohibida_rebrote
91736,Eucalyptus_globulus,True,369,0.0,evento,2025.0,0.229,prohibida_rebrote
91737,Eucalyptus_globulus,True,1346,0.0,evento,2025.0,0.288,prohibida_rebrote
91738,Eucalyptus_globulus,True,259,0.0,evento,2025.0,0.459,prohibida_rebrote
91739,Pinus_radiata,True,441,0.0,persistente,,0.051,ifn_2010
91740,Eucalyptus_globulus,True,209,0.0,evento,2026.0,0.282,prohibida_rebrote
91741,Eucalyptus_globulus,True,646,0.0,persistente,,0.03,ifn_2010
91742,Pinus_pinaster,True,221,0.709,persistente,,0.146,ifn_2010
91743,Pinus_pinaster,True,264,0.0,persistente,,0.16,ifn_2010
91744,Pinus_pinaster,True,345,0.0,persistente,,0.031,ifn_2010
91745,Eucalyptus_globulus,True,937,0.0,persistente,,0.068,ifn_2010
91746,Pinus_pinaster,True,1179,0.0,evento,2022.0,0.213,desconocida
91747,Quercus_robur,False,406,0.0,persistente,,0.055,ifn_2010
91748,Quercus_robur,False,196,0.0,persistente,,0.245,ifn_2010
91749,Pinus_pinaster,True,327,0.0,evento,2022.0,0.205,desconocida
91750,Eucalyptus_globulus,True,5500,0.0,persistente,,0.053,ifn_2010
91751,Quercus_robur,False,50846,16.284,persistente,,0.012,ifn_2010
91752,Quercus_robur,False,11609,0.825,persistente,,0.016,ifn_2010
91753,Pinus_pinaster,True,150,0.0,persistente,,0.037,ifn_2010
91754,Pinus_pinaster,True,14338,0.282,persistente,,0.013,ifn_2010
91755,Pinus_pinaster,True,177,0.0,persistente,,0.051,ifn_2010
91756,Pinus_pinaster,True,109,0.0,evento,2021.0,0.486,desconocida
91757,Pinus_pinaster,True,391,0.0,persistente,,0.179,ifn_2010
91758,Pinus_pinaster,True,169,0.0,evento,2020.0,0.275,desconocida
91759,Quercus_robur,False,130,0.094,persistente,,0.021,ifn_2010
91760,Quercus_robur,False,80,0.0,persistente,,0.02,ifn_2010
91761,Quercus_robur,False,868,1.06,persistente,,0.009,ifn_2010
91762,Pinus_pinaster,True,165,0.0,persistente,,0.033,ifn_2010
91763,Quercus_robur,False,1208,0.0,persistente,,0.05,ifn_2010
91764,Betula_alba,False,168,0.0,persistente,,0.02,ifn_2010
91765,Quercus_robur,False,115,0.0,persistente,,0.012,ifn_2010
91766,Pinus_radiata,True,16024,0.0,persistente,,0.028,ifn_2010
91767,Quercus_robur,False,7752,0.0,persistente,,0.047,ifn_2010
91768,Quercus_robur,False,489,0.0,evento,2019.0,0.238,desconocida
91769,Quercus_robur,False,860,0.904,persistente,,0.133,ifn_2010
91770,Pinus_radiata,True,7039,0.598,persistente,,0.019,ifn_2010
91771,Pinus_radiata,True,380,0.0,persistente,,0.157,ifn_2010
91772,Pinus_radiata,True,263,0.0,evento,2022.0,0.427,desconocida
91773,Pinus_pinaster,True,1785,0.0,evento,2026.0,0.326,desconocida
91774,Pinus_pinaster,True,2051,0.0,persistente,,0.124,ifn_2010
91775,Pinus_radiata,True,440,0.0,evento,2026.0,0.313,desconocida
91776,Pinus_radiata,True,1365,0.0,persistente,,0.052,ifn_2010
91777,Pinus_radiata,True,166,0.0,evento,2020.0,0.452,desconocida
91778,Pinus_pinaster,True,39,0.0,persistente,,0.046,ifn_2010
91779,Pinus_pinaster,True,7937,0.0,persistente,,0.026,ifn_2010
91780,Betula_alba,False,707,0.0,persistente,,0.03,ifn_2010
91781,Pinus_pinaster,True,3108,0.0,persistente,,0.147,ifn_2010
91782,Quercus_robur,False,615,0.0,persistente,,0.055,ifn_2010
91783,Quercus_robur,False,355,0.0,persistente,,0.092,ifn_2010
91784,Pinus_pinaster,True,499,0.0,persistente,,0.079,ifn_2010
91785,Quercus_robur,False,8882,1.899,persistente,,0.014,ifn_2010
91786,Pinus_pinaster,True,5398,0.0,persistente,,0.034,ifn_2010
91787,Pinus_radiata,True,3870,0.0,persistente,,0.161,ifn_2010
91788,Pinus_radiata,True,112,0.0,persistente,,0.034,ifn_2010
91789,Pinus_pinaster,True,1430,0.0,persistente,,0.076,ifn_2010
91790,Eucalyptus_globulus,True,136,0.0,persistente,,0.045,ifn_2010
91791,Pinus_radiata,True,3829,0.0,persistente,,0.034,ifn_2010
91792,Quercus_robur,False,292,0.0,persistente,,0.027,ifn_2010
91793,Quercus_robur,False,15951,0.079,persistente,,0.016,ifn_2010
91794,Quercus_robur,False,242,0.007,persistente,,0.058,ifn_2010
91795,Quercus_robur,False,969,2.83,persistente,,0.053,ifn_2010
91796,Castanea_sativa,False,575,0.154,persistente,,0.013,ifn_2010
91797,Quercus_robur,False,1006,0.836,persistente,,0.01,ifn_2010
91798,Pinus_pinaster,True,2566,3.778,persistente,,0.016,ifn_2010
91799,Eucalyptus_globulus,True,1754,0.0,persistente,,0.117,ifn_2010
91800,Quercus_robur,False,129,0.0,persistente,,0.028,ifn_2010
91801,Quercus_robur,False,265,0.0,persistente,,0.024,ifn_2010
91802,Eucalyptus_globulus,True,140,0.0,persistente,,0.036,ifn_2010
91803,Pinus_pinaster,True,233,0.0,persistente,,0.131,ifn_2010
91804,Pinus_pinaster,True,7792,0.0,persistente,,0.056,ifn_2010
91805,Quercus_robur,False,1401,0.0,persistente,,0.064,ifn_2010
91806,Pinus_pinaster,True,6966,0.015,persistente,,0.066,ifn_2010
91807,Pinus_pinaster,True,1577,2.073,persistente,,0.05,ifn_2010
91808,Pinus_pinaster,True,968,0.0,persistente,,0.042,ifn_2010
91809,Pinus_pinaster,True,596,0.0,persistente,,0.119,ifn_2010
91810,Quercus_robur,False,2940,0.0,persistente,,0.054,ifn_2010
91811,Pinus_pinaster,True,1718,0.0,persistente,,0.075,ifn_2010
91812,Quercus_robur,False,3341,0.0,persistente,,0.075,ifn_2010
91813,Pinus_pinaster,True,210,0.0,persistente,,0.078,ifn_2010
91814,Eucalyptus_globulus,True,424,0.0,persistente,,0.156,ifn_2010
91815,Pinus_pinaster,True,102,0.0,persistente,,0.146,ifn_2010
91816,Pinus_pinaster,True,3252,0.0,persistente,,0.034,ifn_2010
91817,Pinus_pinaster,True,555,0.0,persistente,,0.054,ifn_2010
91818,Pinus_pinaster,True,478,0.0,persistente,,0.09,ifn_2010
91819,Quercus_robur,False,2296,0.0,persistente,,0.031,ifn_2010
91820,Pinus_pinaster,True,442,0.0,persistente,,0.049,ifn_2010
91821,Pinus_pinaster,True,3044,0.0,persistente,,0.045,ifn_2010
91822,Pinus_pinaster,True,982,0.0,persistente,,0.034,ifn_2010
91823,Pinus_pinaster,True,143,0.0,persistente,,0.067,ifn_2010
91824,Pinus_radiata,True,1010,0.0,persistente,,0.072,ifn_2010
91825,Pinus_pinaster,True,416,0.0,persistente,,0.035,ifn_2010
91826,Pinus_pinaster,True,1007,0.0,persistente,,0.042,ifn_2010
91827,Pinus_radiata,True,1234,0.0,persistente,,0.153,ifn_2010
91828,Pinus_pinaster,True,964,0.0,persistente,,0.021,ifn_2010
91829,Quercus_robur,False,2210,0.0,persistente,,0.053,ifn_2010
91830,Pinus_pinaster,True,13249,0.165,persistente,,0.024,ifn_2010
91831,Pinus_pinaster,True,7576,0.0,persistente,,0.028,ifn_2010
91832,Pinus_pinaster,True,2336,1.297,persistente,,0.089,ifn_2010
91833,Pinus_pinaster,True,1773,0.0,persistente,,0.044,ifn_2010
91834,Pinus_pinaster,True,12801,0.0,persistente,,0.055,ifn_2010
91835,Pinus_pinaster,True,559,0.0,persistente,,0.033,ifn_2010
91836,Pinus_pinaster,True,434,0.0,persistente,,0.043,ifn_2010
91837,Pinus_pinaster,True,938,0.0,persistente,,0.028,ifn_2010
91838,Pinus_pinaster,True,236,0.0,persistente,,0.056,ifn_2010
91839,Pinus_pinaster,True,1057,0.0,persistente,,0.042,ifn_2010
91840,Pinus_sylvestris,True,603,0.0,persistente,,0.065,ifn_2010
91841,Pinus_sylvestris,True,288,0.0,persistente,,0.089,ifn_2010
91842,Pseudotsuga_menziesii,True,402,0.0,persistente,,0.039,ifn_2010
91843,Castanea_sativa,False,428,0.0,persistente,,0.014,ifn_2010
91844,Pinus_pinaster,True,8690,0.0,persistente,,0.029,ifn_2010
91845,Pseudotsuga_menziesii,True,1718,0.0,persistente,,0.046,ifn_2010
91846,Pinus_sylvestris,True,146,0.0,persistente,,0.027,ifn_2010
91847,Quercus_robur,False,1236,0.589,persistente,,0.019,ifn_2010
91848,Eucalyptus_globulus,True,267,0.0,persistente,,0.225,ifn_2010
91849,Quercus_robur,False,2868,1.482,persistente,,0.009,ifn_2010
91850,Pinus_pinaster,True,384,0.0,persistente,,0.087,ifn_2010
91851,Pinus_pinaster,True,330,0.0,persistente,,0.094,ifn_2010
91852,Quercus_robur,False,18094,7.996,persistente,,0.018,ifn_2010
91853,Castanea_sativa,False,831,0.106,persistente,,0.072,ifn_2010
91854,Castanea_sativa,False,297,0.365,persistente,,0.04,ifn_2010
91855,Quercus_robur,False,1409,0.64,persistente,,0.02,ifn_2010
91856,Quercus_rubra,False,430,0.0,persistente,,0.032,ifn_2010
91857,Pinus_radiata,True,2266,0.0,persistente,,0.034,ifn_2010
91858,Pinus_pinaster,True,1071,0.744,persistente,,0.025,ifn_2010
91859,Quercus_robur,False,8087,5.635,persistente,,0.016,ifn_2010
91860,Pinus_pinaster,True,12681,0.0,persistente,,0.049,ifn_2010
91861,Betula_alba,False,1280,0.0,persistente,,0.136,ifn_2010
91862,Quercus_robur,False,1456,0.0,persistente,,0.021,ifn_2010
91863,Pinus_pinaster,True,10651,3.434,persistente,,0.071,ifn_2010
91864,Pinus_pinaster,True,7346,0.0,persistente,,0.055,ifn_2010
91865,Quercus_robur,False,1216,0.738,evento,2026.0,0.292,desconocida
91866,Pinus_radiata,True,158,0.0,evento,2026.0,0.329,desconocida
91867,Pinus_radiata,True,4456,0.0,evento,2020.0,0.21,desconocida
91868,Eucalyptus_globulus,True,388,0.0,evento,2023.0,0.42,prohibida_rebrote
91869,Pinus_pinaster,True,711,0.0,persistente,,0.021,ifn_2010
91870,Quercus_robur,False,5757,2.148,persistente,,0.045,ifn_2010
91871,Quercus_robur,False,1359,1.987,persistente,,0.047,ifn_2010
91872,Pinus_pinaster,True,1855,0.164,persistente,,0.045,ifn_2010
91873,Pinus_radiata,True,5790,0.0,persistente,,0.027,ifn_2010
91874,Pinus_pinaster,True,2051,0.0,persistente,,0.022,ifn_2010
91875,Pinus_pinaster,True,5698,0.0,persistente,,0.022,ifn_2010
91876,Pinus_pinaster,True,746,0.211,persistente,,0.021,ifn_2010
91877,Pinus_pinaster,True,6117,0.34,persistente,,0.052,ifn_2010
91878,Pinus_pinaster,True,6418,1.06,persistente,,0.012,ifn_2010
91879,Pinus_radiata,True,121,0.0,persistente,,0.112,ifn_2010
91880,Pinus_pinaster,True,3682,0.116,persistente,,0.072,ifn_2010
91881,Pinus_pinaster,True,175,0.0,persistente,,0.055,ifn_2010
91882,Quercus_robur,False,343,1.222,persistente,,0.078,ifn_2010
91883,Pinus_pinaster,True,397,0.377,persistente,,0.023,ifn_2010
91884,Pinus_pinaster,True,201,0.097,persistente,,0.027,ifn_2010
91885,Pinus_pinaster,True,228,0.0,persistente,,0.071,ifn_2010
91886,Pinus_pinaster,True,291,0.759,persistente,,0.073,ifn_2010
91887,Pinus_pinaster,True,707,1.76,persistente,,0.026,ifn_2010
91888,Pinus_pinaster,True,1053,3.357,persistente,,0.043,ifn_2010
91889,Pinus_pinaster,True,517,2.463,persistente,,0.037,ifn_2010
91890,Pinus_pinaster,True,1476,5.251,persistente,,0.064,ifn_2010
91891,Pinus_pinaster,True,347,1.554,persistente,,0.022,ifn_2010
91892,Pinus_pinaster,True,414,0.129,persistente,,0.022,ifn_2010
91893,Pinus_pinaster,True,130,0.858,persistente,,0.118,ifn_2010
91894,Pinus_pinaster,True,1731,0.0,persistente,,0.084,ifn_2010
91895,Quercus_robur,False,12208,3.024,persistente,,0.025,ifn_2010
91896,Quercus_robur,False,1341,2.782,persistente,,0.008,ifn_2010
91897,Quercus_robur,False,222,0.0,persistente,,0.048,ifn_2010
91898,Quercus_robur,False,2525,1.114,persistente,,0.03,ifn_2010
91899,Quercus_robur,False,254,0.692,persistente,,0.018,ifn_2010
91900,Eucalyptus_globulus,True,3246,0.0,evento,2020.0,0.338,prohibida_rebrote
91901,Pinus_pinaster,True,2130,0.0,persistente,,0.027,ifn_2010
91902,Pinus_pinaster,True,13901,0.0,persistente,,0.06,ifn_2010
91903,Pinus_pinaster,True,2242,0.0,persistente,,0.058,ifn_2010
91904,Pinus_pinaster,True,2017,0.0,evento,2018.0,0.195,desconocida
91905,Quercus_robur,False,329,1.208,persistente,,0.025,ifn_2010
91906,Quercus_robur,False,385,0.0,persistente,,0.038,ifn_2010
91907,Quercus_robur,False,1118,0.0,persistente,,0.046,ifn_2010
91908,Quercus_robur,False,469,0.101,persistente,,0.029,ifn_2010
91909,Eucalyptus_globulus,True,297,0.0,persistente,,0.089,ifn_2010
91910,Quercus_robur,False,2046,0.0,persistente,,0.012,ifn_2010
91911,Pinus_pinaster,True,270,0.0,persistente,,0.151,ifn_2010
91912,Quercus_robur,False,320,0.0,persistente,,0.019,ifn_2010
91913,Pinus_pinaster,True,1691,0.0,persistente,,0.064,ifn_2010
91914,Quercus_robur,False,1198,0.0,persistente,,0.04,ifn_2010
91915,Quercus_robur,False,1983,0.0,persistente,,0.031,ifn_2010
91916,Salix_spp,False,478,0.0,persistente,,0.026,ifn_2010
91917,Quercus_robur,False,1926,0.0,persistente,,0.038,ifn_2010
91918,Pinus_pinaster,True,2177,0.0,persistente,,0.027,ifn_2010
91919,Castanea_sativa,False,2791,3.529,persistente,,0.041,ifn_2010
91920,Castanea_sativa,False,2486,1.991,persistente,,0.057,ifn_2010
91921,Castanea_sativa,False,1148,0.113,persistente,,0.081,ifn_2010
91922,Castanea_sativa,False,428,0.669,persistente,,0.182,ifn_2010
91923,Castanea_sativa,False,476,0.72,persistente,,0.058,ifn_2010
91924,Quercus_robur,False,361,0.146,persistente,,0.199,ifn_2010
91925,Eucalyptus_globulus,True,125,0.032,evento,2018.0,0.586,prohibida_rebrote
91926,Castanea_sativa,False,466,0.0,evento,2025.0,0.344,desconocida
91927,Quercus_robur,False,1433,6.774,persistente,,0.033,ifn_2010
91928,Quercus_robur,False,5025,3.315,persistente,,0.014,ifn_2010
91929,Quercus_robur,False,302,0.321,persistente,,0.049,ifn_2010
91930,Quercus_robur,False,308,1.523,persistente,,0.064,ifn_2010
91931,Quercus_robur,False,570,0.072,persistente,,0.136,ifn_2010
91932,Quercus_robur,False,1230,1.542,persistente,,0.028,ifn_2010
91933,Pinus_pinaster,True,2067,0.432,persistente,,0.068,ifn_2010
91934,Pinus_pinaster,True,3100,1.543,persistente,,0.097,ifn_2010
91935,Pinus_pinaster,True,128,0.0,persistente,,0.206,ifn_2010
91936,Pinus_pinaster,True,2197,0.0,persistente,,0.03,ifn_2010
91937,Quercus_robur,False,4745,9.025,persistente,,0.012,ifn_2010
91938,Quercus_robur,False,658,2.725,persistente,,0.015,ifn_2010
91939,Quercus_robur,False,933,1.954,persistente,,0.02,ifn_2010
91940,Quercus_robur,False,1997,2.421,persistente,,0.03,ifn_2010
91941,Quercus_robur,False,173,0.0,persistente,,0.133,ifn_2010
91942,Quercus_robur,False,1832,0.463,persistente,,0.024,ifn_2010
91943,Quercus_robur,False,400,1.525,persistente,,0.038,ifn_2010
91944,Quercus_robur,False,608,2.168,persistente,,0.029,ifn_2010
91945,Pinus_pinaster,True,1222,1.448,persistente,,0.038,ifn_2010
91946,Pinus_pinaster,True,479,0.98,persistente,,0.029,ifn_2010
91947,Quercus_robur,False,9575,7.327,persistente,,0.011,ifn_2010
91948,Pinus_pinaster,True,567,0.0,persistente,,0.037,ifn_2010
91949,Quercus_robur,False,1576,0.0,persistente,,0.026,ifn_2010
91950,Betula_alba,False,2525,0.0,persistente,,0.022,ifn_2010
91951,Quercus_robur,False,1665,3.214,persistente,,0.022,ifn_2010
91952,Quercus_robur,False,450,0.0,persistente,,0.027,ifn_2010
91953,Pinus_pinaster,True,444,0.0,persistente,,0.134,ifn_2010
91954,Pinus_pinaster,True,804,0.0,persistente,,0.027,ifn_2010
91955,Pinus_radiata,True,105,0.0,persistente,,0.029,ifn_2010
91956,Quercus_robur,False,11414,7.678,persistente,,0.008,ifn_2010
91957,Pinus_pinaster,True,855,0.0,persistente,,0.036,ifn_2010
91958,Quercus_robur,False,1017,1.191,persistente,,0.034,ifn_2010
91959,Pinus_pinaster,True,1737,3.304,persistente,,0.019,ifn_2010
91960,Pinus_pinaster,True,292,0.902,persistente,,0.035,ifn_2010
91961,Pinus_pinaster,True,1013,2.748,persistente,,0.027,ifn_2010
91962,Pinus_pinaster,True,1022,0.793,persistente,,0.094,ifn_2010
91963,Quercus_robur,False,389,1.816,persistente,,0.052,ifn_2010
91964,Quercus_robur,False,3811,1.843,persistente,,0.071,ifn_2010
91965,Betula_alba,False,556,0.0,persistente,,0.035,ifn_2010
91966,Quercus_robur,False,3354,0.0,persistente,,0.04,ifn_2010
91967,Quercus_robur,False,905,0.0,persistente,,0.017,ifn_2010
91968,Quercus_robur,False,2169,3.454,persistente,,0.02,ifn_2010
91969,Pinus_pinaster,True,4660,3.296,persistente,,0.031,ifn_2010
91970,Alnus_glutinosa,False,161,0.0,persistente,,0.017,ifn_2010
91971,Quercus_robur,False,495,0.646,persistente,,0.023,ifn_2010
91972,Pinus_pinaster,True,1162,3.517,persistente,,0.034,ifn_2010
91973,Pinus_pinaster,True,262,0.028,persistente,,0.061,ifn_2010
91974,Pinus_pinaster,True,275,0.641,persistente,,0.171,ifn_2010
91975,Castanea_sativa,False,939,1.337,persistente,,0.035,ifn_2010
91976,Pinus_radiata,True,919,0.0,persistente,,0.087,ifn_2010
91977,Pinus_pinaster,True,700,1.225,persistente,,0.116,ifn_2010
91978,Quercus_robur,False,556,0.0,persistente,,0.014,ifn_2010
91979,Pinus_pinaster,True,5626,2.142,persistente,,0.02,ifn_2010
91980,Quercus_robur,False,250,0.0,persistente,,0.017,ifn_2010
91981,Pinus_pinaster,True,475,0.323,persistente,,0.195,ifn_2010
91982,Quercus_robur,False,424,0.0,persistente,,0.013,ifn_2010
91983,Quercus_robur,False,1980,0.0,persistente,,0.02,ifn_2010
91984,Quercus_robur,False,1385,4.389,persistente,,0.031,ifn_2010
91985,Quercus_robur,False,147,0.473,persistente,,0.088,ifn_2010
91986,Quercus_robur,False,189,0.0,persistente,,0.024,ifn_2010
91987,Quercus_robur,False,546,0.004,persistente,,0.01,ifn_2010
91988,Quercus_robur,False,730,1.431,persistente,,0.025,ifn_2010
91989,Quercus_robur,False,68932,34.133,persistente,,0.018,ifn_2010
91990,Eucalyptus_globulus,True,1314,1.031,persistente,,0.03,ifn_2010
91991,Eucalyptus_globulus,True,5086,2.688,persistente,,0.021,ifn_2010
91992,Pinus_radiata,True,1255,0.0,persistente,,0.118,ifn_2010
91993,Betula_alba,False,717,0.0,persistente,,0.035,ifn_2010
91994,Pinus_pinaster,True,3370,0.0,persistente,,0.038,ifn_2010
91995,Pinus_pinaster,True,7479,2.99,persistente,,0.166,ifn_2010
91996,Pinus_pinaster,True,30706,0.809,persistente,,0.027,ifn_2010
91997,Quercus_robur,False,316,1.351,persistente,,0.038,ifn_2010
91998,Pinus_pinaster,True,2105,0.674,persistente,,0.047,ifn_2010
91999,Pinus_pinaster,True,1828,0.92,persistente,,0.109,ifn_2010
92000,Pinus_pinaster,True,195,0.0,persistente,,0.174,ifn_2010
92001,Pinus_pinaster,True,2536,0.0,persistente,,0.042,ifn_2010
92002,Eucalyptus_globulus,True,392,0.36,persistente,,0.087,ifn_2010
92003,Eucalyptus_globulus,True,187,0.0,persistente,,0.041,ifn_2010
92004,Betula_alba,False,24428,2.076,persistente,,0.014,ifn_2010
92005,Pinus_pinaster,True,6933,5.7,persistente,,0.026,ifn_2010
92006,Quercus_robur,False,1325,0.0,persistente,,0.033,ifn_2010
92007,Pinus_pinaster,True,3892,0.479,persistente,,0.02,ifn_2010
92008,Pinus_pinaster,True,358,0.0,persistente,,0.024,ifn_2010
92009,Pinus_pinaster,True,197,0.0,persistente,,0.035,ifn_2010
92010,Quercus_robur,False,13736,0.642,persistente,,0.027,ifn_2010
92011,Pinus_pinaster,True,135,0.0,persistente,,0.134,ifn_2010
92012,Pinus_pinaster,True,212,0.0,persistente,,0.034,ifn_2010
92013,Quercus_robur,False,1925,0.0,persistente,,0.045,ifn_2010
92014,Pinus_pinaster,True,931,0.0,persistente,,0.083,ifn_2010
92015,Pinus_pinaster,True,179,0.0,persistente,,0.169,ifn_2010
92016,Pinus_pinaster,True,8033,0.372,persistente,,0.015,ifn_2010
92017,Eucalyptus_globulus,True,706,0.369,evento,2019.0,0.328,prohibida_rebrote
92018,Pinus_pinaster,True,184,0.0,persistente,,0.027,ifn_2010
92019,Quercus_robur,False,690,1.532,persistente,,0.021,ifn_2010
92020,Quercus_robur,False,800,0.172,persistente,,0.077,ifn_2010
92021,Pinus_pinaster,True,27820,0.0,persistente,,0.035,ifn_2010
92022,Pinus_pinaster,True,2236,0.0,persistente,,0.069,ifn_2010
92023,Pinus_pinaster,True,2237,1.395,persistente,,0.076,ifn_2010
92024,Pinus_pinaster,True,805,0.0,persistente,,0.049,ifn_2010
92025,Pinus_pinaster,True,7974,8.021,persistente,,0.012,ifn_2010
92026,Pinus_pinaster,True,41901,10.768,persistente,,0.027,ifn_2010
92027,Pinus_radiata,True,196,0.003,evento,2018.0,0.306,desconocida
92028,Eucalyptus_globulus,True,576,0.0,persistente,,0.081,ifn_2010
92029,Quercus_pyrenaica,False,945,0.262,persistente,,0.052,ifn_2010
92030,Pinus_pinaster,True,5168,0.715,persistente,,0.017,ifn_2010
92031,Eucalyptus_globulus,True,1053,0.0,persistente,,0.141,ifn_2010
92032,Quercus_robur,False,169,0.0,persistente,,0.06,ifn_2010
92033,Pinus_pinaster,True,608,0.0,evento,2019.0,0.28,desconocida
92034,Pinus_pinaster,True,6817,0.0,persistente,,0.084,ifn_2010
92035,Eucalyptus_globulus,True,1211,0.0,persistente,,0.148,ifn_2010
92036,Eucalyptus_globulus,True,318,0.323,evento,2021.0,0.243,prohibida_rebrote
92037,Pinus_pinaster,True,958,0.0,persistente,,0.105,ifn_2010
92038,Pinus_pinaster,True,419,0.486,persistente,,0.046,ifn_2010
92039,Pinus_pinaster,True,460,0.0,persistente,,0.042,ifn_2010
92040,Pinus_pinaster,True,439,0.0,persistente,,0.041,ifn_2010
92041,Pinus_pinaster,True,2980,0.0,persistente,,0.167,ifn_2010
92042,Pinus_pinaster,True,297,0.123,persistente,,0.034,ifn_2010
92043,Eucalyptus_globulus,True,114,0.0,persistente,,0.03,ifn_2010
92044,Quercus_robur,False,813,1.493,persistente,,0.018,ifn_2010
92045,Pseudotsuga_menziesii,True,403,0.344,persistente,,0.072,ifn_2010
92046,Quercus_robur,False,9061,2.289,persistente,,0.013,ifn_2010
92047,Quercus_robur,False,5115,4.867,persistente,,0.008,ifn_2010
92048,Quercus_robur,False,1697,0.0,persistente,,0.031,ifn_2010
92049,Quercus_robur,False,6405,1.32,persistente,,0.012,ifn_2010
92050,Quercus_robur,False,367,0.291,persistente,,0.022,ifn_2010
92051,Pinus_pinaster,True,1492,0.0,persistente,,0.026,ifn_2010
92052,Quercus_robur,False,1213,0.029,persistente,,0.019,ifn_2010
92053,Castanea_sativa,False,957,0.0,persistente,,0.082,ifn_2010
92054,Pinus_pinaster,True,2514,0.0,persistente,,0.092,ifn_2010
92055,Quercus_robur,False,792,0.531,persistente,,0.019,ifn_2010
92056,Pinus_pinaster,True,4377,0.0,persistente,,0.132,ifn_2010
92057,Pinus_pinaster,True,1748,0.0,persistente,,0.071,ifn_2010
92058,Pinus_pinaster,True,4864,0.0,persistente,,0.034,ifn_2010
92059,Quercus_robur,False,83245,24.064,persistente,,0.013,ifn_2010
92060,Quercus_robur,False,635,0.761,persistente,,0.018,ifn_2010
92061,Quercus_robur,False,736,2.882,persistente,,0.018,ifn_2010
92062,Quercus_robur,False,228,0.0,persistente,,0.027,ifn_2010
92063,Pinus_pinaster,True,291,0.0,persistente,,0.026,ifn_2010
92064,Pinus_pinaster,True,764,0.0,persistente,,0.054,ifn_2010
92065,Quercus_robur,False,475,0.0,persistente,,0.022,ifn_2010
92066,Eucalyptus_globulus,True,2055,0.337,persistente,,0.037,ifn_2010
92067,Pinus_pinaster,True,4002,0.0,persistente,,0.036,ifn_2010
92068,Pinus_pinaster,True,1234,0.0,persistente,,0.058,ifn_2010
92069,Pinus_pinaster,True,4132,0.278,persistente,,0.028,ifn_2010
92070,Quercus_robur,False,1487,1.323,persistente,,0.049,ifn_2010
92071,Quercus_robur,False,4043,0.0,persistente,,0.03,ifn_2010
92072,Quercus_robur,False,549,0.0,persistente,,0.094,ifn_2010
92073,Pinus_pinaster,True,497,0.0,evento,2026.0,0.249,desconocida
92074,Pinus_pinaster,True,939,0.0,evento,2022.0,0.228,desconocida
92075,Eucalyptus_globulus,True,662,1.764,persistente,,0.021,ifn_2010
92076,Quercus_robur,False,533,0.798,persistente,,0.027,ifn_2010
92077,Pinus_radiata,True,794,0.0,persistente,,0.075,ifn_2010
92078,Pinus_pinaster,True,508,0.0,persistente,,0.174,ifn_2010
92079,Pinus_pinaster,True,5526,0.0,persistente,,0.1,ifn_2010
92080,Pinus_pinaster,True,2313,0.0,persistente,,0.045,ifn_2010
92081,Pinus_pinaster,True,723,0.0,persistente,,0.126,ifn_2010
92082,Pinus_pinaster,True,12134,0.0,persistente,,0.04,ifn_2010
92083,Quercus_robur,False,1440,1.285,persistente,,0.02,ifn_2010
92084,Pinus_pinaster,True,330,0.0,persistente,,0.085,ifn_2010
92085,Pinus_radiata,True,232,0.0,persistente,,0.203,ifn_2010
92086,Quercus_robur,False,180,0.89,persistente,,0.033,ifn_2010
92087,Pinus_pinaster,True,565,0.0,persistente,,0.031,ifn_2010
92088,Pinus_pinaster,True,1328,0.0,persistente,,0.074,ifn_2010
92089,Pinus_pinaster,True,212,0.0,persistente,,0.093,ifn_2010
92090,Alnus_glutinosa,False,3974,0.049,persistente,,0.028,ifn_2010
92091,Quercus_robur,False,213,0.647,persistente,,0.075,ifn_2010
92092,Pinus_pinaster,True,4027,0.056,persistente,,0.03,ifn_2010
92093,Pinus_pinaster,True,10613,0.0,persistente,,0.024,ifn_2010
92094,Pinus_pinaster,True,715,0.0,persistente,,0.099,ifn_2010
92095,Quercus_robur,False,582,0.0,persistente,,0.049,ifn_2010
92096,Quercus_robur,False,408,0.0,persistente,,0.135,ifn_2010
92097,Quercus_robur,False,407,0.0,persistente,,0.043,ifn_2010
92098,Quercus_robur,False,336,0.267,persistente,,0.033,ifn_2010
92099,Pinus_pinaster,True,1011,0.0,persistente,,0.067,ifn_2010
92100,Pinus_pinaster,True,2214,0.0,persistente,,0.04,ifn_2010
92101,Pinus_pinaster,True,2616,4.083,persistente,,0.035,ifn_2010
92102,Eucalyptus_globulus,True,373,0.0,evento,2026.0,0.185,prohibida_rebrote
92103,Eucalyptus_globulus,True,266,0.0,persistente,,0.152,ifn_2010
92104,Eucalyptus_globulus,True,596,0.0,persistente,,0.142,ifn_2010
92105,Pinus_radiata,True,157,0.596,evento,2019.0,0.413,desconocida
92106,Pinus_radiata,True,344,0.0,persistente,,0.086,ifn_2010
92107,Pinus_radiata,True,255,0.0,persistente,,0.093,ifn_2010
92108,Pinus_radiata,True,421,0.807,evento,2021.0,0.336,desconocida
92109,Pinus_radiata,True,575,0.0,persistente,,0.065,ifn_2010
92110,Pinus_pinaster,True,250,0.0,persistente,,0.028,ifn_2010
92111,Pinus_pinaster,True,1427,0.015,persistente,,0.146,ifn_2010
92112,Pinus_pinaster,True,525,1.365,persistente,,0.035,ifn_2010
92113,Pinus_pinaster,True,268,0.0,persistente,,0.02,ifn_2010
92114,Eucalyptus_globulus,True,299,0.0,evento,2022.0,0.215,prohibida_rebrote
92115,Pinus_pinaster,True,739,0.0,persistente,,0.139,ifn_2010
92116,Pinus_pinaster,True,1315,1.857,persistente,,0.092,ifn_2010
92117,Pinus_radiata,True,197,0.059,persistente,,0.104,ifn_2010
92118,Pinus_pinaster,True,478,0.08,persistente,,0.09,ifn_2010
92119,Pinus_pinaster,True,644,1.174,persistente,,0.132,ifn_2010
92120,Pinus_pinaster,True,1616,0.61,persistente,,0.019,ifn_2010
92121,Pinus_pinaster,True,642,0.105,persistente,,0.064,ifn_2010
92122,Pinus_radiata,True,191,0.0,persistente,,0.056,ifn_2010
92123,Pinus_pinaster,True,409,0.711,persistente,,0.041,ifn_2010
92124,Pinus_radiata,True,712,0.0,persistente,,0.156,ifn_2010
92125,Eucalyptus_globulus,True,450,0.0,persistente,,0.041,ifn_2010
92126,Pinus_pinaster,True,16683,5.121,persistente,,0.021,ifn_2010
92127,Pinus_pinaster,True,791,0.059,persistente,,0.026,ifn_2010
92128,Pinus_pinaster,True,1205,0.11,persistente,,0.021,ifn_2010
92129,Pinus_pinaster,True,292,0.521,persistente,,0.026,ifn_2010
92130,Pinus_pinaster,True,2854,1.047,persistente,,0.045,ifn_2010
92131,Pinus_pinaster,True,147,0.0,persistente,,0.031,ifn_2010
92132,Quercus_robur,False,757,0.0,persistente,,0.007,ifn_2010
92133,Pinus_pinaster,True,235,0.0,persistente,,0.018,ifn_2010
92134,Pinus_pinaster,True,358,0.0,persistente,,0.087,ifn_2010
92135,Pinus_radiata,True,119,0.0,evento,2018.0,0.43,desconocida
92136,Pinus_radiata,True,159,0.0,evento,2018.0,0.301,desconocida
92137,Pinus_radiata,True,3691,0.259,persistente,,0.079,ifn_2010
92138,Pinus_pinaster,True,250,0.0,persistente,,0.033,ifn_2010
92139,Pinus_pinaster,True,396,0.0,evento,2021.0,0.441,desconocida
92140,Pinus_radiata,True,321,0.0,persistente,,0.053,ifn_2010
92141,Pinus_pinaster,True,570,0.0,persistente,,0.064,ifn_2010
92142,Pinus_pinaster,True,1098,0.0,evento,2026.0,0.309,desconocida
92143,Eucalyptus_globulus,True,209,0.0,evento,2019.0,0.388,prohibida_rebrote
92144,Eucalyptus_globulus,True,517,0.0,evento,2018.0,0.363,prohibida_rebrote
92145,Eucalyptus_globulus,True,525,0.0,persistente,,0.141,ifn_2010
92146,Pinus_pinaster,True,256,0.0,evento,2021.0,0.262,desconocida
92147,Pinus_pinaster,True,4360,0.0,persistente,,0.091,ifn_2010
92148,Pinus_pinaster,True,422,0.0,evento,2022.0,0.236,desconocida
92149,Pinus_pinaster,True,2288,0.0,persistente,,0.035,ifn_2010
92150,Pinus_radiata,True,617,0.0,persistente,,0.126,ifn_2010
92151,Quercus_robur,False,411,0.0,persistente,,0.032,ifn_2010
92152,Pinus_pinaster,True,8794,0.0,persistente,,0.038,ifn_2010
92153,Pinus_pinaster,True,1578,0.0,persistente,,0.041,ifn_2010
92154,Eucalyptus_globulus,True,256,0.0,persistente,,0.038,ifn_2010
92155,Eucalyptus_globulus,True,59,0.0,persistente,,0.035,ifn_2010
92156,Pinus_pinaster,True,1725,0.265,persistente,,0.04,ifn_2010
92157,Pinus_pinaster,True,1209,0.334,persistente,,0.077,ifn_2010
92158,Castanea_sativa,False,556,0.0,persistente,,0.031,ifn_2010
92159,Pinus_pinaster,True,586,0.0,persistente,,0.033,ifn_2010
92160,Pinus_pinaster,True,326,0.948,persistente,,0.034,ifn_2010
92161,Quercus_robur,False,8333,0.0,persistente,,0.035,ifn_2010
92162,Pinus_pinaster,True,1164,0.0,persistente,,0.037,ifn_2010
92163,Pinus_pinaster,True,128,0.0,persistente,,0.243,ifn_2010
92164,Pinus_pinaster,True,9409,0.0,persistente,,0.09,ifn_2010
92165,Pinus_pinaster,True,159,0.0,persistente,,0.151,ifn_2010
92166,Pinus_pinaster,True,238,0.0,persistente,,0.115,ifn_2010
92167,Pinus_pinaster,True,258,0.0,evento,2018.0,0.324,desconocida
92168,Pinus_radiata,True,366,0.0,persistente,,0.124,ifn_2010
92169,Pinus_pinaster,True,38257,5.2,persistente,,0.024,ifn_2010
92170,Quercus_suber,False,4615,0.0,persistente,,0.019,ifn_2010
92171,Quercus_robur,False,2685,0.466,persistente,,0.038,ifn_2010
92172,Pinus_pinaster,True,9316,0.0,persistente,,0.012,ifn_2010
92173,Pinus_pinaster,True,746,0.0,persistente,,0.158,ifn_2010
92174,Pinus_pinaster,True,6584,0.0,persistente,,0.025,ifn_2010
92175,Pinus_pinaster,True,4736,0.0,persistente,,0.052,ifn_2010
92176,Pinus_pinaster,True,3891,1.408,persistente,,0.047,ifn_2010
92177,Pinus_radiata,True,605,0.44,persistente,,0.123,ifn_2010
92178,Pinus_pinaster,True,8118,1.112,persistente,,0.057,ifn_2010
92179,Pinus_pinaster,True,3326,1.164,persistente,,0.048,ifn_2010
92180,Pinus_pinaster,True,2187,0.0,persistente,,0.063,ifn_2010
92181,Pinus_pinaster,True,1060,0.0,persistente,,0.11,ifn_2010
92182,Betula_alba,False,3062,0.0,persistente,,0.02,ifn_2010
92183,Pinus_pinaster,True,126,0.0,persistente,,0.039,ifn_2010
92184,Pinus_pinaster,True,5020,0.0,persistente,,0.063,ifn_2010
92185,Quercus_suber,False,714,0.0,persistente,,0.092,ifn_2010
92186,Quercus_suber,False,896,0.0,persistente,,0.021,ifn_2010
92187,Pinus_pinaster,True,4528,3.548,persistente,,0.022,ifn_2010
92188,Quercus_robur,False,631,0.4,persistente,,0.016,ifn_2010
92189,Pinus_pinaster,True,12389,0.0,persistente,,0.047,ifn_2010
92190,Eucalyptus_globulus,True,1157,3.565,persistente,,0.031,ifn_2010
92191,Eucalyptus_globulus,True,767,0.55,persistente,,0.012,ifn_2010
92192,Quercus_robur,False,13170,9.222,persistente,,0.018,ifn_2010
92193,Quercus_robur,False,6039,0.07,persistente,,0.014,ifn_2010
92194,Eucalyptus_globulus,True,758,0.0,persistente,,0.025,ifn_2010
92195,Eucalyptus_globulus,True,1170,0.0,persistente,,0.01,ifn_2010
92196,Quercus_robur,False,19419,3.766,persistente,,0.013,ifn_2010
92197,Quercus_robur,False,9930,2.584,persistente,,0.021,ifn_2010
92198,Quercus_robur,False,13081,5.491,persistente,,0.031,ifn_2010
92199,Quercus_robur,False,7180,2.285,persistente,,0.014,ifn_2010
92200,Castanea_sativa,False,2347,0.085,persistente,,0.054,ifn_2010
92201,Pinus_pinaster,True,169,0.0,evento,2021.0,0.445,desconocida
92202,Eucalyptus_globulus,True,3510,0.0,persistente,,0.054,ifn_2010
92203,Pinus_pinaster,True,419,0.0,persistente,,0.078,ifn_2010
92204,Eucalyptus_globulus,True,5119,1.124,persistente,,0.031,ifn_2010
92205,Quercus_robur,False,3894,0.0,persistente,,0.016,ifn_2010
92206,Pinus_pinaster,True,6444,0.0,evento,2026.0,0.258,desconocida
92207,Alnus_glutinosa,False,4029,0.47,persistente,,0.021,ifn_2010
92208,Quercus_robur,False,2045,0.0,persistente,,0.033,ifn_2010
92209,Pinus_pinaster,True,3786,0.0,persistente,,0.127,ifn_2010
92210,Quercus_robur,False,10332,5.671,persistente,,0.026,ifn_2010
92211,Quercus_robur,False,18370,1.984,persistente,,0.014,ifn_2010
92212,Pinus_pinaster,True,5909,7.772,persistente,,0.021,ifn_2010
92213,Pinus_pinaster,True,312,0.0,evento,2021.0,0.238,desconocida
92214,Quercus_robur,False,1567,3.081,persistente,,0.029,ifn_2010
92215,Eucalyptus_globulus,True,2135,0.023,persistente,,0.143,ifn_2010
92216,Pinus_pinaster,True,320,0.845,persistente,,0.09,ifn_2010
92217,Pinus_pinaster,True,15779,0.0,persistente,,0.04,ifn_2010
92218,Quercus_robur,False,4573,2.702,persistente,,0.023,ifn_2010
92219,Pinus_pinaster,True,430,0.0,evento,2026.0,0.347,desconocida
92220,Quercus_robur,False,11161,3.055,persistente,,0.015,ifn_2010
92221,Quercus_robur,False,855,0.059,persistente,,0.023,ifn_2010
92222,Pinus_pinaster,True,1923,0.0,evento,2026.0,0.208,desconocida
92223,Pinus_pinaster,True,2461,0.0,persistente,,0.02,ifn_2010
92224,Pinus_pinaster,True,681,0.0,persistente,,0.039,ifn_2010
92225,Pinus_pinaster,True,498,0.0,evento,2019.0,0.245,desconocida
92226,Pinus_pinaster,True,2352,0.0,evento,2022.0,0.275,desconocida
92227,Pinus_pinaster,True,1552,1.092,persistente,,0.028,ifn_2010
92228,Pinus_pinaster,True,10320,2.375,persistente,,0.036,ifn_2010
92229,Pinus_pinaster,True,638,0.0,persistente,,0.093,ifn_2010
92230,Pinus_pinaster,True,8497,0.0,persistente,,0.046,ifn_2010
92231,Eucalyptus_globulus,True,273,0.0,persistente,,0.057,ifn_2010
92232,Pinus_pinaster,True,1025,0.0,persistente,,0.061,ifn_2010
92233,Pinus_pinaster,True,1696,0.332,persistente,,0.02,ifn_2010
92234,Pinus_pinaster,True,29100,4.152,persistente,,0.023,ifn_2010
92235,Pinus_pinaster,True,101,0.0,persistente,,0.043,ifn_2010
92236,Pinus_pinaster,True,200,0.0,persistente,,0.051,ifn_2010
92237,Pinus_pinaster,True,163,0.0,persistente,,0.021,ifn_2010
92238,Pinus_pinaster,True,1377,0.0,persistente,,0.054,ifn_2010
92239,Quercus_robur,False,5026,1.005,persistente,,0.019,ifn_2010
92240,Pinus_pinaster,True,651,0.0,persistente,,0.041,ifn_2010
92241,Pinus_pinaster,True,23732,3.9,persistente,,0.013,ifn_2010
92242,Pinus_pinaster,True,20909,4.189,persistente,,0.013,ifn_2010
92243,Pinus_pinaster,True,7780,0.008,persistente,,0.021,ifn_2010
92244,Pinus_radiata,True,949,0.0,evento,2021.0,0.499,desconocida
92245,Pinus_radiata,True,868,0.0,persistente,,0.111,ifn_2010
92246,Pinus_pinaster,True,1806,1.808,persistente,,0.033,ifn_2010
92247,Pinus_pinaster,True,3576,3.056,persistente,,0.026,ifn_2010
92248,Pinus_pinaster,True,3483,0.486,persistente,,0.048,ifn_2010
92249,Pinus_pinaster,True,363,0.0,persistente,,0.094,ifn_2010
92250,Pinus_pinaster,True,115,0.01,persistente,,0.053,ifn_2010
92251,Eucalyptus_globulus,True,109,0.263,evento,2019.0,0.364,prohibida_rebrote
92252,Eucalyptus_globulus,True,113,0.0,persistente,,0.077,ifn_2010
92253,Pinus_pinaster,True,456,0.248,persistente,,0.105,ifn_2010
92254,Pinus_radiata,True,2116,0.0,evento,2021.0,0.226,desconocida
92255,Eucalyptus_globulus,True,885,0.019,persistente,,0.117,ifn_2010
92256,Eucalyptus_globulus,True,106,0.0,persistente,,0.032,ifn_2010
92257,Eucalyptus_globulus,True,213,0.0,evento,2019.0,0.311,prohibida_rebrote
92258,Pinus_radiata,True,373,0.0,persistente,,0.035,ifn_2010
92259,Pinus_pinaster,True,2172,0.0,persistente,,0.02,ifn_2010
92260,Eucalyptus_globulus,True,602,0.0,persistente,,0.101,ifn_2010
92261,Alnus_glutinosa,False,1875,0.392,persistente,,0.062,ifn_2010
92262,Pinus_pinaster,True,156,0.314,persistente,,0.07,ifn_2010
92263,Pinus_pinaster,True,26120,0.0,persistente,,0.032,ifn_2010
92264,Eucalyptus_globulus,True,10718,0.0,persistente,,0.021,ifn_2010
92265,Quercus_robur,False,20122,0.0,persistente,,0.042,ifn_2010
92266,Pinus_pinaster,True,3235,0.0,persistente,,0.053,ifn_2010
92267,Eucalyptus_globulus,True,3204,0.0,persistente,,0.044,ifn_2010
92268,Pinus_pinaster,True,6696,0.0,persistente,,0.032,ifn_2010
92269,Pinus_pinaster,True,1923,0.0,persistente,,0.019,ifn_2010
92270,Eucalyptus_globulus,True,2013,0.0,persistente,,0.039,ifn_2010
92271,Quercus_rubra,False,250,0.0,persistente,,0.033,ifn_2010
92272,Pinus_pinaster,True,6747,0.021,persistente,,0.069,ifn_2010
92273,Pinus_pinaster,True,1947,0.0,persistente,,0.027,ifn_2010
92274,Pinus_pinaster,True,703,0.0,persistente,,0.055,ifn_2010
92275,Eucalyptus_globulus,True,724,0.0,evento,2024.0,0.284,prohibida_rebrote
92276,Quercus_robur,False,1002,0.404,persistente,,0.013,ifn_2010
92277,Pinus_pinaster,True,12540,8.022,persistente,,0.031,ifn_2010
92278,Quercus_robur,False,712,0.21,persistente,,0.016,ifn_2010
92279,Eucalyptus_globulus,True,4146,0.0,persistente,,0.072,ifn_2010
92280,Eucalyptus_globulus,True,166,0.0,persistente,,0.057,ifn_2010
92281,Pinus_radiata,True,276,0.0,persistente,,0.084,ifn_2010
92282,Eucalyptus_globulus,True,517,0.0,persistente,,0.185,ifn_2010
92283,Eucalyptus_globulus,True,396,0.0,persistente,,0.217,ifn_2010
92284,Pinus_pinaster,True,1974,0.0,persistente,,0.11,ifn_2010
92285,Eucalyptus_globulus,True,301,0.0,persistente,,0.098,ifn_2010
92286,Pinus_pinaster,True,589,0.0,persistente,,0.069,ifn_2010
92287,Pinus_pinaster,True,501,0.0,persistente,,0.07,ifn_2010
92288,Pinus_pinaster,True,1012,0.0,persistente,,0.055,ifn_2010
92289,Pinus_pinaster,True,200,0.0,persistente,,0.028,ifn_2010
92290,Pinus_radiata,True,702,0.0,evento,2024.0,0.274,desconocida
92291,Pinus_pinaster,True,266,0.0,persistente,,0.116,ifn_2010
92292,Pinus_pinaster,True,311,0.0,persistente,,0.033,ifn_2010
92293,Pinus_pinaster,True,159,0.0,persistente,,0.06,ifn_2010
92294,Pinus_pinaster,True,8342,0.0,persistente,,0.019,ifn_2010
92295,Eucalyptus_globulus,True,1375,0.0,persistente,,0.094,ifn_2010
92296,Pinus_pinaster,True,6943,0.0,persistente,,0.028,ifn_2010
92297,Pinus_pinaster,True,1399,0.0,persistente,,0.058,ifn_2010
92298,Eucalyptus_globulus,True,4902,0.0,persistente,,0.017,ifn_2010
92299,Pinus_pinaster,True,10798,2.982,persistente,,0.037,ifn_2010
92300,Pinus_pinaster,True,3001,1.489,persistente,,0.01,ifn_2010
92301,Pinus_pinaster,True,2788,2.055,persistente,,0.051,ifn_2010
92302,Quercus_suber,False,1251,0.0,persistente,,0.093,ifn_2010
92303,Castanea_sativa,False,682,0.0,persistente,,0.123,ifn_2010
92304,Eucalyptus_globulus,True,4657,0.0,persistente,,0.04,ifn_2010
92305,Quercus_robur,False,3936,0.038,persistente,,0.053,ifn_2010
92306,Pinus_pinaster,True,6143,0.0,persistente,,0.026,ifn_2010
92307,Pinus_pinaster,True,728,0.0,evento,2018.0,0.2,desconocida
92308,Pinus_pinaster,True,261,0.0,evento,2019.0,0.251,desconocida
92309,Pinus_pinaster,True,67686,0.0,persistente,,0.023,ifn_2010
92310,Pinus_pinaster,True,21699,0.0,persistente,,0.022,ifn_2010
92311,Pinus_pinaster,True,1000,0.0,persistente,,0.033,ifn_2010
92312,Pinus_pinaster,True,7040,0.066,persistente,,0.031,ifn_2010
92313,Pinus_pinaster,True,1506,0.0,persistente,,0.025,ifn_2010
92314,Quercus_robur,False,5736,1.61,persistente,,0.026,ifn_2010
92315,Quercus_robur,False,2635,0.0,persistente,,0.019,ifn_2010
92316,Pinus_pinaster,True,729,0.0,persistente,,0.029,ifn_2010
92317,Pinus_pinaster,True,517,0.455,persistente,,0.023,ifn_2010
92318,Pinus_pinaster,True,1178,0.0,persistente,,0.073,ifn_2010
92319,Quercus_robur,False,1375,2.166,persistente,,0.024,ifn_2010
92320,Pinus_radiata,True,310,0.15,evento,2018.0,0.307,desconocida
92321,Quercus_robur,False,8585,9.215,persistente,,0.028,ifn_2010
92322,Quercus_robur,False,802,1.271,persistente,,0.055,ifn_2010
92323,Eucalyptus_globulus,True,15607,4.364,persistente,,0.055,ifn_2010
92324,Eucalyptus_globulus,True,1659,0.0,evento,2018.0,0.303,prohibida_rebrote
92325,Eucalyptus_globulus,True,1260,1.43,persistente,,0.027,ifn_2010
92326,Quercus_robur,False,2766,1.607,persistente,,0.028,ifn_2010
92327,Quercus_robur,False,1201,0.949,persistente,,0.077,ifn_2010
92328,Pinus_pinaster,True,399,0.0,persistente,,0.056,ifn_2010
92329,Pinus_pinaster,True,3567,0.0,persistente,,0.028,ifn_2010
92330,Pinus_pinaster,True,1719,3.438,persistente,,0.036,ifn_2010
92331,Pinus_pinaster,True,11971,2.376,persistente,,0.016,ifn_2010
92332,Pinus_pinaster,True,7623,1.891,persistente,,0.019,ifn_2010
92333,Quercus_robur,False,2633,3.656,persistente,,0.032,ifn_2010
92334,Quercus_robur,False,1791,4.943,persistente,,0.061,ifn_2010
92335,Quercus_robur,False,4347,3.072,persistente,,0.021,ifn_2010
92336,Quercus_robur,False,446,0.489,persistente,,0.144,ifn_2010
92337,Pinus_pinaster,True,1213,2.958,persistente,,0.026,ifn_2010
92338,Eucalyptus_globulus,True,470,0.0,persistente,,0.027,ifn_2010
92339,Quercus_robur,False,332,0.0,persistente,,0.032,ifn_2010
92340,Pinus_pinaster,True,2045,2.894,persistente,,0.027,ifn_2010
92341,Eucalyptus_globulus,True,4475,1.405,persistente,,0.021,ifn_2010
92342,Quercus_robur,False,358,0.0,persistente,,0.037,ifn_2010
92343,Quercus_robur,False,1600,1.216,persistente,,0.016,ifn_2010
92344,Quercus_robur,False,4533,0.0,persistente,,0.023,ifn_2010
92345,Eucalyptus_globulus,True,849,1.963,persistente,,0.086,ifn_2010
92346,Quercus_robur,False,4161,2.435,persistente,,0.036,ifn_2010
92347,Eucalyptus_globulus,True,2127,1.151,persistente,,0.079,ifn_2010
92348,Quercus_robur,False,1644,0.089,persistente,,0.035,ifn_2010
92349,Quercus_robur,False,703,0.759,persistente,,0.038,ifn_2010
92350,Quercus_robur,False,344,0.87,persistente,,0.045,ifn_2010
92351,Eucalyptus_globulus,True,207,0.0,evento,2023.0,0.245,prohibida_rebrote
92352,Quercus_robur,False,4276,1.881,persistente,,0.033,ifn_2010
92353,Quercus_robur,False,6353,9.104,persistente,,0.021,ifn_2010
92354,Quercus_robur,False,432,0.239,persistente,,0.112,ifn_2010
92355,Quercus_robur,False,184,0.408,persistente,,0.017,ifn_2010
92356,Pinus_pinaster,True,644,1.445,persistente,,0.043,ifn_2010
92357,Pinus_pinaster,True,2236,3.534,persistente,,0.033,ifn_2010
92358,Pinus_pinaster,True,453,0.739,persistente,,0.1,ifn_2010
92359,Pinus_pinaster,True,816,2.85,persistente,,0.035,ifn_2010
92360,Quercus_robur,False,1037,3.623,persistente,,0.045,ifn_2010
92361,Eucalyptus_globulus,True,832,1.263,persistente,,0.052,ifn_2010
92362,Quercus_robur,False,305,0.406,persistente,,0.02,ifn_2010
92363,Quercus_robur,False,118,0.737,persistente,,0.047,ifn_2010
92364,Quercus_robur,False,205,0.479,persistente,,0.047,ifn_2010
92365,Pinus_pinaster,True,4618,2.109,persistente,,0.019,ifn_2010
92366,Pinus_pinaster,True,538,0.0,persistente,,0.029,ifn_2010
92367,Castanea_sativa,False,544,1.431,persistente,,0.155,ifn_2010
92368,Eucalyptus_globulus,True,764,3.719,persistente,,0.065,ifn_2010
92369,Pinus_pinaster,True,3657,2.534,persistente,,0.026,ifn_2010
92370,Pinus_pinaster,True,351,0.0,persistente,,0.086,ifn_2010
92371,Pinus_pinaster,True,907,0.0,persistente,,0.062,ifn_2010
92372,Quercus_robur,False,381,0.0,persistente,,0.022,ifn_2010
92373,Quercus_robur,False,458,0.0,persistente,,0.017,ifn_2010
92374,Pinus_radiata,True,283,0.0,persistente,,0.039,ifn_2010
92375,Pinus_pinaster,True,624,0.0,persistente,,0.049,ifn_2010
92376,Eucalyptus_globulus,True,755,0.0,persistente,,0.064,ifn_2010
92377,Eucalyptus_globulus,True,727,0.0,persistente,,0.101,ifn_2010
92378,Eucalyptus_globulus,True,2046,0.0,persistente,,0.062,ifn_2010
92379,Pinus_pinaster,True,2613,0.0,persistente,,0.056,ifn_2010
92380,Pinus_pinaster,True,508,0.0,persistente,,0.146,ifn_2010
92381,Eucalyptus_globulus,True,804,0.0,persistente,,0.13,ifn_2010
92382,Pinus_pinaster,True,718,0.0,persistente,,0.026,ifn_2010
92383,Pinus_pinaster,True,558,0.0,persistente,,0.028,ifn_2010
92384,Pinus_pinaster,True,9501,2.008,persistente,,0.021,ifn_2010
92385,Pinus_pinaster,True,137,0.0,persistente,,0.052,ifn_2010
92386,Pinus_pinaster,True,347,0.0,persistente,,0.026,ifn_2010
92387,Pinus_pinaster,True,263,0.0,persistente,,0.018,ifn_2010
92388,Pinus_pinaster,True,20055,12.561,persistente,,0.018,ifn_2010
92389,Pinus_pinaster,True,7508,0.997,persistente,,0.015,ifn_2010
92390,Eucalyptus_globulus,True,18956,5.597,persistente,,0.021,ifn_2010
92391,Castanea_sativa,False,215,0.0,evento,2019.0,0.508,desconocida
92392,Pinus_pinaster,True,320,0.0,persistente,,0.033,ifn_2010
92393,Pinus_radiata,True,869,0.0,persistente,,0.142,ifn_2010
92394,Pinus_radiata,True,331,0.0,persistente,,0.085,ifn_2010
92395,Pinus_pinaster,True,6084,0.0,persistente,,0.02,ifn_2010
92396,Pinus_pinaster,True,4877,0.0,persistente,,0.03,ifn_2010
92397,Pinus_pinaster,True,13748,0.0,persistente,,0.017,ifn_2010
92398,Eucalyptus_globulus,True,900,0.037,persistente,,0.075,ifn_2010
92399,Quercus_robur,False,1841,2.768,persistente,,0.024,ifn_2010
92400,Eucalyptus_globulus,True,16511,0.0,persistente,,0.033,ifn_2010
92401,Eucalyptus_globulus,True,335,0.0,persistente,,0.055,ifn_2010
92402,Eucalyptus_globulus,True,199,0.0,persistente,,0.112,ifn_2010
92403,Pinus_pinaster,True,22532,12.438,persistente,,0.024,ifn_2010
92404,Pinus_pinaster,True,1385,2.156,persistente,,0.042,ifn_2010
92405,Pinus_pinaster,True,4060,6.581,persistente,,0.024,ifn_2010
92406,Pinus_pinaster,True,465,0.0,persistente,,0.048,ifn_2010
92407,Pinus_pinaster,True,2861,0.0,persistente,,0.024,ifn_2010
92408,Pinus_pinaster,True,3252,0.0,persistente,,0.022,ifn_2010
92409,Pinus_pinaster,True,1602,0.0,persistente,,0.03,ifn_2010
92410,Quercus_robur,False,8077,0.0,persistente,,0.016,ifn_2010
92411,Pinus_pinaster,True,5335,0.0,persistente,,0.066,ifn_2010
92412,Pinus_pinaster,True,8117,0.0,persistente,,0.047,ifn_2010
92413,Pinus_pinaster,True,1575,0.0,persistente,,0.038,ifn_2010
92414,Pinus_pinaster,True,12212,0.0,persistente,,0.056,ifn_2010
92415,Pinus_pinaster,True,6700,0.0,persistente,,0.041,ifn_2010
92416,Pinus_pinaster,True,10003,0.0,persistente,,0.049,ifn_2010
92417,Pinus_pinaster,True,2798,0.0,persistente,,0.014,ifn_2010
92418,Pinus_pinaster,True,3311,2.226,persistente,,0.029,ifn_2010
92419,Eucalyptus_globulus,True,4478,3.221,persistente,,0.043,ifn_2010
92420,Pinus_pinaster,True,2142,4.421,persistente,,0.027,ifn_2010
92421,Pinus_pinaster,True,973,0.514,persistente,,0.022,ifn_2010
92422,Quercus_robur,False,4071,0.624,persistente,,0.034,ifn_2010
92423,Eucalyptus_globulus,True,4352,3.561,persistente,,0.033,ifn_2010
92424,Pinus_pinaster,True,2696,0.0,persistente,,0.112,ifn_2010
92425,Pinus_pinaster,True,1328,0.0,persistente,,0.016,ifn_2010
92426,Pinus_pinaster,True,3144,0.0,persistente,,0.025,ifn_2010
92427,Quercus_robur,False,685,0.0,persistente,,0.027,ifn_2010
92428,Quercus_robur,False,21569,0.459,persistente,,0.027,ifn_2010
92429,Quercus_robur,False,2227,1.644,persistente,,0.027,ifn_2010
92430,Pinus_pinaster,True,4055,1.928,persistente,,0.021,ifn_2010
92431,Eucalyptus_globulus,True,6366,5.143,persistente,,0.016,ifn_2010
92432,Pinus_pinaster,True,2912,0.0,persistente,,0.089,ifn_2010
92433,Pinus_pinaster,True,1125,0.454,persistente,,0.054,ifn_2010
92434,Castanea_sativa,False,10717,0.0,persistente,,0.041,ifn_2010
92435,Pinus_pinaster,True,28321,0.0,persistente,,0.022,ifn_2010
92436,Quercus_robur,False,358,0.0,persistente,,0.011,ifn_2010
92437,Pinus_pinaster,True,426,0.0,persistente,,0.017,ifn_2010
92438,Pinus_radiata,True,417,0.0,evento,2018.0,0.278,desconocida
92439,Pinus_pinaster,True,1699,0.0,persistente,,0.026,ifn_2010
92440,Pinus_pinaster,True,27826,23.644,persistente,,0.014,ifn_2010
92441,Pinus_pinaster,True,18584,13.029,persistente,,0.012,ifn_2010
92442,Pinus_pinaster,True,1535,0.5,persistente,,0.137,ifn_2010
92443,Pinus_pinaster,True,5970,1.102,persistente,,0.052,ifn_2010
92444,Quercus_robur,False,3482,0.0,persistente,,0.011,ifn_2010
92445,Pinus_pinaster,True,2200,0.0,persistente,,0.01,ifn_2010
92446,Pinus_pinaster,True,6116,1.365,persistente,,0.013,ifn_2010
92447,Pinus_pinaster,True,9697,7.958,persistente,,0.036,ifn_2010
92448,Quercus_robur,False,1729,0.52,persistente,,0.031,ifn_2010
92449,Pinus_pinaster,True,2814,1.183,persistente,,0.033,ifn_2010
92450,Pinus_pinaster,True,12383,5.133,persistente,,0.014,ifn_2010
92451,Pinus_pinaster,True,5201,6.189,persistente,,0.031,ifn_2010
92452,Quercus_robur,False,7731,4.912,persistente,,0.012,ifn_2010
92453,Pinus_pinaster,True,3089,0.16,persistente,,0.017,ifn_2010
92454,Pinus_pinaster,True,3129,0.008,persistente,,0.018,ifn_2010
92455,Pinus_pinaster,True,2718,0.0,persistente,,0.021,ifn_2010
92456,Pinus_pinaster,True,2627,0.0,persistente,,0.029,ifn_2010
92457,Pinus_pinaster,True,1926,0.0,persistente,,0.028,ifn_2010
92458,Pinus_pinaster,True,1157,0.0,persistente,,0.076,ifn_2010
92459,Quercus_robur,False,946,1.193,persistente,,0.023,ifn_2010
92460,Pinus_pinaster,True,1089,0.0,persistente,,0.016,ifn_2010
92461,Pinus_pinaster,True,12136,0.0,persistente,,0.009,ifn_2010
92462,Pinus_pinaster,True,1406,0.0,persistente,,0.023,ifn_2010
92463,Pinus_pinaster,True,810,0.0,persistente,,0.021,ifn_2010
92464,Quercus_robur,False,1586,0.0,persistente,,0.039,ifn_2010
92465,Quercus_robur,False,1676,0.0,persistente,,0.029,ifn_2010
92466,Salix_atrocinerea,False,862,0.54,persistente,,0.016,ifn_2010
92467,Pinus_pinaster,True,821,0.0,persistente,,0.09,ifn_2010
92468,Eucalyptus_globulus,True,522,0.0,persistente,,0.043,ifn_2010
92469,Quercus_robur,False,754,0.0,persistente,,0.093,ifn_2010
92470,Pinus_pinaster,True,23643,0.0,persistente,,0.017,ifn_2010
92471,Pinus_pinaster,True,10915,0.0,persistente,,0.034,ifn_2010
92472,Eucalyptus_globulus,True,29888,10.904,persistente,,0.012,ifn_2010
92473,Pinus_pinaster,True,16080,6.856,persistente,,0.023,ifn_2010
92474,Pinus_pinaster,True,9723,0.0,persistente,,0.02,ifn_2010
92475,Pinus_pinaster,True,9276,0.0,persistente,,0.046,ifn_2010
92476,Pinus_pinaster,True,10116,1.454,persistente,,0.037,ifn_2010
92477,Pinus_pinaster,True,6756,1.56,persistente,,0.014,ifn_2010
92478,Quercus_robur,False,5230,1.405,persistente,,0.011,ifn_2010
92479,Eucalyptus_globulus,True,367,0.406,persistente,,0.127,ifn_2010
92480,Quercus_robur,False,1011,1.359,persistente,,0.035,ifn_2010
92481,Quercus_robur,False,9472,0.0,persistente,,0.057,ifn_2010
92482,Eucalyptus_globulus,True,561,0.709,persistente,,0.216,ifn_2010
92483,Quercus_robur,False,331,0.0,persistente,,0.031,ifn_2010
92484,Pinus_pinaster,True,9409,1.913,persistente,,0.027,ifn_2010
92485,Quercus_robur,False,5595,1.249,persistente,,0.02,ifn_2010
92486,Pinus_pinaster,True,4024,2.294,persistente,,0.012,ifn_2010
92487,Eucalyptus_globulus,True,196,0.0,persistente,,0.03,ifn_2010
92488,Quercus_robur,False,295,0.0,persistente,,0.016,ifn_2010
92489,Pinus_radiata,True,247,0.0,persistente,,0.014,ifn_2010
92490,Pinus_pinaster,True,437,0.0,persistente,,0.04,ifn_2010
92491,Pinus_radiata,True,3238,0.017,persistente,,0.038,ifn_2010
92492,Pinus_pinaster,True,732,0.0,evento,2023.0,0.236,desconocida
92493,Eucalyptus_globulus,True,666,0.899,persistente,,0.164,ifn_2010
92494,Pinus_pinaster,True,152,0.0,persistente,,0.023,ifn_2010
92495,Betula_alba,False,1431,0.85,persistente,,0.029,ifn_2010
92496,Quercus_robur,False,439,0.517,persistente,,0.133,ifn_2010
92497,Quercus_robur,False,3142,0.863,persistente,,0.03,ifn_2010
92498,Pinus_pinaster,True,296,1.376,persistente,,0.023,ifn_2010
92499,Pinus_pinaster,True,536,2.593,persistente,,0.056,ifn_2010
92500,Pinus_pinaster,True,726,1.014,persistente,,0.018,ifn_2010
92501,Pinus_pinaster,True,4051,0.0,persistente,,0.06,ifn_2010
92502,Pinus_pinaster,True,5956,0.032,persistente,,0.028,ifn_2010
92503,Quercus_robur,False,9346,0.0,persistente,,0.03,ifn_2010
92504,Quercus_robur,False,1085,0.0,persistente,,0.046,ifn_2010
92505,Quercus_robur,False,4267,0.0,persistente,,0.033,ifn_2010
92506,Pinus_pinaster,True,23440,0.0,persistente,,0.084,ifn_2010
92507,Pinus_radiata,True,593,0.0,persistente,,0.107,ifn_2010
92508,Pinus_radiata,True,291,0.0,evento,2021.0,0.266,desconocida
92509,Pinus_radiata,True,324,0.0,evento,2025.0,0.297,desconocida
92510,Pinus_pinaster,True,7376,0.0,persistente,,0.048,ifn_2010
92511,Pinus_pinaster,True,1507,0.0,persistente,,0.027,ifn_2010
92512,Pinus_radiata,True,680,0.0,persistente,,0.022,ifn_2010
92513,Quercus_robur,False,149,0.306,persistente,,0.029,ifn_2010
92514,Castanea_sativa,False,114,0.309,persistente,,0.073,ifn_2010
92515,Pinus_pinaster,True,487,0.444,persistente,,0.017,ifn_2010
92516,Quercus_robur,False,1752,0.0,persistente,,0.037,ifn_2010
92517,Quercus_robur,False,362,0.0,persistente,,0.025,ifn_2010
92518,Quercus_robur,False,478,0.0,persistente,,0.022,ifn_2010
92519,Pinus_pinaster,True,4889,0.326,persistente,,0.024,ifn_2010
92520,Eucalyptus_globulus,True,1499,0.208,persistente,,0.055,ifn_2010
92521,Pinus_pinaster,True,1068,0.0,persistente,,0.056,ifn_2010
92522,Quercus_robur,False,1586,1.393,persistente,,0.01,ifn_2010
92523,Quercus_robur,False,2072,0.034,persistente,,0.037,ifn_2010
92524,Quercus_robur,False,548,0.223,persistente,,0.032,ifn_2010
92525,Pinus_pinaster,True,326,1.703,persistente,,0.112,ifn_2010
92526,Quercus_robur,False,388,0.483,persistente,,0.027,ifn_2010
92527,Pinus_pinaster,True,702,0.748,persistente,,0.023,ifn_2010
92528,Pinus_pinaster,True,434,1.575,persistente,,0.04,ifn_2010
92529,Quercus_robur,False,152,0.157,persistente,,0.032,ifn_2010
92530,Pinus_pinaster,True,462,1.369,persistente,,0.068,ifn_2010
92531,Eucalyptus_globulus,True,664,0.003,persistente,,0.098,ifn_2010
92532,Pinus_radiata,True,768,0.0,evento,2021.0,0.31,desconocida
92533,Pinus_radiata,True,627,0.0,persistente,,0.08,ifn_2010
92534,Pinus_pinaster,True,6660,0.0,persistente,,0.084,ifn_2010
92535,Quercus_robur,False,462,0.979,persistente,,0.023,ifn_2010
92536,Pinus_pinaster,True,508,0.0,persistente,,0.026,ifn_2010
92537,Pinus_pinaster,True,536,0.0,persistente,,0.051,ifn_2010
92538,Eucalyptus_globulus,True,667,0.0,persistente,,0.033,ifn_2010
92539,Pinus_pinaster,True,245,0.0,persistente,,0.034,ifn_2010
92540,Pinus_pinaster,True,483,0.35,persistente,,0.041,ifn_2010
92541,Quercus_robur,False,274,0.0,persistente,,0.037,ifn_2010
92542,Pinus_pinaster,True,2425,1.65,persistente,,0.019,ifn_2010
92543,Quercus_robur,False,1273,2.405,persistente,,0.015,ifn_2010
92544,Pinus_pinaster,True,569,0.0,persistente,,0.028,ifn_2010
92545,Quercus_robur,False,1603,0.876,persistente,,0.042,ifn_2010
92546,Pinus_pinaster,True,6970,0.0,persistente,,0.027,ifn_2010
92547,Quercus_robur,False,237,0.0,persistente,,0.079,ifn_2010
92548,Pinus_radiata,True,353,0.0,persistente,,0.013,ifn_2010
92549,Pinus_pinaster,True,496,0.0,persistente,,0.017,ifn_2010
92550,Pinus_pinaster,True,228,0.0,persistente,,0.074,ifn_2010
92551,Quercus_robur,False,2210,0.0,persistente,,0.019,ifn_2010
92552,Pinus_pinaster,True,1604,0.0,persistente,,0.038,ifn_2010
92553,Pinus_pinaster,True,757,0.0,persistente,,0.058,ifn_2010
92554,Quercus_robur,False,2190,0.0,persistente,,0.054,ifn_2010
92555,Pinus_pinaster,True,1209,0.0,persistente,,0.016,ifn_2010
92556,Pinus_pinaster,True,386,0.0,persistente,,0.024,ifn_2010
92557,Pinus_pinaster,True,1630,0.0,persistente,,0.045,ifn_2010
92558,Pinus_pinaster,True,954,0.0,persistente,,0.058,ifn_2010
92559,Pinus_pinaster,True,1594,0.0,persistente,,0.086,ifn_2010
92560,Castanea_sativa,False,461,1.45,persistente,,0.041,ifn_2010
92561,Quercus_robur,False,251,0.913,persistente,,0.038,ifn_2010
92562,Pinus_pinaster,True,229,0.0,persistente,,0.132,ifn_2010
92563,Pinus_pinaster,True,421,0.0,persistente,,0.082,ifn_2010
92564,Alnus_glutinosa,False,489,0.0,persistente,,0.052,ifn_2010
92565,Castanea_sativa,False,395,0.085,persistente,,0.044,ifn_2010
95020,Quercus_robur,False,860,0.0,persistente,,0.031,ifn_2010
95021,Quercus_robur,False,1365,0.0,persistente,,0.014,ifn_2010
95022,Pinus_pinaster,True,181,0.0,persistente,,0.041,ifn_2010
95023,Pinus_pinaster,True,157,0.0,persistente,,0.023,ifn_2010
95024,Quercus_robur,False,92,0.0,persistente,,0.028,ifn_2010
95025,Quercus_robur,False,2411,0.0,persistente,,0.041,ifn_2010
95026,Pinus_pinaster,True,3182,3.509,persistente,,0.019,ifn_2010
95027,Pinus_pinaster,True,298,0.0,persistente,,0.1,ifn_2010
95028,Pinus_pinaster,True,425,0.0,persistente,,0.03,ifn_2010
95029,Quercus_robur,False,817,2.239,persistente,,0.129,ifn_2010
95030,Pinus_pinaster,True,1151,0.0,persistente,,0.054,ifn_2010
95031,Quercus_robur,False,620,0.385,persistente,,0.044,ifn_2010
95032,Quercus_robur,False,999,0.0,persistente,,0.097,ifn_2010
95033,Pinus_pinaster,True,8047,0.0,persistente,,0.027,ifn_2010
95034,Quercus_robur,False,2541,0.0,persistente,,0.023,ifn_2010
95035,Pinus_pinaster,True,297,0.008,persistente,,0.063,ifn_2010
95036,Quercus_robur,False,2850,0.0,persistente,,0.023,ifn_2010
95037,Quercus_robur,False,1394,0.0,persistente,,0.013,ifn_2010
95038,Quercus_robur,False,286,0.0,persistente,,0.022,ifn_2010
95039,Eucalyptus_globulus,True,1033,0.004,persistente,,0.05,ifn_2010
95040,Quercus_robur,False,520,0.0,persistente,,0.036,ifn_2010
95041,Salix_atrocinerea,False,1714,0.0,persistente,,0.014,ifn_2010
95042,Pinus_pinaster,True,1437,0.0,persistente,,0.021,ifn_2010
95043,Eucalyptus_globulus,True,1026,0.343,persistente,,0.015,ifn_2010
95044,Pinus_pinaster,True,3127,0.0,persistente,,0.048,ifn_2010
95045,Quercus_robur,False,8588,0.0,persistente,,0.027,ifn_2010
95046,Betula_alba,False,4556,2.273,persistente,,0.033,ifn_2010
95047,Alnus_glutinosa,False,1494,0.0,persistente,,0.023,ifn_2010
95048,Pinus_pinaster,True,13464,20.617,evento,2018.0,0.19,desconocida
95049,Eucalyptus_globulus,True,36849,5.086,persistente,,0.025,ifn_2010
95050,Eucalyptus_globulus,True,16101,1.038,evento,2018.0,0.248,prohibida_rebrote
95051,Quercus_robur,False,2258,2.049,persistente,,0.019,ifn_2010
95052,Quercus_robur,False,2748,0.439,persistente,,0.034,ifn_2010
95053,Eucalyptus_globulus,True,7714,1.786,persistente,,0.162,ifn_2010
95054,Eucalyptus_globulus,True,18198,4.806,persistente,,0.101,ifn_2010
95055,Pinus_pinaster,True,2386,1.846,persistente,,0.072,ifn_2010
95056,Eucalyptus_globulus,True,3148,0.571,evento,2026.0,0.195,prohibida_rebrote
95057,Eucalyptus_globulus,True,32022,7.143,persistente,,0.02,ifn_2010
95058,Alnus_glutinosa,False,861,0.418,persistente,,0.012,ifn_2010
95059,Alnus_glutinosa,False,16260,2.849,persistente,,0.016,ifn_2010
95060,Pinus_pinaster,True,217,1.233,persistente,,0.148,ifn_2010
95061,Pinus_pinaster,True,315,1.934,persistente,,0.102,ifn_2010
95062,Pinus_pinaster,True,3032,4.589,persistente,,0.017,ifn_2010
95063,Pinus_radiata,True,371,0.844,persistente,,0.055,ifn_2010
95064,Pinus_pinaster,True,32203,17.968,persistente,,0.021,ifn_2010
95065,Pinus_pinaster,True,209,0.0,persistente,,0.045,ifn_2010
95066,Quercus_robur,False,1383,0.0,persistente,,0.032,ifn_2010
95067,Quercus_robur,False,263,0.0,persistente,,0.043,ifn_2010
95068,Pinus_pinaster,True,411,0.0,persistente,,0.038,ifn_2010
95069,Quercus_robur,False,220,0.191,persistente,,0.043,ifn_2010
95070,Pinus_pinaster,True,312,0.0,persistente,,0.031,ifn_2010
95071,Quercus_robur,False,614,0.556,persistente,,0.034,ifn_2010
95072,Quercus_robur,False,694,0.0,persistente,,0.02,ifn_2010
95073,Eucalyptus_globulus,True,259,0.0,persistente,,0.016,ifn_2010
95074,Pinus_pinaster,True,329,0.0,persistente,,0.122,ifn_2010
95075,Pinus_pinaster,True,422,0.0,persistente,,0.045,ifn_2010
95076,Pinus_pinaster,True,640,0.0,persistente,,0.099,ifn_2010
95077,Pinus_radiata,True,1291,0.0,persistente,,0.054,ifn_2010
95078,Alnus_glutinosa,False,1525,0.954,persistente,,0.024,ifn_2010
95079,Eucalyptus_globulus,True,1840,0.0,persistente,,0.045,ifn_2010
95080,Pinus_pinaster,True,707,0.0,persistente,,0.097,ifn_2010
95081,Pinus_pinaster,True,622,0.0,persistente,,0.062,ifn_2010
95082,Pinus_pinaster,True,584,0.0,persistente,,0.014,ifn_2010
95083,Pinus_pinaster,True,572,1.693,persistente,,0.06,ifn_2010
95084,Pinus_pinaster,True,2137,0.0,persistente,,0.019,ifn_2010
95085,Quercus_robur,False,275,0.0,persistente,,0.017,ifn_2010
95086,Pinus_pinaster,True,1414,0.0,persistente,,0.023,ifn_2010
95087,Quercus_robur,False,600,0.0,persistente,,0.019,ifn_2010
95088,Pinus_pinaster,True,3674,5.021,persistente,,0.057,ifn_2010
95089,Quercus_robur,False,1227,1.008,persistente,,0.023,ifn_2010
95090,Pinus_pinaster,True,2320,0.0,persistente,,0.032,ifn_2010
95091,Pinus_pinaster,True,1917,0.0,persistente,,0.038,ifn_2010
95092,Quercus_robur,False,387,0.0,persistente,,0.011,ifn_2010
95093,Pinus_pinaster,True,2033,0.0,persistente,,0.025,ifn_2010
95094,Pinus_pinaster,True,3219,2.878,persistente,,0.02,ifn_2010
95095,Pinus_pinaster,True,325,0.0,persistente,,0.023,ifn_2010
95096,Pinus_pinaster,True,3518,0.0,persistente,,0.021,ifn_2010
95097,Quercus_robur,False,237,0.0,persistente,,0.017,ifn_2010
95098,Eucalyptus_globulus,True,141,0.0,persistente,,0.033,ifn_2010
95099,Eucalyptus_globulus,True,408,0.0,persistente,,0.037,ifn_2010
95100,Pinus_pinaster,True,1402,0.0,persistente,,0.059,ifn_2010
95101,Eucalyptus_globulus,True,944,0.0,persistente,,0.074,ifn_2010
95102,Quercus_robur,False,200,0.175,persistente,,0.121,ifn_2010
95103,Pinus_pinaster,True,3725,3.149,persistente,,0.032,ifn_2010
95104,Quercus_robur,False,1993,2.496,persistente,,0.021,ifn_2010
95105,Quercus_robur,False,146,1.07,persistente,,0.056,ifn_2010
95106,Quercus_robur,False,1012,0.371,persistente,,0.033,ifn_2010
95107,Pinus_pinaster,True,1477,0.0,persistente,,0.02,ifn_2010
95108,Eucalyptus_globulus,True,979,0.0,persistente,,0.041,ifn_2010
95109,Pinus_pinaster,True,1212,0.0,persistente,,0.044,ifn_2010
95110,Quercus_robur,False,1496,0.0,persistente,,0.016,ifn_2010
95111,Pinus_pinaster,True,998,0.0,persistente,,0.019,ifn_2010
95112,Pinus_pinaster,True,913,0.0,persistente,,0.074,ifn_2010
95113,Pinus_pinaster,True,1665,0.0,persistente,,0.038,ifn_2010
95114,Eucalyptus_globulus,True,294,0.0,persistente,,0.035,ifn_2010
95115,Pinus_pinaster,True,685,0.206,persistente,,0.037,ifn_2010
95116,Pinus_pinaster,True,687,0.0,persistente,,0.029,ifn_2010
95117,Pinus_pinaster,True,629,0.0,evento,2020.0,0.273,desconocida
95118,Pinus_pinaster,True,1171,0.0,persistente,,0.04,ifn_2010
95119,Pinus_pinaster,True,298,0.0,persistente,,0.104,ifn_2010
95120,Alnus_glutinosa,False,761,0.464,persistente,,0.044,ifn_2010
95121,Pinus_pinaster,True,7380,1.649,persistente,,0.021,ifn_2010
95122,Pinus_pinaster,True,114,0.0,persistente,,0.026,ifn_2010
95123,Quercus_robur,False,11684,5.86,persistente,,0.019,ifn_2010
95124,Eucalyptus_globulus,True,20064,8.127,persistente,,0.038,ifn_2010
95125,Pinus_pinaster,True,1828,0.0,persistente,,0.071,ifn_2010
95126,Pinus_pinaster,True,7852,2.938,persistente,,0.019,ifn_2010
95127,Quercus_robur,False,4040,0.0,persistente,,0.04,ifn_2010
95128,Pinus_pinaster,True,7699,2.83,persistente,,0.035,ifn_2010
95129,Pinus_pinaster,True,6768,0.0,persistente,,0.031,ifn_2010
95130,Eucalyptus_globulus,True,687,0.0,persistente,,0.043,ifn_2010
95131,Eucalyptus_globulus,True,1195,0.0,evento,2025.0,0.474,prohibida_rebrote
95132,Eucalyptus_globulus,True,3035,0.0,persistente,,0.193,ifn_2010
95133,Castanea_sativa,False,443,0.0,persistente,,0.065,ifn_2010
95134,Pinus_pinaster,True,1038,0.0,persistente,,0.066,ifn_2010
95135,Pinus_pinaster,True,2281,1.974,persistente,,0.051,ifn_2010
95136,Pinus_pinaster,True,6723,0.0,persistente,,0.026,ifn_2010
95137,Pseudotsuga_menziesii,True,695,0.0,persistente,,0.04,ifn_2010
95138,Pseudotsuga_menziesii,True,103,0.0,persistente,,0.047,ifn_2010
95139,Eucalyptus_globulus,True,381,0.0,evento,2025.0,0.468,prohibida_rebrote
95140,Pinus_pinaster,True,1836,0.0,persistente,,0.041,ifn_2010
95141,Quercus_robur,False,352,0.0,persistente,,0.035,ifn_2010
95142,Eucalyptus_globulus,True,10150,1.495,persistente,,0.025,ifn_2010
95143,Pinus_radiata,True,187,0.0,evento,2023.0,0.339,desconocida
95144,Pinus_pinaster,True,4714,0.0,persistente,,0.093,ifn_2010
95145,Pinus_pinaster,True,2900,0.0,persistente,,0.022,ifn_2010
95146,Pinus_pinaster,True,1347,0.0,persistente,,0.062,ifn_2010
95147,Pinus_pinaster,True,6716,0.0,persistente,,0.068,ifn_2010
95148,Pinus_pinaster,True,6161,2.417,persistente,,0.016,ifn_2010
95149,Quercus_robur,False,889,0.668,persistente,,0.016,ifn_2010
95150,Eucalyptus_globulus,True,1270,0.0,persistente,,0.099,ifn_2010
95151,Quercus_robur,False,817,0.0,persistente,,0.013,ifn_2010
95152,Pinus_pinaster,True,411,0.0,persistente,,0.029,ifn_2010
95153,Quercus_robur,False,312,0.0,persistente,,0.052,ifn_2010
95154,Pinus_pinaster,True,1855,0.0,persistente,,0.032,ifn_2010
95155,Quercus_robur,False,1061,0.0,persistente,,0.013,ifn_2010
95156,Quercus_robur,False,2501,0.0,persistente,,0.018,ifn_2010
95157,Pinus_pinaster,True,3728,0.0,persistente,,0.037,ifn_2010
95158,Pinus_pinaster,True,2967,5.513,persistente,,0.014,ifn_2010
95159,Quercus_robur,False,3669,0.0,persistente,,0.046,ifn_2010
95160,Pinus_pinaster,True,6600,8.377,persistente,,0.023,ifn_2010
95161,Pinus_pinaster,True,6800,1.067,persistente,,0.021,ifn_2010
95162,Quercus_robur,False,2752,0.496,persistente,,0.013,ifn_2010
95163,Pinus_pinaster,True,2697,1.386,persistente,,0.029,ifn_2010
95164,Quercus_robur,False,785,0.0,persistente,,0.015,ifn_2010
95165,Alnus_glutinosa,False,840,0.0,persistente,,0.014,ifn_2010
95166,Pinus_pinaster,True,4859,0.698,persistente,,0.035,ifn_2010
95167,Pinus_pinaster,True,9984,2.328,persistente,,0.043,ifn_2010
95168,Pinus_pinaster,True,179,0.092,persistente,,0.039,ifn_2010
95169,Pinus_pinaster,True,149,0.333,persistente,,0.111,ifn_2010
95170,Pinus_pinaster,True,2736,1.324,persistente,,0.017,ifn_2010
95171,Eucalyptus_globulus,True,927,1.02,persistente,,0.022,ifn_2010
95172,Pinus_pinaster,True,1101,0.412,persistente,,0.06,ifn_2010
95173,Quercus_robur,False,8025,0.073,persistente,,0.016,ifn_2010
95174,Quercus_robur,False,5345,3.76,persistente,,0.016,ifn_2010
95175,Pinus_pinaster,True,5083,0.0,persistente,,0.028,ifn_2010
95176,Quercus_robur,False,2200,0.34,persistente,,0.016,ifn_2010
95177,Pinus_pinaster,True,3243,0.0,persistente,,0.082,ifn_2010
95178,Eucalyptus_globulus,True,2399,0.0,persistente,,0.048,ifn_2010
95179,Quercus_robur,False,1862,0.0,persistente,,0.03,ifn_2010
95180,Eucalyptus_globulus,True,3305,0.0,persistente,,0.029,ifn_2010
95181,Pinus_pinaster,True,292,0.0,persistente,,0.055,ifn_2010
95182,Eucalyptus_globulus,True,2885,3.288,persistente,,0.035,ifn_2010
95183,Pinus_pinaster,True,551,0.0,persistente,,0.047,ifn_2010
95184,Quercus_robur,False,1228,0.0,persistente,,0.028,ifn_2010
95185,Pinus_pinaster,True,436,0.0,persistente,,0.023,ifn_2010
95186,Pinus_pinaster,True,8636,2.883,persistente,,0.038,ifn_2010
95187,Pinus_pinaster,True,353,0.087,evento,2023.0,0.405,desconocida
95188,Pinus_pinaster,True,1518,0.0,persistente,,0.039,ifn_2010
95189,Eucalyptus_globulus,True,868,0.0,persistente,,0.08,ifn_2010
95190,Pinus_pinaster,True,478,0.0,persistente,,0.021,ifn_2010
95191,Salix_spp,False,1316,0.0,persistente,,0.03,ifn_2010
95192,Eucalyptus_globulus,True,197,0.0,evento,2024.0,0.225,prohibida_rebrote
95193,Eucalyptus_globulus,True,316,0.0,persistente,,0.034,ifn_2010
95194,Pinus_radiata,True,101,0.0,evento,2019.0,0.481,desconocida
95195,Pinus_pinaster,True,140,0.0,persistente,,0.062,ifn_2010
95196,Pinus_pinaster,True,582,0.0,persistente,,0.168,ifn_2010
95197,Eucalyptus_globulus,True,1262,0.0,persistente,,0.032,ifn_2010
95198,Pinus_pinaster,True,390,0.0,evento,2018.0,0.267,desconocida
95199,Pinus_pinaster,True,1129,0.0,persistente,,0.018,ifn_2010
95200,Pinus_pinaster,True,10596,0.0,persistente,,0.019,ifn_2010
95201,Quercus_robur,False,115,0.0,persistente,,0.062,ifn_2010
95202,Pinus_pinaster,True,308,0.0,persistente,,0.06,ifn_2010
95203,Pinus_pinaster,True,256,0.0,persistente,,0.041,ifn_2010
95204,Pinus_pinaster,True,262,0.0,persistente,,0.172,ifn_2010
95205,Quercus_robur,False,239,0.0,persistente,,0.027,ifn_2010
95206,Pinus_pinaster,True,668,0.0,persistente,,0.073,ifn_2010
95207,Pinus_pinaster,True,9378,0.0,persistente,,0.039,ifn_2010
95208,Pinus_sylvestris,True,550,0.0,persistente,,0.06,ifn_2010
95209,Pinus_sylvestris,True,520,0.0,persistente,,0.039,ifn_2010
95210,Pinus_pinaster,True,174,0.0,persistente,,0.034,ifn_2010
95211,Pinus_pinaster,True,0,0.0,sin_dato,,,sin_serie
95212,Pinus_pinaster,True,3448,0.0,persistente,,0.057,ifn_2010
95213,Pinus_pinaster,True,116,0.0,evento,2022.0,0.348,desconocida
95214,Quercus_pyrenaica,False,775,0.0,persistente,,0.077,ifn_2010
95215,Pinus_radiata,True,364,0.0,evento,2025.0,0.484,desconocida
95216,Betula_alba,False,174,0.0,persistente,,0.096,ifn_2010
95217,Quercus_robur,False,9,0.0,persistente,,0.029,ifn_2010
95218,Eucaliptus_spp,True,346,0.0,persistente,,0.028,ifn_2010
95219,Eucaliptus_spp,True,202,0.0,evento,2020.0,0.294,desconocida
95220,Quercus_robur,False,300,0.0,persistente,,0.054,ifn_2010
95221,Quercus_robur,False,149,0.0,persistente,,0.041,ifn_2010
95222,Quercus_robur,False,92,0.0,persistente,,0.029,ifn_2010
95223,Eucaliptus_spp,True,148,0.0,evento,2026.0,0.45,desconocida
95224,Eucaliptus_spp,True,179,0.0,evento,2019.0,0.482,desconocida
95225,Eucaliptus_spp,True,155,0.0,evento,2019.0,0.418,desconocida
95226,Eucalyptus_globulus,True,73,0.0,evento,2018.0,0.46,prohibida_rebrote
95227,Quercus_robur,False,101,0.0,persistente,,0.17,ifn_2010
95228,Quercus_robur,False,112,0.0,persistente,,0.138,ifn_2010
95229,Quercus_robur,False,135,0.0,persistente,,0.023,ifn_2010
95230,Pinus_pinaster,True,2079,0.0,persistente,,0.011,ifn_2010
95231,Pinus_pinaster,True,1343,0.0,persistente,,0.04,ifn_2010
95232,Castanea_sativa,False,15872,13.267,persistente,,0.009,ifn_2010
95233,Quercus_robur,False,5485,5.885,persistente,,0.029,ifn_2010
95234,Quercus_robur,False,195,0.599,persistente,,0.058,ifn_2010
95235,Quercus_robur,False,2184,0.741,persistente,,0.023,ifn_2010
95236,Quercus_robur,False,1317,0.0,persistente,,0.047,ifn_2010
95237,Quercus_robur,False,1005,0.0,persistente,,0.111,ifn_2010
95238,Quercus_robur,False,8039,0.871,persistente,,0.033,ifn_2010
95239,Castanea_sativa,False,1624,0.708,persistente,,0.016,ifn_2010
95240,Pinus_pinaster,True,509,0.028,persistente,,0.064,ifn_2010
95241,Quercus_robur,False,112,0.0,persistente,,0.08,ifn_2010
95242,Quercus_robur,False,556,0.0,persistente,,0.041,ifn_2010
95243,Quercus_robur,False,157,0.478,persistente,,0.034,ifn_2010
95244,Castanea_sativa,False,380,0.281,persistente,,0.033,ifn_2010
95246,Quercus_robur,False,2155,1.179,persistente,,0.016,ifn_2010
95247,Quercus_robur,False,680,0.0,persistente,,0.024,ifn_2010
95248,Quercus_robur,False,104,0.0,persistente,,0.009,ifn_2010
95249,Quercus_robur,False,152,0.254,evento,2020.0,0.358,desconocida
95250,Castanea_sativa,False,95,0.0,persistente,,0.024,ifn_2010
95251,Castanea_sativa,False,532,0.0,persistente,,0.043,ifn_2010
95252,Quercus_robur,False,722,2.067,persistente,,0.063,ifn_2010
95253,Quercus_robur,False,245,0.383,persistente,,0.038,ifn_2010
95254,Quercus_robur,False,333,0.639,persistente,,0.039,ifn_2010
95255,Quercus_robur,False,178,0.0,persistente,,0.023,ifn_2010
95256,Quercus_robur,False,185,0.0,persistente,,0.026,ifn_2010
95257,Quercus_robur,False,159,1.047,persistente,,0.09,ifn_2010
95258,Castanea_sativa,False,150,0.0,persistente,,0.039,ifn_2010
95259,Quercus_robur,False,121,0.0,persistente,,0.076,ifn_2010
95260,Castanea_sativa,False,208,0.0,persistente,,0.052,ifn_2010
95261,Quercus_robur,False,102,0.0,persistente,,0.144,ifn_2010
95262,Quercus_robur,False,151,0.0,persistente,,0.025,ifn_2010
95263,Quercus_robur,False,193,0.0,persistente,,0.088,ifn_2010
95264,Quercus_robur,False,0,0.0,sin_dato,,,sin_serie
95266,Quercus_robur,False,513,0.0,persistente,,0.115,ifn_2010
95267,Quercus_robur,False,338,0.0,evento,2022.0,0.221,desconocida
95268,Pinus_pinaster,True,109,0.0,persistente,,0.012,ifn_2010
95269,Castanea_sativa,False,872,2.065,persistente,,0.026,ifn_2010
95270,Castanea_sativa,False,366,1.225,persistente,,0.132,ifn_2010
95271,Castanea_sativa,False,1678,2.864,persistente,,0.023,ifn_2010
95272,Castanea_sativa,False,827,0.0,persistente,,0.017,ifn_2010
95273,Castanea_sativa,False,692,3.024,persistente,,0.045,ifn_2010
95274,Castanea_sativa,False,1587,6.052,persistente,,0.07,ifn_2010
95275,Quercus_robur,False,0,0.0,sin_dato,,,sin_serie
95276,Quercus_robur,False,312,0.0,persistente,,0.04,ifn_2010
95277,Quercus_robur,False,276,0.0,persistente,,0.086,ifn_2010
95278,Quercus_robur,False,180,0.0,persistente,,0.077,ifn_2010
95279,Quercus_robur,False,184,0.0,persistente,,0.043,ifn_2010
95280,Pinus_pinaster,True,657,0.0,persistente,,0.071,ifn_2010
95281,Pinus_pinaster,True,359,0.0,evento,2026.0,0.253,desconocida
95282,Pinus_pinaster,True,151,0.0,evento,2026.0,0.26,desconocida
95283,Alnus_glutinosa,False,774,0.096,persistente,,0.014,ifn_2010
95284,Quercus_robur,False,213,0.0,persistente,,0.015,ifn_2010
95285,Pinus_pinaster,True,231,0.0,persistente,,0.213,ifn_2010
95286,Quercus_robur,False,829,0.0,persistente,,0.034,ifn_2010
95287,Pinus_pinaster,True,289,0.0,evento,2020.0,0.254,desconocida
95288,Quercus_robur,False,1197,0.0,persistente,,0.042,ifn_2010
95289,Pinus_pinaster,True,769,0.0,evento,2026.0,0.181,desconocida
95292,Pinus_pinaster,True,259,0.0,persistente,,0.038,ifn_2010
95293,Pinus_pinaster,True,309,0.0,persistente,,0.068,ifn_2010
95294,Quercus_robur,False,5363,7.364,persistente,,0.01,ifn_2010
95295,Eucalyptus_globulus,True,258,0.0,persistente,,0.152,ifn_2010
95296,Pinus_pinaster,True,3770,0.563,persistente,,0.081,ifn_2010
95297,Pinus_pinaster,True,13121,0.0,persistente,,0.029,ifn_2010
95298,Pinus_pinaster,True,17894,0.0,persistente,,0.025,ifn_2010
95299,Pinus_pinaster,True,6747,0.0,persistente,,0.031,ifn_2010
95300,Quercus_robur,False,196,0.0,persistente,,0.012,ifn_2010
95302,Pinus_pinaster,True,539,0.0,persistente,,0.085,ifn_2010
95303,Pinus_pinaster,True,202,0.0,persistente,,0.039,ifn_2010
95304,Pinus_pinaster,True,246,0.163,persistente,,0.031,ifn_2010
95305,Pinus_pinaster,True,202,0.288,persistente,,0.143,ifn_2010
95306,Pinus_pinaster,True,382,0.334,persistente,,0.082,ifn_2010
95307,Pinus_pinaster,True,286,0.406,persistente,,0.059,ifn_2010
95308,Pinus_pinaster,True,293,1.187,persistente,,0.068,ifn_2010
95309,Quercus_robur,False,1348,0.15,persistente,,0.034,ifn_2010
95310,Eucalyptus_globulus,True,363,0.055,persistente,,0.02,ifn_2010
95311,Quercus_robur,False,687,0.534,persistente,,0.017,ifn_2010
95312,Quercus_robur,False,570,0.0,persistente,,0.015,ifn_2010
95313,Quercus_robur,False,197,1.143,persistente,,0.058,ifn_2010
95314,Pinus_pinaster,True,351,0.657,persistente,,0.125,ifn_2010
95315,Pinus_pinaster,True,400,0.208,persistente,,0.034,ifn_2010
95316,Pinus_pinaster,True,165,0.366,persistente,,0.025,ifn_2010
95317,Pinus_pinaster,True,267,0.175,persistente,,0.055,ifn_2010
95318,Pinus_pinaster,True,101,0.0,persistente,,0.06,ifn_2010
95319,Quercus_suber,False,1184,0.0,persistente,,0.022,ifn_2010
95320,Quercus_robur,False,182,0.0,persistente,,0.019,ifn_2010
95321,Quercus_robur,False,396,0.0,persistente,,0.068,ifn_2010
95322,Pinus_radiata,True,168,0.0,evento,2026.0,0.341,desconocida
95323,Pinus_radiata,True,772,0.0,evento,2026.0,0.313,desconocida
95324,Quercus_robur,False,369,0.0,persistente,,0.023,ifn_2010
95325,Pinus_pinaster,True,104,0.0,persistente,,0.059,ifn_2010
95326,Quercus_robur,False,99,0.0,persistente,,0.045,ifn_2010
95327,Castanea_sativa,False,145,0.05,persistente,,0.056,ifn_2010
95328,Quercus_robur,False,276,0.0,persistente,,0.023,ifn_2010
95329,Quercus_robur,False,0,0.0,sin_dato,,,sin_serie
95330,Quercus_robur,False,0,0.0,sin_dato,,,sin_serie
95331,Quercus_robur,False,0,0.0,sin_dato,,,sin_serie
95332,Quercus_robur,False,0,0.0,sin_dato,,,sin_serie
95333,Quercus_robur,False,1116,0.0,persistente,,0.032,ifn_2010
95334,Quercus_robur,False,655,0.0,persistente,,0.037,ifn_2010
95335,Quercus_robur,False,203,0.0,persistente,,0.044,ifn_2010
95336,Quercus_robur,False,754,0.0,persistente,,0.045,ifn_2010
95337,Quercus_robur,False,16739,0.0,persistente,,0.108,ifn_2010
95338,Pinus_pinaster,True,765,0.0,persistente,,0.034,ifn_2010
95339,Pinus_pinaster,True,449,0.0,persistente,,0.091,ifn_2010
95340,Pinus_pinaster,True,10036,7.438,persistente,,0.031,ifn_2010
95341,Pinus_pinaster,True,4257,1.121,persistente,,0.091,ifn_2010
95342,Quercus_robur,False,56,0.0,persistente,,0.031,ifn_2010
95343,Quercus_robur,False,477,0.103,persistente,,0.015,ifn_2010
95344,Eucalyptus_globulus,True,111,0.0,persistente,,0.032,ifn_2010
95345,Pinus_pinaster,True,184,0.0,persistente,,0.035,ifn_2010
95346,Quercus_robur,False,1029,0.0,persistente,,0.126,ifn_2010
95347,Pseudotsuga_menziesii,True,667,0.0,persistente,,0.092,ifn_2010
95348,Pinus_pinaster,True,333,0.0,persistente,,0.019,ifn_2010
95349,Quercus_robur,False,691,0.0,persistente,,0.07,ifn_2010
95350,Castanea_sativa,False,629,0.0,persistente,,0.015,ifn_2010
95351,Quercus_robur,False,323,0.327,persistente,,0.168,ifn_2010
95352,Quercus_robur,False,1065,0.0,persistente,,0.051,ifn_2010
95353,Quercus_robur,False,216,0.0,persistente,,0.009,ifn_2010
95354,Quercus_robur,False,724,0.0,persistente,,0.013,ifn_2010
95355,Betula_alba,False,321,0.0,persistente,,0.015,ifn_2010
95356,Quercus_robur,False,1226,0.06,persistente,,0.018,ifn_2010
95357,Quercus_robur,False,2813,3.601,persistente,,0.018,ifn_2010
95358,Quercus_robur,False,1571,0.36,persistente,,0.008,ifn_2010
95359,Quercus_robur,False,966,0.896,persistente,,0.043,ifn_2010
95360,Betula_alba,False,356,0.0,persistente,,0.031,ifn_2010
95361,Quercus_robur,False,2414,0.0,persistente,,0.017,ifn_2010
95362,Pinus_pinaster,True,2173,0.0,persistente,,0.012,ifn_2010
95363,Quercus_robur,False,23254,1.767,persistente,,0.025,ifn_2010
95364,Pinus_pinaster,True,3463,2.744,persistente,,0.038,ifn_2010
95365,Castanea_sativa,False,16977,3.117,persistente,,0.019,ifn_2010
95366,Quercus_robur,False,1773,1.078,persistente,,0.013,ifn_2010
95367,Alnus_glutinosa,False,1876,2.994,persistente,,0.025,ifn_2010
95368,Quercus_robur,False,3137,0.397,persistente,,0.015,ifn_2010
95369,Castanea_sativa,False,545,0.0,persistente,,0.017,ifn_2010
95370,Quercus_robur,False,136,0.195,persistente,,0.019,ifn_2010
95371,Betula_alba,False,584,0.0,persistente,,0.032,ifn_2010
95372,Pinus_pinaster,True,519,0.0,persistente,,0.02,ifn_2010
95373,Pinus_pinaster,True,801,0.0,persistente,,0.023,ifn_2010
95374,Quercus_robur,False,768,0.469,persistente,,0.015,ifn_2010
95375,Quercus_robur,False,1162,0.0,persistente,,0.026,ifn_2010
95376,Eucalyptus_globulus,True,187,0.0,evento,2018.0,0.35,prohibida_rebrote
95377,Quercus_robur,False,1708,0.0,persistente,,0.008,ifn_2010
95378,Pinus_pinaster,True,352,0.0,persistente,,0.031,ifn_2010
95379,Pinus_pinaster,True,632,0.0,evento,2019.0,0.256,desconocida
95380,Pinus_pinaster,True,124,0.0,persistente,,0.07,ifn_2010
95381,Eucalyptus_nitens,True,170,0.0,persistente,,0.184,ifn_2010
95382,Quercus_robur,False,1830,0.0,persistente,,0.088,ifn_2010
95383,Quercus_robur,False,752,0.0,persistente,,0.143,ifn_2010
95384,Pinus_pinaster,True,2292,0.0,persistente,,0.101,ifn_2010
95385,Pinus_pinaster,True,4039,0.0,persistente,,0.016,ifn_2010
95386,Betula_alba,False,102,0.0,persistente,,0.046,ifn_2010
95387,Alnus_glutinosa,False,160,0.0,persistente,,0.099,ifn_2010
95388,Betula_alba,False,107,0.0,persistente,,0.046,ifn_2010
95389,Pinus_pinaster,True,4010,0.0,persistente,,0.055,ifn_2010
95390,Pinus_pinaster,True,1135,0.0,persistente,,0.036,ifn_2010
95391,Quercus_robur,False,1499,0.007,persistente,,0.056,ifn_2010
95392,Pinus_pinaster,True,2273,0.731,persistente,,0.065,ifn_2010
95393,Pinus_pinaster,True,12250,1.459,persistente,,0.021,ifn_2010
95394,Pinus_pinaster,True,307,1.295,evento,2020.0,0.249,desconocida
95395,Pinus_pinaster,True,137,0.0,persistente,,0.096,ifn_2010
95396,Pinus_pinaster,True,109,0.0,evento,2018.0,0.365,desconocida
95397,Pinus_radiata,True,123,0.0,persistente,,0.053,ifn_2010
95398,Quercus_suber,False,406,0.0,persistente,,0.065,ifn_2010
95399,Quercus_robur,False,4533,0.604,persistente,,0.036,ifn_2010
95400,Pinus_pinaster,True,488,0.699,persistente,,0.041,ifn_2010
95401,Pinus_pinaster,True,11683,6.178,persistente,,0.026,ifn_2010
95402,Pinus_radiata,True,42,0.0,persistente,,0.056,ifn_2010
95403,Pinus_pinaster,True,1726,0.001,persistente,,0.049,ifn_2010
95404,Pinus_pinaster,True,844,0.0,persistente,,0.049,ifn_2010
95405,Quercus_robur,False,403,1.227,persistente,,0.074,ifn_2010
95406,Pinus_pinaster,True,496,0.0,persistente,,0.073,ifn_2010
95407,Pinus_radiata,True,673,0.0,persistente,,0.067,ifn_2010
95408,Quercus_pyrenaica,False,155,0.0,persistente,,0.044,ifn_2010
95409,Quercus_pyrenaica,False,419,0.0,persistente,,0.085,ifn_2010
95410,Quercus_pyrenaica,False,471,0.0,persistente,,0.052,ifn_2010
95411,Quercus_robur,False,785,0.0,persistente,,0.026,ifn_2010
95412,Pinus_pinaster,True,1093,0.0,persistente,,0.034,ifn_2010
95413,Pinus_pinaster,True,1604,0.0,persistente,,0.041,ifn_2010
95414,Quercus_robur,False,246,0.843,persistente,,0.036,ifn_2010
95415,Quercus_robur,False,800,0.01,persistente,,0.023,ifn_2010
95416,Quercus_robur,False,324,0.468,persistente,,0.01,ifn_2010
95417,Castanea_sativa,False,744,0.0,persistente,,0.018,ifn_2010
95418,Pinus_pinaster,True,2127,0.162,persistente,,0.025,ifn_2010
95419,Castanea_sativa,False,147,0.0,persistente,,0.088,ifn_2010
95420,Quercus_suber,False,100,0.0,persistente,,0.019,ifn_2010
95421,Pinus_pinaster,True,209,0.0,persistente,,0.085,ifn_2010
95422,Quercus_suber,False,371,0.0,persistente,,0.068,ifn_2010
95423,Pinus_pinaster,True,450,0.0,persistente,,0.021,ifn_2010
95424,Eucalyptus_globulus,True,126,0.0,evento,2018.0,0.244,prohibida_rebrote
95425,Betula_alba,False,307,0.0,persistente,,0.194,ifn_2010
95426,Quercus_robur,False,160,0.0,persistente,,0.027,ifn_2010
95427,Quercus_pyrenaica,False,307,0.0,persistente,,0.152,ifn_2010
95428,Quercus_robur,False,925,0.0,persistente,,0.062,ifn_2010
95429,Pinus_pinaster,True,235,0.0,persistente,,0.052,ifn_2010
95430,Pinus_radiata,True,109,0.0,persistente,,0.056,ifn_2010
95431,Quercus_robur,False,186,0.0,persistente,,0.247,ifn_2010
95432,Betula_alba,False,109,0.0,persistente,,0.146,ifn_2010
95433,Quercus_robur,False,191,0.0,persistente,,0.023,ifn_2010
95434,Quercus_robur,False,109,0.0,evento,2019.0,0.308,desconocida
95435,Pinus_pinaster,True,109,0.0,persistente,,0.016,ifn_2010
95436,Quercus_pyrenaica,False,2390,0.0,persistente,,0.038,ifn_2010
95437,Quercus_robur,False,0,0.0,sin_dato,,,sin_serie
95438,Betula_alba,False,130,0.0,persistente,,0.043,ifn_2010
95439,Pinus_pinaster,True,1149,0.0,persistente,,0.021,ifn_2010
95440,Quercus_robur,False,998,0.327,persistente,,0.016,ifn_2010
95441,Pinus_pinaster,True,103,0.0,persistente,,0.143,ifn_2010
95442,Castanea_sativa,False,247,0.0,persistente,,0.019,ifn_2010
95443,Pinus_pinaster,True,983,0.0,persistente,,0.018,ifn_2010
95444,Quercus_robur,False,167,0.846,persistente,,0.043,ifn_2010
95445,Quercus_robur,False,565,1.024,persistente,,0.034,ifn_2010
95446,Pinus_radiata,True,285,0.416,persistente,,0.025,ifn_2010
95447,Betula_alba,False,0,0.0,sin_dato,,,sin_serie
95450,Quercus_robur,False,0,0.0,sin_dato,,,sin_serie
95451,Pinus_radiata,True,329,0.0,persistente,,0.04,ifn_2010
95452,Betula_alba,False,101,0.0,evento,2021.0,0.217,desconocida
95453,Pinus_pinaster,True,226,0.0,persistente,,0.022,ifn_2010
95454,Quercus_robur,False,286,0.0,persistente,,0.097,ifn_2010
95455,Salix_atrocinerea,False,101,0.004,persistente,,0.034,ifn_2010
95456,Pinus_pinaster,True,312,0.0,persistente,,0.027,ifn_2010
95457,Pinus_pinaster,True,1542,0.0,persistente,,0.09,ifn_2010
95458,Salix_spp,False,3656,0.0,persistente,,0.023,ifn_2010
95459,Castanea_sativa,False,2661,0.0,persistente,,0.051,ifn_2010
95460,Salix_caprea,False,3173,3.6,persistente,,0.044,ifn_2010
95461,Pinus_pinaster,True,5855,6.085,persistente,,0.041,ifn_2010
95462,Eucalyptus_globulus,True,197,0.046,persistente,,0.137,ifn_2010
95463,Quercus_robur,False,5097,1.732,persistente,,0.026,ifn_2010
95464,Quercus_robur,False,168,0.0,persistente,,0.033,ifn_2010
95465,Quercus_robur,False,166,0.0,persistente,,0.022,ifn_2010
95466,Castanea_sativa,False,574,0.934,persistente,,0.04,ifn_2010
95467,Pinus_pinaster,True,1333,0.203,persistente,,0.13,ifn_2010
95468,Pinus_pinaster,True,446,0.0,persistente,,0.176,ifn_2010
95469,Betula_alba,False,125,0.0,persistente,,0.048,ifn_2010
95470,Betula_alba,False,109,0.0,persistente,,0.03,ifn_2010
95471,Quercus_robur,False,15587,3.051,persistente,,0.014,ifn_2010
95472,Eucalyptus_globulus,True,115,0.0,evento,2019.0,0.282,prohibida_rebrote
95474,Eucalyptus_globulus,True,468,0.0,persistente,,0.086,ifn_2010
95475,Castanea_sativa,False,376,0.34,persistente,,0.04,ifn_2010
95476,Quercus_robur,False,245,0.0,persistente,,0.097,ifn_2010
95477,Pinus_pinaster,True,1834,0.0,persistente,,0.144,ifn_2010
95478,Quercus_robur,False,1563,0.0,persistente,,0.035,ifn_2010
95479,Pinus_pinaster,True,160,0.0,persistente,,0.085,ifn_2010
95480,Quercus_robur,False,205,0.0,persistente,,0.037,ifn_2010
95481,Betula_alba,False,304,0.0,evento,2018.0,0.569,desconocida
95482,Pinus_pinaster,True,802,0.0,persistente,,0.012,ifn_2010
95483,Pinus_pinaster,True,161,0.0,evento,2026.0,0.354,desconocida
95484,Quercus_robur,False,723,0.0,persistente,,0.047,ifn_2010
95485,Castanea_sativa,False,871,4.532,persistente,,0.036,ifn_2010
95486,Pinus_pinaster,True,534,0.0,persistente,,0.021,ifn_2010
95487,Pinus_pinaster,True,12433,0.008,persistente,,0.019,ifn_2010
95488,Pinus_pinaster,True,1721,0.0,persistente,,0.096,ifn_2010
95489,Pseudotsuga_menziesii,True,3163,0.0,persistente,,0.033,ifn_2010
95490,Quercus_robur,False,19696,0.0,persistente,,0.036,ifn_2010
95491,Salix_caprea,False,3705,0.0,persistente,,0.026,ifn_2010
95492,Quercus_robur,False,3364,0.0,persistente,,0.045,ifn_2010
95493,Pinus_pinaster,True,5425,3.421,persistente,,0.014,ifn_2010
95494,Quercus_robur,False,2651,0.0,persistente,,0.017,ifn_2010
95495,Pinus_pinaster,True,4767,0.801,persistente,,0.062,ifn_2010
95496,Quercus_pyrenaica,False,1196,0.0,persistente,,0.021,ifn_2010
95497,Betula_alba,False,2452,0.496,persistente,,0.017,ifn_2010
95498,Quercus_robur,False,1802,0.322,persistente,,0.024,ifn_2010
95499,Salix_caprea,False,1208,0.0,persistente,,0.025,ifn_2010
95500,Quercus_robur,False,792,0.0,persistente,,0.059,ifn_2010
95501,Eucalyptus_globulus,True,259,0.0,persistente,,0.133,ifn_2010
95502,Pinus_pinaster,True,3404,0.0,persistente,,0.05,ifn_2010
95503,Pinus_radiata,True,623,0.0,persistente,,0.074,ifn_2010
95504,Pinus_pinaster,True,299,0.0,persistente,,0.017,ifn_2010
95505,Quercus_robur,False,0,0.0,sin_dato,,,sin_serie
95506,Quercus_robur,False,18171,30.959,persistente,,0.074,ifn_2010
95507,Pinus_pinaster,True,878,0.0,persistente,,0.196,ifn_2010
95508,Pinus_pinaster,True,5624,4.975,persistente,,0.186,ifn_2010
95509,Eucalyptus_globulus,True,2909,0.0,persistente,,0.136,ifn_2010
95510,Eucalyptus_globulus,True,7929,4.047,evento,2018.0,0.316,prohibida_rebrote
95511,Pinus_radiata,True,2691,0.0,evento,2018.0,0.343,desconocida
95512,Pinus_pinaster,True,6875,0.0,evento,2018.0,0.301,desconocida
95513,Pinus_pinaster,True,6926,2.333,persistente,,0.206,ifn_2010
95514,Quercus_robur,False,1045,0.0,persistente,,0.2,ifn_2010
95515,Pinus_pinaster,True,19124,28.826,persistente,,0.168,ifn_2010
95516,Eucalyptus_globulus,True,5330,0.0,persistente,,0.171,ifn_2010
95517,Eucalyptus_globulus,True,4930,3.798,persistente,,0.085,ifn_2010
95518,Eucalyptus_globulus,True,6618,0.872,persistente,,0.049,ifn_2010
95519,Eucalyptus_globulus,True,178,0.755,persistente,,0.046,ifn_2010
95520,Eucalyptus_globulus,True,5051,8.229,persistente,,0.012,ifn_2010
95521,Eucalyptus_globulus,True,10039,0.0,persistente,,0.041,ifn_2010
95522,Eucalyptus_globulus,True,5214,0.179,persistente,,0.049,ifn_2010
95523,Eucalyptus_globulus,True,4302,0.242,persistente,,0.17,ifn_2010
95524,Quercus_robur,False,13330,0.848,persistente,,0.019,ifn_2010
95525,Eucalyptus_globulus,True,26028,6.109,persistente,,0.025,ifn_2010
95526,Quercus_robur,False,5270,0.016,persistente,,0.015,ifn_2010
95527,Pinus_pinaster,True,4430,0.0,evento,2019.0,0.27,desconocida
95528,Eucalyptus_globulus,True,16089,9.703,persistente,,0.016,ifn_2010
95529,Eucalyptus_globulus,True,15256,7.174,persistente,,0.017,ifn_2010
95530,Quercus_robur,False,14476,2.403,persistente,,0.007,ifn_2010
95531,Alnus_glutinosa,False,5203,4.61,persistente,,0.008,ifn_2010
95532,Eucalyptus_globulus,True,15976,8.75,persistente,,0.023,ifn_2010
95533,Eucalyptus_globulus,True,8238,11.305,persistente,,0.039,ifn_2010
95534,Quercus_robur,False,648,1.734,persistente,,0.066,ifn_2010
95535,Eucalyptus_globulus,True,20910,17.032,persistente,,0.036,ifn_2010
95536,Eucalyptus_globulus,True,3030,6.848,persistente,,0.051,ifn_2010
95537,Pinus_pinaster,True,4532,5.863,persistente,,0.025,ifn_2010
95538,Alnus_glutinosa,False,17160,10.98,persistente,,0.018,ifn_2010
95539,Quercus_robur,False,543,0.288,persistente,,0.014,ifn_2010
95540,Quercus_robur,False,10996,4.745,persistente,,0.017,ifn_2010
95541,Quercus_robur,False,21906,2.212,persistente,,0.022,ifn_2010
95542,Pinus_pinaster,True,302,0.0,evento,2023.0,0.21,desconocida
95543,Pinus_pinaster,True,1151,0.0,persistente,,0.089,ifn_2010
95544,Eucalyptus_globulus,True,1470,6.039,persistente,,0.042,ifn_2010
95545,Pinus_pinaster,True,2046,0.0,persistente,,0.125,ifn_2010
95546,Eucalyptus_globulus,True,13750,0.0,persistente,,0.034,ifn_2010
95547,Quercus_robur,False,1958,4.272,persistente,,0.016,ifn_2010
95548,Quercus_robur,False,9970,13.252,persistente,,0.026,ifn_2010
95549,Quercus_robur,False,2270,3.473,persistente,,0.018,ifn_2010
95550,Eucalyptus_globulus,True,5151,0.887,evento,2021.0,0.348,prohibida_rebrote
95551,Pinus_pinaster,True,28844,20.362,persistente,,0.055,ifn_2010
95552,Quercus_robur,False,14370,9.831,persistente,,0.019,ifn_2010
95553,Quercus_robur,False,3112,2.438,persistente,,0.023,ifn_2010
95554,Eucalyptus_globulus,True,1419,0.719,persistente,,0.186,ifn_2010
95555,Pinus_pinaster,True,6824,8.528,persistente,,0.022,ifn_2010
95556,Pinus_pinaster,True,13510,8.546,persistente,,0.014,ifn_2010
95557,Pinus_pinaster,True,21593,14.974,persistente,,0.021,ifn_2010
95558,Quercus_robur,False,14112,4.993,persistente,,0.016,ifn_2010
95559,Quercus_robur,False,7788,3.352,persistente,,0.028,ifn_2010
95560,Eucalyptus_globulus,True,31322,21.137,persistente,,0.154,ifn_2010
95561,Eucalyptus_globulus,True,94747,0.0,persistente,,0.044,ifn_2010
95562,Eucalyptus_globulus,True,51003,6.308,persistente,,0.035,ifn_2010
95563,Eucalyptus_globulus,True,252,0.001,persistente,,0.165,ifn_2010
95564,Eucalyptus_globulus,True,90156,36.785,persistente,,0.025,ifn_2010
95565,Eucalyptus_globulus,True,4028,0.0,evento,2024.0,0.237,prohibida_rebrote
95566,Pinus_pinaster,True,1316,0.0,persistente,,0.169,ifn_2010
95567,Eucalyptus_globulus,True,30166,8.464,persistente,,0.012,ifn_2010
95568,Eucalyptus_globulus,True,3458,0.0,persistente,,0.049,ifn_2010
95569,Eucalyptus_globulus,True,5668,0.0,persistente,,0.096,ifn_2010
95570,Quercus_robur,False,564,1.769,persistente,,0.019,ifn_2010
95571,Quercus_robur,False,13395,9.489,persistente,,0.021,ifn_2010
95572,Eucalyptus_globulus,True,46200,30.509,persistente,,0.013,ifn_2010
95573,Eucalyptus_globulus,True,2972,0.0,persistente,,0.036,ifn_2010
95574,Quercus_robur,False,27702,9.817,persistente,,0.022,ifn_2010
95575,Quercus_robur,False,40554,22.234,persistente,,0.007,ifn_2010
95576,Pinus_radiata,True,2904,0.0,persistente,,0.125,ifn_2010
95577,Quercus_robur,False,9427,4.204,persistente,,0.021,ifn_2010
95578,Pinus_pinaster,True,5244,0.26,persistente,,0.066,ifn_2010
95579,Quercus_robur,False,5891,3.189,persistente,,0.016,ifn_2010
95580,Pinus_pinaster,True,147,0.024,persistente,,0.176,ifn_2010
95581,Quercus_robur,False,3078,1.006,persistente,,0.013,ifn_2010
95582,Pinus_pinaster,True,7875,2.419,persistente,,0.045,ifn_2010
95583,Eucalyptus_globulus,True,9136,7.115,persistente,,0.027,ifn_2010
95584,Pinus_pinaster,True,11447,6.217,persistente,,0.029,ifn_2010
95585,Pinus_pinaster,True,2430,3.356,persistente,,0.018,ifn_2010
95586,Pinus_pinaster,True,7764,0.0,persistente,,0.086,ifn_2010
95587,Quercus_robur,False,956,0.0,persistente,,0.032,ifn_2010
95588,Quercus_robur,False,1545,0.36,persistente,,0.077,ifn_2010
95589,Quercus_robur,False,4341,0.836,persistente,,0.012,ifn_2010
95590,Quercus_robur,False,42570,10.996,persistente,,0.006,ifn_2010
95591,Pinus_pinaster,True,1709,0.351,persistente,,0.027,ifn_2010
95592,Pinus_pinaster,True,292,0.0,persistente,,0.013,ifn_2010
95593,Quercus_robur,False,53137,12.943,persistente,,0.009,ifn_2010
95594,Quercus_robur,False,9695,1.775,persistente,,0.027,ifn_2010
95595,Eucalyptus_globulus,True,42931,7.362,persistente,,0.012,ifn_2010
95596,Quercus_robur,False,28310,7.927,persistente,,0.01,ifn_2010
95597,Eucalyptus_globulus,True,2123,0.0,persistente,,0.068,ifn_2010
95598,Pinus_pinaster,True,772,0.0,persistente,,0.072,ifn_2010
95599,Quercus_robur,False,26096,4.734,persistente,,0.013,ifn_2010
95600,Eucalyptus_globulus,True,784,0.0,persistente,,0.063,ifn_2010
95601,Eucalyptus_globulus,True,2689,0.423,persistente,,0.014,ifn_2010
95602,Eucalyptus_globulus,True,323,0.0,evento,2026.0,0.216,prohibida_rebrote
95603,Eucalyptus_globulus,True,12427,1.991,persistente,,0.02,ifn_2010
95604,Alnus_glutinosa,False,11336,0.397,persistente,,0.028,ifn_2010
95605,Pinus_pinaster,True,14371,18.196,persistente,,0.02,ifn_2010
95606,Pinus_pinaster,True,9842,14.695,persistente,,0.032,ifn_2010
95607,Alnus_glutinosa,False,782,0.321,persistente,,0.025,ifn_2010
95608,Pinus_pinaster,True,2417,7.167,persistente,,0.021,ifn_2010
95609,Alnus_glutinosa,False,292,0.36,persistente,,0.053,ifn_2010
95610,Quercus_robur,False,844,0.0,persistente,,0.015,ifn_2010
95611,Quercus_robur,False,3866,2.009,persistente,,0.013,ifn_2010
95612,Quercus_robur,False,451,0.0,persistente,,0.025,ifn_2010
95613,Quercus_robur,False,1975,0.739,persistente,,0.017,ifn_2010
95614,Alnus_glutinosa,False,719,0.0,persistente,,0.026,ifn_2010
95615,Alnus_glutinosa,False,432,0.637,persistente,,0.023,ifn_2010
95616,Alnus_glutinosa,False,9,0.0,persistente,,0.078,ifn_2010
95617,Alnus_glutinosa,False,133,0.0,persistente,,0.027,ifn_2010
95618,Alnus_glutinosa,False,34,0.0,persistente,,0.037,ifn_2010
95619,Alnus_glutinosa,False,337,0.0,persistente,,0.013,ifn_2010
95620,Alnus_glutinosa,False,9,0.0,persistente,,0.209,ifn_2010
95621,Alnus_glutinosa,False,68,0.0,persistente,,0.044,ifn_2010
95622,Alnus_glutinosa,False,12,0.0,persistente,,0.009,ifn_2010
95623,Alnus_glutinosa,False,224,0.0,persistente,,0.021,ifn_2010
95624,Alnus_glutinosa,False,892,0.096,persistente,,0.025,ifn_2010
95625,Pinus_pinaster,True,1,0.0,sin_dato,,,sin_serie
95626,Eucalyptus_globulus,True,652,0.581,persistente,,0.023,ifn_2010
95627,Eucalyptus_globulus,True,514,0.817,persistente,,0.108,ifn_2010
95628,Quercus_robur,False,286,0.932,persistente,,0.025,ifn_2010
95629,Pinus_pinaster,True,206,0.508,persistente,,0.108,ifn_2010
95630,Quercus_robur,False,1603,2.61,persistente,,0.027,ifn_2010
