nw_x,nw_y,ha_illadas,ha_nucleos,ha_faixa,NOMECONCEL,PARROQUIA,n_parroquias,bloque
555,4793,33.651683318600234,15.005698294541439,48.65738161314167,Cambre,Bribes (San Cibrán),4,PNOA-2024-GAL-555-4793-H29-NPC01.LAZ
552,4792,41.34141609804496,7.2216064010761585,48.56302249912112,Cambre,Anceis (San Xoán),1,PNOA-2024-GAL-552-4792-H29-NPC01.LAZ
551,4790,32.26159925804645,11.926012415381994,44.18761167342845,Cambre,Anceis (San Xoán),4,PNOA-2024-GAL-551-4790-H29-NPC01.LAZ
551,4791,20.96746053885349,22.78883676196586,43.756297300819355,Cambre,Anceis (San Xoán),2,PNOA-2024-GAL-551-4791-H29-NPC01.LAZ
555,4792,28.247976594217555,15.164367668508183,43.41234426272574,Cambre,Brexo (San Paio),2,PNOA-2024-GAL-555-4792-H29-NPC01.LAZ
516,4727,17.53202379885313,25.319709346883762,42.85173314573689,Rianxo,O Araño (Santa Baia),1,PNOA-2024-GAL-516-4727-H29-NPC01.LAZ
538,4751,17.33686365720412,25.430570111613484,42.767433768817604,Santiago de Compostela,San Caetano (Santiago),2,PNOA-2024-GAL-538-4751-H29-NPC01.LAZ
550,4793,34.46107507729938,7.728038166932196,42.18911324423157,Culleredo,Culleredo (Santo Estevo),3,PNOA-2024-GAL-550-4793-H29-NPC01.LAZ
564,4793,23.02225309183901,18.51242542618201,41.53467851802102,Betanzos,Tiobre (San Martiño),2,PNOA-2024-GAL-564-4793-H29-NPC01.LAZ
564,4794,19.75544120029599,21.720739245809984,41.47618044610597,Betanzos,Tiobre (San Martiño),1,PNOA-2024-GAL-564-4794-H29-NPC01.LAZ
551,4792,26.346492954109795,14.843599389757596,41.19009234386739,Cambre,Anceis (San Xoán),3,PNOA-2024-GAL-551-4792-H29-NPC01.LAZ
515,4722,26.07881479649302,15.057045699181725,41.13586049567475,Rianxo,Rianxo (Santa Comba),2,PNOA-2024-GAL-515-4722-H29-NPC01.LAZ
570,4818,32.46829362938237,8.371968395167404,40.84026202454977,Neda,Santa María de Neda (Santa María),1,PNOA-2024-GAL-570-4818-H29-NPC01.LAZ
556,4792,20.66729367262423,19.972827670970187,40.640121343594416,Cambre,Bribes (San Cibrán),1,PNOA-2024-GAL-556-4792-H29-NPC01.LAZ
554,4792,24.815898149361946,15.770572288885177,40.58647043824712,Cambre,Brexo (San Paio),3,PNOA-2024-GAL-554-4792-H29-NPC01.LAZ
550,4792,25.80479421085609,14.334789344820114,40.139583555676204,Cambre,Sigrás (Santiago),4,PNOA-2024-GAL-550-4792-H29-NPC01.LAZ
552,4793,25.617942274140674,14.040766166515532,39.658708440656206,Cambre,Anceis (San Xoán),4,PNOA-2024-GAL-552-4793-H29-NPC01.LAZ
550,4794,16.513656726028657,22.314741411272376,38.828398137301036,Culleredo,Culleredo (Santo Estevo),3,PNOA-2024-GAL-550-4794-H29-NPC01.LAZ
518,4723,22.74859357093572,15.847710575740878,38.5963041466766,Rianxo,Leiro (Santa María),1,PNOA-2024-GAL-518-4723-H29-NPC01.LAZ
532,4734,9.476885855165206,29.075230508911662,38.552116364076866,Padrón,Carcacia (San Pedro),1,PNOA-2024-GAL-532-4734-H29-NPC01.LAZ
552,4791,30.61042894689506,7.918724369489504,38.529153316384566,Cambre,Anceis (San Xoán),4,PNOA-2024-GAL-552-4791-H29-NPC01.LAZ
552,4794,24.233921815142832,14.087768206119257,38.321690021262086,Cambre,Cambre (Santa María),2,PNOA-2024-GAL-552-4794-H29-NPC01.LAZ
592,4835,18.873648510647698,19.28580332681297,38.159451837460665,Ortigueira,Senra (San Xulián),3,PNOA-2024-GAL-592-4835-H29-NPC01.LAZ
552,4795,20.78457535345783,17.31417788466678,38.09875323812461,Cambre,Cambre (Santa María),3,PNOA-2024-GAL-552-4795-H29-NPC01.LAZ
568,4817,12.669054004760271,25.346538612736413,38.01559261749669,Neda,Santa María de Neda (Santa María),2,PNOA-2024-GAL-568-4817-H29-NPC01.LAZ
557,4786,0.0,37.384621345590524,37.384621345590524,Abegondo,Abegondo (Santaia),1,PNOA-2024-GAL-557-4786-H29-NPC01.LAZ
554,4793,19.180051890054646,17.899417513734583,37.07946940378923,Cambre,Brexo (San Paio),3,PNOA-2024-GAL-554-4793-H29-NPC01.LAZ
555,4794,26.732562777623123,9.778087948106359,36.510650725729484,Cambre,Pravio (San Xoán),4,PNOA-2024-GAL-555-4794-H29-NPC01.LAZ
553,4792,26.386232711965167,10.015532141791416,36.40176485375658,Cambre,Meixigo (San Lourenzo),3,PNOA-2024-GAL-553-4792-H29-NPC01.LAZ
554,4794,20.6581302380246,15.468483562737104,36.1266138007617,Cambre,Cela (San Xulián),2,PNOA-2024-GAL-554-4794-H29-NPC01.LAZ
517,4726,13.230524411166506,22.836372216965472,36.06689662813198,Rianxo,Asados (Santa María),2,PNOA-2024-GAL-517-4726-H29-NPC01.LAZ
541,4796,17.68158349788362,18.348507361248238,36.03009085913186,Arteixo,Arteixo (Santiago),3,PNOA-2024-GAL-541-4796-H29-NPC01.LAZ
576,4836,15.689600032218141,20.09452371828255,35.78412375050069,Cedeira,Cedeira (Santa María do Mar),2,PNOA-2024-GAL-576-4836-H29-NPC01.LAZ
517,4725,14.372406488006073,21.27395976553224,35.64636625353831,Rianxo,Asados (Santa María),1,PNOA-2024-GAL-517-4725-H29-NPC01.LAZ
536,4749,8.378016419672592,27.250415800080006,35.6284322197526,Santiago de Compostela,Vista Alegre (San Xoán),3,PNOA-2024-GAL-536-4749-H29-NPC01.LAZ
529,4740,19.628868356941055,15.843923812499327,35.47279216944038,Rois,Ribasar (Santa María),2,PNOA-2024-GAL-529-4740-H29-NPC01.LAZ
516,4722,21.214231005816853,14.104387388547096,35.31861839436395,Rianxo,Leiro (Santa María),2,PNOA-2024-GAL-516-4722-H29-NPC01.LAZ
548,4797,17.647054593230983,17.364183240543255,35.01123783377424,Culleredo,Rutis (Santa María),2,PNOA-2024-GAL-548-4797-H29-NPC01.LAZ
590,4835,20.235185612363995,14.548581037657524,34.78376665002152,Ortigueira,San Claudio (Santa María),1,PNOA-2024-GAL-590-4835-H29-NPC01.LAZ
492,4745,0.0,34.716673106467404,34.716673106467404,Carnota,San Mamede de Carnota (San Mamede),1,PNOA-2024-GAL-492-4745-H29-NPC01.LAZ
523,4730,12.574319711806794,22.00207478824822,34.57639450005502,Dodro,Laíño (San Xián),2,PNOA-2024-GAL-523-4730-H29-NPC01.LAZ
541,4750,20.081488514200604,14.42885867687432,34.51034719107493,Santiago de Compostela,Bando (Santa Eulalia),2,PNOA-2024-GAL-541-4750-H29-NPC01.LAZ
562,4790,22.835592644919444,11.584059495039558,34.419652139959,Betanzos,Requián (Santiago),2,PNOA-2024-GAL-562-4790-H29-NPC01.LAZ
518,4728,16.348614508229698,18.009832314418404,34.358446822648105,Rianxo,O Araño (Santa Baia),2,PNOA-2024-GAL-518-4728-H29-NPC01.LAZ
514,4725,12.727159118897992,21.545481820537606,34.2726409394356,Rianxo,Taragoña (San Salvador),1,PNOA-2024-GAL-514-4725-H29-NPC01.LAZ
522,4783,1.819066027160872,32.37615469174147,34.19522071890234,Coristanco,Oca (San Martiño),1,PNOA-2024-GAL-522-4783-H29-NPC01.LAZ
525,4735,9.779154423362531,24.30592908502508,34.08508350838761,Rois,Oín (Santa María),2,PNOA-2024-GAL-525-4735-H29-NPC01.LAZ
516,4725,19.095197662411543,14.844667132444295,33.939864794855836,Rianxo,Asados (Santa María),1,PNOA-2024-GAL-516-4725-H29-NPC01.LAZ
539,4746,22.939722785365046,10.931407045827717,33.87112983119276,Santiago de Compostela,Aríns (San Martiño),2,PNOA-2024-GAL-539-4746-H29-NPC01.LAZ
554,4791,27.271217484129203,6.553065112368936,33.824282596498136,Cambre,Andeiro (San Martiño),3,PNOA-2024-GAL-554-4791-H29-NPC01.LAZ
533,4747,9.52624013082769,24.22405827499759,33.750298405825276,Santiago de Compostela,Laraño (San Martiño),3,PNOA-2024-GAL-533-4747-H29-NPC01.LAZ
525,4747,0.0,33.55194258895933,33.55194258895933,Brión,Brión (San Fins),1,PNOA-2024-GAL-525-4747-H29-NPC01.LAZ
564,4792,16.535102876378488,17.016671120001643,33.551773996380135,Betanzos,Brabío (San Martiño),4,PNOA-2024-GAL-564-4792-H29-NPC01.LAZ
550,4791,10.22048503438442,23.280640202934425,33.501125237318846,Culleredo,Sueiro (Santo Estevo),2,PNOA-2024-GAL-550-4791-H29-NPC01.LAZ
537,4794,10.604458320007993,22.838691098072218,33.44314941808021,Arteixo,Barrañán (San Xián),3,PNOA-2024-GAL-537-4794-H29-NPC01.LAZ
539,4744,18.514753858057567,14.92632361437477,33.44107747243234,Santiago de Compostela,Marrozos (Santa María),2,PNOA-2024-GAL-539-4744-H29-NPC01.LAZ
515,4726,20.42740358839582,12.757384725858902,33.18478831425472,Rianxo,Taragoña (San Salvador),2,PNOA-2024-GAL-515-4726-H29-NPC01.LAZ
511,4721,13.872255777674926,19.225935722889446,33.09819150056437,Boiro,Abanqueiro (San Cristovo),2,PNOA-2024-GAL-511-4721-H29-NPC01.LAZ
540,4749,18.174578730457025,14.860088008860803,33.03466673931783,Santiago de Compostela,Aríns (San Martiño),3,PNOA-2024-GAL-540-4749-H29-NPC01.LAZ
557,4794,13.417814388192612,19.48546143735704,32.90327582554965,Cambre,Cecebre (San Salvador),3,PNOA-2024-GAL-557-4794-H29-NPC01.LAZ
556,4794,10.377430956542549,22.461466476536014,32.838897433078564,Cambre,Cecebre (San Salvador),1,PNOA-2024-GAL-556-4794-H29-NPC01.LAZ
517,4722,22.037326566017924,10.683036667307734,32.720363233325656,Rianxo,Leiro (Santa María),1,PNOA-2024-GAL-517-4722-H29-NPC01.LAZ
580,4757,23.335298816341336,9.366584998034206,32.70188381437554,Melide,Folladela (San Pedro),2,PNOA-2024-GAL-580-4757-H29-NPC01.LAZ
525,4779,0.8816619603975593,31.70376578510778,32.58542774550534,Carballo,Rus (Santa María),2,PNOA-2024-GAL-525-4779-H29-NPC01.LAZ
569,4818,13.484981080728616,19.02447333072077,32.50945441144938,Neda,Santa María de Neda (Santa María),1,PNOA-2024-GAL-569-4818-H29-NPC01.LAZ
555,4791,20.941507259532624,11.441461339854257,32.382968599386885,Cambre,Brexo (San Paio),3,PNOA-2024-GAL-555-4791-H29-NPC01.LAZ
579,4752,11.040052236980559,21.328209787761946,32.368262024742506,Melide,Santa María de Melide (Santa María),2,PNOA-2024-GAL-579-4752-H29-NPC01.LAZ
566,4786,7.927392158481457,24.392154502015572,32.319546660497025,Oza dos Ríos,Oza (San Pedro),2,PNOA-2024-GAL-566-4786-H29-NPC01.LAZ
537,4791,13.216408595253704,19.054691325551616,32.27109992080532,Arteixo,Larín (Santo Estevo),1,PNOA-2024-GAL-537-4791-H29-NPC01.LAZ
554,4773,0.5584677616305407,31.619959125364318,32.178426886994856,Ordes,Vilamaior (Santiago),1,PNOA-2024-GAL-554-4773-H29-NPC01.LAZ
524,4735,12.354454107600567,19.71007565753955,32.06452976514012,Rois,Rois (San Mamede),1,PNOA-2024-GAL-524-4735-H29-NPC01.LAZ
502,4714,7.850727647937518,24.190528134569004,32.041255782506525,Ribeira,Palmeira (San Pedro),1,PNOA-2024-GAL-502-4714-H29-NPC01.LAZ
487,4778,0.0,31.960584985803546,31.960584985803546,Camariñas,Xaviña (Santa María),1,PNOA-2024-GAL-487-4778-H29-NPC01.LAZ
530,4789,0.0,31.946989507126197,31.946989507126197,A Laracha,Cabovilaño (San Román),1,PNOA-2024-GAL-530-4789-H29-NPC01.LAZ
556,4793,22.55316729479423,9.320230344284951,31.87339763907918,Cambre,Bribes (San Cibrán),3,PNOA-2024-GAL-556-4793-H29-NPC01.LAZ
510,4719,9.980425369967195,21.83385088152071,31.814276251487904,Boiro,Castro (Santa María),2,PNOA-2024-GAL-510-4719-H29-NPC01.LAZ
517,4727,15.136050035534444,16.651548353211858,31.787598388746304,Rianxo,O Araño (Santa Baia),2,PNOA-2024-GAL-517-4727-H29-NPC01.LAZ
553,4791,28.42774933306256,3.330958373005192,31.758707706067753,Cambre,Meixigo (San Lourenzo),3,PNOA-2024-GAL-553-4791-H29-NPC01.LAZ
540,4794,5.746338990288075,25.989112293955692,31.735451284243766,Arteixo,Loureda (Santa María),1,PNOA-2024-GAL-540-4794-H29-NPC01.LAZ
540,4744,7.248910010688338,24.474736796053257,31.723646806741595,Santiago de Compostela,Marrozos (Santa María),2,PNOA-2024-GAL-540-4744-H29-NPC01.LAZ
568,4818,13.59223762894626,18.09728235187905,31.68951998082531,Neda,Santa María de Neda (Santa María),2,PNOA-2024-GAL-568-4818-H29-NPC01.LAZ
496,4773,10.944347068032306,20.742665617051927,31.687012685084234,Vimianzo,Vimianzo (San Vicenzo),1,PNOA-2024-GAL-496-4773-H29-NPC01.LAZ
580,4834,5.4909013907000706,26.02755571612547,31.51845710682554,Cedeira,San Román de Montoxo (San Román),1,PNOA-2024-GAL-580-4834-H29-NPC01.LAZ
524,4779,4.345127344778474,27.16837323626409,31.513500581042564,Coristanco,Erbecedo (San Salvador),1,PNOA-2024-GAL-524-4779-H29-NPC01.LAZ
496,4774,3.6594886804787197,27.829466727003847,31.488955407482567,Vimianzo,Vimianzo (San Vicenzo),1,PNOA-2024-GAL-496-4774-H29-NPC01.LAZ
535,4795,10.352885823656473,21.118988357733233,31.47187418138971,Arteixo,Chamín (Santaia),1,PNOA-2024-GAL-535-4795-H29-NPC01.LAZ
596,4841,9.129692319707916,22.285243621072205,31.41493594078012,Ortigueira,Espasante (San Xoán),1,PNOA-2024-GAL-596-4841-H29-NPC01.LAZ
560,4764,6.14925197999303,25.26177087017524,31.411022850168273,Frades,Gafoi (Santa Mariña),3,PNOA-2024-GAL-560-4764-H29-NPC01.LAZ
556,4795,14.339332379773063,17.031138350379816,31.37047073015288,Cambre,Cecebre (San Salvador),2,PNOA-2024-GAL-556-4795-H29-NPC01.LAZ
593,4837,8.969602210951654,22.129303970828083,31.09890618177974,Ortigueira,Cuíña (Santiago),2,PNOA-2024-GAL-593-4837-H29-NPC01.LAZ
557,4795,21.029134006733933,9.981167336252511,31.010301342986445,Cambre,Cecebre (San Salvador),2,PNOA-2024-GAL-557-4795-H29-NPC01.LAZ
536,4790,3.8624894517558146,27.137120537857555,30.99960998961337,Arteixo,Larín (Santo Estevo),2,PNOA-2024-GAL-536-4790-H29-NPC01.LAZ
539,4797,10.861240634179365,20.10196604832936,30.963206682508726,Arteixo,Arteixo (Santiago),2,PNOA-2024-GAL-539-4797-H29-NPC01.LAZ
502,4715,12.72684765674292,18.205166414669954,30.932014071412873,Ribeira,Palmeira (San Pedro),1,PNOA-2024-GAL-502-4715-H29-NPC01.LAZ
538,4746,8.353923399500742,22.451699465465925,30.805622864966665,Santiago de Compostela,Santiago de Compostela,3,PNOA-2024-GAL-538-4746-H29-NPC01.LAZ
593,4836,18.64796802703303,12.125598685883308,30.773566712916338,Ortigueira,Cuíña (Santiago),2,PNOA-2024-GAL-593-4836-H29-NPC01.LAZ
515,4723,17.097824674848685,13.635272475409103,30.733097150257787,Rianxo,Rianxo (Santa Comba),1,PNOA-2024-GAL-515-4723-H29-NPC01.LAZ
551,4760,0.0,30.7077103233697,30.7077103233697,Oroso,Senra (Santa Eulalia),1,PNOA-2024-GAL-551-4760-H29-NPC01.LAZ
563,4792,11.173185768255085,19.51821679104601,30.691402559301096,Betanzos,Requián (Santiago),3,PNOA-2024-GAL-563-4792-H29-NPC01.LAZ
518,4727,24.558570101983584,6.041129931115368,30.59970003309895,Rianxo,Asados (Santa María),2,PNOA-2024-GAL-518-4727-H29-NPC01.LAZ
534,4747,11.44161711612625,19.116289592385716,30.557906708511965,Santiago de Compostela,Laraño (San Martiño),4,PNOA-2024-GAL-534-4747-H29-NPC01.LAZ
548,4771,2.9751257702327156,27.574648402357617,30.549774172590332,Ordes,Ordes (Santa María),2,PNOA-2024-GAL-548-4771-H29-NPC01.LAZ
509,4736,4.135218910568957,26.38198757907223,30.51720648964119,Noia,Argalo (Santa María),3,PNOA-2024-GAL-509-4736-H29-NPC01.LAZ
534,4742,0.0,30.498756741858863,30.498756741858863,Teo,Calo (San Xoán),1,PNOA-2024-GAL-534-4742-H29-NPC01.LAZ
510,4721,15.086593182872589,15.41104186333776,30.49763504621035,Boiro,Abanqueiro (San Cristovo),2,PNOA-2024-GAL-510-4721-H29-NPC01.LAZ
551,4793,7.039728868733215,23.354813276898685,30.394542145631902,Cambre,Sigrás (Santiago),2,PNOA-2024-GAL-551-4793-H29-NPC01.LAZ
592,4838,5.162048705786708,25.178850109839576,30.340898815626282,Ortigueira,Ortigueira (Santa Marta),4,PNOA-2024-GAL-592-4838-H29-NPC01.LAZ
516,4785,4.712002191424139,25.612738178002346,30.324740369426486,Coristanco,Cereo (Santa María),1,PNOA-2024-GAL-516-4785-H29-NPC01.LAZ
497,4716,7.456175890900455,22.85892567404123,30.315101564941685,Ribeira,Olveira (Santa María),1,PNOA-2024-GAL-497-4716-H29-NPC01.LAZ
593,4813,26.33717947391817,3.955817525008402,30.292996998926572,As Pontes de García Rodríguez,As Pontes de García Rodríguez (Santa María),1,PNOA-2024-GAL-593-4813-H29-NPC01.LAZ
535,4793,14.643127008208902,15.504883616966458,30.14801062517536,Arteixo,Armentón (San Pedro),2,PNOA-2024-GAL-535-4793-H29-NPC01.LAZ
554,4787,0.0,30.13044670574942,30.13044670574942,Carral,Cañás (Santa Baia),3,PNOA-2024-GAL-554-4787-H29-NPC01.LAZ
577,4838,10.553549983987102,19.49800789761238,30.05155788159948,Cedeira,Cervo (Santalla),2,PNOA-2024-GAL-577-4838-H29-NPC01.LAZ
580,4753,6.739376808299498,23.309428793233284,30.04880560153278,Melide,Os Ánxeles (Santa María),3,PNOA-2024-GAL-580-4753-H29-NPC01.LAZ
565,4785,10.067893455162015,19.953645637092936,30.02153909225495,Oza dos Ríos,Salto (San Tomé),2,PNOA-2024-GAL-565-4785-H29-NPC01.LAZ
508,4736,2.731223445137765,27.26583890462442,29.997062349762185,Noia,Argalo (Santa María),3,PNOA-2024-GAL-508-4736-H29-NPC01.LAZ
559,4791,0.0,29.996493346097004,29.996493346097004,Abegondo,Crendes (San Pedro),1,PNOA-2024-GAL-559-4791-H29-NPC01.LAZ
579,4753,10.84941796892323,19.022238586676018,29.871656555599248,Melide,San Cibrao (San Xoán),3,PNOA-2024-GAL-579-4753-H29-NPC01.LAZ
515,4724,17.804356779958724,11.98656740823931,29.790924188198034,Rianxo,Rianxo (Santa Comba),3,PNOA-2024-GAL-515-4724-H29-NPC01.LAZ
511,4723,4.7105822018258925,25.077213147324503,29.787795349150397,Boiro,Cespón (San Vicenzo),3,PNOA-2024-GAL-511-4723-H29-NPC01.LAZ
561,4764,2.0242616164948113,27.758373209770056,29.782634826264868,Frades,Ledoira (San Martiño),2,PNOA-2024-GAL-561-4764-H29-NPC01.LAZ
581,4752,13.94683752670759,15.829485239361647,29.776322766069235,Melide,Melide (San Pedro),2,PNOA-2024-GAL-581-4752-H29-NPC01.LAZ
592,4836,18.05675536911993,11.713538080822026,29.770293449941956,Ortigueira,Senra (San Xulián),1,PNOA-2024-GAL-592-4836-H29-NPC01.LAZ
582,4834,2.3881337077710048,27.325774114593553,29.713907822364558,Cedeira,Montoxo (San Xiao),1,PNOA-2024-GAL-582-4834-H29-NPC01.LAZ
538,4796,6.814634595568681,22.886373315136577,29.701007910705258,Arteixo,Arteixo (Santiago),1,PNOA-2024-GAL-538-4796-H29-NPC01.LAZ
578,4750,29.635931946981223,0.0,29.635931946981223,Melide,San Cosme de Abeancos (San Cosme),3,PNOA-2024-GAL-578-4750-H29-NPC01.LAZ
529,4739,11.81426360630917,17.811195823076773,29.62545942938594,Padrón,Cruces (Santa María),1,PNOA-2024-GAL-529-4739-H29-NPC01.LAZ
572,4818,13.764637411803001,15.834697431733586,29.59933484353659,Neda,Anca (San Pedro),1,PNOA-2024-GAL-572-4818-H29-NPC01.LAZ
504,4785,4.138719586633436,25.452629465847455,29.59134905248089,Cabana de Bergantiños,Cánduas (San Martiño),1,PNOA-2024-GAL-504-4785-H29-NPC01.LAZ
564,4803,12.228164456913174,17.28766451310902,29.515828970022195,Miño,Vilanova (San Xoán),2,PNOA-2024-GAL-564-4803-H29-NPC01.LAZ
497,4709,20.523215239807033,8.969959326243728,29.49317456605076,Ribeira,Aguiño (Nosa Señora do Carme),2,PNOA-2024-GAL-497-4709-H29-NPC01.LAZ
577,4753,21.693862689300715,7.794637348340968,29.488500037641685,Melide,O Barreiro (San Mamede),2,PNOA-2024-GAL-577-4753-H29-NPC01.LAZ
497,4760,0.0,29.484820397028344,29.484820397028344,Dumbría,Olveira (San Martiño),1,PNOA-2024-GAL-497-4760-H29-NPC01.LAZ
593,4838,16.571489812005495,12.797612170663825,29.36910198266932,Ortigueira,Luía (Santa María),2,PNOA-2024-GAL-593-4838-H29-NPC01.LAZ
531,4742,0.28793213614676466,29.080600716513754,29.36853285266052,Teo,Calo (San Xoán),3,PNOA-2024-GAL-531-4742-H29-NPC01.LAZ
563,4786,18.349170774343527,11.009829294910231,29.35900006925376,Oza dos Ríos,Cis (San Nicolao),2,PNOA-2024-GAL-563-4786-H29-NPC01.LAZ
500,4711,8.009542032999839,21.274241887427966,29.283783920427805,Ribeira,Ribeira (Santa Uxía),2,PNOA-2024-GAL-500-4711-H29-NPC01.LAZ
568,4755,4.104221609831868,25.16442478835654,29.26864639818841,Arzúa,Santa María da Arzúa (Santa María),1,PNOA-2024-GAL-568-4755-H29-NPC01.LAZ
510,4738,0.3756769070402029,28.86041277029795,29.23608967733815,Noia,Barro (Santa Cristina),2,PNOA-2024-GAL-510-4738-H29-NPC01.LAZ
556,4789,0.0,29.233689540231175,29.233689540231175,Carral,Vigo (San Vicente),1,PNOA-2024-GAL-556-4789-H29-NPC01.LAZ
539,4745,12.913283903512452,16.2234078409752,29.13669174448765,Santiago de Compostela,O Eixo (San Cristovo),2,PNOA-2024-GAL-539-4745-H29-NPC01.LAZ
526,4744,0.0,29.110052223653817,29.110052223653817,Brión,Os Ánxeles (Santa María),1,PNOA-2024-GAL-526-4744-H29-NPC01.LAZ
538,4794,8.724912896344833,20.37852482935207,29.103437725696903,Arteixo,Lañas (Santa María),1,PNOA-2024-GAL-538-4794-H29-NPC01.LAZ
556,4771,1.6670454436121536,27.43460232960918,29.101647773221334,Frades,Abellá (Santo Estevo),1,PNOA-2024-GAL-556-4771-H29-NPC01.LAZ
570,4794,2.945037479264244,26.146698804745373,29.091736284009617,Paderne,Adragonte (Santiago),2,PNOA-2024-GAL-570-4794-H29-NPC01.LAZ
520,4782,3.983586999969484,25.0185893744507,29.00217637442018,Coristanco,Coristanco (San Paio),3,PNOA-2024-GAL-520-4782-H29-NPC01.LAZ
525,4746,0.0,28.980220162742953,28.980220162742953,Brión,Brión (San Fins),1,PNOA-2024-GAL-525-4746-H29-NPC01.LAZ
512,4728,5.288062242527392,23.672017590709704,28.960079833237096,Boiro,Bealo (San Pedro),1,PNOA-2024-GAL-512-4728-H29-NPC01.LAZ
512,4726,9.634419939494249,19.297772647008266,28.932192586502516,Boiro,Bealo (San Pedro),2,PNOA-2024-GAL-512-4726-H29-NPC01.LAZ
534,4745,12.925129395497413,15.976968948912898,28.902098344410312,Santiago de Compostela,Conxo (Santa María),3,PNOA-2024-GAL-534-4745-H29-NPC01.LAZ
560,4812,9.910850544318185,18.97419484662725,28.885045390945436,Mugardos,Meá (San Vicente),2,PNOA-2024-GAL-560-4812-H29-NPC01.LAZ
541,4746,12.867420438051589,15.937941188128203,28.805361626179792,Santiago de Compostela,Aríns (San Martiño),1,PNOA-2024-GAL-541-4746-H29-NPC01.LAZ
544,4783,4.78978617175088,23.98116027149932,28.7709464432502,Cerceda,Cerceda (San Martiño),1,PNOA-2024-GAL-544-4783-H29-NPC01.LAZ
505,4736,1.4545736466792718,27.298291479976093,28.752865126655365,Porto do Son,Miñortos (San Martiño),2,PNOA-2024-GAL-505-4736-H29-NPC01.LAZ
497,4723,0.0,28.683279288195887,28.683279288195887,Porto do Son,Caamaño (Santa María),1,PNOA-2024-GAL-497-4723-H29-NPC01.LAZ
567,4796,3.1717633683422926,25.505153007535725,28.67691637587802,Paderne,Velouzás (San Salvador),1,PNOA-2024-GAL-567-4796-H29-NPC01.LAZ
548,4790,12.589138024052545,16.032618899352684,28.62175692340523,Culleredo,Celas (Santa María),1,PNOA-2024-GAL-548-4790-H29-NPC01.LAZ
498,4764,11.75974600477956,16.85892509417122,28.618671098950777,Vimianzo,Baíñas (Santo Antoíño),1,PNOA-2024-GAL-498-4764-H29-NPC01.LAZ
528,4736,8.151187896216982,20.445283890021834,28.596471786238816,Padrón,Cruces (Santa María),3,PNOA-2024-GAL-528-4736-H29-NPC01.LAZ
536,4793,4.602097450005436,23.9750028841076,28.577100334113034,Arteixo,Armentón (San Pedro),1,PNOA-2024-GAL-536-4793-H29-NPC01.LAZ
547,4769,3.2780498989196643,25.271508756835615,28.54955865575528,Ordes,Ordes (Santa María),1,PNOA-2024-GAL-547-4769-H29-NPC01.LAZ
533,4742,0.0,28.517659012061024,28.517659012061024,Teo,Calo (San Xoán),1,PNOA-2024-GAL-533-4742-H29-NPC01.LAZ
525,4744,0.0,28.505795775266844,28.505795775266844,Brión,Os Ánxeles (Santa María),1,PNOA-2024-GAL-525-4744-H29-NPC01.LAZ
528,4751,1.5500742047598357,26.950510861648457,28.50058506640829,Ames,Ames (San Tomé),1,PNOA-2024-GAL-528-4751-H29-NPC01.LAZ
559,4812,5.995694546593771,22.480223051997122,28.475917598590893,Mugardos,Mugardos (San Xulián),1,PNOA-2024-GAL-559-4812-H29-NPC01.LAZ
567,4804,0.0,28.455295389153274,28.455295389153274,Pontedeume,Andrade (San Martiño),1,PNOA-2024-GAL-567-4804-H29-NPC01.LAZ
542,4797,4.871534778270496,23.5645752015549,28.436109979825396,Arteixo,Oseiro (San Tirso),2,PNOA-2024-GAL-542-4797-H29-NPC01.LAZ
543,4756,1.2498225773074572,27.1537454022158,28.40356797952326,Santiago de Compostela,Marantes (San Vicente),2,PNOA-2024-GAL-543-4756-H29-NPC01.LAZ
514,4726,16.326243855349134,12.045592182363984,28.371836037713116,Rianxo,Taragoña (San Salvador),1,PNOA-2024-GAL-514-4726-H29-NPC01.LAZ
546,4790,12.27464619065497,16.081494514619543,28.356140705274512,Culleredo,Veiga (San Silvestre),2,PNOA-2024-GAL-546-4790-H29-NPC01.LAZ
555,4790,15.232212494620477,13.119540689710792,28.35175318433127,Cambre,Vigo (Santa María),4,PNOA-2024-GAL-555-4790-H29-NPC01.LAZ
579,4834,5.667368034374603,22.660821864674457,28.32818989904906,Cedeira,San Román de Montoxo (San Román),1,PNOA-2024-GAL-579-4834-H29-NPC01.LAZ
507,4787,6.228444498748203,22.072750303569325,28.30119480231753,Cabana de Bergantiños,Cesullas (Santo Estevo),1,PNOA-2024-GAL-507-4787-H29-NPC01.LAZ
588,4837,5.261284186828334,22.988261944497253,28.249546131325587,Ortigueira,Veiga (Santo Adrao),2,PNOA-2024-GAL-588-4837-H29-NPC01.LAZ
506,4785,2.940180639425552,25.292842201701216,28.23302284112677,Cabana de Bergantiños,Cesullas (Santo Estevo),1,PNOA-2024-GAL-506-4785-H29-NPC01.LAZ
577,4755,18.867632458189032,9.359805892820845,28.227438351009877,Melide,Zas de Rei (San Xiao),2,PNOA-2024-GAL-577-4755-H29-NPC01.LAZ
542,4778,2.055357454131136,26.154240265843296,28.209597719974433,Cerceda,Queixas (Santa María),1,PNOA-2024-GAL-542-4778-H29-NPC01.LAZ
567,4816,10.155438532564563,18.053283315189194,28.208721847753758,Neda,Santa María de Neda (Santa María),1,PNOA-2024-GAL-567-4816-H29-NPC01.LAZ
536,4736,0.0,28.18835708857916,28.18835708857916,Teo,Reis (San Cristovo),1,PNOA-2024-GAL-536-4736-H29-NPC01.LAZ
528,4738,14.088147059338233,14.055259690200463,28.1434067495387,Padrón,Cruces (Santa María),1,PNOA-2024-GAL-528-4738-H29-NPC01.LAZ
547,4793,28.11614192765376,0.0,28.11614192765376,Culleredo,Orro (San Salvador),1,PNOA-2024-GAL-547-4793-H29-NPC01.LAZ
594,4838,19.6028010918053,8.44401036876172,28.04681146056702,Ortigueira,Barbos (San Xulián),3,PNOA-2024-GAL-594-4838-H29-NPC01.LAZ
538,4757,5.930300566894943,22.107448187458736,28.03774875435368,Trazo,Chaián (Santa María),1,PNOA-2024-GAL-538-4757-H29-NPC01.LAZ
562,4793,21.867931942457552,6.166111674736124,28.034043617193674,Betanzos,San Pedro das Viñas (San Pedro),5,PNOA-2024-GAL-562-4793-H29-NPC01.LAZ
565,4786,12.273202147176457,15.749064092697674,28.02226623987413,Oza dos Ríos,Salto (San Tomé),3,PNOA-2024-GAL-565-4786-H29-NPC01.LAZ
573,4802,7.320317480948837,20.70010914188797,28.02042662283681,Monfero,Vilachá (Santa María),1,PNOA-2024-GAL-573-4802-H29-NPC01.LAZ
547,4770,3.3627938978664185,24.61653508591812,27.979328983784537,Ordes,Ordes (Santa María),1,PNOA-2024-GAL-547-4770-H29-NPC01.LAZ
576,4746,0.0,27.978524066117995,27.978524066117995,Santiso,Santiso (Santa María),3,PNOA-2024-GAL-576-4746-H29-NPC01.LAZ
531,4789,0.0,27.92830738948662,27.92830738948662,A Laracha,Cabovilaño (San Román),2,PNOA-2024-GAL-531-4789-H29-NPC01.LAZ
502,4731,0.0,27.91247828911631,27.91247828911631,Porto do Son,Nebra (Santa María),1,PNOA-2024-GAL-502-4731-H29-NPC01.LAZ
498,4721,0.0,27.897658150690795,27.897658150690795,Porto do Son,Xuño (Santa Mariña),1,PNOA-2024-GAL-498-4721-H29-NPC01.LAZ
565,4794,8.34454589779366,19.552952701129886,27.897498598923548,Betanzos,Tiobre (San Martiño),2,PNOA-2024-GAL-565-4794-H29-NPC01.LAZ
499,4711,3.7691190317673477,24.126846484767253,27.895965516534602,Ribeira,Carreira (San Paio),2,PNOA-2024-GAL-499-4711-H29-NPC01.LAZ
568,4800,0.0,27.880231101980257,27.880231101980257,Vilarmaior,Vilarmaior (San Pedro),1,PNOA-2024-GAL-568-4800-H29-NPC01.LAZ
513,4726,12.123674409094921,15.631514395377167,27.755188804472088,Rianxo,Taragoña (San Salvador),2,PNOA-2024-GAL-513-4726-H29-NPC01.LAZ
555,4795,14.03711096340559,13.534734926120246,27.571845889525836,Cambre,Pravio (San Xoán),2,PNOA-2024-GAL-555-4795-H29-NPC01.LAZ
510,4722,7.358613861938447,20.20822466976432,27.566838531702768,Boiro,Boiro (Santa Baia),1,PNOA-2024-GAL-510-4722-H29-NPC01.LAZ
527,4776,0.0,27.54452106475381,27.54452106475381,Carballo,Entrecruces (San Xens),2,PNOA-2024-GAL-527-4776-H29-NPC01.LAZ
504,4719,0.0,27.459419018541894,27.459419018541894,A Pobra do Caramiñal,Lesón (Santa Cruz),2,PNOA-2024-GAL-504-4719-H29-NPC01.LAZ
519,4757,0.4174586886971595,26.99545729786924,27.4129159865664,A Baña,A Baña (San Vicenzo),1,PNOA-2024-GAL-519-4757-H29-NPC01.LAZ
528,4733,1.172776183894505,26.201512270632723,27.37428845452723,Padrón,Iria Flavia (Santa María),1,PNOA-2024-GAL-528-4733-H29-NPC01.LAZ
528,4742,0.0,27.368586080777458,27.368586080777458,Brión,Bastavales (San Xulián),1,PNOA-2024-GAL-528-4742-H29-NPC01.LAZ
512,4725,6.978485648109042,20.34029619821465,27.31878184632369,Boiro,Cespón (San Vicenzo),1,PNOA-2024-GAL-512-4725-H29-NPC01.LAZ
492,4777,3.7646572397368447,23.53519123800207,27.299848477738916,Vimianzo,Carantoña (San Martiño),1,PNOA-2024-GAL-492-4777-H29-NPC01.LAZ
546,4797,13.528352131792367,13.704537289512357,27.232889421304726,A Coruña,Elviña (San Vicenzo),1,PNOA-2024-GAL-546-4797-H29-NPC01.LAZ
553,4795,11.704167298878636,15.484996644162742,27.18916394304138,Cambre,Cambre (Santa María),2,PNOA-2024-GAL-553-4795-H29-NPC01.LAZ
555,4789,3.942533933882651,23.217709486271936,27.160243420154586,Carral,Vigo (San Vicente),2,PNOA-2024-GAL-555-4789-H29-NPC01.LAZ
536,4752,9.225257083982504,17.88481319794139,27.110070281923896,Santiago de Compostela,A Peregrina (Santa María),2,PNOA-2024-GAL-536-4752-H29-NPC01.LAZ
567,4785,22.322040524236055,4.77089285244683,27.092933376682886,Oza dos Ríos,Reboredo (Santiago),2,PNOA-2024-GAL-567-4785-H29-NPC01.LAZ
552,4789,0.0,27.076494104095747,27.076494104095747,Carral,Tabeaio (San Martiño),3,PNOA-2024-GAL-552-4789-H29-NPC01.LAZ
548,4773,7.116328134376833,19.951434217246117,27.06776235162295,Ordes,Leira (Santa María),3,PNOA-2024-GAL-548-4773-H29-NPC01.LAZ
533,4748,11.678143370850915,15.367461252216103,27.045604623067018,Santiago de Compostela,Villestro (Santa María),3,PNOA-2024-GAL-533-4748-H29-NPC01.LAZ
552,4790,5.45113479023596,21.5581422775715,27.00927706780746,Carral,Tabeaio (San Martiño),3,PNOA-2024-GAL-552-4790-H29-NPC01.LAZ
578,4766,0.0,26.90929122384859,26.90929122384859,Sobrado,A Porta (San Pedro),1,PNOA-2024-GAL-578-4766-H29-NPC01.LAZ
534,4746,10.794196973186247,16.09649694492435,26.8906939181106,Santiago de Compostela,Conxo (Santa María),3,PNOA-2024-GAL-534-4746-H29-NPC01.LAZ
537,4788,0.0,26.790100256911565,26.790100256911565,A Laracha,Coiro (San Xián),1,PNOA-2024-GAL-537-4788-H29-NPC01.LAZ
516,4724,18.526050129889242,8.24553548599952,26.77158561588876,Rianxo,Asados (Santa María),2,PNOA-2024-GAL-516-4724-H29-NPC01.LAZ
568,4816,13.455207742677485,13.30266060871721,26.757868351394695,Neda,Santa María de Neda (Santa María),2,PNOA-2024-GAL-568-4816-H29-NPC01.LAZ
529,4745,4.761453589928753,21.98228751773456,26.74374110766331,Ames,Ortoño (San Xoán),1,PNOA-2024-GAL-529-4745-H29-NPC01.LAZ
498,4711,4.930441652777253,21.764564274998442,26.695005927775696,Ribeira,Carreira (San Paio),1,PNOA-2024-GAL-498-4711-H29-NPC01.LAZ
534,4748,13.83077502031534,12.844790883487725,26.675565903803065,Santiago de Compostela,Figueiras (Santa María),4,PNOA-2024-GAL-534-4748-H29-NPC01.LAZ
577,4835,5.193096020890618,21.453735729639938,26.646831750530556,Cedeira,Piñeiro (San Cosme),2,PNOA-2024-GAL-577-4835-H29-NPC01.LAZ
532,4788,0.0,26.626723177604088,26.626723177604088,A Laracha,Vilaño (Santiago),1,PNOA-2024-GAL-532-4788-H29-NPC01.LAZ
512,4727,2.965815957344936,23.6172650850915,26.583081042436437,Boiro,Bealo (San Pedro),1,PNOA-2024-GAL-512-4727-H29-NPC01.LAZ
574,4804,6.668756027749817,19.82103138813253,26.489787415882347,Monfero,Queixeiro (San Xurxo),2,PNOA-2024-GAL-574-4804-H29-NPC01.LAZ
549,4797,12.303547363950896,14.18006637669424,26.483613740645136,Culleredo,Rutis (Santa María),2,PNOA-2024-GAL-549-4797-H29-NPC01.LAZ
503,4782,7.498457390278488,18.933194512110916,26.431651902389405,Cabana de Bergantiños,Borneiro (San Xoán),1,PNOA-2024-GAL-503-4782-H29-NPC01.LAZ
533,4785,0.0,26.42785139761231,26.42785139761231,A Laracha,Golmar (San Bieito),2,PNOA-2024-GAL-533-4785-H29-NPC01.LAZ
528,4749,1.0237795980007995,25.39074660804703,26.41452620604783,Ames,Ames (San Tomé),1,PNOA-2024-GAL-528-4749-H29-NPC01.LAZ
511,4726,2.377884799095159,24.031961290456426,26.409846089551586,Boiro,Cespón (San Vicenzo),2,PNOA-2024-GAL-511-4726-H29-NPC01.LAZ
533,4745,5.439304773038138,20.95533181692634,26.394636589964477,Ames,Biduído (Santa María),2,PNOA-2024-GAL-533-4745-H29-NPC01.LAZ
504,4716,0.0,26.38062983305977,26.38062983305977,A Pobra do Caramiñal,O Xobre ou O Maño (Santa María),3,PNOA-2024-GAL-504-4716-H29-NPC01.LAZ
563,4812,15.469813012000936,10.903293977893162,26.373106989894097,Mugardos,Franza (Santiago),1,PNOA-2024-GAL-563-4812-H29-NPC01.LAZ
546,4750,7.765917376823224,18.566775721938196,26.33269309876142,Santiago de Compostela,Sabugueira (San Paio),1,PNOA-2024-GAL-546-4750-H29-NPC01.LAZ
539,4743,10.584809592928059,15.739078230928229,26.32388782385629,Santiago de Compostela,Marrozos (Santa María),1,PNOA-2024-GAL-539-4743-H29-NPC01.LAZ
509,4738,9.776286764228129,16.49489647121258,26.27118323544071,Noia,Barro (Santa Cristina),2,PNOA-2024-GAL-509-4738-H29-NPC01.LAZ
581,4753,20.80897801804987,5.456928788117897,26.265906806167767,Melide,Melide (San Pedro),3,PNOA-2024-GAL-581-4753-H29-NPC01.LAZ
566,4785,4.1120845662769705,22.148262319757038,26.260346886034007,Oza dos Ríos,Parada (Santo Estevo),4,PNOA-2024-GAL-566-4785-H29-NPC01.LAZ
576,4833,2.562558518837309,23.692045475413913,26.254603994251223,Cedeira,Esteiro (San Fiz),1,PNOA-2024-GAL-576-4833-H29-NPC01.LAZ
570,4817,15.054983781688954,11.171551379297906,26.22653516098686,Neda,Anca (San Pedro),2,PNOA-2024-GAL-570-4817-H29-NPC01.LAZ
509,4739,7.178345513859605,19.030138200694118,26.208483714553722,Noia,Barro (Santa Cristina),1,PNOA-2024-GAL-509-4739-H29-NPC01.LAZ
548,4767,5.305738544321109,20.891555496485427,26.197294040806536,Ordes,Pereira (Santaia),1,PNOA-2024-GAL-548-4767-H29-NPC01.LAZ
597,4836,7.715572366536494,18.48072578826675,26.196298154803245,Ortigueira,Couzadoiro (San Cristovo),2,PNOA-2024-GAL-597-4836-H29-NPC01.LAZ
526,4743,0.0,26.18533929113593,26.18533929113593,Brión,San Salvador de Bastavales (San Salvador),3,PNOA-2024-GAL-526-4743-H29-NPC01.LAZ
551,4748,0.0,26.17569078496225,26.17569078496225,Touro,Bama (San Vicenzo),1,PNOA-2024-GAL-551-4748-H29-NPC01.LAZ
567,4794,11.120933635987434,15.053256090675667,26.1741897266631,Paderne,Quintas (Santo Estevo),2,PNOA-2024-GAL-567-4794-H29-NPC01.LAZ
548,4793,26.032885968975563,0.1387196744309877,26.17160564340655,Culleredo,Culleredo (Santo Estevo),3,PNOA-2024-GAL-548-4793-H29-NPC01.LAZ
499,4714,6.321163023476965,19.833680125140944,26.154843148617907,Ribeira,Artes (San Xián),1,PNOA-2024-GAL-499-4714-H29-NPC01.LAZ
553,4789,7.50336615391247,18.632989194098283,26.136355348010753,Carral,Sergude (San Xián),3,PNOA-2024-GAL-553-4789-H29-NPC01.LAZ
540,4746,10.805638565336858,15.326938380410606,26.132576945747466,Santiago de Compostela,Aríns (San Martiño),1,PNOA-2024-GAL-540-4746-H29-NPC01.LAZ
562,4811,12.775793223000713,13.354513501982217,26.13030672498293,Mugardos,Franza (Santiago),2,PNOA-2024-GAL-562-4811-H29-NPC01.LAZ
509,4735,0.9612751117079483,25.1649069662226,26.126182077930547,Lousame,Tállara (San Pedro),2,PNOA-2024-GAL-509-4735-H29-NPC01.LAZ
545,4785,2.4999707363200026,23.62090483260461,26.12087556892461,Cerceda,Meirama (Santo André),2,PNOA-2024-GAL-545-4785-H29-NPC01.LAZ
597,4842,6.766304312130529,19.348816500042737,26.115120812173267,Ortigueira,Céltigos (San Xulián),2,PNOA-2024-GAL-597-4842-H29-NPC01.LAZ
564,4812,4.9289384201970305,21.169081268334054,26.098019688531085,Mugardos,Franza (Santiago),2,PNOA-2024-GAL-564-4812-H29-NPC01.LAZ
515,4725,6.827015512491712,19.247760159510126,26.074775672001838,Rianxo,Taragoña (San Salvador),2,PNOA-2024-GAL-515-4725-H29-NPC01.LAZ
600,4843,11.488647452191131,14.570182789492753,26.058830241683886,Ortigueira,Loiba (San Xulián),1,PNOA-2024-GAL-600-4843-H29-NPC01.LAZ
548,4791,18.669289128068232,7.360829304749614,26.030118432817847,Culleredo,Celas (Santa María),3,PNOA-2024-GAL-548-4791-H29-NPC01.LAZ
509,4789,0.0,26.019089176668828,26.019089176668828,Ponteceso,Tella (Santo Eleuterio),1,PNOA-2024-GAL-509-4789-H29-NPC01.LAZ
499,4716,9.965070641338157,16.051972938578878,26.017043579917036,Ribeira,Oleiros (San Martiño),2,PNOA-2024-GAL-499-4716-H29-NPC01.LAZ
499,4776,10.384142475901985,15.631141907730113,26.0152843836321,Vimianzo,Salto (Santa María),1,PNOA-2024-GAL-499-4776-H29-NPC01.LAZ
563,4787,19.622338672970496,6.340020282830553,25.96235895580105,Oza dos Ríos,Cuíña (Santa María),2,PNOA-2024-GAL-563-4787-H29-NPC01.LAZ
550,4779,4.230296260135751,21.630376005891122,25.860672266026874,Ordes,Ardemil (San Pedro),1,PNOA-2024-GAL-550-4779-H29-NPC01.LAZ
510,4733,0.8920855557972466,24.940321841955505,25.832407397752753,Lousame,Tállara (San Pedro),1,PNOA-2024-GAL-510-4733-H29-NPC01.LAZ
551,4789,1.1091413794225837,24.719919973296875,25.82906135271946,Carral,Tabeaio (San Martiño),2,PNOA-2024-GAL-551-4789-H29-NPC01.LAZ
506,4786,2.390858099484431,23.410740741939808,25.801598841424237,Cabana de Bergantiños,Cesullas (Santo Estevo),1,PNOA-2024-GAL-506-4786-H29-NPC01.LAZ
553,4790,14.904098456950189,10.882847837278897,25.786946294229086,Cambre,Andeiro (San Martiño),2,PNOA-2024-GAL-553-4790-H29-NPC01.LAZ
564,4789,15.786786995282148,9.995389030354081,25.78217602563623,Oza dos Ríos,Porzomillos (San Pedro),4,PNOA-2024-GAL-564-4789-H29-NPC01.LAZ
543,4784,0.7522291062825911,25.00878695227621,25.761016058558802,Cerceda,Cerceda (San Martiño),2,PNOA-2024-GAL-543-4784-H29-NPC01.LAZ
504,4733,0.0,25.757719117524804,25.757719117524804,Porto do Son,Goiáns (San Sadurniño),1,PNOA-2024-GAL-504-4733-H29-NPC01.LAZ
522,4751,0.0,25.74832662867131,25.74832662867131,Negreira,Logrosa (Santa Baia),2,PNOA-2024-GAL-522-4751-H29-NPC01.LAZ
559,4756,0.0,25.721900348185926,25.721900348185926,Arzúa,Oíns (San Cosme),1,PNOA-2024-GAL-559-4756-H29-NPC01.LAZ
542,4779,0.0,25.71698224900911,25.71698224900911,Cerceda,Queixas (Santa María),1,PNOA-2024-GAL-542-4779-H29-NPC01.LAZ
516,4779,3.8538082832667824,21.84100915106048,25.694817434327263,Coristanco,Agualada (San Lourenzo),2,PNOA-2024-GAL-516-4779-H29-NPC01.LAZ
540,4747,9.629963731065088,16.007370214975317,25.637333946040407,Santiago de Compostela,Aríns (San Martiño),3,PNOA-2024-GAL-540-4747-H29-NPC01.LAZ
528,4737,7.253244870117869,18.332980400736492,25.58622527085436,Padrón,Cruces (Santa María),1,PNOA-2024-GAL-528-4737-H29-NPC01.LAZ
591,4835,9.044772615423563,16.500824429643018,25.54559704506658,Ortigueira,San Claudio (Santa María),2,PNOA-2024-GAL-591-4835-H29-NPC01.LAZ
527,4741,0.0,25.526677779613728,25.526677779613728,Brión,Bastavales (San Xulián),1,PNOA-2024-GAL-527-4741-H29-NPC01.LAZ
544,4757,11.068678760297344,14.457786894924306,25.52646565522165,Santiago de Compostela,A Barciela (Santo André),2,PNOA-2024-GAL-544-4757-H29-NPC01.LAZ
577,4774,0.0,25.50795467802434,25.50795467802434,Curtis,Curtis (Santaia),1,PNOA-2024-GAL-577-4774-H29-NPC01.LAZ
490,4777,0.0,25.49879602921936,25.49879602921936,Camariñas,A Ponte do Porto (San Pedro),1,PNOA-2024-GAL-490-4777-H29-NPC01.LAZ
563,4811,7.745756523770153,17.741473421312623,25.487229945082774,Mugardos,Franza (Santiago),2,PNOA-2024-GAL-563-4811-H29-NPC01.LAZ
547,4791,4.731042275908994,20.753801206120052,25.484843482029046,Culleredo,Ledoño (San Pedro),3,PNOA-2024-GAL-547-4791-H29-NPC01.LAZ
571,4797,0.0,25.459043264424004,25.459043264424004,Irixoa,Ambroa (San Tirso),1,PNOA-2024-GAL-571-4797-H29-NPC01.LAZ
548,4779,3.3417376326052164,22.089095270991375,25.430832903596592,Ordes,Ardemil (San Pedro),1,PNOA-2024-GAL-548-4779-H29-NPC01.LAZ
579,4754,13.366851902730634,12.061448971757208,25.428300874487842,Melide,Castro (San Tomé),2,PNOA-2024-GAL-579-4754-H29-NPC01.LAZ
561,4791,15.638262111217895,9.779159108815552,25.417421220033447,Betanzos,Piadela (Santo Estevo),1,PNOA-2024-GAL-561-4791-H29-NPC01.LAZ
503,4716,6.088507351909086,19.298017028757478,25.386524380666565,Ribeira,Palmeira (San Pedro),3,PNOA-2024-GAL-503-4716-H29-NPC01.LAZ
500,4713,4.824010442939232,20.543840046942364,25.367850489881597,Ribeira,Ribeira (Santa Uxía),2,PNOA-2024-GAL-500-4713-H29-NPC01.LAZ
568,4776,3.308171233306956,22.051499260483748,25.359670493790706,Cesuras,Borrifáns (San Pedro),3,PNOA-2024-GAL-568-4776-H29-NPC01.LAZ
581,4755,6.163027152448679,19.1391469105931,25.302174063041782,Melide,Abeancos (San Salvador),1,PNOA-2024-GAL-581-4755-H29-NPC01.LAZ
536,4756,5.425143519643767,19.873452841344516,25.298596360988284,Santiago de Compostela,Grixoa (Santa María),2,PNOA-2024-GAL-536-4756-H29-NPC01.LAZ
525,4784,0.0,25.29000236409508,25.29000236409508,Carballo,Carballo (San Xoán),1,PNOA-2024-GAL-525-4784-H29-NPC01.LAZ
489,4752,0.0,25.27594939330194,25.27594939330194,Dumbría,O Ézaro (Santa Uxía),1,PNOA-2024-GAL-489-4752-H29-NPC01.LAZ
527,4733,2.8956079765754423,22.33791004109103,25.23351801766647,Padrón,Padrón (Santiago),2,PNOA-2024-GAL-527-4733-H29-NPC01.LAZ
536,4794,7.3598301046816355,17.852746026793213,25.212576131474847,Arteixo,Armentón (San Pedro),2,PNOA-2024-GAL-536-4794-H29-NPC01.LAZ
541,4793,7.163312062392812,18.022023692065204,25.185335754458016,Arteixo,Loureda (Santa María),1,PNOA-2024-GAL-541-4793-H29-NPC01.LAZ
543,4762,3.2109298394416834,21.957398523166773,25.168328362608456,Trazo,Castelo (Santa María),1,PNOA-2024-GAL-543-4762-H29-NPC01.LAZ
568,4757,1.04003753927528,24.119589982174723,25.159627521450002,Arzúa,Viladavil (Santa María),1,PNOA-2024-GAL-568-4757-H29-NPC01.LAZ
529,4783,0.0,25.13340919035136,25.13340919035136,Carballo,Sofán (San Salvador),1,PNOA-2024-GAL-529-4783-H29-NPC01.LAZ
553,4793,17.868356067894645,7.245143757371984,25.11349982526663,Cambre,Cambre (Santa María),4,PNOA-2024-GAL-553-4793-H29-NPC01.LAZ
554,4766,6.7271963320872805,18.370318662612384,25.097514994699665,Frades,Galegos (San Martiño),2,PNOA-2024-GAL-554-4766-H29-NPC01.LAZ
502,4732,0.0,25.069024387308144,25.069024387308144,Porto do Son,Nebra (Santa María),1,PNOA-2024-GAL-502-4732-H29-NPC01.LAZ
564,4790,8.571997093280801,16.489309229038454,25.061306322319254,Oza dos Ríos,Mondoi (Santa Cruz),3,PNOA-2024-GAL-564-4790-H29-NPC01.LAZ
563,4790,3.936443349772289,21.084524805027197,25.020968154799487,Betanzos,Requián (Santiago),1,PNOA-2024-GAL-563-4790-H29-NPC01.LAZ
536,4792,5.778145730978647,19.24198821331654,25.020133944295186,Arteixo,Larín (Santo Estevo),2,PNOA-2024-GAL-536-4792-H29-NPC01.LAZ
544,4734,0.0,24.974159400522357,24.974159400522357,Vedra,San Miguel de Sarandón (San Miguel),2,PNOA-2024-GAL-544-4734-H29-NPC01.LAZ
564,4791,13.502929031973311,11.464841503744823,24.967770535718135,Betanzos,Brabío (San Martiño),3,PNOA-2024-GAL-564-4791-H29-NPC01.LAZ
519,4781,3.896658245647264,21.049563974140195,24.946222219787458,Coristanco,Coristanco (San Paio),1,PNOA-2024-GAL-519-4781-H29-NPC01.LAZ
574,4817,0.0,24.922688355949248,24.922688355949248,San Sadurniño,Naraío (Santa María),1,PNOA-2024-GAL-574-4817-H29-NPC01.LAZ
564,4746,10.33163169755466,14.575350611132158,24.906982308686818,Arzúa,Dombodán (San Cristovo),1,PNOA-2024-GAL-564-4746-H29-NPC01.LAZ
539,4749,8.826809511465678,16.063425353780513,24.890234865246192,Santiago de Compostela,San Lázaro (Santiago),2,PNOA-2024-GAL-539-4749-H29-NPC01.LAZ
519,4756,1.9449550464650867,22.926469656427138,24.871424702892224,A Baña,A Baña (San Vicenzo),2,PNOA-2024-GAL-519-4756-H29-NPC01.LAZ
497,4773,8.5040053853014,16.33843169659984,24.84243708190124,Vimianzo,Vimianzo (San Vicenzo),1,PNOA-2024-GAL-497-4773-H29-NPC01.LAZ
543,4780,6.231799224198926,18.60415920225676,24.835958426455687,Cerceda,Queixas (Santa María),2,PNOA-2024-GAL-543-4780-H29-NPC01.LAZ
558,4788,0.0,24.819761098981882,24.819761098981882,Abegondo,Mabegondo (San Tirso),1,PNOA-2024-GAL-558-4788-H29-NPC01.LAZ
533,4790,0.0,24.80687341765602,24.80687341765602,A Laracha,Torás (Santa María),2,PNOA-2024-GAL-533-4790-H29-NPC01.LAZ
571,4817,15.834113685139691,8.933449865625095,24.767563550764784,Neda,Anca (San Pedro),2,PNOA-2024-GAL-571-4817-H29-NPC01.LAZ
557,4765,1.6474571315447701,23.105420358465825,24.752877490010594,Frades,Frades (San Martiño),2,PNOA-2024-GAL-557-4765-H29-NPC01.LAZ
534,4796,5.900803251847101,18.83280534290023,24.73360859474733,Arteixo,Sorrizo (San Pedro),2,PNOA-2024-GAL-534-4796-H29-NPC01.LAZ
547,4790,15.781947200091986,8.916303719533342,24.69825091962533,Culleredo,Veiga (San Silvestre),3,PNOA-2024-GAL-547-4790-H29-NPC01.LAZ
576,4834,10.632702638675788,14.06062138046417,24.693324019139958,Cedeira,Esteiro (San Fiz),3,PNOA-2024-GAL-576-4834-H29-NPC01.LAZ
559,4797,0.0,24.66069455400695,24.66069455400695,Bergondo,Lubre (San Xoán),2,PNOA-2024-GAL-559-4797-H29-NPC01.LAZ
545,4768,2.293718975760088,22.320237388191693,24.61395636395178,Ordes,Parada (Santa Mariña),2,PNOA-2024-GAL-545-4768-H29-NPC01.LAZ
541,4749,10.756111216087367,13.849492276375958,24.605603492463324,Santiago de Compostela,Bando (Santa Eulalia),2,PNOA-2024-GAL-541-4749-H29-NPC01.LAZ
503,4717,0.0,24.59145718303215,24.59145718303215,A Pobra do Caramiñal,O Caramiñal (Santa María a Antiga),2,PNOA-2024-GAL-503-4717-H29-NPC01.LAZ
546,4737,0.0,24.591284510741392,24.591284510741392,Vedra,San Pedro de Vilanova (San Pedro),3,PNOA-2024-GAL-546-4737-H29-NPC01.LAZ
538,4753,6.5554455704816865,18.00408153930576,24.559527109787446,Santiago de Compostela,San Caetano (Santiago),1,PNOA-2024-GAL-538-4753-H29-NPC01.LAZ
577,4837,14.2138632126244,10.341514457352726,24.555377669977126,Cedeira,Régoa (Santa María),3,PNOA-2024-GAL-577-4837-H29-NPC01.LAZ
535,4747,7.486210612827488,17.064600793093323,24.55081140592081,Santiago de Compostela,San Paio (Santiago),4,PNOA-2024-GAL-535-4747-H29-NPC01.LAZ
526,4784,0.0,24.549745796050786,24.549745796050786,Carballo,Carballo (San Xoán),3,PNOA-2024-GAL-526-4784-H29-NPC01.LAZ
516,4775,5.329754735233702,19.216054461583703,24.545809196817405,Coristanco,Couso (San Miguel),1,PNOA-2024-GAL-516-4775-H29-NPC01.LAZ
540,4741,0.0,24.52301481148039,24.52301481148039,Vedra,San Xián de Sales (San Xián),2,PNOA-2024-GAL-540-4741-H29-NPC01.LAZ
507,4780,7.1836472297691,17.325076140640785,24.508723370409886,Cabana de Bergantiños,Anós (Santo Estevo),1,PNOA-2024-GAL-507-4780-H29-NPC01.LAZ
578,4745,0.0,24.502787236530597,24.502787236530597,Santiso,A Ponte Arcediago (San Xoán),3,PNOA-2024-GAL-578-4745-H29-NPC01.LAZ
505,4719,0.0,24.50154316802371,24.50154316802371,A Pobra do Caramiñal,Posmarcos (Santo Isidro),2,PNOA-2024-GAL-505-4719-H29-NPC01.LAZ
549,4793,7.952019531036913,16.529720550320977,24.48174008135789,Culleredo,Culleredo (Santo Estevo),2,PNOA-2024-GAL-549-4793-H29-NPC01.LAZ
520,4753,0.08166840101192503,24.38547663425326,24.467145035265183,A Baña,San Cibrán de Barcala (San Cibrán),2,PNOA-2024-GAL-520-4753-H29-NPC01.LAZ
568,4760,3.461611684780201,21.00488841559348,24.466500100373683,Boimorto,Sendelle (Santa María),1,PNOA-2024-GAL-568-4760-H29-NPC01.LAZ
512,4721,7.6662373773159755,16.798886514426798,24.465123891742774,Boiro,Abanqueiro (San Cristovo),1,PNOA-2024-GAL-512-4721-H29-NPC01.LAZ
542,4749,7.221458597482555,17.238780659435147,24.460239256917703,Santiago de Compostela,Bando (Santa Eulalia),1,PNOA-2024-GAL-542-4749-H29-NPC01.LAZ
536,4750,10.106620699586149,14.351058215159885,24.457678914746033,Santiago de Compostela,Vista Alegre (San Xoán),2,PNOA-2024-GAL-536-4750-H29-NPC01.LAZ
497,4774,1.4878745102179294,22.923107494291365,24.410982004509293,Vimianzo,Vimianzo (San Vicenzo),1,PNOA-2024-GAL-497-4774-H29-NPC01.LAZ
540,4743,2.753044752174835,21.644906282343452,24.397951034518286,Santiago de Compostela,Marrozos (Santa María),1,PNOA-2024-GAL-540-4743-H29-NPC01.LAZ
528,4747,8.597531335624168,15.771400812931956,24.368932148556127,Ames,Covas (Santo Estevo),2,PNOA-2024-GAL-528-4747-H29-NPC01.LAZ
517,4755,0.6034972665892091,23.759393452121426,24.362890718710634,A Baña,Ordoeste (Santa María),1,PNOA-2024-GAL-517-4755-H29-NPC01.LAZ
524,4789,0.0,24.33515624286712,24.33515624286712,Carballo,Oza (San Breixo),1,PNOA-2024-GAL-524-4789-H29-NPC01.LAZ
527,4742,0.0,24.319791107123024,24.319791107123024,Brión,Bastavales (San Xulián),1,PNOA-2024-GAL-527-4742-H29-NPC01.LAZ
567,4826,0.0,24.289951500310124,24.289951500310124,Valdoviño,O Sequeiro (Santa María),2,PNOA-2024-GAL-567-4826-H29-NPC01.LAZ
549,4796,10.625109846942117,13.649305167305522,24.274415014247637,Culleredo,Rutis (Santa María),2,PNOA-2024-GAL-549-4796-H29-NPC01.LAZ
505,4785,1.8307350287832793,22.432827249504175,24.263562278287456,Cabana de Bergantiños,Cánduas (San Martiño),2,PNOA-2024-GAL-505-4785-H29-NPC01.LAZ
583,4797,10.716506944928904,13.524450556828004,24.24095750175691,Monfero,O Val de Xestoso (San Pedro),1,PNOA-2024-GAL-583-4797-H29-NPC01.LAZ
496,4716,10.744085203975711,13.477698828328341,24.22178403230405,Ribeira,Olveira (Santa María),1,PNOA-2024-GAL-496-4716-H29-NPC01.LAZ
527,4734,6.005625654913462,18.20682592328145,24.212451578194912,Padrón,Padrón (Santiago),3,PNOA-2024-GAL-527-4734-H29-NPC01.LAZ
552,4786,0.0,24.211673333504137,24.211673333504137,Carral,Paleo (Santo Estevo),3,PNOA-2024-GAL-552-4786-H29-NPC01.LAZ
526,4736,10.54049248835961,13.634868131704648,24.175360620064257,Rois,Seira (San Lourenzo),3,PNOA-2024-GAL-526-4736-H29-NPC01.LAZ
509,4723,5.985198060749143,18.181821661429282,24.167019722178424,Boiro,Boiro (Santa Baia),1,PNOA-2024-GAL-509-4723-H29-NPC01.LAZ
503,4785,1.0090782713716675,23.146710472501454,24.15578874387312,Cabana de Bergantiños,Cánduas (San Martiño),1,PNOA-2024-GAL-503-4785-H29-NPC01.LAZ
558,4789,0.0,24.142881672046762,24.142881672046762,Abegondo,Mabegondo (San Tirso),1,PNOA-2024-GAL-558-4789-H29-NPC01.LAZ
537,4792,18.81659594137286,5.324653611841548,24.141249553214408,Arteixo,Larín (Santo Estevo),2,PNOA-2024-GAL-537-4792-H29-NPC01.LAZ
551,4785,0.0,24.10345372233775,24.10345372233775,Carral,Quembre (San Pedro),1,PNOA-2024-GAL-551-4785-H29-NPC01.LAZ
532,4747,6.989743148439313,17.11361363721353,24.103356785652842,Santiago de Compostela,Villestro (Santa María),2,PNOA-2024-GAL-532-4747-H29-NPC01.LAZ
581,4754,8.942621470735906,15.139635310451798,24.082256781187702,Melide,Abeancos (San Salvador),2,PNOA-2024-GAL-581-4754-H29-NPC01.LAZ
550,4795,9.742291539570115,14.323890502348325,24.066182041918438,Culleredo,Almeiras (San Xián),2,PNOA-2024-GAL-550-4795-H29-NPC01.LAZ
528,4748,0.34081715362595966,23.694397778593473,24.035214932219432,Ames,Ames (San Tomé),2,PNOA-2024-GAL-528-4748-H29-NPC01.LAZ
496,4772,10.259291007509653,13.774672151153599,24.03396315866325,Vimianzo,Cambeda (San Xoán),2,PNOA-2024-GAL-496-4772-H29-NPC01.LAZ
545,4795,5.815221802530846,18.2158218453209,24.031043647851746,Arteixo,Morás (Santo Estevo),1,PNOA-2024-GAL-545-4795-H29-NPC01.LAZ
567,4748,0.0,24.012745800128084,24.012745800128084,Arzúa,Viñós (San Pedro),2,PNOA-2024-GAL-567-4748-H29-NPC01.LAZ
489,4739,0.0,23.96608163738279,23.96608163738279,Carnota,Lira (Santa María),1,PNOA-2024-GAL-489-4739-H29-NPC01.LAZ
537,4793,13.772453643646303,10.185608142271787,23.95806178591809,Arteixo,Armentón (San Pedro),2,PNOA-2024-GAL-537-4793-H29-NPC01.LAZ
515,4783,2.2362146553470166,21.70940228090611,23.945616936253128,Coristanco,Valenza (San Pedro),1,PNOA-2024-GAL-515-4783-H29-NPC01.LAZ
519,4753,5.809852780072661,18.129366256059157,23.939219036131817,A Baña,Barcala (San Xoán),3,PNOA-2024-GAL-519-4753-H29-NPC01.LAZ
564,4811,8.124210685804469,15.805471784726373,23.929682470530842,Mugardos,Piñeiro (San Xoán),3,PNOA-2024-GAL-564-4811-H29-NPC01.LAZ
569,4784,7.952807861707521,15.963358227963168,23.91616608967069,Oza dos Ríos,Bandoxa (San Martiño),1,PNOA-2024-GAL-569-4784-H29-NPC01.LAZ
526,4779,0.0,23.915284788700138,23.915284788700138,Carballo,Rus (Santa María),1,PNOA-2024-GAL-526-4779-H29-NPC01.LAZ
534,4740,0.0,23.871737865012992,23.871737865012992,Teo,Luou (Santa María),1,PNOA-2024-GAL-534-4740-H29-NPC01.LAZ
562,4795,5.326735843022189,18.5380474633106,23.86478330633279,Betanzos,Pontellas (Santa María),4,PNOA-2024-GAL-562-4795-H29-NPC01.LAZ
565,4797,3.552603620934284,20.306252420827075,23.85885604176136,Paderne,Souto (Santa María),3,PNOA-2024-GAL-565-4797-H29-NPC01.LAZ
565,4801,14.866374018752637,8.973811507244546,23.840185525997185,Miño,Castro (Santa María),3,PNOA-2024-GAL-565-4801-H29-NPC01.LAZ
549,4792,9.663263680568836,14.166623762685923,23.82988744325476,Culleredo,Sésamo (San Martiño),1,PNOA-2024-GAL-549-4792-H29-NPC01.LAZ
501,4714,4.059928171279798,19.760850566924425,23.820778738204222,Ribeira,Palmeira (San Pedro),2,PNOA-2024-GAL-501-4714-H29-NPC01.LAZ
538,4744,11.013031700016892,12.80558456250823,23.818616262525122,Santiago de Compostela,O Eixo (San Cristovo),4,PNOA-2024-GAL-538-4744-H29-NPC01.LAZ
572,4746,0.0,23.768785717228614,23.768785717228614,Santiso,Visantoña (San Xoán),2,PNOA-2024-GAL-572-4746-H29-NPC01.LAZ
522,4729,15.333656979941576,8.427791125487756,23.76144810542933,Dodro,San Xoán de Laíño (San Xoán),1,PNOA-2024-GAL-522-4729-H29-NPC01.LAZ
575,4813,3.041157545700558,20.630977510191833,23.67213505589239,A Capela,Cabalar (Santa María),1,PNOA-2024-GAL-575-4813-H29-NPC01.LAZ
543,4760,1.6732733385179248,21.998280170538195,23.671553509056118,Trazo,Berreo (San Mamede),1,PNOA-2024-GAL-543-4760-H29-NPC01.LAZ
568,4806,0.0,23.671401747744184,23.671401747744184,Pontedeume,Nogueirosa (San Cosme),2,PNOA-2024-GAL-568-4806-H29-NPC01.LAZ
535,4748,7.910124590613611,15.758874571337838,23.668999161951447,Santiago de Compostela,San Paio (Santiago),3,PNOA-2024-GAL-535-4748-H29-NPC01.LAZ
580,4754,6.3377802379769665,17.2990402452421,23.63682048321907,Melide,Os Ánxeles (Santa María),2,PNOA-2024-GAL-580-4754-H29-NPC01.LAZ
545,4751,7.649102005654511,15.961376452140277,23.610478457794787,Santiago de Compostela,Sabugueira (San Paio),1,PNOA-2024-GAL-545-4751-H29-NPC01.LAZ
565,4781,9.13253346423734,14.477147416827199,23.60968088106454,Cesuras,Bragade (San Mamede),1,PNOA-2024-GAL-565-4781-H29-NPC01.LAZ
580,4751,15.132534220233536,8.457403292099707,23.589937512333243,Melide,Santa María de Melide (Santa María),4,PNOA-2024-GAL-580-4751-H29-NPC01.LAZ
565,4805,8.293839576397668,15.269007148588946,23.562846724986613,Miño,Perbes (San Pedro),2,PNOA-2024-GAL-565-4805-H29-NPC01.LAZ
548,4770,2.1585987427849704,21.39396963315781,23.55256837594278,Ordes,Ordes (Santa María),1,PNOA-2024-GAL-548-4770-H29-NPC01.LAZ
508,4783,14.127817294624537,9.38217388169645,23.509991176320987,Cabana de Bergantiños,Cundíns (San Paio),1,PNOA-2024-GAL-508-4783-H29-NPC01.LAZ
547,4765,1.4741653130118508,22.006639495877366,23.480804808889218,Ordes,Santa Cruz de Montaos (Santa Cruz),1,PNOA-2024-GAL-547-4765-H29-NPC01.LAZ
550,4768,1.9377930621392836,21.506492284815106,23.44428534695439,Ordes,Poulo (San Xulián),2,PNOA-2024-GAL-550-4768-H29-NPC01.LAZ
543,4763,3.3399998151805215,20.084108873409544,23.424108688590067,Trazo,Castelo (Santa María),1,PNOA-2024-GAL-543-4763-H29-NPC01.LAZ
535,4746,4.4526639389675795,18.963257027927295,23.415920966894873,Santiago de Compostela,Conxo (Santa María),2,PNOA-2024-GAL-535-4746-H29-NPC01.LAZ
577,4812,5.009042329913826,18.391671780151025,23.40071411006485,A Capela,Capela (Santiago),2,PNOA-2024-GAL-577-4812-H29-NPC01.LAZ
568,4807,0.0,23.341410615961806,23.341410615961806,Pontedeume,Nogueirosa (San Cosme),2,PNOA-2024-GAL-568-4807-H29-NPC01.LAZ
508,4724,2.434733606138677,20.881243605209285,23.315977211347963,Boiro,Boiro (Santa Baia),1,PNOA-2024-GAL-508-4724-H29-NPC01.LAZ
524,4784,0.0,23.309797268124,23.309797268124,Carballo,Carballo (San Xoán),1,PNOA-2024-GAL-524-4784-H29-NPC01.LAZ
564,4795,5.187045891826819,18.117792798039606,23.304838689866425,Paderne,Souto (Santa María),2,PNOA-2024-GAL-564-4795-H29-NPC01.LAZ
534,4739,0.0,23.290897380429037,23.290897380429037,Teo,Luou (Santa María),2,PNOA-2024-GAL-534-4739-H29-NPC01.LAZ
515,4784,6.729697038526949,16.554494698008753,23.284191736535703,Coristanco,Cereo (Santa María),3,PNOA-2024-GAL-515-4784-H29-NPC01.LAZ
526,4747,0.0,23.28382299497665,23.28382299497665,Brión,Brión (San Fins),1,PNOA-2024-GAL-526-4747-H29-NPC01.LAZ
561,4812,3.970443960660147,19.271276170013643,23.24172013067379,Mugardos,Meá (San Vicente),1,PNOA-2024-GAL-561-4812-H29-NPC01.LAZ
567,4799,0.6274563869879575,22.5927906186407,23.220247005628657,Miño,Bemantes (San Tomé),2,PNOA-2024-GAL-567-4799-H29-NPC01.LAZ
498,4719,0.0,23.159005038553985,23.159005038553985,Porto do Son,San Pedro de Muro (San Pedro),1,PNOA-2024-GAL-498-4719-H29-NPC01.LAZ
546,4763,0.0,23.157131526030092,23.157131526030092,Oroso,Deixebre (Santa María),2,PNOA-2024-GAL-546-4763-H29-NPC01.LAZ
507,4745,0.0,23.14257794127423,23.14257794127423,Outes,Santo Ourente de Entíns (Santo Ourente),3,PNOA-2024-GAL-507-4745-H29-NPC01.LAZ
582,4757,0.0,23.13774184870698,23.13774184870698,Toques,Ordes (Santa María),2,PNOA-2024-GAL-582-4757-H29-NPC01.LAZ
526,4786,0.0,23.134281597042225,23.134281597042225,Carballo,Bértoa (Santa María),1,PNOA-2024-GAL-526-4786-H29-NPC01.LAZ
567,4806,0.0,23.11568229638856,23.11568229638856,Pontedeume,Vilar (San Pedro),3,PNOA-2024-GAL-567-4806-H29-NPC01.LAZ
538,4795,17.341431993477002,5.76430712085992,23.10573911433692,Arteixo,Arteixo (Santiago),2,PNOA-2024-GAL-538-4795-H29-NPC01.LAZ
537,4757,8.94012321464947,14.163568449151654,23.103691663801122,Trazo,Chaián (Santa María),1,PNOA-2024-GAL-537-4757-H29-NPC01.LAZ
559,4774,0.0,23.07744884591527,23.07744884591527,Mesía,Mesía (San Cristovo),1,PNOA-2024-GAL-559-4774-H29-NPC01.LAZ
535,4789,0.0,23.061645794728395,23.061645794728395,A Laracha,Lestón (San Martiño),2,PNOA-2024-GAL-535-4789-H29-NPC01.LAZ
557,4771,7.612105132895079,15.439610679860516,23.051715812755596,Frades,Abellá (Santo Estevo),1,PNOA-2024-GAL-557-4771-H29-NPC01.LAZ
524,4730,4.793337234353082,18.24724541888505,23.040582653238133,Dodro,Laíño (San Xián),2,PNOA-2024-GAL-524-4730-H29-NPC01.LAZ
503,4733,0.0,23.03887068310227,23.03887068310227,Porto do Son,Goiáns (San Sadurniño),2,PNOA-2024-GAL-503-4733-H29-NPC01.LAZ
532,4789,0.0,23.025157991032003,23.025157991032003,A Laracha,Vilaño (Santiago),2,PNOA-2024-GAL-532-4789-H29-NPC01.LAZ
526,4738,7.328583976999759,15.668679352180398,22.997263329180157,Rois,Sorribas (San Tomé),1,PNOA-2024-GAL-526-4738-H29-NPC01.LAZ
506,4740,0.0,22.99496507978768,22.99496507978768,Outes,San Cosme de Outeiro (San Cosme),1,PNOA-2024-GAL-506-4740-H29-NPC01.LAZ
550,4788,4.457319498042898,18.531138014538303,22.9884575125812,Culleredo,Castelo (Santiago),2,PNOA-2024-GAL-550-4788-H29-NPC01.LAZ
546,4751,16.05605950715933,6.927950101751303,22.984009608910632,Santiago de Compostela,Sabugueira (San Paio),1,PNOA-2024-GAL-546-4751-H29-NPC01.LAZ
562,4779,6.0867268216413,16.854969744942792,22.941696566584092,Cesuras,Dordaño (Santa María),2,PNOA-2024-GAL-562-4779-H29-NPC01.LAZ
540,4781,1.8649224645820808,21.0745554033707,22.939477867952778,Cerceda,Queixas (Santa María),2,PNOA-2024-GAL-540-4781-H29-NPC01.LAZ
527,4743,0.0,22.933829307854687,22.933829307854687,Brión,San Salvador de Bastavales (San Salvador),3,PNOA-2024-GAL-527-4743-H29-NPC01.LAZ
526,4734,5.963786221630774,16.96574488198772,22.929531103618494,Padrón,Padrón (Santiago),2,PNOA-2024-GAL-526-4734-H29-NPC01.LAZ
524,4786,0.0,22.904795960787528,22.904795960787528,Carballo,Sísamo (Santiago),3,PNOA-2024-GAL-524-4786-H29-NPC01.LAZ
525,4781,0.0,22.900412109848823,22.900412109848823,Carballo,Ardaña (Santa María),2,PNOA-2024-GAL-525-4781-H29-NPC01.LAZ
533,4768,6.84929525749414,16.02516651721081,22.87446177470495,Trazo,Monzo (San Martiño),2,PNOA-2024-GAL-533-4768-H29-NPC01.LAZ
562,4798,0.0,22.851215686742783,22.851215686742783,Bergondo,Moruxo (San Vicente),3,PNOA-2024-GAL-562-4798-H29-NPC01.LAZ
579,4750,20.156720160126348,2.680069862572017,22.836790022698366,Melide,Moldes (San Martiño),2,PNOA-2024-GAL-579-4750-H29-NPC01.LAZ
562,4794,5.998305150561222,16.79793048369113,22.79623563425235,Betanzos,Pontellas (Santa María),3,PNOA-2024-GAL-562-4794-H29-NPC01.LAZ
568,4828,0.0,22.75670751556484,22.75670751556484,Valdoviño,Valdoviño (Santalla),2,PNOA-2024-GAL-568-4828-H29-NPC01.LAZ
542,4737,0.0,22.750114330892707,22.750114330892707,Vedra,Vedra (Santa Eulalia),1,PNOA-2024-GAL-542-4737-H29-NPC01.LAZ
571,4800,0.0,22.730000396132336,22.730000396132336,Vilarmaior,Torres (San Xorxe),2,PNOA-2024-GAL-571-4800-H29-NPC01.LAZ
556,4747,0.0,22.713507065871582,22.713507065871582,Touro,Touro (San Xoán),1,PNOA-2024-GAL-556-4747-H29-NPC01.LAZ
505,4716,0.0,22.697879086530662,22.697879086530662,A Pobra do Caramiñal,O Xobre ou O Maño (Santa María),1,PNOA-2024-GAL-505-4716-H29-NPC01.LAZ
541,4797,1.2198191944461707,21.46304618530941,22.68286537975558,Arteixo,Oseiro (San Tirso),1,PNOA-2024-GAL-541-4797-H29-NPC01.LAZ
560,4811,17.52111525234984,5.161553820531426,22.682669072881268,Mugardos,Meá (San Vicente),2,PNOA-2024-GAL-560-4811-H29-NPC01.LAZ
500,4719,7.108930833473643,15.553397308831695,22.662328142305338,Ribeira,Oleiros (San Martiño),1,PNOA-2024-GAL-500-4719-H29-NPC01.LAZ
537,4745,8.39605670109359,14.254348399509201,22.65040510060279,Santiago de Compostela,O Castiñeiriño (Nosa Señora de Fátima),3,PNOA-2024-GAL-537-4745-H29-NPC01.LAZ
494,4738,0.0,22.621740347937575,22.621740347937575,Muros,Serres (San Xoán),1,PNOA-2024-GAL-494-4738-H29-NPC01.LAZ
524,4778,0.0,22.618674773618523,22.618674773618523,Coristanco,Erbecedo (San Salvador),1,PNOA-2024-GAL-524-4778-H29-NPC01.LAZ
549,4794,5.286232958691233,17.330689637451236,22.61692259614247,Culleredo,Culleredo (Santo Estevo),2,PNOA-2024-GAL-549-4794-H29-NPC01.LAZ
548,4769,2.4643569944514367,20.150055069143782,22.614412063595218,Ordes,Ordes (Santa María),1,PNOA-2024-GAL-548-4769-H29-NPC01.LAZ
577,4813,1.151071580533966,21.420831636671565,22.57190321720553,A Capela,Caaveiro (San Boulo),1,PNOA-2024-GAL-577-4813-H29-NPC01.LAZ
569,4817,15.3602532035916,7.211323393636637,22.571576597228237,Neda,Santa María de Neda (Santa María),1,PNOA-2024-GAL-569-4817-H29-NPC01.LAZ
561,4794,0.0,22.536943234192805,22.536943234192805,Bergondo,Vixoi (San Fiz),2,PNOA-2024-GAL-561-4794-H29-NPC01.LAZ
526,4787,0.0,22.516744476260328,22.516744476260328,Carballo,Bértoa (Santa María),1,PNOA-2024-GAL-526-4787-H29-NPC01.LAZ
555,4785,0.0,22.441350520459086,22.441350520459086,Abegondo,Montouto (Santa Cristina),2,PNOA-2024-GAL-555-4785-H29-NPC01.LAZ
565,4802,4.11969840619977,18.318658209181784,22.438356615381554,Miño,Castro (Santa María),2,PNOA-2024-GAL-565-4802-H29-NPC01.LAZ
535,4791,13.42845732625191,8.994887678921309,22.423345005173218,Arteixo,Monteagudo (San Tomé),4,PNOA-2024-GAL-535-4791-H29-NPC01.LAZ
534,4795,3.13197639623106,19.272182867176564,22.404159263407625,Arteixo,Sorrizo (San Pedro),3,PNOA-2024-GAL-534-4795-H29-NPC01.LAZ
546,4774,1.4847649903524835,20.826377244236944,22.31114223458943,Ordes,Mercurín (San Clemente),1,PNOA-2024-GAL-546-4774-H29-NPC01.LAZ
535,4737,0.0,22.306507546414203,22.306507546414203,Teo,Rarís (San Miguel),2,PNOA-2024-GAL-535-4737-H29-NPC01.LAZ
567,4805,0.0,22.30411740405141,22.30411740405141,Pontedeume,Andrade (San Martiño),2,PNOA-2024-GAL-567-4805-H29-NPC01.LAZ
528,4735,2.6109937911371808,19.660873730488056,22.271867521625236,Padrón,Iria Flavia (Santa María),1,PNOA-2024-GAL-528-4735-H29-NPC01.LAZ
585,4818,0.0,22.271250658964643,22.271250658964643,As Somozas,Recemel (Santa María),1,PNOA-2024-GAL-585-4818-H29-NPC01.LAZ
568,4803,6.144187136526131,16.11791650296098,22.262103639487112,Miño,Carantoña (San Xulián),2,PNOA-2024-GAL-568-4803-H29-NPC01.LAZ
555,4771,5.017861983271606,17.243014470879313,22.260876454150917,Frades,Abellá (Santo Estevo),1,PNOA-2024-GAL-555-4771-H29-NPC01.LAZ
546,4799,16.682335119959774,5.547387899059565,22.22972301901934,A Coruña,San Cristovo das Viñas (San Cristovo),2,PNOA-2024-GAL-546-4799-H29-NPC01.LAZ
526,4774,0.0,22.226777426181112,22.226777426181112,Tordoia,Anxeriz (Santa Mariña),1,PNOA-2024-GAL-526-4774-H29-NPC01.LAZ
534,4749,5.920346528307634,16.303966285467737,22.22431281377537,Santiago de Compostela,Figueiras (Santa María),1,PNOA-2024-GAL-534-4749-H29-NPC01.LAZ
541,4787,0.0,22.21939878699753,22.21939878699753,A Laracha,Soandres (San Pedro),1,PNOA-2024-GAL-541-4787-H29-NPC01.LAZ
510,4725,2.936247634361337,19.26798566137827,22.204233295739606,Boiro,Cespón (San Vicenzo),2,PNOA-2024-GAL-510-4725-H29-NPC01.LAZ
561,4767,6.298991257503319,15.890352952393764,22.189344209897083,Frades,Vitre (San Xoán),1,PNOA-2024-GAL-561-4767-H29-NPC01.LAZ
547,4757,2.3078630323496014,19.868749034895387,22.17661206724499,Santiago de Compostela,Cesar (Santa María),1,PNOA-2024-GAL-547-4757-H29-NPC01.LAZ
554,4795,8.52764440919556,13.622460246934725,22.150104656130285,Cambre,Pravio (San Xoán),2,PNOA-2024-GAL-554-4795-H29-NPC01.LAZ
549,4769,3.6677479590584223,18.4644656070343,22.132213566092723,Ordes,Ordes (Santa María),2,PNOA-2024-GAL-549-4769-H29-NPC01.LAZ
599,4841,6.255071688986578,15.855183065858581,22.11025475484516,Ortigueira,Céltigos (San Xulián),2,PNOA-2024-GAL-599-4841-H29-NPC01.LAZ
536,4777,0.0,22.1059967682369,22.1059967682369,Cerceda,Rodís (San Martiño),2,PNOA-2024-GAL-536-4777-H29-NPC01.LAZ
533,4740,0.0,22.105984273542475,22.105984273542475,Teo,Luou (Santa María),2,PNOA-2024-GAL-533-4740-H29-NPC01.LAZ
528,4782,0.0,22.095616699323138,22.095616699323138,Carballo,Artes (San Xurxo),2,PNOA-2024-GAL-528-4782-H29-NPC01.LAZ
511,4720,9.150711493337196,12.934295368540742,22.085006861877936,Boiro,Abanqueiro (San Cristovo),2,PNOA-2024-GAL-511-4720-H29-NPC01.LAZ
569,4753,5.095831723441963,16.97336607911002,22.069197802551983,Arzúa,Lema (San Pedro),1,PNOA-2024-GAL-569-4753-H29-NPC01.LAZ
574,4812,0.9046755853405201,21.14120404498161,22.04587963032213,A Capela,Cabalar (Santa María),1,PNOA-2024-GAL-574-4812-H29-NPC01.LAZ
531,4748,8.623876567303968,13.410023104161398,22.033899671465367,Santiago de Compostela,Villestro (Santa María),1,PNOA-2024-GAL-531-4748-H29-NPC01.LAZ
561,4783,1.3262175261162152,20.690124996081643,22.01634252219786,Cesuras,Carres (San Vicenzo),2,PNOA-2024-GAL-561-4783-H29-NPC01.LAZ
541,4741,0.0,22.01399871460685,22.01399871460685,Vedra,San Fins de Sales (San Fins),2,PNOA-2024-GAL-541-4741-H29-NPC01.LAZ
523,4749,0.8243395457652346,21.168518992997956,21.99285853876319,Ames,Agrón (San Lourenzo),1,PNOA-2024-GAL-523-4749-H29-NPC01.LAZ
546,4761,0.0,21.992425375506805,21.992425375506805,Oroso,Oroso (San Martiño),1,PNOA-2024-GAL-546-4761-H29-NPC01.LAZ
561,4782,4.979103434070937,16.966275989609272,21.945379423680208,Cesuras,Carres (San Vicenzo),3,PNOA-2024-GAL-561-4782-H29-NPC01.LAZ
539,4770,0.0,21.90650777530059,21.90650777530059,Tordoia,Gorgullos (Santaia),1,PNOA-2024-GAL-539-4770-H29-NPC01.LAZ
510,4779,6.937934835880371,14.96404926795418,21.90198410383455,Cabana de Bergantiños,Nantón (San Pedro),1,PNOA-2024-GAL-510-4779-H29-NPC01.LAZ
543,4798,9.804646588898747,12.093231800196966,21.897878389095712,Arteixo,Pastoriza (Santa María),1,PNOA-2024-GAL-543-4798-H29-NPC01.LAZ
544,4784,2.745994144716977,19.14490499841986,21.89089914313684,Cerceda,Cerceda (San Martiño),2,PNOA-2024-GAL-544-4784-H29-NPC01.LAZ
499,4710,8.952712802149481,12.912560414279547,21.865273216429028,Ribeira,Carreira (San Paio),2,PNOA-2024-GAL-499-4710-H29-NPC01.LAZ
569,4827,0.0,21.83206713550702,21.83206713550702,Valdoviño,Valdoviño (Santalla),1,PNOA-2024-GAL-569-4827-H29-NPC01.LAZ
533,4789,0.0,21.81700247710973,21.81700247710973,A Laracha,Torás (Santa María),3,PNOA-2024-GAL-533-4789-H29-NPC01.LAZ
550,4783,0.0,21.80680552941871,21.80680552941871,Carral,Sumio (Santiago),1,PNOA-2024-GAL-550-4783-H29-NPC01.LAZ
494,4715,7.1107397015047065,14.691319616585877,21.802059318090585,Ribeira,Corrubedo (Santa María),1,PNOA-2024-GAL-494-4715-H29-NPC01.LAZ
538,4736,0.0,21.80122360230465,21.80122360230465,Teo,Vilariño (San Tomé),2,PNOA-2024-GAL-538-4736-H29-NPC01.LAZ
577,4836,3.6459744402658165,18.149903759887906,21.795878200153723,Cedeira,Régoa (Santa María),3,PNOA-2024-GAL-577-4836-H29-NPC01.LAZ
493,4778,7.289491555342842,14.505339659762411,21.794831215105255,Vimianzo,Carantoña (San Martiño),1,PNOA-2024-GAL-493-4778-H29-NPC01.LAZ
561,4790,15.126852676094487,6.655891778715394,21.78274445480988,Betanzos,Piadela (Santo Estevo),3,PNOA-2024-GAL-561-4790-H29-NPC01.LAZ
556,4785,0.0,21.75613985071508,21.75613985071508,Abegondo,Cabanas (San Xián),4,PNOA-2024-GAL-556-4785-H29-NPC01.LAZ
535,4762,1.6479153330669154,20.093798952214676,21.741714285281592,Trazo,Xavestre (San Cristovo),2,PNOA-2024-GAL-535-4762-H29-NPC01.LAZ
573,4746,0.0,21.70847251240797,21.70847251240797,Santiso,Ribadulla (San Vicenzo),1,PNOA-2024-GAL-573-4746-H29-NPC01.LAZ
566,4794,9.717630835942927,11.989342928167023,21.70697376410995,Paderne,Obre (Santo André),4,PNOA-2024-GAL-566-4794-H29-NPC01.LAZ
575,4810,2.375088070789669,19.32132563442397,21.69641370521364,A Capela,Capela (Santiago),1,PNOA-2024-GAL-575-4810-H29-NPC01.LAZ
545,4754,9.678552328115533,12.010704117597166,21.6892564457127,Santiago de Compostela,A Enfesta (San Cristovo),2,PNOA-2024-GAL-545-4754-H29-NPC01.LAZ
510,4784,4.855353544727486,16.831067841126007,21.686421385853492,Cabana de Bergantiños,A Silvarredonda (San Pedro),1,PNOA-2024-GAL-510-4784-H29-NPC01.LAZ
551,4786,0.0,21.657751585415244,21.657751585415244,Carral,Paleo (Santo Estevo),2,PNOA-2024-GAL-551-4786-H29-NPC01.LAZ
510,4737,8.112509433244634,13.520690136599304,21.63319956984394,Noia,Barro (Santa Cristina),2,PNOA-2024-GAL-510-4737-H29-NPC01.LAZ
477,4754,0.0,21.633089343420753,21.633089343420753,Fisterra,Duio (San Vicezo),1,PNOA-2024-GAL-477-4754-H29-NPC01.LAZ
578,4752,11.71529056109671,9.909820030180082,21.625110591276794,Melide,Santa María de Melide (Santa María),4,PNOA-2024-GAL-578-4752-H29-NPC01.LAZ
547,4789,5.66774193774277,15.950903774106127,21.6186457118489,Culleredo,Celas (Santa María),2,PNOA-2024-GAL-547-4789-H29-NPC01.LAZ
559,4790,0.0,21.610901863873657,21.610901863873657,Abegondo,Crendes (San Pedro),2,PNOA-2024-GAL-559-4790-H29-NPC01.LAZ
525,4750,1.4360412321019576,20.14799229710232,21.584033529204277,Ames,Trasmonte (Santa María),2,PNOA-2024-GAL-525-4750-H29-NPC01.LAZ
537,4789,0.0,21.543522620181374,21.543522620181374,A Laracha,Coiro (San Xián),1,PNOA-2024-GAL-537-4789-H29-NPC01.LAZ
585,4833,4.906317134330274,16.601674125909405,21.507991260239677,Cedeira,Montoxo (San Xiao),2,PNOA-2024-GAL-585-4833-H29-NPC01.LAZ
569,4798,3.6948801252385115,17.803261800356623,21.498141925595135,Miño,Callobre (San Xoán),1,PNOA-2024-GAL-569-4798-H29-NPC01.LAZ
564,4781,3.8092790015827513,17.67883361067623,21.48811261225898,Cesuras,Dordaño (Santa María),3,PNOA-2024-GAL-564-4781-H29-NPC01.LAZ
527,4784,0.0,21.487918513612083,21.487918513612083,Carballo,Artes (San Xurxo),3,PNOA-2024-GAL-527-4784-H29-NPC01.LAZ
508,4722,2.8807345727430476,18.587391440451164,21.46812601319421,Boiro,Lampón (Santiago),2,PNOA-2024-GAL-508-4722-H29-NPC01.LAZ
504,4718,0.0,21.46022569742814,21.46022569742814,A Pobra do Caramiñal,Lesón (Santa Cruz),2,PNOA-2024-GAL-504-4718-H29-NPC01.LAZ
575,4752,1.3780847903912277,20.081337182387475,21.459421972778703,Arzúa,Boente (Santiago),2,PNOA-2024-GAL-575-4752-H29-NPC01.LAZ
543,4779,0.01734898276705075,21.423594347609523,21.440943330376573,Cerceda,Queixas (Santa María),1,PNOA-2024-GAL-543-4779-H29-NPC01.LAZ
494,4737,0.0,21.429649000862913,21.429649000862913,Muros,Muros (San Pedro),2,PNOA-2024-GAL-494-4737-H29-NPC01.LAZ
561,4798,0.0,21.42558765215513,21.42558765215513,Bergondo,Ouces (San Xoán),2,PNOA-2024-GAL-561-4798-H29-NPC01.LAZ
544,4735,0.0,21.42490533664358,21.42490533664358,Vedra,San Miguel de Sarandón (San Miguel),2,PNOA-2024-GAL-544-4735-H29-NPC01.LAZ
534,4793,2.7393440468337578,18.654066943755296,21.393410990589054,Arteixo,Monteagudo (San Tomé),1,PNOA-2024-GAL-534-4793-H29-NPC01.LAZ
539,4739,0.0,21.373549612950494,21.373549612950494,Teo,Oza (Santa Baia),2,PNOA-2024-GAL-539-4739-H29-NPC01.LAZ
576,4751,15.76512107620574,5.606012625999863,21.371133702205604,Melide,As Varelas (San Martiño),2,PNOA-2024-GAL-576-4751-H29-NPC01.LAZ
528,4739,17.205246735843694,4.163611996224554,21.368858732068247,Padrón,Cruces (Santa María),2,PNOA-2024-GAL-528-4739-H29-NPC01.LAZ
498,4710,7.627093101468548,13.728897206728892,21.35599030819744,Ribeira,Carreira (San Paio),1,PNOA-2024-GAL-498-4710-H29-NPC01.LAZ
530,4745,0.5835902922925698,20.762710899950985,21.346301192243555,Ames,Ortoño (San Xoán),2,PNOA-2024-GAL-530-4745-H29-NPC01.LAZ
534,4786,0.0,21.340030246631404,21.340030246631404,A Laracha,Golmar (San Bieito),2,PNOA-2024-GAL-534-4786-H29-NPC01.LAZ
535,4790,0.8982372856894159,20.42950147539692,21.327738761086334,A Laracha,Lestón (San Martiño),2,PNOA-2024-GAL-535-4790-H29-NPC01.LAZ
543,4740,0.0,21.32578664913339,21.32578664913339,Boqueixón,Lestedo (Santa María),1,PNOA-2024-GAL-543-4740-H29-NPC01.LAZ
564,4747,1.4943402032429354,19.81655696896873,21.310897172211664,Arzúa,Dombodán (San Cristovo),2,PNOA-2024-GAL-564-4747-H29-NPC01.LAZ
551,4784,0.0,21.30823414409253,21.30823414409253,Carral,Quembre (San Pedro),2,PNOA-2024-GAL-551-4784-H29-NPC01.LAZ
566,4802,5.645727921001499,15.659606902292262,21.305334823293762,Miño,Leiro (San Salvador),2,PNOA-2024-GAL-566-4802-H29-NPC01.LAZ
567,4755,7.462320675181524,13.842135742219323,21.304456417400846,Arzúa,Santa María da Arzúa (Santa María),1,PNOA-2024-GAL-567-4755-H29-NPC01.LAZ
567,4779,2.4464350785602464,18.85215734714845,21.298592425708694,Cesuras,Filgueira de Barranca (San Pedro),2,PNOA-2024-GAL-567-4779-H29-NPC01.LAZ
498,4715,8.098743345863033,13.177993644351568,21.2767369902146,Ribeira,Olveira (Santa María),2,PNOA-2024-GAL-498-4715-H29-NPC01.LAZ
548,4739,0.0,21.273769789910403,21.273769789910403,Boqueixón,Codeso (Santaia),2,PNOA-2024-GAL-548-4739-H29-NPC01.LAZ
569,4794,1.6723909129833872,19.598710712135016,21.271101625118405,Paderne,Adragonte (Santiago),1,PNOA-2024-GAL-569-4794-H29-NPC01.LAZ
529,4743,2.9803091853188985,18.27718429783598,21.257493483154878,Brión,Bastavales (San Xulián),3,PNOA-2024-GAL-529-4743-H29-NPC01.LAZ
585,4821,0.0,21.230772909349497,21.230772909349497,As Somozas,As Somozas (Santiago Seré),1,PNOA-2024-GAL-585-4821-H29-NPC01.LAZ
576,4761,3.842728356612923,17.382636887849927,21.22536524446285,Boimorto,Rodieiros (San Simón),1,PNOA-2024-GAL-576-4761-H29-NPC01.LAZ
592,4833,15.123348838408509,6.100408979310247,21.223757817718756,Ortigueira,Senra (San Xulián),2,PNOA-2024-GAL-592-4833-H29-NPC01.LAZ
550,4775,3.2281271117868786,17.991222174235762,21.21934928602264,Ordes,Ardemil (San Pedro),2,PNOA-2024-GAL-550-4775-H29-NPC01.LAZ
516,4726,11.324349222810891,9.875734889535568,21.20008411234646,Rianxo,O Araño (Santa Baia),2,PNOA-2024-GAL-516-4726-H29-NPC01.LAZ
510,4720,4.817991958056457,16.376924988545095,21.194916946601552,Boiro,Castro (Santa María),2,PNOA-2024-GAL-510-4720-H29-NPC01.LAZ
564,4745,0.5305529162454424,20.64150704970935,21.172059965954794,Arzúa,Dombodán (San Cristovo),2,PNOA-2024-GAL-564-4745-H29-NPC01.LAZ
554,4788,0.0,21.16089170597948,21.16089170597948,Carral,Cañás (Santa Baia),2,PNOA-2024-GAL-554-4788-H29-NPC01.LAZ
560,4792,13.481228554902794,7.67023891650914,21.151467471411934,Betanzos,Piadela (Santo Estevo),2,PNOA-2024-GAL-560-4792-H29-NPC01.LAZ
557,4792,14.23385410655797,6.894744733700673,21.128598840258643,Cambre,Bribes (San Cibrán),2,PNOA-2024-GAL-557-4792-H29-NPC01.LAZ
531,4773,0.0,21.08825796680915,21.08825796680915,Tordoia,A Vila de Abade (San Cibrán),1,PNOA-2024-GAL-531-4773-H29-NPC01.LAZ
503,4786,3.470631769901527,17.61422147000189,21.084853239903417,Cabana de Bergantiños,Cánduas (San Martiño),1,PNOA-2024-GAL-503-4786-H29-NPC01.LAZ
498,4765,9.684209196460403,11.397215951684514,21.081425148144916,Vimianzo,Baíñas (Santo Antoíño),1,PNOA-2024-GAL-498-4765-H29-NPC01.LAZ
574,4832,0.0,21.078850682773545,21.078850682773545,Valdoviño,Vilarrube (San Martiño),1,PNOA-2024-GAL-574-4832-H29-NPC01.LAZ
564,4798,15.266585852783066,5.801007857699781,21.067593710482846,Paderne,San Pantaleón das Viñas (San Pantaleón),2,PNOA-2024-GAL-564-4798-H29-NPC01.LAZ
522,4785,0.0,21.05744362629606,21.05744362629606,Carballo,Sísamo (Santiago),1,PNOA-2024-GAL-522-4785-H29-NPC01.LAZ
525,4778,0.892259161536428,20.16382000272606,21.05607916426249,Carballo,Entrecruces (San Xens),3,PNOA-2024-GAL-525-4778-H29-NPC01.LAZ
541,4740,0.0,21.042081804880944,21.042081804880944,Vedra,San Fins de Sales (San Fins),1,PNOA-2024-GAL-541-4740-H29-NPC01.LAZ
530,4732,9.459344696846092,11.558085633299468,21.017430330145558,Padrón,Herbón (Santa María),1,PNOA-2024-GAL-530-4732-H29-NPC01.LAZ
533,4767,9.56280800917287,11.441024977131013,21.003832986303884,Trazo,Restande (Santa María),1,PNOA-2024-GAL-533-4767-H29-NPC01.LAZ
528,4732,1.9915962156090827,18.994784618205493,20.986380833814575,Padrón,Iria Flavia (Santa María),2,PNOA-2024-GAL-528-4732-H29-NPC01.LAZ
570,4803,0.0,20.97246801419784,20.97246801419784,Vilarmaior,Doroña (Santa María),2,PNOA-2024-GAL-570-4803-H29-NPC01.LAZ
502,4777,2.57835179519827,18.374849432609356,20.953201227807625,Vimianzo,Bamiro (San Amedio)),1,PNOA-2024-GAL-502-4777-H29-NPC01.LAZ
512,4790,0.0,20.93795184616028,20.93795184616028,Ponteceso,Tallo (Santo André),1,PNOA-2024-GAL-512-4790-H29-NPC01.LAZ
547,4768,1.3708460181391693,19.56298497671128,20.93383099485045,Ordes,Pereira (Santaia),3,PNOA-2024-GAL-547-4768-H29-NPC01.LAZ
575,4835,11.386108544910794,9.539328363140283,20.925436908051076,Cedeira,Cedeira (Santa María do Mar),1,PNOA-2024-GAL-575-4835-H29-NPC01.LAZ
547,4736,0.0,20.925194217214738,20.925194217214738,Vedra,Santa Cruz de Ribadulla (Santa Cruz),1,PNOA-2024-GAL-547-4736-H29-NPC01.LAZ
566,4805,7.173437737102948,13.739150499768071,20.91258823687102,Miño,Vilanova (San Xoán),3,PNOA-2024-GAL-566-4805-H29-NPC01.LAZ
510,4793,0.0,20.90028510483289,20.90028510483289,Ponteceso,Cores (San Martiño),2,PNOA-2024-GAL-510-4793-H29-NPC01.LAZ
584,4766,0.0,20.877130301393272,20.877130301393272,Sobrado,Roade (Santo André),2,PNOA-2024-GAL-584-4766-H29-NPC01.LAZ
576,4813,1.0499198786560222,19.81915159853096,20.869071477186985,A Capela,Caaveiro (San Boulo),2,PNOA-2024-GAL-576-4813-H29-NPC01.LAZ
571,4750,0.8052921076000366,20.048265930288803,20.85355803788884,Arzúa,Vilantime (San Pedro),1,PNOA-2024-GAL-571-4750-H29-NPC01.LAZ
570,4754,6.552840600166172,14.297961241180115,20.850801841346286,Arzúa,Rendal (Santa María),2,PNOA-2024-GAL-570-4754-H29-NPC01.LAZ
505,4735,0.0,20.83338044988791,20.83338044988791,Porto do Son,Miñortos (San Martiño),2,PNOA-2024-GAL-505-4735-H29-NPC01.LAZ
549,4790,8.730217538947894,12.10231694989235,20.832534488840246,Culleredo,Celas (Santa María),3,PNOA-2024-GAL-549-4790-H29-NPC01.LAZ
504,4717,0.0,20.829310360486584,20.829310360486584,A Pobra do Caramiñal,O Caramiñal (Santa María a Antiga),2,PNOA-2024-GAL-504-4717-H29-NPC01.LAZ
558,4763,5.016150683282965,15.812210571531997,20.82836125481496,Frades,Aiazo (San Pedro),1,PNOA-2024-GAL-558-4763-H29-NPC01.LAZ
571,4796,0.0,20.818167525470336,20.818167525470336,Irixoa,Ambroa (San Tirso),1,PNOA-2024-GAL-571-4796-H29-NPC01.LAZ
530,4788,0.0,20.81012714531923,20.81012714531923,A Laracha,Cabovilaño (San Román),2,PNOA-2024-GAL-530-4788-H29-NPC01.LAZ
535,4739,0.0,20.808132006334628,20.808132006334628,Teo,Rarís (San Miguel),2,PNOA-2024-GAL-535-4739-H29-NPC01.LAZ
550,4769,3.6579880745858127,17.112209239574742,20.770197314160555,Ordes,Poulo (San Xulián),1,PNOA-2024-GAL-550-4769-H29-NPC01.LAZ
509,4792,0.0,20.767569483344847,20.767569483344847,Ponteceso,Nemeño (San Tomé),3,PNOA-2024-GAL-509-4792-H29-NPC01.LAZ
520,4725,7.578094938309709,13.186921270326438,20.765016208636148,Rianxo,Isorna (Santa María),1,PNOA-2024-GAL-520-4725-H29-NPC01.LAZ
557,4744,0.0,20.750658468775054,20.750658468775054,Touro,Fao (Santa Uxía),1,PNOA-2024-GAL-557-4744-H29-NPC01.LAZ
556,4791,17.39161987210301,3.3489930878505243,20.740612959953534,Cambre,Bribes (San Cibrán),2,PNOA-2024-GAL-556-4791-H29-NPC01.LAZ
580,4775,0.0,20.729560598666733,20.729560598666733,Curtis,Foxados (Santa María),1,PNOA-2024-GAL-580-4775-H29-NPC01.LAZ
570,4793,1.6809083939573897,19.034693244000007,20.715601637957395,Paderne,San Xulián de Vigo (San Xulián),1,PNOA-2024-GAL-570-4793-H29-NPC01.LAZ
536,4787,0.0,20.691043963647346,20.691043963647346,A Laracha,Soutullo (Santa María),2,PNOA-2024-GAL-536-4787-H29-NPC01.LAZ
576,4753,8.966955742799344,11.717836465276214,20.684792208075557,Melide,Vitiriz (San Vicente),3,PNOA-2024-GAL-576-4753-H29-NPC01.LAZ
554,4772,5.653419333201832,15.016813891590827,20.67023322479266,Ordes,Vilamaior (Santiago),2,PNOA-2024-GAL-554-4772-H29-NPC01.LAZ
512,4786,5.817081427769042,14.842841106844956,20.659922534613997,Cabana de Bergantiños,Corcoesto (San Pedro),1,PNOA-2024-GAL-512-4786-H29-NPC01.LAZ
558,4780,5.671602588162291,14.96464953717935,20.63625212534164,Cesuras,Loureda (Santo Estevo),1,PNOA-2024-GAL-558-4780-H29-NPC01.LAZ
532,4748,5.248967235603424,15.38124549161884,20.630212727222265,Santiago de Compostela,Villestro (Santa María),1,PNOA-2024-GAL-532-4748-H29-NPC01.LAZ
537,4775,0.0,20.622481749509035,20.622481749509035,Tordoia,Bardaos (Santa María),1,PNOA-2024-GAL-537-4775-H29-NPC01.LAZ
539,4788,0.0,20.618039069777392,20.618039069777392,A Laracha,Erboedo (Santa María),3,PNOA-2024-GAL-539-4788-H29-NPC01.LAZ
498,4728,0.0,20.60849612365842,20.60849612365842,Porto do Son,Baroña (San Pedro),1,PNOA-2024-GAL-498-4728-H29-NPC01.LAZ
497,4725,0.0,20.594323988645503,20.594323988645503,Porto do Son,Queiruga (Santo Estevo),1,PNOA-2024-GAL-497-4725-H29-NPC01.LAZ
565,4784,11.554251489143706,9.039419896375408,20.593671385519116,Cesuras,Mandaio (San Xiao),2,PNOA-2024-GAL-565-4784-H29-NPC01.LAZ
547,4750,20.567537944961664,0.0,20.567537944961664,Santiago de Compostela,Sabugueira (San Paio),1,PNOA-2024-GAL-547-4750-H29-NPC01.LAZ
525,4730,1.599201118383534,18.967686360138575,20.56688747852211,Dodro,Dodro (Santa María),1,PNOA-2024-GAL-525-4730-H29-NPC01.LAZ
578,4832,3.1179965268385152,17.424253780166495,20.54225030700501,Cedeira,Esteiro (San Fiz),1,PNOA-2024-GAL-578-4832-H29-NPC01.LAZ
569,4803,0.0,20.53288725439219,20.53288725439219,Vilarmaior,Doroña (Santa María),1,PNOA-2024-GAL-569-4803-H29-NPC01.LAZ
548,4772,2.79302855131577,17.739274025705924,20.532302577021696,Ordes,Buscás (San Paio),4,PNOA-2024-GAL-548-4772-H29-NPC01.LAZ
579,4749,10.784007811967392,9.719051642058687,20.50305945402608,Melide,Moldes (San Martiño),1,PNOA-2024-GAL-579-4749-H29-NPC01.LAZ
569,4807,0.0,20.491248093216193,20.491248093216193,Pontedeume,Ombre (Santa María),2,PNOA-2024-GAL-569-4807-H29-NPC01.LAZ
531,4745,1.9029249164456428,18.556978718533863,20.459903634979504,Ames,Bugallido (San Pedro),2,PNOA-2024-GAL-531-4745-H29-NPC01.LAZ
545,4763,0.0,20.452072310560087,20.452072310560087,Oroso,Trasmonte (Santo Estevo),1,PNOA-2024-GAL-545-4763-H29-NPC01.LAZ
493,4735,0.0,20.450492354931942,20.450492354931942,Muros,Louro (Santiago),1,PNOA-2024-GAL-493-4735-H29-NPC01.LAZ
499,4718,5.940001567238045,14.509034124901271,20.449035692139315,Ribeira,Oleiros (San Martiño),2,PNOA-2024-GAL-499-4718-H29-NPC01.LAZ
561,4796,0.0,20.44420101151722,20.44420101151722,Bergondo,Rois (Santa Mariña),3,PNOA-2024-GAL-561-4796-H29-NPC01.LAZ
531,4772,0.0,20.429834164961264,20.429834164961264,Tordoia,A Vila de Abade (San Cibrán),1,PNOA-2024-GAL-531-4772-H29-NPC01.LAZ
500,4714,1.6915676081840423,18.734621570663077,20.426189178847117,Ribeira,Ribeira (Santa Uxía),2,PNOA-2024-GAL-500-4714-H29-NPC01.LAZ
528,4750,0.3281878854397305,20.096532080248714,20.424719965688446,Ames,Ames (San Tomé),1,PNOA-2024-GAL-528-4750-H29-NPC01.LAZ
547,4797,15.666829096474798,4.752782902364722,20.41961199883952,Culleredo,Rutis (Santa María),2,PNOA-2024-GAL-547-4797-H29-NPC01.LAZ
532,4733,4.793005461649095,15.620615930878579,20.413621392527673,Padrón,Carcacia (San Pedro),1,PNOA-2024-GAL-532-4733-H29-NPC01.LAZ
522,4743,5.18678931673953,15.221346162019467,20.408135478758997,Rois,Urdilde (Santa María),2,PNOA-2024-GAL-522-4743-H29-NPC01.LAZ
553,4785,0.0,20.40356675105382,20.40356675105382,Abegondo,Sarandós (Santa María),1,PNOA-2024-GAL-553-4785-H29-NPC01.LAZ
561,4780,2.65689150316163,17.746035411697154,20.402926914858785,Cesuras,Probaos (Santaia),3,PNOA-2024-GAL-561-4780-H29-NPC01.LAZ
525,4736,4.640896228650244,15.747868563649437,20.388764792299682,Rois,Rois (San Mamede),2,PNOA-2024-GAL-525-4736-H29-NPC01.LAZ
563,4760,2.9145436084228757,17.46729081296153,20.381834421384404,Arzúa,Campo (Santo Estevo),1,PNOA-2024-GAL-563-4760-H29-NPC01.LAZ
535,4776,0.0,20.381517309979426,20.381517309979426,Tordoia,Andoio (San Mamede),2,PNOA-2024-GAL-535-4776-H29-NPC01.LAZ
498,4716,5.625530152781685,14.750179165319338,20.375709318101023,Ribeira,Olveira (Santa María),2,PNOA-2024-GAL-498-4716-H29-NPC01.LAZ
569,4828,0.0,20.374043668100484,20.374043668100484,Valdoviño,Valdoviño (Santalla),1,PNOA-2024-GAL-569-4828-H29-NPC01.LAZ
541,4788,0.0,20.366849830245595,20.366849830245595,A Laracha,Soandres (San Pedro),1,PNOA-2024-GAL-541-4788-H29-NPC01.LAZ
545,4757,11.009115703227083,9.33024845031325,20.339364153540334,Santiago de Compostela,A Barciela (Santo André),1,PNOA-2024-GAL-545-4757-H29-NPC01.LAZ
573,4767,0.0,20.336216165008604,20.336216165008604,Vilasantar,Présaras (San Pedro),1,PNOA-2024-GAL-573-4767-H29-NPC01.LAZ
544,4770,6.256598823156253,14.072651871536129,20.329250694692384,Ordes,Parada (Santa Mariña),1,PNOA-2024-GAL-544-4770-H29-NPC01.LAZ
575,4750,11.440212895775622,8.885305150200553,20.325518045976175,Melide,As Varelas (San Martiño),4,PNOA-2024-GAL-575-4750-H29-NPC01.LAZ
527,4747,1.6988789339520751,18.626501397999352,20.325380331951425,Ames,Ortoño (San Xoán),3,PNOA-2024-GAL-527-4747-H29-NPC01.LAZ
521,4744,3.69268576194866,16.626428398146402,20.31911416009506,Brión,Luaña (San Xulián),2,PNOA-2024-GAL-521-4744-H29-NPC01.LAZ
512,4733,0.0,20.316033075394156,20.316033075394156,Lousame,Lousame (San Xoán),2,PNOA-2024-GAL-512-4733-H29-NPC01.LAZ
490,4775,4.476907771456683,15.821362951132544,20.298270722589226,Vimianzo,Cereixo (Santiago),2,PNOA-2024-GAL-490-4775-H29-NPC01.LAZ
545,4736,0.0,20.281618000828917,20.281618000828917,Vedra,San Mamede de Ribadulla (San Mamede),2,PNOA-2024-GAL-545-4736-H29-NPC01.LAZ
545,4797,6.960538186788007,13.301295269958707,20.261833456746714,A Coruña,Elviña (San Vicenzo),1,PNOA-2024-GAL-545-4797-H29-NPC01.LAZ
576,4838,2.1640093950231334,18.082237388393956,20.24624678341709,Cedeira,Cervo (Santalla),1,PNOA-2024-GAL-576-4838-H29-NPC01.LAZ
577,4751,11.464933661750683,8.773065339819729,20.23799900157041,Melide,Campos (Santa María),1,PNOA-2024-GAL-577-4751-H29-NPC01.LAZ
532,4754,2.4642783545237013,17.751739668454196,20.2160180229779,Ames,Ameixenda (Santa María),1,PNOA-2024-GAL-532-4754-H29-NPC01.LAZ
524,4780,1.3459532694246479,18.862680273345564,20.20863354277021,Coristanco,Erbecedo (San Salvador),2,PNOA-2024-GAL-524-4780-H29-NPC01.LAZ
579,4777,0.0,20.19413151613077,20.19413151613077,Curtis,Curtis (Santaia),1,PNOA-2024-GAL-579-4777-H29-NPC01.LAZ
537,4735,0.0,20.188259336213484,20.188259336213484,Teo,Reis (San Cristovo),2,PNOA-2024-GAL-537-4735-H29-NPC01.LAZ
484,4754,6.440604398083766,13.733612905609077,20.174217303692842,Corcubión,Redonda (San Pedro),2,PNOA-2024-GAL-484-4754-H29-NPC01.LAZ
537,4786,0.0,20.171874304585515,20.171874304585515,A Laracha,Soandres (San Pedro),2,PNOA-2024-GAL-537-4786-H29-NPC01.LAZ
544,4737,0.0,20.164960134647824,20.164960134647824,Vedra,Merín (San Cristovo),3,PNOA-2024-GAL-544-4737-H29-NPC01.LAZ
600,4842,16.20337727231335,3.956211890209213,20.159589162522565,Ortigueira,Loiba (San Xulián),1,PNOA-2024-GAL-600-4842-H29-NPC01.LAZ
572,4833,0.0,20.136909238426973,20.136909238426973,Valdoviño,Pantín (Santiago),1,PNOA-2024-GAL-572-4833-H29-NPC01.LAZ
584,4833,7.952175815002295,12.171641031525892,20.123816846528186,Cedeira,Montoxo (San Xiao),1,PNOA-2024-GAL-584-4833-H29-NPC01.LAZ
589,4835,7.908202868588546,12.195288147401639,20.103491015990187,Ortigueira,San Claudio (Santa María),1,PNOA-2024-GAL-589-4835-H29-NPC01.LAZ
533,4746,7.168312881575215,12.927429983558453,20.095742865133666,Santiago de Compostela,Laraño (San Martiño),2,PNOA-2024-GAL-533-4746-H29-NPC01.LAZ
564,4778,7.937139001686158,12.158388962505203,20.095527964191362,Cesuras,Borrifáns (San Pedro),1,PNOA-2024-GAL-564-4778-H29-NPC01.LAZ
534,4789,0.0,20.091741955604064,20.091741955604064,A Laracha,Torás (Santa María),2,PNOA-2024-GAL-534-4789-H29-NPC01.LAZ
536,4772,0.0,20.084150521989848,20.084150521989848,Tordoia,Cabaleiros (San Xián),1,PNOA-2024-GAL-536-4772-H29-NPC01.LAZ
550,4796,10.386671878738387,9.670145342812988,20.056817221551377,Culleredo,Almeiras (San Xián),3,PNOA-2024-GAL-550-4796-H29-NPC01.LAZ
554,4746,0.0,20.04944783686961,20.04944783686961,Touro,Loxo (Santa María),1,PNOA-2024-GAL-554-4746-H29-NPC01.LAZ
528,4785,0.0,20.043191459011663,20.043191459011663,Carballo,Berdillo (San Lourenzo),1,PNOA-2024-GAL-528-4785-H29-NPC01.LAZ
565,4769,0.0,20.03430208644947,20.03430208644947,Mesía,Lanzá (San Mamede),1,PNOA-2024-GAL-565-4769-H29-NPC01.LAZ
571,4818,8.82736190823966,11.205273426727764,20.032635334967424,Neda,Anca (San Pedro),2,PNOA-2024-GAL-571-4818-H29-NPC01.LAZ
497,4720,0.0,20.00547447993947,20.00547447993947,Porto do Son,San Pedro de Muro (San Pedro),2,PNOA-2024-GAL-497-4720-H29-NPC01.LAZ
536,4741,0.0,19.999760798553886,19.999760798553886,Teo,Cacheiras (San Simón de Ons),2,PNOA-2024-GAL-536-4741-H29-NPC01.LAZ
568,4799,0.5886988536195785,19.392527772474587,19.981226626094166,Miño,Callobre (San Xoán),3,PNOA-2024-GAL-568-4799-H29-NPC01.LAZ
556,4764,1.323660430553549,18.64589689977141,19.96955733032496,Frades,Moar (Santaia),1,PNOA-2024-GAL-556-4764-H29-NPC01.LAZ
519,4782,6.810671567240151,13.153387185909319,19.96405875314947,Coristanco,Coristanco (San Paio),1,PNOA-2024-GAL-519-4782-H29-NPC01.LAZ
565,4812,0.0,19.954314623002283,19.954314623002283,Fene,Maniños (San Salvador),2,PNOA-2024-GAL-565-4812-H29-NPC01.LAZ
567,4777,7.685781852033983,12.262954105790296,19.94873595782428,Cesuras,Borrifáns (San Pedro),2,PNOA-2024-GAL-567-4777-H29-NPC01.LAZ
532,4746,2.870419599784596,17.074105829912853,19.94452542969745,Santiago de Compostela,Laraño (San Martiño),2,PNOA-2024-GAL-532-4746-H29-NPC01.LAZ
535,4761,1.3616215604634638,18.57921732618913,19.940838886652596,Trazo,Xavestre (San Cristovo),1,PNOA-2024-GAL-535-4761-H29-NPC01.LAZ
582,4758,0.0,19.940450766897907,19.940450766897907,Toques,Santa Eufemia do Monte (Santa Eufemia),3,PNOA-2024-GAL-582-4758-H29-NPC01.LAZ
485,4777,0.0,19.93458465239334,19.93458465239334,Camariñas,Camariñas (San Xurxo),1,PNOA-2024-GAL-485-4777-H29-NPC01.LAZ
567,4783,7.620679733580692,12.30306798747839,19.92374772105908,Oza dos Ríos,A Regueira (Santa María),2,PNOA-2024-GAL-567-4783-H29-NPC01.LAZ
508,4747,0.0,19.91456001683833,19.91456001683833,Outes,Santo Ourente de Entíns (Santo Ourente),1,PNOA-2024-GAL-508-4747-H29-NPC01.LAZ
581,4830,0.0,19.905436805881617,19.905436805881617,Cerdido,Cerdido (San Martiño),1,PNOA-2024-GAL-581-4830-H29-NPC01.LAZ
560,4796,0.0,19.904995182154742,19.904995182154742,Bergondo,Santa Marta de Babío (Santa Marta),3,PNOA-2024-GAL-560-4796-H29-NPC01.LAZ
554,4764,1.8489730708687624,18.04935876082201,19.898331831690772,Frades,Moar (Santaia),2,PNOA-2024-GAL-554-4764-H29-NPC01.LAZ
501,4732,0.0,19.879717673933666,19.879717673933666,Porto do Son,Noal (San Vicente),2,PNOA-2024-GAL-501-4732-H29-NPC01.LAZ
497,4715,7.365178381528594,12.487538946597265,19.85271732812586,Ribeira,Olveira (Santa María),1,PNOA-2024-GAL-497-4715-H29-NPC01.LAZ
490,4762,0.0,19.849603621436383,19.849603621436383,Dumbría,Dumbría (Santa Baia),1,PNOA-2024-GAL-490-4762-H29-NPC01.LAZ
508,4743,0.0,19.842141034383488,19.842141034383488,Outes,Tarás (San Xián),2,PNOA-2024-GAL-508-4743-H29-NPC01.LAZ
588,4836,12.807443799088523,7.00917905514038,19.816622854228903,Ortigueira,Mera de Abaixo (Santiago),2,PNOA-2024-GAL-588-4836-H29-NPC01.LAZ
545,4761,0.0,19.813510354110033,19.813510354110033,Oroso,Oroso (San Martiño),1,PNOA-2024-GAL-545-4761-H29-NPC01.LAZ
530,4746,6.421857104183811,13.365085154389492,19.786942258573305,Ames,Ortoño (San Xoán),2,PNOA-2024-GAL-530-4746-H29-NPC01.LAZ
517,4790,0.0,19.76791259733377,19.76791259733377,Ponteceso,Xornes (San Xoán),1,PNOA-2024-GAL-517-4790-H29-NPC01.LAZ
490,4736,0.0,19.75650821068816,19.75650821068816,Carnota,Lariño (San Martiño),1,PNOA-2024-GAL-490-4736-H29-NPC01.LAZ
487,4777,0.0,19.754160959768864,19.754160959768864,Camariñas,Xaviña (Santa María),1,PNOA-2024-GAL-487-4777-H29-NPC01.LAZ
524,4750,2.221517336195256,17.518600756342078,19.740118092537333,Ames,Agrón (San Lourenzo),2,PNOA-2024-GAL-524-4750-H29-NPC01.LAZ
490,4774,3.792963168327531,15.933576057122036,19.726539225449567,Vimianzo,Carnés (San Cristovo),1,PNOA-2024-GAL-490-4774-H29-NPC01.LAZ
538,4777,0.23008825620769047,19.492392138662808,19.722480394870498,Cerceda,Rodís (San Martiño),1,PNOA-2024-GAL-538-4777-H29-NPC01.LAZ
565,4783,10.371158004362155,9.350681255144004,19.721839259506158,Cesuras,Mandaio (San Xiao),1,PNOA-2024-GAL-565-4783-H29-NPC01.LAZ
533,4741,0.0,19.698295625852253,19.698295625852253,Teo,Calo (San Xoán),2,PNOA-2024-GAL-533-4741-H29-NPC01.LAZ
592,4839,14.247227558431291,5.432738393982575,19.679965952413866,Ortigueira,Luama (San Martiño),1,PNOA-2024-GAL-592-4839-H29-NPC01.LAZ
566,4827,0.0,19.6782264848839,19.6782264848839,Valdoviño,Lago (Santiago),3,PNOA-2024-GAL-566-4827-H29-NPC01.LAZ
577,4748,0.0,19.670959652574695,19.670959652574695,Santiso,Novela (Santa María),2,PNOA-2024-GAL-577-4748-H29-NPC01.LAZ
498,4740,0.0,19.648155599621155,19.648155599621155,Muros,Abelleira (Santo Estevo),1,PNOA-2024-GAL-498-4740-H29-NPC01.LAZ
564,4804,10.78812104739931,8.852559016998171,19.64068006439748,Miño,Perbes (San Pedro),3,PNOA-2024-GAL-564-4804-H29-NPC01.LAZ
564,4805,4.759086316121813,14.860249566162647,19.61933588228446,Miño,Perbes (San Pedro),2,PNOA-2024-GAL-564-4805-H29-NPC01.LAZ
582,4752,17.976235505407285,1.6420764877883842,19.618311993195668,Melide,Furelos (San Xoán),3,PNOA-2024-GAL-582-4752-H29-NPC01.LAZ
550,4764,0.46501694594887394,19.134037671791162,19.599054617740038,Ordes,Beán (Santa María),1,PNOA-2024-GAL-550-4764-H29-NPC01.LAZ
576,4755,14.329988532406022,5.268655492984132,19.598644025390154,Melide,Santalla de Agrón (Santalla),2,PNOA-2024-GAL-576-4755-H29-NPC01.LAZ
524,4793,0.0,19.598510681224734,19.598510681224734,Carballo,Razo (San Martiño),2,PNOA-2024-GAL-524-4793-H29-NPC01.LAZ
563,4791,11.672771610297588,7.919379996959906,19.59215160725749,Betanzos,Requián (Santiago),2,PNOA-2024-GAL-563-4791-H29-NPC01.LAZ
527,4731,10.584415989537113,8.99761167024688,19.582027659783993,Padrón,Iria Flavia (Santa María),2,PNOA-2024-GAL-527-4731-H29-NPC01.LAZ
515,4757,0.3853915452437253,19.19160447472386,19.576996019967584,A Baña,Corneira (San Cristovo),1,PNOA-2024-GAL-515-4757-H29-NPC01.LAZ
530,4784,0.0,19.573808598493667,19.573808598493667,Carballo,Sofán (San Salvador),1,PNOA-2024-GAL-530-4784-H29-NPC01.LAZ
578,4812,1.2891202549175205,18.280909353281427,19.570029608198947,A Capela,Capela (Santiago),2,PNOA-2024-GAL-578-4812-H29-NPC01.LAZ
575,4821,0.0,19.549902582635635,19.549902582635635,San Sadurniño,San Sadurniño (Santa María),1,PNOA-2024-GAL-575-4821-H29-NPC01.LAZ
556,4773,0.0,19.546063637093457,19.546063637093457,Mesía,Olás (San Lourenzo),1,PNOA-2024-GAL-556-4773-H29-NPC01.LAZ
563,4798,0.0,19.542393344269165,19.542393344269165,Bergondo,Moruxo (San Vicente),2,PNOA-2024-GAL-563-4798-H29-NPC01.LAZ
523,4731,3.7162852103609283,15.82513152162408,19.54141673198501,Dodro,Laíño (San Xián),1,PNOA-2024-GAL-523-4731-H29-NPC01.LAZ
543,4755,1.6015753219304354,17.93946637192971,19.541041693860148,Santiago de Compostela,Marantes (San Vicente),1,PNOA-2024-GAL-543-4755-H29-NPC01.LAZ
525,4780,0.6192195298145423,18.91946584997747,19.538685379792014,Carballo,Rus (Santa María),3,PNOA-2024-GAL-525-4780-H29-NPC01.LAZ
560,4790,7.787568199781513,11.740587461245163,19.528155661026677,Betanzos,Piadela (Santo Estevo),3,PNOA-2024-GAL-560-4790-H29-NPC01.LAZ
514,4757,0.6983913192908884,18.823576922884563,19.52196824217545,A Baña,Corneira (San Cristovo),3,PNOA-2024-GAL-514-4757-H29-NPC01.LAZ
565,4790,12.395142961415967,7.121515395062474,19.51665835647844,Oza dos Ríos,Porzomillos (San Pedro),2,PNOA-2024-GAL-565-4790-H29-NPC01.LAZ
493,4714,11.058938842495506,8.449163815445768,19.508102657941272,Ribeira,Corrubedo (Santa María),1,PNOA-2024-GAL-493-4714-H29-NPC01.LAZ
552,4739,0.0,19.49535182715685,19.49535182715685,Boqueixón,Oural (Santa María),3,PNOA-2024-GAL-552-4739-H29-NPC01.LAZ
499,4778,2.7413266544527337,16.744730029479612,19.486056683932347,Vimianzo,Salto (Santa María),2,PNOA-2024-GAL-499-4778-H29-NPC01.LAZ
546,4769,4.515094850620185,14.970150489731097,19.485245340351284,Ordes,Ordes (Santa María),2,PNOA-2024-GAL-546-4769-H29-NPC01.LAZ
581,4775,0.0,19.482929054307977,19.482929054307977,Curtis,Foxados (Santa María),1,PNOA-2024-GAL-581-4775-H29-NPC01.LAZ
548,4780,3.288777636375791,16.187361401204438,19.47613903758023,Ordes,Ardemil (San Pedro),3,PNOA-2024-GAL-548-4780-H29-NPC01.LAZ
567,4793,5.6186196046654775,13.84991179916181,19.468531403827285,Paderne,Quintas (Santo Estevo),3,PNOA-2024-GAL-567-4793-H29-NPC01.LAZ
529,4785,0.0,19.46414950654215,19.46414950654215,Carballo,Berdillo (San Lourenzo),1,PNOA-2024-GAL-529-4785-H29-NPC01.LAZ
546,4765,3.078228807434074,16.368523075149437,19.44675188258351,Ordes,Santa Cruz de Montaos (Santa Cruz),2,PNOA-2024-GAL-546-4765-H29-NPC01.LAZ
577,4820,0.0,19.43058794521903,19.43058794521903,San Sadurniño,Ferreira (San Paio),1,PNOA-2024-GAL-577-4820-H29-NPC01.LAZ
593,4812,10.367028118225003,9.045610982004382,19.412639100229384,As Pontes de García Rodríguez,As Pontes de García Rodríguez (Santa María),1,PNOA-2024-GAL-593-4812-H29-NPC01.LAZ
497,4772,6.1036448068154865,13.302581093052124,19.40622589986761,Vimianzo,Cambeda (San Xoán),2,PNOA-2024-GAL-497-4772-H29-NPC01.LAZ
560,4798,0.0,19.39797573533523,19.39797573533523,Bergondo,Lubre (San Xoán),3,PNOA-2024-GAL-560-4798-H29-NPC01.LAZ
576,4811,2.929283887988448,16.464342211694586,19.393626099683033,A Capela,Capela (Santiago),1,PNOA-2024-GAL-576-4811-H29-NPC01.LAZ
548,4774,6.23563730910606,13.151402427335618,19.38703973644168,Ordes,Leira (Santa María),1,PNOA-2024-GAL-548-4774-H29-NPC01.LAZ
575,4783,0.0,19.3813106634451,19.3813106634451,Aranga,San Vicente de Fervenzas (San Vicente),2,PNOA-2024-GAL-575-4783-H29-NPC01.LAZ
573,4762,3.5168337852813414,15.824553407974793,19.341387193256136,Boimorto,Dormeá (San Cristovo),2,PNOA-2024-GAL-573-4762-H29-NPC01.LAZ
541,4743,4.846911614481594,14.489799247329442,19.336710861811035,Santiago de Compostela,Marrozos (Santa María),1,PNOA-2024-GAL-541-4743-H29-NPC01.LAZ
492,4743,0.0,19.324092725393115,19.324092725393115,Carnota,Santa Comba de Carnota (Santa Comba),2,PNOA-2024-GAL-492-4743-H29-NPC01.LAZ
538,4739,0.0,19.313928862281042,19.313928862281042,Teo,Oza (Santa Baia),1,PNOA-2024-GAL-538-4739-H29-NPC01.LAZ
537,4747,5.605761023243028,13.690788030239741,19.29654905348277,Santiago de Compostela,Santiago de Compostela,1,PNOA-2024-GAL-537-4747-H29-NPC01.LAZ
583,4833,3.1112234933950815,16.179282605104856,19.290506098499936,Cedeira,Montoxo (San Xiao),2,PNOA-2024-GAL-583-4833-H29-NPC01.LAZ
521,4751,0.0,19.273709334951448,19.273709334951448,Negreira,Logrosa (Santa Baia),2,PNOA-2024-GAL-521-4751-H29-NPC01.LAZ
538,4735,0.0,19.264022196821514,19.264022196821514,Teo,Teo (Santa María),2,PNOA-2024-GAL-538-4735-H29-NPC01.LAZ
550,4746,0.0,19.248520112946824,19.248520112946824,Touro,Prevediños (Santiago),2,PNOA-2024-GAL-550-4746-H29-NPC01.LAZ
536,4788,0.0,19.227402244209706,19.227402244209706,A Laracha,Coiro (San Xián),2,PNOA-2024-GAL-536-4788-H29-NPC01.LAZ
540,4796,4.162038938968007,15.059391057452334,19.22142999642034,Arteixo,Arteixo (Santiago),2,PNOA-2024-GAL-540-4796-H29-NPC01.LAZ
574,4751,0.0,19.21202098653486,19.21202098653486,Santiso,San Román (San Pedro),2,PNOA-2024-GAL-574-4751-H29-NPC01.LAZ
559,4793,14.087208853571749,5.119097808330919,19.206306661902666,Betanzos,Piadela (Santo Estevo),2,PNOA-2024-GAL-559-4793-H29-NPC01.LAZ
511,4737,3.8184461410242028,15.386772121331898,19.2052182623561,Lousame,Lousame (San Xoán),1,PNOA-2024-GAL-511-4737-H29-NPC01.LAZ
602,4837,0.0,19.190905399166656,19.190905399166656,Mañón,Mañón (Santa María),1,PNOA-2024-GAL-602-4837-H29-NPC01.LAZ
576,4764,0.0,19.190219033162563,19.190219033162563,Sobrado,Carelle (San Lourenzo),1,PNOA-2024-GAL-576-4764-H29-NPC01.LAZ
533,4739,0.0,19.18900943693221,19.18900943693221,Teo,Luou (Santa María),1,PNOA-2024-GAL-533-4739-H29-NPC01.LAZ
543,4774,2.5725717549714746,16.596995934207172,19.169567689178646,Ordes,Lesta (Santo André),1,PNOA-2024-GAL-543-4774-H29-NPC01.LAZ
541,4775,0.056533794221957374,19.099576194716825,19.15610998893878,Cerceda,Xesteda (Santa Comba),1,PNOA-2024-GAL-541-4775-H29-NPC01.LAZ
535,4796,5.665106694831274,13.485651991254151,19.150758686085425,Arteixo,Chamín (Santaia),2,PNOA-2024-GAL-535-4796-H29-NPC01.LAZ
555,4773,0.0,19.147408734125992,19.147408734125992,Mesía,Olás (San Lourenzo),2,PNOA-2024-GAL-555-4773-H29-NPC01.LAZ
528,4734,4.721828732232668,14.425514711776778,19.147343444009444,Padrón,Iria Flavia (Santa María),1,PNOA-2024-GAL-528-4734-H29-NPC01.LAZ
530,4744,3.0312393547549856,16.104255286162257,19.135494640917244,Ames,Bugallido (San Pedro),2,PNOA-2024-GAL-530-4744-H29-NPC01.LAZ
579,4748,3.1378582570369273,15.98937084974286,19.127229106779787,Santiso,Niñodaguia (San Paio),3,PNOA-2024-GAL-579-4748-H29-NPC01.LAZ
509,4740,7.365164929968566,11.736507671686235,19.1016726016548,Noia,Barro (Santa Cristina),1,PNOA-2024-GAL-509-4740-H29-NPC01.LAZ
520,4783,0.4600853473962463,18.636566400160937,19.096651747557182,Coristanco,Xaviña (San Tomé),2,PNOA-2024-GAL-520-4783-H29-NPC01.LAZ
579,4811,2.430842941536916,16.640911907474113,19.07175484901103,A Capela,Capela (Santiago),1,PNOA-2024-GAL-579-4811-H29-NPC01.LAZ
564,4787,8.67478257782628,10.392874899932517,19.067657477758797,Oza dos Ríos,Cuíña (Santa María),1,PNOA-2024-GAL-564-4787-H29-NPC01.LAZ
543,4781,6.089238052784559,12.959528722421602,19.04876677520616,Cerceda,Cerceda (San Martiño),1,PNOA-2024-GAL-543-4781-H29-NPC01.LAZ
547,4767,5.009684576166534,14.036969607499522,19.046654183666057,Ordes,Santa Cruz de Montaos (Santa Cruz),2,PNOA-2024-GAL-547-4767-H29-NPC01.LAZ
523,4785,0.0,19.04509955873326,19.04509955873326,Carballo,Sísamo (Santiago),2,PNOA-2024-GAL-523-4785-H29-NPC01.LAZ
529,4746,4.734122480057714,14.305825633181659,19.039948113239372,Ames,Ortoño (San Xoán),1,PNOA-2024-GAL-529-4746-H29-NPC01.LAZ
559,4768,4.67697340424605,14.361515181954408,19.038488586200458,Frades,Papucín (Santa María),1,PNOA-2024-GAL-559-4768-H29-NPC01.LAZ
500,4738,0.0,19.01530542381996,19.01530542381996,Muros,Esteiro (Santa Mariña),2,PNOA-2024-GAL-500-4738-H29-NPC01.LAZ
529,4736,4.2770512455324114,14.734785407329845,19.011836652862257,Padrón,Cruces (Santa María),2,PNOA-2024-GAL-529-4736-H29-NPC01.LAZ
557,4750,0.0,18.98440279256749,18.98440279256749,Touro,San Fiz de Quión (San Fiz),1,PNOA-2024-GAL-557-4750-H29-NPC01.LAZ
511,4718,18.97768747336199,0.0,18.97768747336199,Boiro,Abanqueiro (San Cristovo),1,PNOA-2024-GAL-511-4718-H29-NPC01.LAZ
600,4844,11.987625662502333,6.988161170688597,18.97578683319093,Ortigueira,Loiba (San Xulián),1,PNOA-2024-GAL-600-4844-H29-NPC01.LAZ
580,4763,0.0,18.959778303673016,18.959778303673016,Sobrado,Pousada (San Mamede),1,PNOA-2024-GAL-580-4763-H29-NPC01.LAZ
511,4725,9.024075049128847,9.93512600492329,18.959201054052137,Boiro,Cespón (San Vicenzo),1,PNOA-2024-GAL-511-4725-H29-NPC01.LAZ
525,4776,0.0,18.94746498444658,18.94746498444658,Carballo,Entrecruces (San Xens),1,PNOA-2024-GAL-525-4776-H29-NPC01.LAZ
500,4731,0.0,18.94569407033859,18.94569407033859,Porto do Son,Noal (San Vicente),1,PNOA-2024-GAL-500-4731-H29-NPC01.LAZ
594,4811,12.524266942831067,6.420807297469486,18.945074240300553,As Pontes de García Rodríguez,As Pontes de García Rodríguez (Santa María),1,PNOA-2024-GAL-594-4811-H29-NPC01.LAZ
525,4748,3.7318122789960997,15.201130512670376,18.932942791666477,Ames,Trasmonte (Santa María),3,PNOA-2024-GAL-525-4748-H29-NPC01.LAZ
576,4810,8.675110048044672,10.256840841890519,18.93195088993519,A Capela,Capela (Santiago),1,PNOA-2024-GAL-576-4810-H29-NPC01.LAZ
592,4834,17.0977045147845,1.8320629882090993,18.9297675029936,Ortigueira,Senra (San Xulián),2,PNOA-2024-GAL-592-4834-H29-NPC01.LAZ
567,4754,5.38821912667844,13.541238827413231,18.92945795409167,Arzúa,Arzúa (Santiago),3,PNOA-2024-GAL-567-4754-H29-NPC01.LAZ
546,4735,0.0,18.921960774618984,18.921960774618984,Vedra,San Mamede de Ribadulla (San Mamede),2,PNOA-2024-GAL-546-4735-H29-NPC01.LAZ
601,4843,7.5086378475122855,11.410084368555696,18.91872221606798,Ortigueira,Loiba (San Xulián),1,PNOA-2024-GAL-601-4843-H29-NPC01.LAZ
516,4786,5.785998608640719,13.119181369277069,18.90517997791779,Coristanco,Cereo (Santa María),2,PNOA-2024-GAL-516-4786-H29-NPC01.LAZ
549,4778,1.52963852366424,17.36872996700205,18.89836849066629,Ordes,Ardemil (San Pedro),1,PNOA-2024-GAL-549-4778-H29-NPC01.LAZ
497,4722,0.0,18.893995871156893,18.893995871156893,Porto do Son,Xuño (Santa Mariña),2,PNOA-2024-GAL-497-4722-H29-NPC01.LAZ
532,4742,0.00597364896822147,18.886807776350473,18.892781425318695,Teo,Calo (San Xoán),1,PNOA-2024-GAL-532-4742-H29-NPC01.LAZ
568,4794,3.041693709682683,15.850779773063127,18.89247348274581,Paderne,Quintas (Santo Estevo),2,PNOA-2024-GAL-568-4794-H29-NPC01.LAZ
478,4754,0.0,18.89212519637354,18.89212519637354,Fisterra,Duio (San Vicezo),2,PNOA-2024-GAL-478-4754-H29-NPC01.LAZ
568,4766,2.2460137925346793,16.642511452016546,18.888525244551225,Boimorto,Arceo (San Vicenzo),1,PNOA-2024-GAL-568-4766-H29-NPC01.LAZ
566,4762,1.270393977967132,17.615303591299227,18.88569756926636,Boimorto,Brates (San Pedro),2,PNOA-2024-GAL-566-4762-H29-NPC01.LAZ
577,4757,18.11974028633661,0.7648882988505383,18.88462858518715,Melide,Xubial (Santiago),1,PNOA-2024-GAL-577-4757-H29-NPC01.LAZ
543,4754,1.7967759282475158,17.075369504358076,18.872145432605592,Santiago de Compostela,A Enfesta (San Cristovo),2,PNOA-2024-GAL-543-4754-H29-NPC01.LAZ
494,4769,10.3611654815976,8.498431489718627,18.85959697131623,Vimianzo,Castrelo (San Martiño),2,PNOA-2024-GAL-494-4769-H29-NPC01.LAZ
573,4748,0.0,18.857330333008328,18.857330333008328,Santiso,Visantoña (San Xoán),3,PNOA-2024-GAL-573-4748-H29-NPC01.LAZ
578,4744,0.0,18.846449286587248,18.846449286587248,Santiso,A Ponte Arcediago (San Xoán),2,PNOA-2024-GAL-578-4744-H29-NPC01.LAZ
527,4745,0.0,18.84551656233098,18.84551656233098,Brión,Os Ánxeles (Santa María),2,PNOA-2024-GAL-527-4745-H29-NPC01.LAZ
576,4793,0.0,18.827706058331252,18.827706058331252,Irixoa,Irixoa (San Lourenzo),2,PNOA-2024-GAL-576-4793-H29-NPC01.LAZ
536,4771,0.0,18.820576569868173,18.820576569868173,Tordoia,Cabaleiros (San Xián),1,PNOA-2024-GAL-536-4771-H29-NPC01.LAZ
563,4766,2.8218644884386186,15.993215576800642,18.81508006523926,Frades,Céltigos (San Xulián),1,PNOA-2024-GAL-563-4766-H29-NPC01.LAZ
497,4719,0.0,18.814500722372372,18.814500722372372,Porto do Son,San Pedro de Muro (San Pedro),1,PNOA-2024-GAL-497-4719-H29-NPC01.LAZ
511,4768,0.0,18.79981650620869,18.79981650620869,Santa Comba,Santa Sabiña (San Xulián),3,PNOA-2024-GAL-511-4768-H29-NPC01.LAZ
562,4764,3.6180625595500944,15.158965782665279,18.777028342215374,Frades,Ledoira (San Martiño),3,PNOA-2024-GAL-562-4764-H29-NPC01.LAZ
517,4783,0.0,18.764356212311213,18.764356212311213,Coristanco,Santa Baia de Castro (Santa Baia),2,PNOA-2024-GAL-517-4783-H29-NPC01.LAZ
566,4787,7.944770387374259,10.81257088597763,18.75734127335189,Oza dos Ríos,Oza (San Pedro),1,PNOA-2024-GAL-566-4787-H29-NPC01.LAZ
579,4780,0.0,18.730251549566606,18.730251549566606,Curtis,Curtis (Santaia),1,PNOA-2024-GAL-579-4780-H29-NPC01.LAZ
564,4784,10.39086755514022,8.336576643990307,18.727444199130527,Cesuras,Mandaio (San Xiao),2,PNOA-2024-GAL-564-4784-H29-NPC01.LAZ
561,4778,1.1778568530881768,17.539189727675673,18.71704658076385,Cesuras,Probaos (Santaia),1,PNOA-2024-GAL-561-4778-H29-NPC01.LAZ
549,4788,2.2532360101255167,16.463776430913597,18.717012441039113,Culleredo,Castelo (Santiago),1,PNOA-2024-GAL-549-4788-H29-NPC01.LAZ
506,4784,2.8752796417742075,15.830318759994146,18.705598401768352,Cabana de Bergantiños,Cesullas (Santo Estevo),1,PNOA-2024-GAL-506-4784-H29-NPC01.LAZ
544,4758,3.4774277386869596,15.210561314235385,18.687989052922344,Santiago de Compostela,A Barciela (Santo André),3,PNOA-2024-GAL-544-4758-H29-NPC01.LAZ
541,4794,9.523551150109089,9.159736552055726,18.683287702164815,Arteixo,Loureda (Santa María),2,PNOA-2024-GAL-541-4794-H29-NPC01.LAZ
553,4769,2.7220261128336825,15.958298838766549,18.68032495160023,Ordes,Barbeiros (Santa María),1,PNOA-2024-GAL-553-4769-H29-NPC01.LAZ
507,4747,0.0,18.677976273305397,18.677976273305397,Outes,Santo Ourente de Entíns (Santo Ourente),2,PNOA-2024-GAL-507-4747-H29-NPC01.LAZ
568,4827,0.0,18.67266336169732,18.67266336169732,Valdoviño,Lago (Santiago),2,PNOA-2024-GAL-568-4827-H29-NPC01.LAZ
542,4736,0.0,18.665364344924807,18.665364344924807,Vedra,Vedra (Santa Eulalia),1,PNOA-2024-GAL-542-4736-H29-NPC01.LAZ
535,4742,0.0,18.660359127300108,18.660359127300108,Teo,Cacheiras (San Simón de Ons),3,PNOA-2024-GAL-535-4742-H29-NPC01.LAZ
537,4750,3.7680080783389265,14.884953498896513,18.652961577235438,Santiago de Compostela,Vista Alegre (San Xoán),2,PNOA-2024-GAL-537-4750-H29-NPC01.LAZ
527,4744,0.0,18.651792450819208,18.651792450819208,Brión,Os Ánxeles (Santa María),2,PNOA-2024-GAL-527-4744-H29-NPC01.LAZ
560,4779,4.944230372834006,13.696165088510403,18.640395461344408,Cesuras,Probaos (Santaia),3,PNOA-2024-GAL-560-4779-H29-NPC01.LAZ
590,4830,11.771637950954732,6.862717507479602,18.634355458434335,Ortigueira,O Ermo (San Xulián),1,PNOA-2024-GAL-590-4830-H29-NPC01.LAZ
527,4792,0.0,18.623887572870803,18.623887572870803,Carballo,Lema (San Cristovo),2,PNOA-2024-GAL-527-4792-H29-NPC01.LAZ
532,4743,0.1259849244272267,18.479107894103677,18.605092818530903,Teo,Calo (San Xoán),3,PNOA-2024-GAL-532-4743-H29-NPC01.LAZ
537,4783,0.0,18.59744457180503,18.59744457180503,A Laracha,Montemaior (Santa María Madanela),1,PNOA-2024-GAL-537-4783-H29-NPC01.LAZ
540,4775,0.8766111608870448,17.7090490599534,18.585660220840445,Cerceda,Xesteda (Santa Comba),1,PNOA-2024-GAL-540-4775-H29-NPC01.LAZ
539,4750,6.008740927939203,12.56938686200989,18.578127789949093,Santiago de Compostela,San Lázaro (Santiago),2,PNOA-2024-GAL-539-4750-H29-NPC01.LAZ
541,4777,6.573759385969841,12.003074764359555,18.576834150329397,Cerceda,Queixas (Santa María),2,PNOA-2024-GAL-541-4777-H29-NPC01.LAZ
566,4749,0.5338067724752747,18.0384642079983,18.572270980473572,Arzúa,Brandeso (San Lourenzo),1,PNOA-2024-GAL-566-4749-H29-NPC01.LAZ
537,4739,0.0,18.571829429261967,18.571829429261967,Teo,Lucí (Santa Mariña),3,PNOA-2024-GAL-537-4739-H29-NPC01.LAZ
538,4745,6.629419368775343,11.934668854947791,18.564088223723132,Santiago de Compostela,O Eixo (San Cristovo),1,PNOA-2024-GAL-538-4745-H29-NPC01.LAZ
578,4778,0.0,18.538313523727755,18.538313523727755,Curtis,Curtis (Santaia),1,PNOA-2024-GAL-578-4778-H29-NPC01.LAZ
500,4770,2.253732832862231,16.277096348903356,18.530829181765586,Vimianzo,Treos (San Miguel),2,PNOA-2024-GAL-500-4770-H29-NPC01.LAZ
543,4783,2.395140157969967,16.123407839920155,18.51854799789012,Cerceda,Cerceda (San Martiño),1,PNOA-2024-GAL-543-4783-H29-NPC01.LAZ
572,4747,0.0,18.518385434025305,18.518385434025305,Santiso,Visantoña (San Xoán),2,PNOA-2024-GAL-572-4747-H29-NPC01.LAZ
550,4744,0.0,18.513228016837147,18.513228016837147,Touro,Prevediños (Santiago),1,PNOA-2024-GAL-550-4744-H29-NPC01.LAZ
560,4783,8.273413279402574,10.229110119720374,18.50252339912295,Cesuras,Cutián (Santa María),2,PNOA-2024-GAL-560-4783-H29-NPC01.LAZ
593,4811,13.021232320798912,5.476924957314428,18.49815727811334,As Pontes de García Rodríguez,As Pontes de García Rodríguez (Santa María),1,PNOA-2024-GAL-593-4811-H29-NPC01.LAZ
510,4734,0.78063746702511,17.715347341450727,18.495984808475836,Lousame,Tállara (San Pedro),1,PNOA-2024-GAL-510-4734-H29-NPC01.LAZ
520,4778,1.1481286846640932,17.337093902319864,18.48522258698396,Coristanco,Seavia (San Mamede),1,PNOA-2024-GAL-520-4778-H29-NPC01.LAZ
552,4787,0.0,18.470222102029574,18.470222102029574,Carral,Paleo (Santo Estevo),2,PNOA-2024-GAL-552-4787-H29-NPC01.LAZ
537,4746,7.942677427205983,10.526603151543668,18.46928057874965,Santiago de Compostela,Santiago de Compostela,3,PNOA-2024-GAL-537-4746-H29-NPC01.LAZ
596,4839,9.006464613381997,9.462696238104627,18.469160851486624,Ortigueira,Ladrido (Santalla),2,PNOA-2024-GAL-596-4839-H29-NPC01.LAZ
542,4798,8.453912399233943,10.002010683762782,18.455923082996726,Arteixo,Pastoriza (Santa María),3,PNOA-2024-GAL-542-4798-H29-NPC01.LAZ
542,4796,6.044973575920461,12.406173781168738,18.451147357089198,Arteixo,Oseiro (San Tirso),1,PNOA-2024-GAL-542-4796-H29-NPC01.LAZ
511,4738,8.37434958512783,10.0617224946973,18.43607207982513,Noia,Barro (Santa Cristina),2,PNOA-2024-GAL-511-4738-H29-NPC01.LAZ
549,4791,15.641039330950987,2.7866830422865765,18.427722373237565,Culleredo,Sueiro (Santo Estevo),3,PNOA-2024-GAL-549-4791-H29-NPC01.LAZ
509,4726,0.34694092230130696,18.076102375597475,18.423043297898783,Boiro,Cures (Santo André),2,PNOA-2024-GAL-509-4726-H29-NPC01.LAZ
555,4770,9.177741549434298,9.212948693728187,18.390690243162485,Frades,Abellá (Santo Estevo),1,PNOA-2024-GAL-555-4770-H29-NPC01.LAZ
531,4791,0.0,18.390358090193207,18.390358090193207,A Laracha,Lendo (San Xián),2,PNOA-2024-GAL-531-4791-H29-NPC01.LAZ
563,4781,10.252482522738122,8.136078679237434,18.388561201975556,Cesuras,Dordaño (Santa María),1,PNOA-2024-GAL-563-4781-H29-NPC01.LAZ
538,4758,0.0,18.379208741493972,18.379208741493972,Trazo,Chaián (Santa María),1,PNOA-2024-GAL-538-4758-H29-NPC01.LAZ
563,4772,0.0,18.369634924609393,18.369634924609393,Mesía,Albixoi (Santa Mariña),2,PNOA-2024-GAL-563-4772-H29-NPC01.LAZ
539,4735,0.0,18.348628975189158,18.348628975189158,Teo,Teo (Santa María),1,PNOA-2024-GAL-539-4735-H29-NPC01.LAZ
546,4736,0.0,18.343185546632196,18.343185546632196,Vedra,Santa Cruz de Ribadulla (Santa Cruz),2,PNOA-2024-GAL-546-4736-H29-NPC01.LAZ
542,4754,3.3827397677578768,14.953760449960674,18.33650021771855,Santiago de Compostela,A Enfesta (San Cristovo),1,PNOA-2024-GAL-542-4754-H29-NPC01.LAZ
555,4776,0.0,18.335788530072936,18.335788530072936,Mesía,Visantoña (San Martiño),1,PNOA-2024-GAL-555-4776-H29-NPC01.LAZ
533,4788,0.0,18.32492479198098,18.32492479198098,A Laracha,Vilaño (Santiago),2,PNOA-2024-GAL-533-4788-H29-NPC01.LAZ
562,4788,12.274979620729258,6.048558082087133,18.32353770281639,Oza dos Ríos,Cuíña (Santa María),2,PNOA-2024-GAL-562-4788-H29-NPC01.LAZ
522,4738,2.1133038057785374,16.20690288505344,18.32020669083198,Rois,Leroño (Santa María),1,PNOA-2024-GAL-522-4738-H29-NPC01.LAZ
590,4810,18.307202903684146,0.0,18.307202903684146,As Pontes de García Rodríguez,Ribadeume (Santa María),2,PNOA-2024-GAL-590-4810-H29-NPC01.LAZ
536,4737,0.0,18.293786459267434,18.293786459267434,Teo,Rarís (San Miguel),3,PNOA-2024-GAL-536-4737-H29-NPC01.LAZ
569,4782,12.705231859602765,5.583608911119682,18.288840770722448,Oza dos Ríos,A Regueira (Santa María),2,PNOA-2024-GAL-569-4782-H29-NPC01.LAZ
533,4783,0.0,18.28825294819907,18.28825294819907,A Laracha,Montemaior (Santa María Madanela),2,PNOA-2024-GAL-533-4783-H29-NPC01.LAZ
500,4710,3.5831619050027554,14.702141850482647,18.2853037554854,Ribeira,Ribeira (Santa Uxía),3,PNOA-2024-GAL-500-4710-H29-NPC01.LAZ
545,4801,5.055749466628474,13.222390309087817,18.27813977571629,A Coruña,Visma (San Pedro),2,PNOA-2024-GAL-545-4801-H29-NPC01.LAZ
543,4782,6.16406885680729,12.112789771185572,18.276858627992862,Cerceda,Cerceda (San Martiño),1,PNOA-2024-GAL-543-4782-H29-NPC01.LAZ
498,4726,0.0,18.271829551922973,18.271829551922973,Porto do Son,Queiruga (Santo Estevo),2,PNOA-2024-GAL-498-4726-H29-NPC01.LAZ
549,4777,0.6286539688060762,17.636487196673375,18.265141165479452,Ordes,Ardemil (San Pedro),1,PNOA-2024-GAL-549-4777-H29-NPC01.LAZ
578,4755,8.869309546236275,9.386125244837839,18.255434791074116,Melide,Zas de Rei (San Xiao),2,PNOA-2024-GAL-578-4755-H29-NPC01.LAZ
565,4775,0.0,18.253470526625463,18.253470526625463,Mesía,Cabrui (San Martiño),1,PNOA-2024-GAL-565-4775-H29-NPC01.LAZ
545,4794,2.186249650731442,16.057502665699406,18.24375231643085,Arteixo,Morás (Santo Estevo),2,PNOA-2024-GAL-545-4794-H29-NPC01.LAZ
572,4832,0.0,18.239217605013945,18.239217605013945,Valdoviño,Pantín (Santiago),1,PNOA-2024-GAL-572-4832-H29-NPC01.LAZ
552,4768,1.1713703766558838,17.053979095753434,18.225349472409317,Ordes,Barbeiros (Santa María),1,PNOA-2024-GAL-552-4768-H29-NPC01.LAZ
490,4776,3.628685247967227,14.595573615500099,18.224258863467327,Vimianzo,Cereixo (Santiago),2,PNOA-2024-GAL-490-4776-H29-NPC01.LAZ
588,4838,6.227937351701363,11.98792245491313,18.215859806614493,Ortigueira,Veiga (Santo Adrao),1,PNOA-2024-GAL-588-4838-H29-NPC01.LAZ
549,4772,3.6825675188199876,14.525896400274108,18.208463919094097,Ordes,Buscás (San Paio),1,PNOA-2024-GAL-549-4772-H29-NPC01.LAZ
539,4796,3.898252779301925,14.307031585128252,18.205284364430177,Arteixo,Arteixo (Santiago),1,PNOA-2024-GAL-539-4796-H29-NPC01.LAZ
478,4753,0.0,18.163448066325145,18.163448066325145,Fisterra,San Martiño de Duio (San Martiño),2,PNOA-2024-GAL-478-4753-H29-NPC01.LAZ
507,4744,0.0,18.126188526441297,18.126188526441297,Outes,Outes (San Pedro),3,PNOA-2024-GAL-507-4744-H29-NPC01.LAZ
569,4808,0.0,18.12497691791338,18.12497691791338,Pontedeume,Ombre (Santa María),1,PNOA-2024-GAL-569-4808-H29-NPC01.LAZ
528,4793,0.0,18.120103725424297,18.120103725424297,Carballo,Vilela (San Miguel),4,PNOA-2024-GAL-528-4793-H29-NPC01.LAZ
538,4752,7.314467967097242,10.794338779881047,18.10880674697829,Santiago de Compostela,San Caetano (Santiago),1,PNOA-2024-GAL-538-4752-H29-NPC01.LAZ
568,4826,0.0,18.10692763580692,18.10692763580692,Valdoviño,Lago (Santiago),3,PNOA-2024-GAL-568-4826-H29-NPC01.LAZ
584,4830,0.0,18.09701070956211,18.09701070956211,Cerdido,A Barqueira (Santo Antonio),1,PNOA-2024-GAL-584-4830-H29-NPC01.LAZ
526,4749,3.1098306960387494,14.975048997344667,18.084879693383417,Ames,Trasmonte (Santa María),1,PNOA-2024-GAL-526-4749-H29-NPC01.LAZ
557,4784,0.0,18.08376933256123,18.08376933256123,Abegondo,Viós (San Salvador),2,PNOA-2024-GAL-557-4784-H29-NPC01.LAZ
571,4763,0.8433316069413483,17.228778242977427,18.072109849918775,Boimorto,Boimil (San Miguel),2,PNOA-2024-GAL-571-4763-H29-NPC01.LAZ
516,4789,0.0,18.064232757510617,18.064232757510617,Ponteceso,Xornes (San Xoán),1,PNOA-2024-GAL-516-4789-H29-NPC01.LAZ
521,4749,0.0,18.05003174548948,18.05003174548948,Brión,Ons (Santa María),1,PNOA-2024-GAL-521-4749-H29-NPC01.LAZ
586,4829,0.0,18.047484543213127,18.047484543213127,Cerdido,A Barqueira (Santo Antonio),1,PNOA-2024-GAL-586-4829-H29-NPC01.LAZ
562,4792,5.7001159024422705,12.345679741709755,18.045795644152026,Betanzos,Requián (Santiago),2,PNOA-2024-GAL-562-4792-H29-NPC01.LAZ
574,4805,4.958901925662445,13.071897964120337,18.030799889782784,Monfero,Queixeiro (San Xurxo),2,PNOA-2024-GAL-574-4805-H29-NPC01.LAZ
511,4743,0.0,18.02318077764938,18.02318077764938,Outes,Cando (San Tirso),1,PNOA-2024-GAL-511-4743-H29-NPC01.LAZ
497,4724,0.0,18.020712648068805,18.020712648068805,Porto do Son,Caamaño (Santa María),2,PNOA-2024-GAL-497-4724-H29-NPC01.LAZ
534,4777,0.2208946571329668,17.78327796351149,18.004172620644457,Tordoia,Andoio (San Mamede),2,PNOA-2024-GAL-534-4777-H29-NPC01.LAZ
597,4838,13.815270977356326,4.188706356986975,18.0039773343433,Ortigueira,Ladrido (Santalla),3,PNOA-2024-GAL-597-4838-H29-NPC01.LAZ
533,4750,3.2234642973624976,14.778589116033755,18.002053413396254,Santiago de Compostela,Figueiras (Santa María),1,PNOA-2024-GAL-533-4750-H29-NPC01.LAZ
542,4750,11.975882810052006,6.021810866870938,17.997693676922943,Santiago de Compostela,Bando (Santa Eulalia),1,PNOA-2024-GAL-542-4750-H29-NPC01.LAZ
493,4745,0.0,17.99164038710189,17.99164038710189,Carnota,San Mamede de Carnota (San Mamede),1,PNOA-2024-GAL-493-4745-H29-NPC01.LAZ
555,4786,0.0,17.9904248127141,17.9904248127141,Abegondo,Figueroa (San Miguel),1,PNOA-2024-GAL-555-4786-H29-NPC01.LAZ
529,4749,2.5956774473543685,15.387776753459567,17.983454200813934,Ames,Ames (San Tomé),2,PNOA-2024-GAL-529-4749-H29-NPC01.LAZ
579,4756,11.329822723083229,6.641345556451036,17.971168279534265,Melide,Gondollín (San Martiño),1,PNOA-2024-GAL-579-4756-H29-NPC01.LAZ
585,4829,0.0,17.954548066829915,17.954548066829915,Cerdido,A Barqueira (Santo Antonio),1,PNOA-2024-GAL-585-4829-H29-NPC01.LAZ
527,4774,0.0,17.95378840689111,17.95378840689111,Tordoia,Anxeriz (Santa Mariña),1,PNOA-2024-GAL-527-4774-H29-NPC01.LAZ
545,4778,1.2257957962369617,16.713023018482847,17.93881881471981,Ordes,Leira (Santa María),1,PNOA-2024-GAL-545-4778-H29-NPC01.LAZ
519,4761,0.009489962368315407,17.91960372723925,17.929093689607566,A Baña,Suevos (San Mamede),1,PNOA-2024-GAL-519-4761-H29-NPC01.LAZ
501,4731,0.0,17.919268302454622,17.919268302454622,Porto do Son,Noal (San Vicente),2,PNOA-2024-GAL-501-4731-H29-NPC01.LAZ
533,4796,5.69790837008882,12.217000558479237,17.914908928568057,Arteixo,Sorrizo (San Pedro),2,PNOA-2024-GAL-533-4796-H29-NPC01.LAZ
535,4779,2.236993393695369,15.674560122616224,17.911553516311592,Cerceda,Rodís (San Martiño),1,PNOA-2024-GAL-535-4779-H29-NPC01.LAZ
564,4786,11.466698181165878,6.43408668068631,17.900784861852188,Oza dos Ríos,Salto (San Tomé),3,PNOA-2024-GAL-564-4786-H29-NPC01.LAZ
569,4781,5.557269236701479,12.330549017773897,17.887818254475377,Cesuras,Trasanquelos (San Salvador),2,PNOA-2024-GAL-569-4781-H29-NPC01.LAZ
521,4743,6.052973422209288,11.825885249336906,17.878858671546194,Rois,Urdilde (Santa María),1,PNOA-2024-GAL-521-4743-H29-NPC01.LAZ
573,4747,0.0,17.870922224817246,17.870922224817246,Santiso,Visantoña (San Xoán),2,PNOA-2024-GAL-573-4747-H29-NPC01.LAZ
513,4727,6.378427589972345,11.49242563060704,17.870853220579384,Rianxo,Taragoña (San Salvador),2,PNOA-2024-GAL-513-4727-H29-NPC01.LAZ
515,4754,0.0,17.87055672263727,17.87055672263727,Negreira,A Pena (San Mamede),1,PNOA-2024-GAL-515-4754-H29-NPC01.LAZ
531,4753,3.7388594483965387,14.102926776836119,17.841786225232656,Ames,Ameixenda (Santa María),1,PNOA-2024-GAL-531-4753-H29-NPC01.LAZ
499,4717,3.188628932952938,14.651316011978386,17.839944944931325,Ribeira,Oleiros (San Martiño),1,PNOA-2024-GAL-499-4717-H29-NPC01.LAZ
521,4726,12.352799977341942,5.470979258476897,17.82377923581884,Rianxo,Isorna (Santa María),1,PNOA-2024-GAL-521-4726-H29-NPC01.LAZ
547,4795,13.313142827560595,4.494877900061096,17.80802072762169,Culleredo,Rutis (Santa María),4,PNOA-2024-GAL-547-4795-H29-NPC01.LAZ
556,4776,0.0,17.79124461460885,17.79124461460885,Mesía,Visantoña (San Martiño),1,PNOA-2024-GAL-556-4776-H29-NPC01.LAZ
514,4790,0.0,17.786953872102945,17.786953872102945,Ponteceso,Pazos (San Salvador),1,PNOA-2024-GAL-514-4790-H29-NPC01.LAZ
562,4791,1.802398078322985,15.95551558648204,17.757913664805024,Betanzos,Requián (Santiago),2,PNOA-2024-GAL-562-4791-H29-NPC01.LAZ
555,4761,0.0,17.75595710800784,17.75595710800784,Oroso,Os Ánxeles (San Mamede),2,PNOA-2024-GAL-555-4761-H29-NPC01.LAZ
528,4741,0.0,17.74699173743899,17.74699173743899,Brión,Bastavales (San Xulián),1,PNOA-2024-GAL-528-4741-H29-NPC01.LAZ
492,4744,0.0,17.741756531096225,17.741756531096225,Carnota,San Mamede de Carnota (San Mamede),1,PNOA-2024-GAL-492-4744-H29-NPC01.LAZ
525,4775,0.0,17.730600292219137,17.730600292219137,Carballo,Entrecruces (San Xens),1,PNOA-2024-GAL-525-4775-H29-NPC01.LAZ
547,4742,0.0,17.728803035010696,17.728803035010696,Boqueixón,Boqueixón (San Vicente),1,PNOA-2024-GAL-547-4742-H29-NPC01.LAZ
525,4745,0.0,17.725321712393225,17.725321712393225,Brión,Brión (San Fins),2,PNOA-2024-GAL-525-4745-H29-NPC01.LAZ
565,4827,0.0,17.721742629445945,17.721742629445945,Valdoviño,Meirás (San Vicente),2,PNOA-2024-GAL-565-4827-H29-NPC01.LAZ
582,4755,8.981142981612535,8.735244417495904,17.71638739910844,Melide,Abeancos (San Salvador),1,PNOA-2024-GAL-582-4755-H29-NPC01.LAZ
536,4791,7.33280898804099,10.358330994484621,17.691139982525613,Arteixo,Larín (Santo Estevo),2,PNOA-2024-GAL-536-4791-H29-NPC01.LAZ
565,4798,6.595182763552364,11.06083998895384,17.656022752506203,Paderne,San Pantaleón das Viñas (San Pantaleón),1,PNOA-2024-GAL-565-4798-H29-NPC01.LAZ
548,4789,2.902100826682867,14.745411560756802,17.64751238743967,Culleredo,Celas (Santa María),2,PNOA-2024-GAL-548-4789-H29-NPC01.LAZ
529,4741,5.58677526642339,12.054668831991423,17.641444098414812,Brión,Bastavales (San Xulián),2,PNOA-2024-GAL-529-4741-H29-NPC01.LAZ
541,4776,1.7299812152085416,15.899667260363797,17.62964847557234,Cerceda,Xesteda (Santa Comba),1,PNOA-2024-GAL-541-4776-H29-NPC01.LAZ
497,4721,0.0,17.62186865811709,17.62186865811709,Porto do Son,Xuño (Santa Mariña),1,PNOA-2024-GAL-497-4721-H29-NPC01.LAZ
511,4722,5.787985338633386,11.824983534258811,17.612968872892196,Boiro,Abanqueiro (San Cristovo),2,PNOA-2024-GAL-511-4722-H29-NPC01.LAZ
520,4781,3.5412542790236783,14.069796388217759,17.611050667241436,Coristanco,Coristanco (San Paio),3,PNOA-2024-GAL-520-4781-H29-NPC01.LAZ
514,4731,0.014732230618878453,17.594763429619693,17.609495660238572,Lousame,Fruíme (San Martiño),1,PNOA-2024-GAL-514-4731-H29-NPC01.LAZ
546,4766,0.0,17.598022086719553,17.598022086719553,Ordes,Santa Cruz de Montaos (Santa Cruz),1,PNOA-2024-GAL-546-4766-H29-NPC01.LAZ
516,4765,0.0,17.591637668592192,17.591637668592192,Santa Comba,Santa Comba (San Pedro),2,PNOA-2024-GAL-516-4765-H29-NPC01.LAZ
570,4761,1.1529444028817388,16.428645240100646,17.581589642982387,Boimorto,Boimorto (Santiago),2,PNOA-2024-GAL-570-4761-H29-NPC01.LAZ
570,4759,3.7092418634910493,13.8721338632448,17.58137572673585,Arzúa,A Mella (San Pedro),1,PNOA-2024-GAL-570-4759-H29-NPC01.LAZ
526,4750,1.0976333528383189,16.482595514678216,17.580228867516535,Ames,Trasmonte (Santa María),2,PNOA-2024-GAL-526-4750-H29-NPC01.LAZ
491,4765,0.0,17.57675295842469,17.57675295842469,Dumbría,Berdeogás (Santiago),1,PNOA-2024-GAL-491-4765-H29-NPC01.LAZ
545,4735,0.0,17.561398504136555,17.561398504136555,Vedra,San Mamede de Ribadulla (San Mamede),2,PNOA-2024-GAL-545-4735-H29-NPC01.LAZ
534,4791,3.0369761503303003,14.523833175929347,17.560809326259648,Arteixo,Monteagudo (San Tomé),3,PNOA-2024-GAL-534-4791-H29-NPC01.LAZ
583,4757,0.0,17.537139435472543,17.537139435472543,Toques,Mangoeiro (San Tomé),3,PNOA-2024-GAL-583-4757-H29-NPC01.LAZ
577,4773,0.0,17.529767527315148,17.529767527315148,Curtis,Curtis (Santaia),1,PNOA-2024-GAL-577-4773-H29-NPC01.LAZ
512,4767,0.0,17.516002190437124,17.516002190437124,Santa Comba,Arantón (San Vicente),1,PNOA-2024-GAL-512-4767-H29-NPC01.LAZ
568,4814,0.0,17.5107599845246,17.5107599845246,Fene,Sillobre (Santa Mariña),2,PNOA-2024-GAL-568-4814-H29-NPC01.LAZ
510,4755,0.0,17.503713809810282,17.503713809810282,Negreira,Bugallido (San Pedro),2,PNOA-2024-GAL-510-4755-H29-NPC01.LAZ
531,4737,0.0,17.502297697585032,17.502297697585032,Teo,Lampai (Santa María),1,PNOA-2024-GAL-531-4737-H29-NPC01.LAZ
521,4783,2.145244466650141,15.356295732854505,17.501540199504646,Coristanco,Xaviña (San Tomé),3,PNOA-2024-GAL-521-4783-H29-NPC01.LAZ
562,4812,9.614144766214892,7.868605631071964,17.482750397286857,Mugardos,Franza (Santiago),2,PNOA-2024-GAL-562-4812-H29-NPC01.LAZ
561,4745,0.0,17.481960299952632,17.481960299952632,Touro,Calvos de Socamiño (San Martiño),1,PNOA-2024-GAL-561-4745-H29-NPC01.LAZ
517,4782,5.889756440921701,11.591348397423829,17.48110483834553,Coristanco,Santa Baia de Castro (Santa Baia),2,PNOA-2024-GAL-517-4782-H29-NPC01.LAZ
546,4770,2.568185378780111,14.895811433568008,17.46399681234812,Ordes,Ordes (Santa María),2,PNOA-2024-GAL-546-4770-H29-NPC01.LAZ
510,4724,3.775829378511932,13.687075074012293,17.462904452524224,Boiro,Cespón (San Vicenzo),2,PNOA-2024-GAL-510-4724-H29-NPC01.LAZ
534,4776,0.0,17.454857952517838,17.454857952517838,Tordoia,Andoio (San Mamede),1,PNOA-2024-GAL-534-4776-H29-NPC01.LAZ
570,4762,2.1771301514278685,15.277538706091722,17.45466885751959,Boimorto,Boimorto (Santiago),1,PNOA-2024-GAL-570-4762-H29-NPC01.LAZ
560,4797,0.0,17.44785649121451,17.44785649121451,Bergondo,Lubre (San Xoán),3,PNOA-2024-GAL-560-4797-H29-NPC01.LAZ
535,4778,0.23237370630283244,17.21424699324266,17.446620699545495,Cerceda,Rodís (San Martiño),1,PNOA-2024-GAL-535-4778-H29-NPC01.LAZ
566,4771,0.0,17.435704581142797,17.435704581142797,Mesía,Cumbraos (Santa María),2,PNOA-2024-GAL-566-4771-H29-NPC01.LAZ
563,4793,7.670601362293614,9.762822870353551,17.433424232647166,Betanzos,Betanzos,3,PNOA-2024-GAL-563-4793-H29-NPC01.LAZ
544,4785,0.3081482804664085,17.120618585819496,17.428766866285905,Cerceda,Meirama (Santo André),2,PNOA-2024-GAL-544-4785-H29-NPC01.LAZ
555,4788,0.0,17.41704875344037,17.41704875344037,Carral,Vigo (San Vicente),2,PNOA-2024-GAL-555-4788-H29-NPC01.LAZ
535,4781,0.0,17.41485163422819,17.41485163422819,A Laracha,Montemaior (Santa María Madanela),2,PNOA-2024-GAL-535-4781-H29-NPC01.LAZ
543,4742,0.0,17.402896854197266,17.402896854197266,Boqueixón,Sergude (San Breixo),1,PNOA-2024-GAL-543-4742-H29-NPC01.LAZ
576,4822,0.0,17.400036076766547,17.400036076766547,San Sadurniño,Lamas (San Xiao),1,PNOA-2024-GAL-576-4822-H29-NPC01.LAZ
507,4721,5.056268246791409,12.337337189218223,17.393605436009633,Boiro,Lampón (Santiago),2,PNOA-2024-GAL-507-4721-H29-NPC01.LAZ
551,4749,0.0,17.39123283873573,17.39123283873573,Touro,Bama (San Vicenzo),1,PNOA-2024-GAL-551-4749-H29-NPC01.LAZ
511,4734,0.20342409466536382,17.18312016805486,17.386544262720225,Lousame,Lousame (San Xoán),2,PNOA-2024-GAL-511-4734-H29-NPC01.LAZ
575,4817,0.0,17.3779757956955,17.3779757956955,San Sadurniño,Naraío (Santa María),1,PNOA-2024-GAL-575-4817-H29-NPC01.LAZ
525,4777,0.0,17.37472396824953,17.37472396824953,Carballo,Entrecruces (San Xens),1,PNOA-2024-GAL-525-4777-H29-NPC01.LAZ
533,4744,2.693707313382052,14.680807483226612,17.374514796608665,Ames,Biduído (Santa María),2,PNOA-2024-GAL-533-4744-H29-NPC01.LAZ
498,4714,0.017261433905061605,17.35608426883835,17.373345702743414,Ribeira,Artes (San Xián),1,PNOA-2024-GAL-498-4714-H29-NPC01.LAZ
589,4825,0.0,17.3705680603789,17.3705680603789,As Somozas,As Enchousas (San Pedro),1,PNOA-2024-GAL-589-4825-H29-NPC01.LAZ
518,4781,3.0684640750854375,14.297578540487121,17.36604261557256,Coristanco,Coristanco (San Paio),1,PNOA-2024-GAL-518-4781-H29-NPC01.LAZ
538,4754,4.389619318079653,12.972749077573367,17.36236839565302,Santiago de Compostela,San Caetano (Santiago),1,PNOA-2024-GAL-538-4754-H29-NPC01.LAZ
529,4779,0.0,17.344716044194058,17.344716044194058,Carballo,Rus (Santa María),1,PNOA-2024-GAL-529-4779-H29-NPC01.LAZ
539,4752,8.146177847363843,9.187364966826765,17.333542814190608,Santiago de Compostela,San Caetano (Santiago),1,PNOA-2024-GAL-539-4752-H29-NPC01.LAZ
565,4804,3.618786116743651,13.695525138795206,17.314311255538858,Miño,Vilanova (San Xoán),2,PNOA-2024-GAL-565-4804-H29-NPC01.LAZ
499,4712,7.36377963504564,9.949978616555837,17.313758251601477,Ribeira,Carreira (San Paio),2,PNOA-2024-GAL-499-4712-H29-NPC01.LAZ
529,4732,4.089478660652478,13.20494188791136,17.29442054856384,Padrón,Herbón (Santa María),2,PNOA-2024-GAL-529-4732-H29-NPC01.LAZ
508,4723,12.409019432455787,4.871643070068735,17.28066250252452,Boiro,Boiro (Santa Baia),2,PNOA-2024-GAL-508-4723-H29-NPC01.LAZ
534,4734,2.929651477651788,14.339036997083596,17.268688474735384,Padrón,Carcacia (San Pedro),2,PNOA-2024-GAL-534-4734-H29-NPC01.LAZ
496,4775,2.348142235600805,14.915729074908752,17.263871310509558,Vimianzo,Vimianzo (San Vicenzo),1,PNOA-2024-GAL-496-4775-H29-NPC01.LAZ
541,4778,1.219254335351438,16.040601130372174,17.25985546572361,Cerceda,Queixas (Santa María),1,PNOA-2024-GAL-541-4778-H29-NPC01.LAZ
575,4809,0.0,17.24537095134755,17.24537095134755,A Capela,Capela (Santiago),1,PNOA-2024-GAL-575-4809-H29-NPC01.LAZ
515,4731,1.07961296500176,16.156364942957072,17.235977907958834,Lousame,Fruíme (San Martiño),1,PNOA-2024-GAL-515-4731-H29-NPC01.LAZ
509,4785,6.711101786206541,10.5216904433771,17.23279222958364,Cabana de Bergantiños,O Esto (San Xoán Bautista),1,PNOA-2024-GAL-509-4785-H29-NPC01.LAZ
571,4780,2.530806646772896,14.694585348302082,17.22539199507498,Oza dos Ríos,Rodeiro (Santa María),1,PNOA-2024-GAL-571-4780-H29-NPC01.LAZ
572,4806,6.526757320643033,10.69416553544437,17.2209228560874,Monfero,Taboada (Santa Mariña),2,PNOA-2024-GAL-572-4806-H29-NPC01.LAZ
541,4738,0.0,17.218674695703424,17.218674695703424,Vedra,Vedra (Santa Eulalia),3,PNOA-2024-GAL-541-4738-H29-NPC01.LAZ
528,4775,0.0,17.2178942685413,17.2178942685413,Carballo,Rus (Santa María),1,PNOA-2024-GAL-528-4775-H29-NPC01.LAZ
537,4767,0.0,17.21635420944824,17.21635420944824,Tordoia,Castenda da Torre (Santa María),1,PNOA-2024-GAL-537-4767-H29-NPC01.LAZ
553,4788,0.0,17.197140601375096,17.197140601375096,Carral,Sergude (San Xián),3,PNOA-2024-GAL-553-4788-H29-NPC01.LAZ
565,4810,1.106206318397658,16.080174379009335,17.186380697406992,Fene,Limodre (Santa Eulalia),3,PNOA-2024-GAL-565-4810-H29-NPC01.LAZ
506,4742,0.0,17.171927862093362,17.171927862093362,Outes,Roo (San Xoán),1,PNOA-2024-GAL-506-4742-H29-NPC01.LAZ
541,4770,0.0,17.167686890461397,17.167686890461397,Tordoia,Gorgullos (Santaia),1,PNOA-2024-GAL-541-4770-H29-NPC01.LAZ
495,4716,7.772922891793698,9.39153428730417,17.164457179097866,Ribeira,Olveira (Santa María),3,PNOA-2024-GAL-495-4716-H29-NPC01.LAZ
559,4784,0.0,17.163873344755572,17.163873344755572,Abegondo,Presedo (Santa María),1,PNOA-2024-GAL-559-4784-H29-NPC01.LAZ
561,4781,6.835660636264195,10.32639815140151,17.162058787665703,Cesuras,Figueredo (Santa María),3,PNOA-2024-GAL-561-4781-H29-NPC01.LAZ
541,4799,5.138512920560242,12.013554035950683,17.152066956510925,Arteixo,Oseiro (San Tirso),2,PNOA-2024-GAL-541-4799-H29-NPC01.LAZ
578,4777,0.0,17.143698311067446,17.143698311067446,Curtis,Curtis (Santaia),1,PNOA-2024-GAL-578-4777-H29-NPC01.LAZ
554,4790,15.84656166463927,1.290662887248158,17.137224551887428,Cambre,Andeiro (San Martiño),2,PNOA-2024-GAL-554-4790-H29-NPC01.LAZ
549,4770,2.5833097791797286,14.542064623600515,17.125374402780245,Ordes,Ordes (Santa María),3,PNOA-2024-GAL-549-4770-H29-NPC01.LAZ
563,4743,0.0,17.11714286723265,17.11714286723265,Touro,Circes (Santa Mariña),1,PNOA-2024-GAL-563-4743-H29-NPC01.LAZ
562,4781,1.460908235263234,15.648995890456483,17.109904125719716,Cesuras,Dordaño (Santa María),3,PNOA-2024-GAL-562-4781-H29-NPC01.LAZ
515,4760,0.23908383179417877,16.867794463395953,17.106878295190132,A Baña,A Riba (San Xoán),2,PNOA-2024-GAL-515-4760-H29-NPC01.LAZ
530,4748,0.43929841625261606,16.66700668134022,17.106305097592834,Santiago de Compostela,Villestro (Santa María),2,PNOA-2024-GAL-530-4748-H29-NPC01.LAZ
545,4803,7.263479666195502,9.828702975055997,17.092182641251497,A Coruña,Visma (San Pedro),1,PNOA-2024-GAL-545-4803-H29-NPC01.LAZ
533,4795,12.220613457190096,4.869191037657617,17.089804494847712,Arteixo,Sorrizo (San Pedro),2,PNOA-2024-GAL-533-4795-H29-NPC01.LAZ
545,4802,12.559597180855734,4.5295244595952235,17.08912164045096,A Coruña,Visma (San Pedro),1,PNOA-2024-GAL-545-4802-H29-NPC01.LAZ
530,4747,2.6700169854757867,14.407017990406265,17.07703497588205,Santiago de Compostela,Villestro (Santa María),3,PNOA-2024-GAL-530-4747-H29-NPC01.LAZ
509,4737,2.15018374751406,14.916873052186725,17.067056799700786,Noia,Barro (Santa Cristina),2,PNOA-2024-GAL-509-4737-H29-NPC01.LAZ
545,4750,5.672483861944932,11.380131656736335,17.052615518681268,Santiago de Compostela,Sabugueira (San Paio),1,PNOA-2024-GAL-545-4750-H29-NPC01.LAZ
537,4777,1.9730415595563482,15.073207079090821,17.04624863864717,Cerceda,Rodís (San Martiño),1,PNOA-2024-GAL-537-4777-H29-NPC01.LAZ
497,4717,4.740377431947663,12.293769451230116,17.03414688317778,Ribeira,Olveira (Santa María),1,PNOA-2024-GAL-497-4717-H29-NPC01.LAZ
542,4799,3.2709490254354066,13.756768215531075,17.02771724096648,Arteixo,Suevos (San Martiño),2,PNOA-2024-GAL-542-4799-H29-NPC01.LAZ
518,4724,10.807711335698356,6.219382259220959,17.027093594919315,Rianxo,Leiro (Santa María),1,PNOA-2024-GAL-518-4724-H29-NPC01.LAZ
571,4799,0.0,17.024391964966895,17.024391964966895,Vilarmaior,Vilamateo (Santiago),2,PNOA-2024-GAL-571-4799-H29-NPC01.LAZ
491,4740,0.0,16.995349717913548,16.995349717913548,Carnota,Santa Comba de Carnota (Santa Comba),2,PNOA-2024-GAL-491-4740-H29-NPC01.LAZ
531,4796,0.0,16.977377763938115,16.977377763938115,A Laracha,Caión (Santa María do Socorro),1,PNOA-2024-GAL-531-4796-H29-NPC01.LAZ
484,4777,0.0,16.966294600017047,16.966294600017047,Camariñas,Camariñas (San Xurxo),1,PNOA-2024-GAL-484-4777-H29-NPC01.LAZ
506,4743,0.0,16.961550595167395,16.961550595167395,Outes,Roo (San Xoán),2,PNOA-2024-GAL-506-4743-H29-NPC01.LAZ
513,4739,0.4000931314549006,16.558895586805438,16.95898871826034,Lousame,Lesende (San Martiño),1,PNOA-2024-GAL-513-4739-H29-NPC01.LAZ
578,4833,3.32396253120222,13.633362381353276,16.957324912555496,Cedeira,Esteiro (San Fiz),2,PNOA-2024-GAL-578-4833-H29-NPC01.LAZ
529,4794,0.0,16.95583138633724,16.95583138633724,Carballo,Rebordelos (San Salvador),2,PNOA-2024-GAL-529-4794-H29-NPC01.LAZ
534,4788,0.0,16.950005288268926,16.950005288268926,A Laracha,Torás (Santa María),1,PNOA-2024-GAL-534-4788-H29-NPC01.LAZ
565,4795,6.285390539561609,10.661208425050168,16.946598964611777,Betanzos,Tiobre (San Martiño),2,PNOA-2024-GAL-565-4795-H29-NPC01.LAZ
515,4759,1.0079788495347934,15.93054476920994,16.938523618744732,A Baña,A Riba (San Xoán),1,PNOA-2024-GAL-515-4759-H29-NPC01.LAZ
539,4740,0.0,16.93575533732854,16.93575533732854,Vedra,San Xián de Sales (San Xián),2,PNOA-2024-GAL-539-4740-H29-NPC01.LAZ
538,4747,2.7147354621213218,14.219861746167025,16.934597208288345,Santiago de Compostela,Santiago de Compostela,1,PNOA-2024-GAL-538-4747-H29-NPC01.LAZ
569,4826,0.0,16.93417751650191,16.93417751650191,Valdoviño,Valdoviño (Santalla),2,PNOA-2024-GAL-569-4826-H29-NPC01.LAZ
506,4741,0.0,16.928476716833433,16.928476716833433,Outes,San Cosme de Outeiro (San Cosme),2,PNOA-2024-GAL-506-4741-H29-NPC01.LAZ
542,4780,3.0979449236697123,13.826578417828557,16.92452334149827,Cerceda,Queixas (Santa María),2,PNOA-2024-GAL-542-4780-H29-NPC01.LAZ
597,4837,12.652105962223036,4.2693544632987,16.921460425521737,Ortigueira,San Salvador de Couzadoiro (San Salvador),1,PNOA-2024-GAL-597-4837-H29-NPC01.LAZ
531,4734,2.966219589013874,13.951799203811445,16.91801879282532,Padrón,Carcacia (San Pedro),1,PNOA-2024-GAL-531-4734-H29-NPC01.LAZ
574,4821,0.0,16.90798921852792,16.90798921852792,San Sadurniño,San Sadurniño (Santa María),1,PNOA-2024-GAL-574-4821-H29-NPC01.LAZ
516,4784,4.119439479217654,12.78191701289839,16.901356492116044,Coristanco,Cereo (Santa María),3,PNOA-2024-GAL-516-4784-H29-NPC01.LAZ
536,4778,2.73211864641996,14.168315569880921,16.90043421630088,Cerceda,Rodís (San Martiño),1,PNOA-2024-GAL-536-4778-H29-NPC01.LAZ
539,4756,4.647262899079326,12.240694808147872,16.887957707227198,Santiago de Compostela,Verdía (Santa Mariña),1,PNOA-2024-GAL-539-4756-H29-NPC01.LAZ
534,4743,0.0,16.88592473052816,16.88592473052816,Teo,Calo (San Xoán),1,PNOA-2024-GAL-534-4743-H29-NPC01.LAZ
517,4766,0.0,16.88383523655779,16.88383523655779,Santa Comba,Montouto (Santa María),1,PNOA-2024-GAL-517-4766-H29-NPC01.LAZ
566,4812,0.0,16.883470787165145,16.883470787165145,Fene,Barallobre (Santiago),1,PNOA-2024-GAL-566-4812-H29-NPC01.LAZ
561,4793,0.0,16.873781479811115,16.873781479811115,Bergondo,Cortiñán (Santa María),2,PNOA-2024-GAL-561-4793-H29-NPC01.LAZ
558,4791,0.0,16.864953284570888,16.864953284570888,Abegondo,Crendes (San Pedro),2,PNOA-2024-GAL-558-4791-H29-NPC01.LAZ
526,4735,9.083771660886201,7.765155174145796,16.848926835031996,Rois,Seira (San Lourenzo),2,PNOA-2024-GAL-526-4735-H29-NPC01.LAZ
513,4776,1.6581349010269213,15.179908184733286,16.83804308576021,Coristanco,Cuns (San Vicenzo),1,PNOA-2024-GAL-513-4776-H29-NPC01.LAZ
521,4753,0.9615278683192203,15.872188676280402,16.83371654459962,A Baña,Sanamede do Monte (San Mamede),3,PNOA-2024-GAL-521-4753-H29-NPC01.LAZ
550,4772,0.7805797123404177,16.044294306689956,16.824874019030375,Ordes,Buscás (San Paio),1,PNOA-2024-GAL-550-4772-H29-NPC01.LAZ
512,4734,0.04291238858283267,16.78090348637181,16.82381587495464,Lousame,Lousame (San Xoán),1,PNOA-2024-GAL-512-4734-H29-NPC01.LAZ
547,4774,0.0,16.811719158262445,16.811719158262445,Ordes,Mercurín (San Clemente),2,PNOA-2024-GAL-547-4774-H29-NPC01.LAZ
520,4760,0.8541501478365355,15.956649864444666,16.810800012281202,A Baña,Marcelle (Santa Cristina),2,PNOA-2024-GAL-520-4760-H29-NPC01.LAZ
568,4798,4.592936715532578,12.20356143475958,16.79649815029216,Miño,Callobre (San Xoán),2,PNOA-2024-GAL-568-4798-H29-NPC01.LAZ
526,4772,0.0,16.785115397590495,16.785115397590495,Tordoia,Anxeriz (Santa Mariña),1,PNOA-2024-GAL-526-4772-H29-NPC01.LAZ
560,4793,0.24012255191100731,16.54019293585647,16.780315487767478,Bergondo,Cortiñán (Santa María),3,PNOA-2024-GAL-560-4793-H29-NPC01.LAZ
508,4739,3.416755048257853,13.362103539632187,16.778858587890042,Noia,Barro (Santa Cristina),1,PNOA-2024-GAL-508-4739-H29-NPC01.LAZ
538,4756,4.426855718342101,12.350088474288208,16.77694419263031,Trazo,Chaián (Santa María),1,PNOA-2024-GAL-538-4756-H29-NPC01.LAZ
549,4795,8.734983969866127,8.029559835574135,16.764543805440262,Culleredo,Almeiras (San Xián),3,PNOA-2024-GAL-549-4795-H29-NPC01.LAZ
546,4796,6.286499452818151,10.476404886284234,16.762904339102384,A Coruña,Elviña (San Vicenzo),1,PNOA-2024-GAL-546-4796-H29-NPC01.LAZ
576,4798,1.0974373764592331,15.664593606626713,16.762030983085946,Monfero,San Fiz de Monfero (San Fiz),1,PNOA-2024-GAL-576-4798-H29-NPC01.LAZ
573,4818,6.712069369098533,10.034155433066607,16.746224802165138,Neda,Anca (San Pedro),2,PNOA-2024-GAL-573-4818-H29-NPC01.LAZ
558,4792,0.0,16.744373565380116,16.744373565380116,Abegondo,Orto (San Martiño),2,PNOA-2024-GAL-558-4792-H29-NPC01.LAZ
574,4802,2.6985446881379462,14.044007789450673,16.742552477588617,Monfero,Vilachá (Santa María),1,PNOA-2024-GAL-574-4802-H29-NPC01.LAZ
503,4791,0.0,16.741121569516103,16.741121569516103,Ponteceso,Corme Porto (Nosa Señora dos Remedios),1,PNOA-2024-GAL-503-4791-H29-NPC01.LAZ
555,4746,0.0,16.728637296689886,16.728637296689886,Touro,Loxo (Santa María),2,PNOA-2024-GAL-555-4746-H29-NPC01.LAZ
565,4828,0.0,16.724554454676845,16.724554454676845,Valdoviño,Meirás (San Vicente),2,PNOA-2024-GAL-565-4828-H29-NPC01.LAZ
489,4775,3.784465465149061,12.924438975619177,16.708904440768237,Vimianzo,Cereixo (Santiago),1,PNOA-2024-GAL-489-4775-H29-NPC01.LAZ
571,4801,2.736410009083674,13.961182630985546,16.69759264006922,Vilarmaior,Torres (San Xorxe),2,PNOA-2024-GAL-571-4801-H29-NPC01.LAZ
581,4834,3.3458039452930537,13.341778080123385,16.68758202541644,Cedeira,San Román de Montoxo (San Román),2,PNOA-2024-GAL-581-4834-H29-NPC01.LAZ
571,4759,4.899633171014223,11.780602450753708,16.68023562176793,Melide,Grobas (Santa María),3,PNOA-2024-GAL-571-4759-H29-NPC01.LAZ
562,4745,0.0,16.66586877308509,16.66586877308509,Touro,Calvos de Socamiño (San Martiño),1,PNOA-2024-GAL-562-4745-H29-NPC01.LAZ
566,4793,3.709714642659607,12.94304195721731,16.652756599876916,Paderne,Paderne (San Xoán),2,PNOA-2024-GAL-566-4793-H29-NPC01.LAZ
532,4749,7.631628154254517,9.017830057174775,16.64945821142929,Santiago de Compostela,Villestro (Santa María),1,PNOA-2024-GAL-532-4749-H29-NPC01.LAZ
586,4798,6.003599427101,10.645598227454224,16.649197654555223,Monfero,O Alto de Xestoso (Santa María),1,PNOA-2024-GAL-586-4798-H29-NPC01.LAZ
562,4763,4.0804567403896215,12.567159791084459,16.64761653147408,Frades,Añá (Santa María),2,PNOA-2024-GAL-562-4763-H29-NPC01.LAZ
527,4755,1.0685468173695858,15.562960703247292,16.63150752061688,A Baña,Troitosende (Santa María),1,PNOA-2024-GAL-527-4755-H29-NPC01.LAZ
522,4782,0.6031716519436702,16.024420762871078,16.627592414814746,Coristanco,Traba (Santa María),2,PNOA-2024-GAL-522-4782-H29-NPC01.LAZ
537,4774,0.0,16.623832070532163,16.623832070532163,Tordoia,Bardaos (Santa María),1,PNOA-2024-GAL-537-4774-H29-NPC01.LAZ
500,4718,4.597406483356763,12.025212243265921,16.622618726622683,Ribeira,Oleiros (San Martiño),1,PNOA-2024-GAL-500-4718-H29-NPC01.LAZ
546,4773,3.8312957139880157,12.784494726430502,16.615790440418518,Ordes,Mercurín (San Clemente),1,PNOA-2024-GAL-546-4773-H29-NPC01.LAZ
569,4806,0.0,16.610829208951625,16.610829208951625,Pontedeume,Nogueirosa (San Cosme),2,PNOA-2024-GAL-569-4806-H29-NPC01.LAZ
542,4771,0.0,16.598103486282074,16.598103486282074,Tordoia,Gorgullos (Santaia),2,PNOA-2024-GAL-542-4771-H29-NPC01.LAZ
574,4790,0.0,16.593772258161152,16.593772258161152,Irixoa,Churío (San Martiño),1,PNOA-2024-GAL-574-4790-H29-NPC01.LAZ
533,4781,0.0,16.59352723257394,16.59352723257394,A Laracha,Montemaior (Santa María Madanela),1,PNOA-2024-GAL-533-4781-H29-NPC01.LAZ
525,4752,1.0415866255777788,15.547478748108011,16.58906537368579,Ames,Lens (San Paio),3,PNOA-2024-GAL-525-4752-H29-NPC01.LAZ
574,4789,0.0,16.566930691090825,16.566930691090825,Aranga,Feás (San Pedro),1,PNOA-2024-GAL-574-4789-H29-NPC01.LAZ
529,4793,0.0,16.566160912062383,16.566160912062383,Carballo,Noicela (Santa María),2,PNOA-2024-GAL-529-4793-H29-NPC01.LAZ
592,4811,5.223147775795579,11.325922214044638,16.549069989840216,As Pontes de García Rodríguez,As Pontes de García Rodríguez (Santa María),2,PNOA-2024-GAL-592-4811-H29-NPC01.LAZ
515,4779,2.5848831643276604,13.962764843596995,16.547648007924657,Coristanco,Agualada (San Lourenzo),1,PNOA-2024-GAL-515-4779-H29-NPC01.LAZ
565,4826,0.0,16.547514079424147,16.547514079424147,Valdoviño,Meirás (San Vicente),1,PNOA-2024-GAL-565-4826-H29-NPC01.LAZ
563,4763,6.090719542008813,10.454434429376528,16.54515397138534,Frades,Añá (Santa María),1,PNOA-2024-GAL-563-4763-H29-NPC01.LAZ
507,4789,0.0,16.534335544058425,16.534335544058425,Ponteceso,Cospindo (San Tirso),1,PNOA-2024-GAL-507-4789-H29-NPC01.LAZ
565,4750,2.67483504722134,13.85825634355619,16.533091390777532,Arzúa,Pantiñobre (Santo Estevo),1,PNOA-2024-GAL-565-4750-H29-NPC01.LAZ
545,4764,0.0,16.530917839522065,16.530917839522065,Oroso,Trasmonte (Santo Estevo),1,PNOA-2024-GAL-545-4764-H29-NPC01.LAZ
521,4782,1.5179978560664051,15.009412698049081,16.527410554115487,Coristanco,Traba (Santa María),3,PNOA-2024-GAL-521-4782-H29-NPC01.LAZ
541,4781,2.1180184034075467,14.404708952863139,16.522727356270686,Cerceda,Queixas (Santa María),2,PNOA-2024-GAL-541-4781-H29-NPC01.LAZ
522,4730,4.553096580935473,11.964695208528788,16.517791789464262,Dodro,San Xoán de Laíño (San Xoán),2,PNOA-2024-GAL-522-4730-H29-NPC01.LAZ
499,4738,0.0,16.50442398869732,16.50442398869732,Muros,Tal (Santiago),1,PNOA-2024-GAL-499-4738-H29-NPC01.LAZ
524,4787,0.0,16.47191561336762,16.47191561336762,Carballo,Goiáns (Santo Estevo),4,PNOA-2024-GAL-524-4787-H29-NPC01.LAZ
522,4793,0.0,16.463017885456924,16.463017885456924,Carballo,Razo (San Martiño),1,PNOA-2024-GAL-522-4793-H29-NPC01.LAZ
537,4795,3.838588442087544,12.62017368044285,16.458762122530395,Arteixo,Barrañán (San Xián),2,PNOA-2024-GAL-537-4795-H29-NPC01.LAZ
568,4804,0.0,16.450433136239333,16.450433136239333,Pontedeume,Andrade (San Martiño),2,PNOA-2024-GAL-568-4804-H29-NPC01.LAZ
540,4735,0.0,16.43060659863281,16.43060659863281,Vedra,Trobe (Santo André),2,PNOA-2024-GAL-540-4735-H29-NPC01.LAZ
529,4788,0.0,16.422824579442153,16.422824579442153,A Laracha,Lemaio (Santa María),3,PNOA-2024-GAL-529-4788-H29-NPC01.LAZ
506,4744,0.0,16.41430708847812,16.41430708847812,Outes,Outes (San Pedro),1,PNOA-2024-GAL-506-4744-H29-NPC01.LAZ
593,4839,14.186721055836527,2.215816180665427,16.402537236501953,Ortigueira,Luía (Santa María),2,PNOA-2024-GAL-593-4839-H29-NPC01.LAZ
510,4766,0.0,16.401375751689528,16.401375751689528,Santa Comba,Cícere (San Pedro),2,PNOA-2024-GAL-510-4766-H29-NPC01.LAZ
522,4780,4.675483153519806,11.718197378075008,16.393680531594814,Coristanco,Seavia (San Mamede),2,PNOA-2024-GAL-522-4780-H29-NPC01.LAZ
564,4802,5.0522529122048265,11.33567325946975,16.38792617167458,Miño,Perbes (San Pedro),3,PNOA-2024-GAL-564-4802-H29-NPC01.LAZ
532,4790,0.0,16.379699394151725,16.379699394151725,A Laracha,Cabovilaño (San Román),1,PNOA-2024-GAL-532-4790-H29-NPC01.LAZ
504,4734,0.0,16.375635357963525,16.375635357963525,Porto do Son,Goiáns (San Sadurniño),1,PNOA-2024-GAL-504-4734-H29-NPC01.LAZ
527,4740,8.080922534937205,8.292588284365376,16.37351081930258,Rois,Ribasar (Santa María),2,PNOA-2024-GAL-527-4740-H29-NPC01.LAZ
521,4752,0.0,16.371087074554115,16.371087074554115,Negreira,Negreira (San Xián),3,PNOA-2024-GAL-521-4752-H29-NPC01.LAZ
575,4811,1.6336228562165647,14.735847306567713,16.36947016278428,A Capela,Capela (Santiago),2,PNOA-2024-GAL-575-4811-H29-NPC01.LAZ
540,4795,6.320789730567546,10.041513219482153,16.3623029500497,Arteixo,Arteixo (Santiago),2,PNOA-2024-GAL-540-4795-H29-NPC01.LAZ
562,4759,0.03392254369919917,16.32706194093534,16.36098448463454,Arzúa,San Martiño de Calvos de Sobrecamiño (San Martiño),2,PNOA-2024-GAL-562-4759-H29-NPC01.LAZ
586,4815,16.359456717910764,0.0,16.359456717910764,As Pontes de García Rodríguez,Espiñaredo (Santa María),3,PNOA-2024-GAL-586-4815-H29-NPC01.LAZ
573,4763,3.3338424751285105,13.015869664117654,16.349712139246165,Boimorto,Os Ánxeles (Santa María),1,PNOA-2024-GAL-573-4763-H29-NPC01.LAZ
573,4753,4.50221254991002,11.84412468325505,16.34633723316507,Arzúa,A Castañeda (Santa María),2,PNOA-2024-GAL-573-4753-H29-NPC01.LAZ
529,4790,0.0,16.338474896518434,16.338474896518434,A Laracha,Lemaio (Santa María),3,PNOA-2024-GAL-529-4790-H29-NPC01.LAZ
539,4736,0.0,16.326847854573018,16.326847854573018,Teo,Teo (Santa María),3,PNOA-2024-GAL-539-4736-H29-NPC01.LAZ
507,4790,0.0,16.326294602170474,16.326294602170474,Ponteceso,Cospindo (San Tirso),2,PNOA-2024-GAL-507-4790-H29-NPC01.LAZ
567,4780,7.633885361255184,8.692034544990356,16.32591990624554,Cesuras,Trasanquelos (San Salvador),2,PNOA-2024-GAL-567-4780-H29-NPC01.LAZ
502,4776,4.093929629189258,12.226137405175907,16.320067034365167,Vimianzo,Bamiro (San Amedio)),1,PNOA-2024-GAL-502-4776-H29-NPC01.LAZ
519,4758,0.8198196793058089,15.48233306821682,16.30215274752263,A Baña,A Baña (San Vicenzo),1,PNOA-2024-GAL-519-4758-H29-NPC01.LAZ
524,4757,3.1913904222956293,13.106472325053558,16.297862747349185,A Baña,Lañas (Santa Baia),1,PNOA-2024-GAL-524-4757-H29-NPC01.LAZ
551,4774,1.9627547048398022,14.334382455965125,16.297137160804926,Ordes,Buscás (San Paio),1,PNOA-2024-GAL-551-4774-H29-NPC01.LAZ
552,4761,0.0,16.294771987091288,16.294771987091288,Oroso,Senra (Santa Eulalia),1,PNOA-2024-GAL-552-4761-H29-NPC01.LAZ
501,4715,5.571938560279392,10.72140498532645,16.293343545605843,Ribeira,Palmeira (San Pedro),1,PNOA-2024-GAL-501-4715-H29-NPC01.LAZ
499,4727,0.0,16.282744920231238,16.282744920231238,Porto do Son,Baroña (San Pedro),1,PNOA-2024-GAL-499-4727-H29-NPC01.LAZ
549,4775,2.719280955584863,13.562538981527567,16.28181993711243,Ordes,Leira (Santa María),1,PNOA-2024-GAL-549-4775-H29-NPC01.LAZ
542,4787,0.0,16.250729851178043,16.250729851178043,A Laracha,Soandres (San Pedro),1,PNOA-2024-GAL-542-4787-H29-NPC01.LAZ
520,4743,3.0197402486537896,13.22669325674008,16.24643350539387,Rois,Urdilde (Santa María),1,PNOA-2024-GAL-520-4743-H29-NPC01.LAZ
505,4748,0.0,16.22773390991757,16.22773390991757,Outes,Matasueiro (San Lourenzo),1,PNOA-2024-GAL-505-4748-H29-NPC01.LAZ
515,4756,3.1961932006098435,13.031146694847648,16.22733989545749,A Baña,Corneira (San Cristovo),1,PNOA-2024-GAL-515-4756-H29-NPC01.LAZ
523,4755,0.2771239459081647,15.94312617222331,16.220250118131474,A Baña,Lañas (Santa Baia),2,PNOA-2024-GAL-523-4755-H29-NPC01.LAZ
508,4789,0.0,16.219327185152096,16.219327185152096,Ponteceso,A Graña (San Vicenzo),3,PNOA-2024-GAL-508-4789-H29-NPC01.LAZ
540,4738,0.0,16.215290885954808,16.215290885954808,Vedra,Illobre (Santo André),3,PNOA-2024-GAL-540-4738-H29-NPC01.LAZ
538,4748,1.9818071026397115,14.228377089037837,16.21018419167755,Santiago de Compostela,Santiago de Compostela,2,PNOA-2024-GAL-538-4748-H29-NPC01.LAZ
542,4755,3.805689059828666,12.401628283723895,16.20731734355256,Santiago de Compostela,Nemenzo (Santa Cristina),3,PNOA-2024-GAL-542-4755-H29-NPC01.LAZ
518,4780,8.598888624554757,7.596642712167845,16.195531336722603,Coristanco,Ferreira (Santa María),2,PNOA-2024-GAL-518-4780-H29-NPC01.LAZ
541,4765,1.7247363498872206,14.470561916642119,16.19529826652934,Trazo,Campo (San Xoán),1,PNOA-2024-GAL-541-4765-H29-NPC01.LAZ
544,4790,4.054505747609455,12.127497537688175,16.18200328529763,Culleredo,Veiga (San Silvestre),2,PNOA-2024-GAL-544-4790-H29-NPC01.LAZ
582,4810,5.688082171100731,10.485527300611777,16.17360947171251,As Pontes de García Rodríguez,Goente (San Martiño),1,PNOA-2024-GAL-582-4810-H29-NPC01.LAZ
506,4721,0.0,16.173408163602566,16.173408163602566,A Pobra do Caramiñal,Posmarcos (Santo Isidro),1,PNOA-2024-GAL-506-4721-H29-NPC01.LAZ
531,4750,4.940246994996919,11.221475607423605,16.161722602420525,Santiago de Compostela,Villestro (Santa María),1,PNOA-2024-GAL-531-4750-H29-NPC01.LAZ
545,4734,0.0,16.150083914022066,16.150083914022066,Vedra,San Mamede de Ribadulla (San Mamede),2,PNOA-2024-GAL-545-4734-H29-NPC01.LAZ
583,4758,0.0,16.149212314698826,16.149212314698826,Toques,A Capela (Santa María),3,PNOA-2024-GAL-583-4758-H29-NPC01.LAZ
565,4793,8.415079109388376,7.733798167730694,16.14887727711907,Paderne,Obre (Santo André),3,PNOA-2024-GAL-565-4793-H29-NPC01.LAZ
592,4814,16.14809374514292,0.0,16.14809374514292,As Pontes de García Rodríguez,As Pontes de García Rodríguez (Santa María),2,PNOA-2024-GAL-592-4814-H29-NPC01.LAZ
547,4763,0.0,16.14326349701278,16.14326349701278,Oroso,Deixebre (Santa María),1,PNOA-2024-GAL-547-4763-H29-NPC01.LAZ
519,4745,0.0,16.14256745630872,16.14256745630872,Brión,Luaña (San Xulián),1,PNOA-2024-GAL-519-4745-H29-NPC01.LAZ
509,4779,0.087397353211455,16.053901892259837,16.14129924547129,Cabana de Bergantiños,Nantón (San Pedro),2,PNOA-2024-GAL-509-4779-H29-NPC01.LAZ
520,4752,0.0,16.14103462770147,16.14103462770147,Negreira,Covas (Santa María),2,PNOA-2024-GAL-520-4752-H29-NPC01.LAZ
540,4737,0.0,16.13865599212059,16.13865599212059,Teo,Baamonde (Santa María),2,PNOA-2024-GAL-540-4737-H29-NPC01.LAZ
577,4775,0.0,16.12848525047087,16.12848525047087,Curtis,Curtis (Santaia),1,PNOA-2024-GAL-577-4775-H29-NPC01.LAZ
579,4823,0.0,16.12429330432834,16.12429330432834,Moeche,San Xoán de Moeche (San Xoán),1,PNOA-2024-GAL-579-4823-H29-NPC01.LAZ
570,4766,1.894355975897336,14.226911759282451,16.12126773517979,Boimorto,Andavao (San Martiño),1,PNOA-2024-GAL-570-4766-H29-NPC01.LAZ
575,4746,0.0,16.119701050043588,16.119701050043588,Santiso,Belmil (San Pedro),1,PNOA-2024-GAL-575-4746-H29-NPC01.LAZ
542,4788,0.0,16.113716453020743,16.113716453020743,A Laracha,Soandres (San Pedro),1,PNOA-2024-GAL-542-4788-H29-NPC01.LAZ
553,4746,0.0,16.110861941681943,16.110861941681943,Touro,Loxo (Santa María),2,PNOA-2024-GAL-553-4746-H29-NPC01.LAZ
502,4772,6.279802694979464,9.828089122111402,16.107891817090866,Vimianzo,Treos (San Miguel),1,PNOA-2024-GAL-502-4772-H29-NPC01.LAZ
535,4794,5.863292598999095,10.235017470159004,16.0983100691581,Arteixo,Chamín (Santaia),3,PNOA-2024-GAL-535-4794-H29-NPC01.LAZ
596,4842,8.644985637891724,7.44562751062117,16.090613148512894,Ortigueira,Espasante (San Xoán),1,PNOA-2024-GAL-596-4842-H29-NPC01.LAZ
567,4771,0.0,16.085482374138824,16.085482374138824,Mesía,Cumbraos (Santa María),1,PNOA-2024-GAL-567-4771-H29-NPC01.LAZ
558,4764,4.635319521802197,11.44761740780417,16.08293692960637,Frades,Aiazo (San Pedro),1,PNOA-2024-GAL-558-4764-H29-NPC01.LAZ
574,4769,0.0,16.080423173564824,16.080423173564824,Vilasantar,Armental (San Martiño),1,PNOA-2024-GAL-574-4769-H29-NPC01.LAZ
499,4765,9.816234921028414,6.260364788335573,16.076599709363986,Vimianzo,Baíñas (Santo Antoíño),1,PNOA-2024-GAL-499-4765-H29-NPC01.LAZ
570,4792,3.026524669171229,13.049098287768093,16.07562295693932,Paderne,San Xulián de Vigo (San Xulián),1,PNOA-2024-GAL-570-4792-H29-NPC01.LAZ
551,4794,2.48334852754949,13.588841621933595,16.072190149483085,Cambre,Sigrás (Santiago),4,PNOA-2024-GAL-551-4794-H29-NPC01.LAZ
584,4755,0.0,16.07120012918444,16.07120012918444,Toques,Vilamor (Santo Estevo),2,PNOA-2024-GAL-584-4755-H29-NPC01.LAZ
497,4781,0.0,16.069443731223597,16.069443731223597,Laxe,Traba (Santiago),2,PNOA-2024-GAL-497-4781-H29-NPC01.LAZ
539,4754,7.623406012306566,8.442988514710326,16.06639452701689,Santiago de Compostela,San Caetano (Santiago),1,PNOA-2024-GAL-539-4754-H29-NPC01.LAZ
592,4813,8.355179174004022,7.709908541998027,16.065087716002047,As Pontes de García Rodríguez,As Pontes de García Rodríguez (Santa María),2,PNOA-2024-GAL-592-4813-H29-NPC01.LAZ
538,4738,0.0,16.06373369411375,16.06373369411375,Teo,Oza (Santa Baia),2,PNOA-2024-GAL-538-4738-H29-NPC01.LAZ
556,4796,12.86485435369707,3.196892146697501,16.06174650039457,Cambre,Cecebre (San Salvador),2,PNOA-2024-GAL-556-4796-H29-NPC01.LAZ
549,4771,2.8107592034555706,13.247527197133069,16.05828640058864,Ordes,Buscás (San Paio),3,PNOA-2024-GAL-549-4771-H29-NPC01.LAZ
536,4759,0.0,16.038196095331415,16.038196095331415,Trazo,Xavestre (San Cristovo),1,PNOA-2024-GAL-536-4759-H29-NPC01.LAZ
577,4834,2.031751329036096,14.00523381689982,16.036985145935915,Cedeira,Piñeiro (San Cosme),2,PNOA-2024-GAL-577-4834-H29-NPC01.LAZ
543,4773,4.728635247753599,11.306379696633398,16.035014944386997,Ordes,Lesta (Santo André),1,PNOA-2024-GAL-543-4773-H29-NPC01.LAZ
509,4722,1.1409582548014838,14.890149337162454,16.031107591963938,Boiro,Boiro (Santa Baia),1,PNOA-2024-GAL-509-4722-H29-NPC01.LAZ
539,4787,0.0,16.02845785719939,16.02845785719939,A Laracha,Soandres (San Pedro),3,PNOA-2024-GAL-539-4787-H29-NPC01.LAZ
525,4783,0.0,16.020091583873086,16.020091583873086,Carballo,Ardaña (Santa María),2,PNOA-2024-GAL-525-4783-H29-NPC01.LAZ
583,4817,0.0,16.015923517297203,16.015923517297203,As Somozas,Recemel (Santa María),1,PNOA-2024-GAL-583-4817-H29-NPC01.LAZ
514,4783,5.581765286529465,10.420612269994834,16.002377556524298,Coristanco,Valenza (San Pedro),1,PNOA-2024-GAL-514-4783-H29-NPC01.LAZ
535,4743,0.0,15.990145858196602,15.990145858196602,Teo,Cacheiras (San Simón de Ons),2,PNOA-2024-GAL-535-4743-H29-NPC01.LAZ
558,4768,2.1231690227363913,13.859022169236251,15.982191191972642,Frades,Papucín (Santa María),1,PNOA-2024-GAL-558-4768-H29-NPC01.LAZ
585,4820,0.0,15.973685145614036,15.973685145614036,As Somozas,As Somozas (Santiago Seré),1,PNOA-2024-GAL-585-4820-H29-NPC01.LAZ
545,4752,1.9856445058150378,13.975365759485356,15.961010265300395,Santiago de Compostela,Sabugueira (San Paio),2,PNOA-2024-GAL-545-4752-H29-NPC01.LAZ
576,4799,3.5430271819366896,12.415306302906528,15.958333484843218,Monfero,San Fiz de Monfero (San Fiz),1,PNOA-2024-GAL-576-4799-H29-NPC01.LAZ
514,4788,0.0,15.951427307107739,15.951427307107739,Ponteceso,Langueirón (San Xián),1,PNOA-2024-GAL-514-4788-H29-NPC01.LAZ
566,4823,0.0,15.940680594200462,15.940680594200462,Valdoviño,O Sequeiro (Santa María),1,PNOA-2024-GAL-566-4823-H29-NPC01.LAZ
567,4751,3.7362195611208797,12.198113118611168,15.934332679732048,Arzúa,Lema (San Pedro),2,PNOA-2024-GAL-567-4751-H29-NPC01.LAZ
532,4792,0.0,15.926771968872913,15.926771968872913,A Laracha,Lendo (San Xián),1,PNOA-2024-GAL-532-4792-H29-NPC01.LAZ
528,4783,0.0,15.92303810174924,15.92303810174924,Carballo,Artes (San Xurxo),2,PNOA-2024-GAL-528-4783-H29-NPC01.LAZ
553,4766,6.079404376278436,9.841457255978632,15.920861632257068,Frades,Galegos (San Martiño),2,PNOA-2024-GAL-553-4766-H29-NPC01.LAZ
523,4780,7.868716212803808,8.052108454588666,15.920824667392473,Coristanco,Erbecedo (San Salvador),3,PNOA-2024-GAL-523-4780-H29-NPC01.LAZ
523,4736,1.8398313152160402,14.076727860421933,15.916559175637973,Rois,Herbogo (San Pedro),2,PNOA-2024-GAL-523-4736-H29-NPC01.LAZ
555,4787,0.0,15.90914408871691,15.90914408871691,Abegondo,Figueroa (San Miguel),3,PNOA-2024-GAL-555-4787-H29-NPC01.LAZ
541,4736,0.0,15.891565907691568,15.891565907691568,Vedra,Vedra (Santa Eulalia),3,PNOA-2024-GAL-541-4736-H29-NPC01.LAZ
563,4794,7.1021113690920785,8.773844888651086,15.875956257743164,Betanzos,Tiobre (San Martiño),4,PNOA-2024-GAL-563-4794-H29-NPC01.LAZ
567,4766,2.400950035191048,13.471624284968886,15.872574320159934,Boimorto,Arceo (San Vicenzo),1,PNOA-2024-GAL-567-4766-H29-NPC01.LAZ
575,4790,0.0,15.863190286540956,15.863190286540956,Irixoa,Churío (San Martiño),2,PNOA-2024-GAL-575-4790-H29-NPC01.LAZ
553,4794,2.8989262298685032,12.963497713545417,15.86242394341392,Cambre,Cambre (Santa María),3,PNOA-2024-GAL-553-4794-H29-NPC01.LAZ
538,4791,7.954293042055899,7.907859082505835,15.862152124561735,Arteixo,Larín (Santo Estevo),1,PNOA-2024-GAL-538-4791-H29-NPC01.LAZ
568,4759,2.9337828299651925,12.900839475936506,15.834622305901698,Boimorto,Sendelle (Santa María),1,PNOA-2024-GAL-568-4759-H29-NPC01.LAZ
558,4787,0.0,15.834500459830402,15.834500459830402,Abegondo,Abegondo (Santaia),2,PNOA-2024-GAL-558-4787-H29-NPC01.LAZ
500,4777,8.299729351984588,7.529570390787335,15.829299742771923,Vimianzo,Salto (Santa María),1,PNOA-2024-GAL-500-4777-H29-NPC01.LAZ
547,4796,8.73591717194109,7.093326769993473,15.829243941934562,Culleredo,Rutis (Santa María),2,PNOA-2024-GAL-547-4796-H29-NPC01.LAZ
561,4770,0.0,15.825827748052907,15.825827748052907,Mesía,Xanceda (San Salvador),1,PNOA-2024-GAL-561-4770-H29-NPC01.LAZ
563,4749,1.2037833903449575,14.616756421870884,15.820539812215841,Arzúa,Branzá (Santa Locaia),1,PNOA-2024-GAL-563-4749-H29-NPC01.LAZ
575,4803,5.673272049743609,10.144892154178722,15.818164203922331,Monfero,Vilachá (Santa María),2,PNOA-2024-GAL-575-4803-H29-NPC01.LAZ
545,4769,3.8832671913670227,11.927351809435738,15.81061900080276,Ordes,Parada (Santa Mariña),1,PNOA-2024-GAL-545-4769-H29-NPC01.LAZ
604,4844,0.0,15.80663591765369,15.80663591765369,Mañón,Mogor (Santa María),1,PNOA-2024-GAL-604-4844-H29-NPC01.LAZ
536,4753,6.19289996771216,9.612039090206945,15.804939057919105,Santiago de Compostela,A Peregrina (Santa María),1,PNOA-2024-GAL-536-4753-H29-NPC01.LAZ
533,4777,0.0,15.798594902399111,15.798594902399111,Tordoia,Andoio (San Mamede),1,PNOA-2024-GAL-533-4777-H29-NPC01.LAZ
527,4787,0.0,15.797183885784172,15.797183885784172,Carballo,Bértoa (Santa María),1,PNOA-2024-GAL-527-4787-H29-NPC01.LAZ
538,4768,0.0,15.797126699015525,15.797126699015525,Tordoia,Castenda da Torre (Santa María),1,PNOA-2024-GAL-538-4768-H29-NPC01.LAZ
533,4787,0.0,15.794150463842648,15.794150463842648,A Laracha,Vilaño (Santiago),1,PNOA-2024-GAL-533-4787-H29-NPC01.LAZ
562,4810,12.095660882023454,3.6869723980399205,15.782633280063374,Mugardos,Franza (Santiago),1,PNOA-2024-GAL-562-4810-H29-NPC01.LAZ
590,4809,12.530917035299103,3.250629104545006,15.781546139844108,As Pontes de García Rodríguez,Ribadeume (Santa María),1,PNOA-2024-GAL-590-4809-H29-NPC01.LAZ
580,4831,0.0,15.7767053539588,15.7767053539588,Cerdido,Cerdido (San Martiño),1,PNOA-2024-GAL-580-4831-H29-NPC01.LAZ
542,4742,0.05301453557953302,15.710989977822795,15.764004513402329,Boqueixón,Sergude (San Breixo),2,PNOA-2024-GAL-542-4742-H29-NPC01.LAZ
569,4800,1.1721642550428881,14.581674868588136,15.753839123631025,Vilarmaior,Vilarmaior (San Pedro),2,PNOA-2024-GAL-569-4800-H29-NPC01.LAZ
492,4781,0.0,15.71909662071839,15.71909662071839,Camariñas,Camelle (O Espírito Santo),1,PNOA-2024-GAL-492-4781-H29-NPC01.LAZ
542,4794,7.920203238326178,7.798534683149032,15.71873792147521,Arteixo,Morás (Santo Estevo),2,PNOA-2024-GAL-542-4794-H29-NPC01.LAZ
546,4738,0.0,15.712508325229315,15.712508325229315,Vedra,San Pedro de Vilanova (San Pedro),1,PNOA-2024-GAL-546-4738-H29-NPC01.LAZ
560,4766,0.9618580361057338,14.749222237059422,15.711080273165155,Frades,Vitre (San Xoán),1,PNOA-2024-GAL-560-4766-H29-NPC01.LAZ
501,4738,0.0,15.71008896767339,15.71008896767339,Muros,Esteiro (Santa Mariña),1,PNOA-2024-GAL-501-4738-H29-NPC01.LAZ
567,4802,3.98909469032374,11.702513274857544,15.691607965181284,Miño,Carantoña (San Xulián),2,PNOA-2024-GAL-567-4802-H29-NPC01.LAZ
537,4741,0.0,15.687392728633998,15.687392728633998,Teo,Cacheiras (San Simón de Ons),1,PNOA-2024-GAL-537-4741-H29-NPC01.LAZ
565,4778,2.230361934641191,13.429044137999448,15.659406072640639,Cesuras,Borrifáns (San Pedro),1,PNOA-2024-GAL-565-4778-H29-NPC01.LAZ
579,4766,0.0,15.658362081063057,15.658362081063057,Sobrado,A Porta (San Pedro),1,PNOA-2024-GAL-579-4766-H29-NPC01.LAZ
595,4840,1.1851348436319966,14.463106004963644,15.64824084859564,Ortigueira,Ladrido (Santalla),2,PNOA-2024-GAL-595-4840-H29-NPC01.LAZ
572,4754,5.835588187252792,9.805382086326642,15.640970273579434,Arzúa,A Castañeda (Santa María),1,PNOA-2024-GAL-572-4754-H29-NPC01.LAZ
538,4788,0.0,15.63638771920527,15.63638771920527,A Laracha,Coiro (San Xián),2,PNOA-2024-GAL-538-4788-H29-NPC01.LAZ
544,4795,4.111520210434745,11.522217993447002,15.633738203881748,Arteixo,Morás (Santo Estevo),1,PNOA-2024-GAL-544-4795-H29-NPC01.LAZ
496,4776,8.139660395730031,7.493509267313958,15.63316966304399,Vimianzo,Calo (San Xoán),2,PNOA-2024-GAL-496-4776-H29-NPC01.LAZ
507,4746,0.0,15.617142808490655,15.617142808490655,Outes,Santo Ourente de Entíns (Santo Ourente),1,PNOA-2024-GAL-507-4746-H29-NPC01.LAZ
557,4777,0.7384787471110709,14.87054943031795,15.609028177429021,Mesía,Visantoña (San Martiño),3,PNOA-2024-GAL-557-4777-H29-NPC01.LAZ
537,4753,3.1390417002065596,12.469423651348558,15.608465351555118,Santiago de Compostela,San Caetano (Santiago),1,PNOA-2024-GAL-537-4753-H29-NPC01.LAZ
566,4796,0.0,15.585491482283226,15.585491482283226,Paderne,Velouzás (San Salvador),1,PNOA-2024-GAL-566-4796-H29-NPC01.LAZ
565,4813,0.0,15.584663974617207,15.584663974617207,Fene,Barallobre (Santiago),2,PNOA-2024-GAL-565-4813-H29-NPC01.LAZ
499,4777,1.8203785328662505,13.763764207459637,15.584142740325888,Vimianzo,Salto (Santa María),1,PNOA-2024-GAL-499-4777-H29-NPC01.LAZ
512,4766,0.0,15.576099870924702,15.576099870924702,Santa Comba,Arantón (San Vicente),2,PNOA-2024-GAL-512-4766-H29-NPC01.LAZ
582,4769,0.0,15.57083261258407,15.57083261258407,Sobrado,Cumbraos (San Xiao),1,PNOA-2024-GAL-582-4769-H29-NPC01.LAZ
542,4740,0.0,15.569554852829562,15.569554852829562,Vedra,San Fins de Sales (San Fins),2,PNOA-2024-GAL-542-4740-H29-NPC01.LAZ
495,4736,0.0,15.568731775020446,15.568731775020446,Muros,Muros (San Pedro),1,PNOA-2024-GAL-495-4736-H29-NPC01.LAZ
499,4783,0.0,15.563993528303273,15.563993528303273,Laxe,Soesto (Santo Estevo),3,PNOA-2024-GAL-499-4783-H29-NPC01.LAZ
545,4743,0.0,15.553770384061792,15.553770384061792,Boqueixón,Sergude (San Breixo),1,PNOA-2024-GAL-545-4743-H29-NPC01.LAZ
567,4828,0.0,15.54760134784051,15.54760134784051,Valdoviño,Lago (Santiago),1,PNOA-2024-GAL-567-4828-H29-NPC01.LAZ
578,4835,0.3652198898899311,15.135493417753999,15.50071330764393,Cedeira,Piñeiro (San Cosme),2,PNOA-2024-GAL-578-4835-H29-NPC01.LAZ
498,4722,0.0,15.499511034832029,15.499511034832029,Porto do Son,Xuño (Santa Mariña),2,PNOA-2024-GAL-498-4722-H29-NPC01.LAZ
581,4766,0.0,15.495942204383606,15.495942204383606,Sobrado,A Porta (San Pedro),2,PNOA-2024-GAL-581-4766-H29-NPC01.LAZ
561,4771,0.0,15.483285593624213,15.483285593624213,Mesía,Xanceda (San Salvador),1,PNOA-2024-GAL-561-4771-H29-NPC01.LAZ
592,4810,2.972143586787317,12.509481486423955,15.481625073211271,As Pontes de García Rodríguez,As Pontes de García Rodríguez (Santa María),2,PNOA-2024-GAL-592-4810-H29-NPC01.LAZ
537,4763,7.104552062403799,8.374492526606183,15.479044589009982,Trazo,Trazo (Santa María),1,PNOA-2024-GAL-537-4763-H29-NPC01.LAZ
533,4791,0.3074205026123019,15.164592399486196,15.472012902098498,A Laracha,Torás (Santa María),3,PNOA-2024-GAL-533-4791-H29-NPC01.LAZ
536,4740,0.0,15.471825226009729,15.471825226009729,Teo,Recesende (San Xoán),2,PNOA-2024-GAL-536-4740-H29-NPC01.LAZ
519,4723,15.470846939407352,0.0,15.470846939407352,Rianxo,Leiro (Santa María),2,PNOA-2024-GAL-519-4723-H29-NPC01.LAZ
577,4822,0.0,15.46836118707784,15.46836118707784,San Sadurniño,Lamas (San Xiao),1,PNOA-2024-GAL-577-4822-H29-NPC01.LAZ
571,4773,0.0,15.46830270078653,15.46830270078653,Curtis,Fisteus (Santa María),1,PNOA-2024-GAL-571-4773-H29-NPC01.LAZ
499,4719,2.6871245944879734,12.78032674269531,15.467451337183284,Porto do Son,San Pedro de Muro (San Pedro),2,PNOA-2024-GAL-499-4719-H29-NPC01.LAZ
601,4831,0.0,15.452983410293928,15.452983410293928,Mañón,Mañón (Santa María),1,PNOA-2024-GAL-601-4831-H29-NPC01.LAZ
565,4762,5.398421154651025,10.044221164048153,15.442642318699178,Boimorto,Brates (San Pedro),2,PNOA-2024-GAL-565-4762-H29-NPC01.LAZ
541,4747,6.869142806765661,8.561816021981826,15.430958828747487,Santiago de Compostela,Aríns (San Martiño),1,PNOA-2024-GAL-541-4747-H29-NPC01.LAZ
542,4782,2.0715221877854346,13.358665400759874,15.430187588545309,Cerceda,Cerceda (San Martiño),1,PNOA-2024-GAL-542-4782-H29-NPC01.LAZ
544,4751,2.717515121928955,12.712356368254836,15.42987149018379,Santiago de Compostela,Sabugueira (San Paio),2,PNOA-2024-GAL-544-4751-H29-NPC01.LAZ
541,4780,5.331900096160222,10.097740687451791,15.429640783612014,Cerceda,Queixas (Santa María),1,PNOA-2024-GAL-541-4780-H29-NPC01.LAZ
540,4789,0.0,15.428954798161397,15.428954798161397,A Laracha,Erboedo (Santa María),1,PNOA-2024-GAL-540-4789-H29-NPC01.LAZ
558,4797,0.0,15.418994564670005,15.418994564670005,Bergondo,Lubre (San Xoán),1,PNOA-2024-GAL-558-4797-H29-NPC01.LAZ
587,4836,5.695750340696956,9.71337526129847,15.409125601995427,Ortigueira,Mera de Abaixo (Santiago),1,PNOA-2024-GAL-587-4836-H29-NPC01.LAZ
535,4786,0.0,15.408043506775828,15.408043506775828,A Laracha,Golmar (San Bieito),2,PNOA-2024-GAL-535-4786-H29-NPC01.LAZ
531,4749,5.619655082719704,9.779907988942544,15.399563071662246,Santiago de Compostela,Villestro (Santa María),1,PNOA-2024-GAL-531-4749-H29-NPC01.LAZ
507,4786,1.9470292796816293,13.45072147029861,15.39775074998024,Cabana de Bergantiños,Cesullas (Santo Estevo),1,PNOA-2024-GAL-507-4786-H29-NPC01.LAZ
574,4750,0.17607371484331463,15.21110761148096,15.387181326324274,Santiso,San Román (San Pedro),3,PNOA-2024-GAL-574-4750-H29-NPC01.LAZ
577,4833,4.258761327134197,11.12023943516208,15.379000762296277,Cedeira,Esteiro (San Fiz),1,PNOA-2024-GAL-577-4833-H29-NPC01.LAZ
539,4764,2.1904122634442436,13.18417650596745,15.374588769411694,Trazo,Morlán (Santa María),2,PNOA-2024-GAL-539-4764-H29-NPC01.LAZ
528,4784,0.0,15.356655008860637,15.356655008860637,Carballo,Artes (San Xurxo),3,PNOA-2024-GAL-528-4784-H29-NPC01.LAZ
529,4782,0.0,15.352836961023657,15.352836961023657,Carballo,Sofán (San Salvador),2,PNOA-2024-GAL-529-4782-H29-NPC01.LAZ
587,4833,3.7848929276598957,11.560491970865735,15.34538489852563,Ortigueira,Mera de Arriba (Santa María),1,PNOA-2024-GAL-587-4833-H29-NPC01.LAZ
552,4788,0.0,15.327753108587782,15.327753108587782,Carral,Sergude (San Xián),3,PNOA-2024-GAL-552-4788-H29-NPC01.LAZ
501,4739,0.0,15.290800921335427,15.290800921335427,Muros,Esteiro (Santa Mariña),1,PNOA-2024-GAL-501-4739-H29-NPC01.LAZ
570,4819,6.8895923364869445,8.395161994186303,15.284754330673248,Neda,Santa María de Neda (Santa María),1,PNOA-2024-GAL-570-4819-H29-NPC01.LAZ
537,4773,0.0,15.27442498372226,15.27442498372226,Tordoia,Bardaos (Santa María),2,PNOA-2024-GAL-537-4773-H29-NPC01.LAZ
522,4739,2.6066580300429782,12.65830953396773,15.264967564010707,Rois,Augasantas (San Vicente),3,PNOA-2024-GAL-522-4739-H29-NPC01.LAZ
572,4775,0.0,15.262876815566045,15.262876815566045,Curtis,Fisteus (Santa María),1,PNOA-2024-GAL-572-4775-H29-NPC01.LAZ
532,4776,0.0,15.26082615303971,15.26082615303971,Tordoia,Andoio (San Mamede),1,PNOA-2024-GAL-532-4776-H29-NPC01.LAZ
519,4769,0.0,15.241706913299788,15.241706913299788,Santa Comba,Xallas de Castriz (San Pedro),1,PNOA-2024-GAL-519-4769-H29-NPC01.LAZ
527,4732,5.448827644855625,9.787887873659265,15.236715518514892,Padrón,Padrón (Santiago),3,PNOA-2024-GAL-527-4732-H29-NPC01.LAZ
537,4755,8.1449173339331,7.089838259944146,15.234755593877246,Santiago de Compostela,Grixoa (Santa María),2,PNOA-2024-GAL-537-4755-H29-NPC01.LAZ
492,4778,2.541493228655102,12.692789600301309,15.23428282895641,Vimianzo,Carantoña (San Martiño),1,PNOA-2024-GAL-492-4778-H29-NPC01.LAZ
601,4844,8.171994225677713,7.059477731033384,15.231471956711097,Ortigueira,Loiba (San Xulián),1,PNOA-2024-GAL-601-4844-H29-NPC01.LAZ
496,4770,2.192296584318884,13.037332048818959,15.229628633137843,Vimianzo,Cambeda (San Xoán),1,PNOA-2024-GAL-496-4770-H29-NPC01.LAZ
523,4769,0.0,15.229283316474376,15.229283316474376,Santa Comba,Bazar (San Mamede),1,PNOA-2024-GAL-523-4769-H29-NPC01.LAZ
586,4811,1.6809123854657158,13.543689506552042,15.224601892017757,As Pontes de García Rodríguez,Vilavella (Santa María),3,PNOA-2024-GAL-586-4811-H29-NPC01.LAZ
519,4760,0.0003259322540417429,15.216065435035649,15.21639136728969,A Baña,Suevos (San Mamede),2,PNOA-2024-GAL-519-4760-H29-NPC01.LAZ
559,4783,0.0,15.212206037770175,15.212206037770175,Abegondo,Leiro (Santaia),2,PNOA-2024-GAL-559-4783-H29-NPC01.LAZ
498,4712,3.558932590155584,11.640477190079661,15.199409780235245,Ribeira,Carreira (San Paio),1,PNOA-2024-GAL-498-4712-H29-NPC01.LAZ
577,4786,0.0,15.198455195900552,15.198455195900552,Aranga,Muniferral (San Cristovo),1,PNOA-2024-GAL-577-4786-H29-NPC01.LAZ
510,4723,4.01662483890417,11.165509503144667,15.182134342048837,Boiro,Boiro (Santa Baia),2,PNOA-2024-GAL-510-4723-H29-NPC01.LAZ
579,4837,0.0,15.176551313170284,15.176551313170284,Cedeira,Régoa (Santa María),2,PNOA-2024-GAL-579-4837-H29-NPC01.LAZ
513,4786,1.1758805900295943,13.99826055304447,15.174141143074065,Cabana de Bergantiños,Corcoesto (San Pedro),1,PNOA-2024-GAL-513-4786-H29-NPC01.LAZ
528,4744,3.3688916441313492,11.774351726671759,15.143243370803107,Ames,Ortoño (San Xoán),3,PNOA-2024-GAL-528-4744-H29-NPC01.LAZ
572,4762,5.1053304503394665,10.03404825968961,15.139378710029078,Boimorto,Os Ánxeles (Santa María),3,PNOA-2024-GAL-572-4762-H29-NPC01.LAZ
547,4747,0.0,15.132645605496883,15.132645605496883,Boqueixón,Loureda (San Pedro),1,PNOA-2024-GAL-547-4747-H29-NPC01.LAZ
517,4772,0.0,15.124675872021053,15.124675872021053,Santa Comba,Xallas de Castriz (San Pedro),1,PNOA-2024-GAL-517-4772-H29-NPC01.LAZ
510,4742,0.03934270567250588,15.082126755949565,15.121469461622072,Noia,Roo (Santa María),2,PNOA-2024-GAL-510-4742-H29-NPC01.LAZ
540,4787,0.0,15.111036982190944,15.111036982190944,A Laracha,Soandres (San Pedro),1,PNOA-2024-GAL-540-4787-H29-NPC01.LAZ
523,4739,0.874289332988401,14.233300882567233,15.107590215555634,Rois,Costa (San Miguel),2,PNOA-2024-GAL-523-4739-H29-NPC01.LAZ
535,4744,9.605591676603588,5.4995002496295555,15.105091926233143,Santiago de Compostela,Conxo (Santa María),3,PNOA-2024-GAL-535-4744-H29-NPC01.LAZ
543,4799,3.647177230060339,11.455085607460314,15.102262837520652,Arteixo,Pastoriza (Santa María),1,PNOA-2024-GAL-543-4799-H29-NPC01.LAZ
546,4752,8.86164221473485,6.2403717419662925,15.102013956701143,Santiago de Compostela,Sabugueira (San Paio),2,PNOA-2024-GAL-546-4752-H29-NPC01.LAZ
541,4742,1.9234347041685442,13.174621165776815,15.098055869945359,Santiago de Compostela,Marrozos (Santa María),3,PNOA-2024-GAL-541-4742-H29-NPC01.LAZ
536,4748,0.8697452306421558,14.225493374452622,15.095238605094778,Santiago de Compostela,Santiago de Compostela,2,PNOA-2024-GAL-536-4748-H29-NPC01.LAZ
563,4778,7.6798466910011545,7.412178798063621,15.092025489064776,Cesuras,Borrifáns (San Pedro),3,PNOA-2024-GAL-563-4778-H29-NPC01.LAZ
523,4737,3.664044262723107,11.427375483945582,15.091419746668688,Rois,Herbogo (San Pedro),2,PNOA-2024-GAL-523-4737-H29-NPC01.LAZ
572,4767,0.0,15.079390082497916,15.079390082497916,Vilasantar,Présaras (San Pedro),2,PNOA-2024-GAL-572-4767-H29-NPC01.LAZ
518,4754,2.166281464072248,12.909928358941917,15.076209823014164,A Baña,Barcala (San Xoán),3,PNOA-2024-GAL-518-4754-H29-NPC01.LAZ
512,4738,1.00647687806566,14.06743482470951,15.07391170277517,Lousame,Lousame (San Xoán),2,PNOA-2024-GAL-512-4738-H29-NPC01.LAZ
555,4767,2.861774156026894,12.209867987467963,15.071642143494856,Frades,Galegos (San Martiño),1,PNOA-2024-GAL-555-4767-H29-NPC01.LAZ
524,4736,3.524535145388388,11.536918454323239,15.061453599711626,Rois,Rois (San Mamede),2,PNOA-2024-GAL-524-4736-H29-NPC01.LAZ
604,4835,0.0,15.058240457619643,15.058240457619643,Mañón,Mañón (Santa María),1,PNOA-2024-GAL-604-4835-H29-NPC01.LAZ
559,4795,0.0,15.058074840953033,15.058074840953033,Bergondo,Guísamo (Santa María),1,PNOA-2024-GAL-559-4795-H29-NPC01.LAZ
568,4780,2.638302961245367,12.415256351018373,15.05355931226374,Cesuras,Trasanquelos (San Salvador),1,PNOA-2024-GAL-568-4780-H29-NPC01.LAZ
565,4791,6.877386837329745,8.165857014061103,15.043243851390848,Betanzos,Brabío (San Martiño),2,PNOA-2024-GAL-565-4791-H29-NPC01.LAZ
523,4793,0.0,15.040571498910902,15.040571498910902,Carballo,Razo (San Martiño),1,PNOA-2024-GAL-523-4793-H29-NPC01.LAZ
540,4750,9.973947518472917,5.066533203646583,15.0404807221195,Santiago de Compostela,Aríns (San Martiño),3,PNOA-2024-GAL-540-4750-H29-NPC01.LAZ
546,4795,1.3079433586682414,13.730929075111925,15.038872433780167,Arteixo,Morás (Santo Estevo),2,PNOA-2024-GAL-546-4795-H29-NPC01.LAZ
478,4751,0.0,15.035378147137491,15.035378147137491,Fisterra,Fisterra (Santa María),1,PNOA-2024-GAL-478-4751-H29-NPC01.LAZ
563,4747,0.0,15.029974472469924,15.029974472469924,Arzúa,Branzá (Santa Locaia),3,PNOA-2024-GAL-563-4747-H29-NPC01.LAZ
530,4743,0.9434393165852683,14.085243800344017,15.028683116929285,Ames,Bugallido (San Pedro),1,PNOA-2024-GAL-530-4743-H29-NPC01.LAZ
565,4792,11.998300609903918,3.0145318808439017,15.012832490747819,Betanzos,Brabío (San Martiño),1,PNOA-2024-GAL-565-4792-H29-NPC01.LAZ
536,4757,0.9732006767688279,14.017189836328669,14.990390513097497,Trazo,Chaián (Santa María),3,PNOA-2024-GAL-536-4757-H29-NPC01.LAZ
523,4789,0.0,14.982397158721785,14.982397158721785,Carballo,Oza (San Breixo),1,PNOA-2024-GAL-523-4789-H29-NPC01.LAZ
518,4757,1.79809188266542,13.171666597462972,14.969758480128391,A Baña,A Baña (San Vicenzo),1,PNOA-2024-GAL-518-4757-H29-NPC01.LAZ
547,4799,2.773670085718513,12.193472264476085,14.967142350194598,A Coruña,San Cristovo das Viñas (San Cristovo),2,PNOA-2024-GAL-547-4799-H29-NPC01.LAZ
528,4755,0.0,14.966084445780231,14.966084445780231,Ames,Piñeiro (San Mamede),1,PNOA-2024-GAL-528-4755-H29-NPC01.LAZ
497,4718,1.4708105853432731,13.480663711439592,14.951474296782864,Porto do Son,San Pedro de Muro (San Pedro),2,PNOA-2024-GAL-497-4718-H29-NPC01.LAZ
534,4763,1.2431697271391384,13.7062734448058,14.949443171944939,Trazo,Benza (San Pedro),3,PNOA-2024-GAL-534-4763-H29-NPC01.LAZ
584,4750,14.182713061335209,0.7591498557263372,14.941862917061545,Melide,O Leboreiro (Santa María),1,PNOA-2024-GAL-584-4750-H29-NPC01.LAZ
579,4799,0.32632893177666294,14.613973322078882,14.940302253855545,Monfero,San Fiz de Monfero (San Fiz),1,PNOA-2024-GAL-579-4799-H29-NPC01.LAZ
555,4769,5.96731491101842,8.962100030586926,14.929414941605346,Frades,Abellá (Santo Estevo),2,PNOA-2024-GAL-555-4769-H29-NPC01.LAZ
492,4741,0.0,14.928516291684502,14.928516291684502,Carnota,Santa Comba de Carnota (Santa Comba),1,PNOA-2024-GAL-492-4741-H29-NPC01.LAZ
567,4767,1.436162195565882,13.491704788612452,14.927866984178333,Boimorto,Arceo (San Vicenzo),1,PNOA-2024-GAL-567-4767-H29-NPC01.LAZ
539,4762,1.0013083280955557,13.924583283792723,14.925891611888279,Trazo,Morlán (Santa María),2,PNOA-2024-GAL-539-4762-H29-NPC01.LAZ
568,4783,6.776382157738606,8.147252531569348,14.923634689307955,Oza dos Ríos,Bandoxa (San Martiño),1,PNOA-2024-GAL-568-4783-H29-NPC01.LAZ
584,4759,0.0,14.923053244036092,14.923053244036092,Toques,Paradela (San Paio),2,PNOA-2024-GAL-584-4759-H29-NPC01.LAZ
502,4738,0.0,14.91883706259619,14.91883706259619,Muros,Esteiro (Santa Mariña),1,PNOA-2024-GAL-502-4738-H29-NPC01.LAZ
603,4844,0.0,14.918426693975121,14.918426693975121,Mañón,Mogor (Santa María),1,PNOA-2024-GAL-603-4844-H29-NPC01.LAZ
547,4737,0.0,14.917696067711772,14.917696067711772,Vedra,Santa Cruz de Ribadulla (Santa Cruz),2,PNOA-2024-GAL-547-4737-H29-NPC01.LAZ
505,4741,0.0,14.916655935515086,14.916655935515086,Outes,Roo (San Xoán),2,PNOA-2024-GAL-505-4741-H29-NPC01.LAZ
528,4756,0.6773790693494397,14.22974037231359,14.90711944166303,Ames,Piñeiro (San Mamede),1,PNOA-2024-GAL-528-4756-H29-NPC01.LAZ
530,4791,0.0,14.886421098393196,14.886421098393196,A Laracha,Lendo (San Xián),2,PNOA-2024-GAL-530-4791-H29-NPC01.LAZ
546,4777,0.8294461592500503,14.051115013698062,14.880561172948113,Ordes,Leira (Santa María),1,PNOA-2024-GAL-546-4777-H29-NPC01.LAZ
565,4788,6.135319090531762,8.740894773481267,14.876213864013028,Oza dos Ríos,Porzomillos (San Pedro),3,PNOA-2024-GAL-565-4788-H29-NPC01.LAZ
537,4744,2.646708447754125,12.228875399619378,14.875583847373504,Santiago de Compostela,O Castiñeiriño (Nosa Señora de Fátima),4,PNOA-2024-GAL-537-4744-H29-NPC01.LAZ
571,4764,2.2053122574904673,12.667471668710267,14.872783926200734,Boimorto,Boimil (San Miguel),2,PNOA-2024-GAL-571-4764-H29-NPC01.LAZ
586,4820,0.0,14.870180633174314,14.870180633174314,As Somozas,As Somozas (Santiago Seré),1,PNOA-2024-GAL-586-4820-H29-NPC01.LAZ
508,4728,0.0,14.843128269777957,14.843128269777957,Boiro,Cures (Santo André),1,PNOA-2024-GAL-508-4728-H29-NPC01.LAZ
545,4796,6.4188539835601155,8.417880085658384,14.8367340692185,A Coruña,Elviña (San Vicenzo),2,PNOA-2024-GAL-545-4796-H29-NPC01.LAZ
524,4759,1.6991269634608472,13.13045419926025,14.829581162721096,A Baña,Cabanas (San Miguel),1,PNOA-2024-GAL-524-4759-H29-NPC01.LAZ
527,4746,3.2768023976084724,11.550975678551232,14.827778076159705,Ames,Ortoño (San Xoán),3,PNOA-2024-GAL-527-4746-H29-NPC01.LAZ
586,4822,0.0,14.824953107250597,14.824953107250597,As Somozas,As Somozas (Santiago Seré),1,PNOA-2024-GAL-586-4822-H29-NPC01.LAZ
489,4776,3.3072491335649086,11.516538432156368,14.823787565721277,Vimianzo,Cereixo (Santiago),2,PNOA-2024-GAL-489-4776-H29-NPC01.LAZ
580,4756,13.601534981803608,1.2212499203239726,14.82278490212758,Melide,Folladela (San Pedro),3,PNOA-2024-GAL-580-4756-H29-NPC01.LAZ
536,4765,0.3118798455660222,14.509523389886123,14.821403235452145,Tordoia,Castenda da Torre (Santa María),2,PNOA-2024-GAL-536-4765-H29-NPC01.LAZ
561,4779,0.24274460567226896,14.569660882236839,14.812405487909109,Cesuras,Probaos (Santaia),1,PNOA-2024-GAL-561-4779-H29-NPC01.LAZ
553,4765,1.8138896501654198,12.997526095027744,14.811415745193164,Oroso,Marzoa (San Martiño),3,PNOA-2024-GAL-553-4765-H29-NPC01.LAZ
506,4734,1.5441069406840717,13.25814849901253,14.802255439696602,Lousame,Camboño (San Xoán),1,PNOA-2024-GAL-506-4734-H29-NPC01.LAZ
530,4782,0.0,14.80000035469294,14.80000035469294,Carballo,Sofán (San Salvador),1,PNOA-2024-GAL-530-4782-H29-NPC01.LAZ
512,4785,2.531310351645846,12.268013556393138,14.799323908038984,Cabana de Bergantiños,Corcoesto (San Pedro),1,PNOA-2024-GAL-512-4785-H29-NPC01.LAZ
583,4831,0.0,14.77972315608445,14.77972315608445,Cerdido,Cerdido (San Martiño),2,PNOA-2024-GAL-583-4831-H29-NPC01.LAZ
565,4807,0.0,14.778236597516685,14.778236597516685,Pontedeume,Centroña (Santa María),2,PNOA-2024-GAL-565-4807-H29-NPC01.LAZ
517,4745,0.0,14.777763227892263,14.777763227892263,Brión,Cornanda (Santa María),2,PNOA-2024-GAL-517-4745-H29-NPC01.LAZ
561,4795,0.0,14.77352003553542,14.77352003553542,Bergondo,Rois (Santa Mariña),2,PNOA-2024-GAL-561-4795-H29-NPC01.LAZ
578,4837,1.5388688237718562,13.234472092658978,14.773340916430834,Cedeira,Régoa (Santa María),1,PNOA-2024-GAL-578-4837-H29-NPC01.LAZ
503,4731,0.0,14.769771302782,14.769771302782,Porto do Son,Nebra (Santa María),1,PNOA-2024-GAL-503-4731-H29-NPC01.LAZ
578,4754,12.001665597798004,2.7616880738276026,14.763353671625607,Melide,San Cibrao (San Xoán),2,PNOA-2024-GAL-578-4754-H29-NPC01.LAZ
544,4763,0.0,14.76192695626412,14.76192695626412,Oroso,Trasmonte (Santo Estevo),2,PNOA-2024-GAL-544-4763-H29-NPC01.LAZ
528,4745,0.432333957083515,14.296718255840274,14.729052212923788,Ames,Ortoño (San Xoán),2,PNOA-2024-GAL-528-4745-H29-NPC01.LAZ
576,4796,0.0,14.712230149735591,14.712230149735591,Irixoa,Viña (Santaia),1,PNOA-2024-GAL-576-4796-H29-NPC01.LAZ
575,4804,7.752474752105277,6.954397500309571,14.706872252414847,Monfero,Queixeiro (San Xurxo),1,PNOA-2024-GAL-575-4804-H29-NPC01.LAZ
528,4792,0.0,14.703110944105312,14.703110944105312,Carballo,Vilela (San Miguel),1,PNOA-2024-GAL-528-4792-H29-NPC01.LAZ
533,4782,0.0,14.697982281206643,14.697982281206643,A Laracha,Montemaior (Santa María Madanela),1,PNOA-2024-GAL-533-4782-H29-NPC01.LAZ
524,4751,1.3789108034417532,13.317589556176006,14.69650035961776,Negreira,Portor (Santa María),2,PNOA-2024-GAL-524-4751-H29-NPC01.LAZ
543,4800,4.253564953017639,10.429461608790993,14.683026561808632,Arteixo,Pastoriza (Santa María),2,PNOA-2024-GAL-543-4800-H29-NPC01.LAZ
508,4780,2.900159117713405,11.782547512803305,14.68270663051671,Cabana de Bergantiños,Anós (Santo Estevo),1,PNOA-2024-GAL-508-4780-H29-NPC01.LAZ
509,4760,0.0,14.669599581139828,14.669599581139828,Santa Comba,A Pereira (Santo André),1,PNOA-2024-GAL-509-4760-H29-NPC01.LAZ
527,4736,9.196261236659755,5.466089320825929,14.662350557485684,Rois,Seira (San Lourenzo),2,PNOA-2024-GAL-527-4736-H29-NPC01.LAZ
522,4734,2.320659838405725,12.339816475210394,14.660476313616119,Rois,Buxán (San Xoán),1,PNOA-2024-GAL-522-4734-H29-NPC01.LAZ
550,4778,5.176047604015421,9.483428196017554,14.659475800032975,Ordes,Ardemil (San Pedro),1,PNOA-2024-GAL-550-4778-H29-NPC01.LAZ
558,4766,2.347110559002359,12.30800826539668,14.65511882439904,Frades,Frades (San Martiño),1,PNOA-2024-GAL-558-4766-H29-NPC01.LAZ
597,4843,10.971448302069188,3.683459335831748,14.654907637900935,Ortigueira,Céltigos (San Xulián),1,PNOA-2024-GAL-597-4843-H29-NPC01.LAZ
523,4757,2.7924940817197363,11.849623933786168,14.642118015505904,A Baña,Lañas (Santa Baia),1,PNOA-2024-GAL-523-4757-H29-NPC01.LAZ
544,4796,4.552751348819474,10.089070481848818,14.641821830668292,Arteixo,Morás (Santo Estevo),2,PNOA-2024-GAL-544-4796-H29-NPC01.LAZ
509,4786,1.6293896656275075,13.012356436682001,14.641746102309508,Cabana de Bergantiños,O Esto (San Xoán Bautista),2,PNOA-2024-GAL-509-4786-H29-NPC01.LAZ
569,4764,2.5632739984353723,12.076334140106642,14.639608138542014,Boimorto,Cardeiro (San Pedro),1,PNOA-2024-GAL-569-4764-H29-NPC01.LAZ
525,4751,2.5827401941677026,12.053594234055394,14.636334428223098,Ames,Lens (San Paio),4,PNOA-2024-GAL-525-4751-H29-NPC01.LAZ
540,4783,4.617532880585628,10.012703409045567,14.630236289631195,Cerceda,Cerceda (San Martiño),1,PNOA-2024-GAL-540-4783-H29-NPC01.LAZ
519,4783,1.8567290591633159,12.772300296211638,14.629029355374954,Coristanco,Coristanco (San Paio),1,PNOA-2024-GAL-519-4783-H29-NPC01.LAZ
512,4739,2.3080701721244448,12.308427954597171,14.616498126721616,Lousame,Lesende (San Martiño),2,PNOA-2024-GAL-512-4739-H29-NPC01.LAZ
512,4789,0.0,14.614903997036098,14.614903997036098,Ponteceso,Tallo (Santo André),1,PNOA-2024-GAL-512-4789-H29-NPC01.LAZ
517,4752,0.0,14.609562667564186,14.609562667564186,Negreira,Aro (San Vicenzo),2,PNOA-2024-GAL-517-4752-H29-NPC01.LAZ
538,4786,0.0,14.597632952998639,14.597632952998639,A Laracha,Soandres (San Pedro),1,PNOA-2024-GAL-538-4786-H29-NPC01.LAZ
562,4758,1.7429338093163356,12.848803858585738,14.591737667902073,Arzúa,San Martiño de Calvos de Sobrecamiño (San Martiño),2,PNOA-2024-GAL-562-4758-H29-NPC01.LAZ
569,4831,0.0,14.582165940689597,14.582165940689597,Valdoviño,Valdoviño (Santalla),1,PNOA-2024-GAL-569-4831-H29-NPC01.LAZ
540,4770,0.0,14.58007132744666,14.58007132744666,Tordoia,Gorgullos (Santaia),1,PNOA-2024-GAL-540-4770-H29-NPC01.LAZ
565,4755,2.6432005432471577,11.931764383211151,14.574964926458309,Arzúa,Burres (San Vicenzo),1,PNOA-2024-GAL-565-4755-H29-NPC01.LAZ
537,4758,1.70379990319731,12.868491036614973,14.572290939812284,Trazo,Chaián (Santa María),1,PNOA-2024-GAL-537-4758-H29-NPC01.LAZ
562,4761,3.645504774996869,10.923105532821454,14.568610307818323,Arzúa,Campo (Santo Estevo),1,PNOA-2024-GAL-562-4761-H29-NPC01.LAZ
536,4742,0.0,14.568092088279066,14.568092088279066,Teo,Cacheiras (San Simón de Ons),1,PNOA-2024-GAL-536-4742-H29-NPC01.LAZ
581,4765,0.0,14.566429930731003,14.566429930731003,Sobrado,A Porta (San Pedro),2,PNOA-2024-GAL-581-4765-H29-NPC01.LAZ
565,4789,3.5649767017929617,10.996433174942778,14.56140987673574,Oza dos Ríos,Porzomillos (San Pedro),1,PNOA-2024-GAL-565-4789-H29-NPC01.LAZ
541,4735,0.0,14.558717917734464,14.558717917734464,Vedra,Trobe (Santo André),2,PNOA-2024-GAL-541-4735-H29-NPC01.LAZ
547,4758,0.0,14.55555389077889,14.55555389077889,Oroso,A Gándara (San Miguel),3,PNOA-2024-GAL-547-4758-H29-NPC01.LAZ
528,4795,0.0,14.545227957262869,14.545227957262869,Carballo,Rebordelos (San Salvador),2,PNOA-2024-GAL-528-4795-H29-NPC01.LAZ
540,4766,6.357865130258782,8.180165879133186,14.538031009391968,Trazo,Campo (San Xoán),1,PNOA-2024-GAL-540-4766-H29-NPC01.LAZ
495,4778,4.981248548561411,9.553864165664667,14.535112714226077,Vimianzo,Calo (San Xoán),1,PNOA-2024-GAL-495-4778-H29-NPC01.LAZ
571,4747,0.0,14.530753926145653,14.530753926145653,Santiso,Visantoña (San Xoán),1,PNOA-2024-GAL-571-4747-H29-NPC01.LAZ
519,4736,2.313452026408266,12.214604798387766,14.528056824796032,Rois,Augasantas (San Vicente),2,PNOA-2024-GAL-519-4736-H29-NPC01.LAZ
574,4795,0.0,14.516816717489998,14.516816717489998,Irixoa,Viña (Santaia),3,PNOA-2024-GAL-574-4795-H29-NPC01.LAZ
553,4787,0.0,14.515920204968753,14.515920204968753,Carral,Cañás (Santa Baia),3,PNOA-2024-GAL-553-4787-H29-NPC01.LAZ
535,4760,0.2870464618014666,14.225122926354713,14.51216938815618,Trazo,Xavestre (San Cristovo),1,PNOA-2024-GAL-535-4760-H29-NPC01.LAZ
569,4754,2.549065566505699,11.946535974958268,14.495601541463966,Arzúa,Lema (San Pedro),4,PNOA-2024-GAL-569-4754-H29-NPC01.LAZ
575,4800,7.802226475999013,6.689848649124679,14.49207512512369,Monfero,San Fiz de Monfero (San Fiz),1,PNOA-2024-GAL-575-4800-H29-NPC01.LAZ
515,4766,0.0,14.483565373766083,14.483565373766083,Santa Comba,Santa Comba (San Pedro),1,PNOA-2024-GAL-515-4766-H29-NPC01.LAZ
557,4776,0.0,14.47623910666164,14.47623910666164,Mesía,Visantoña (San Martiño),2,PNOA-2024-GAL-557-4776-H29-NPC01.LAZ
569,4829,0.0,14.464519011545763,14.464519011545763,Valdoviño,Valdoviño (Santalla),1,PNOA-2024-GAL-569-4829-H29-NPC01.LAZ
527,4752,0.0001692958134825399,14.46238206599469,14.462551361808172,Ames,Ames (San Tomé),2,PNOA-2024-GAL-527-4752-H29-NPC01.LAZ
548,4785,8.352039174249736,6.101056382190142,14.453095556439877,Cerceda,As Encrobas (San Román),2,PNOA-2024-GAL-548-4785-H29-NPC01.LAZ
566,4804,6.762902822445235,7.689073132174463,14.451975954619698,Pontedeume,Andrade (San Martiño),2,PNOA-2024-GAL-566-4804-H29-NPC01.LAZ
505,4740,0.0,14.440298384205969,14.440298384205969,Outes,O Freixo de Sabardes (San Xoán),3,PNOA-2024-GAL-505-4740-H29-NPC01.LAZ
541,4752,3.1394729242098087,11.29448850039121,14.43396142460102,Santiago de Compostela,A Enfesta (San Cristovo),2,PNOA-2024-GAL-541-4752-H29-NPC01.LAZ
548,4742,0.0,14.430671072198699,14.430671072198699,Boqueixón,Boqueixón (San Vicente),2,PNOA-2024-GAL-548-4742-H29-NPC01.LAZ
533,4765,2.080952937841906,12.344485269353285,14.42543820719519,Trazo,Benza (San Pedro),2,PNOA-2024-GAL-533-4765-H29-NPC01.LAZ
539,4741,0.0,14.417059425331576,14.417059425331576,Vedra,San Xián de Sales (San Xián),1,PNOA-2024-GAL-539-4741-H29-NPC01.LAZ
550,4784,0.0,14.414720423017476,14.414720423017476,Carral,Sumio (Santiago),3,PNOA-2024-GAL-550-4784-H29-NPC01.LAZ
581,4831,0.0,14.412912642475948,14.412912642475948,Cerdido,Cerdido (San Martiño),1,PNOA-2024-GAL-581-4831-H29-NPC01.LAZ
521,4781,4.232363753470202,10.165753725221283,14.398117478691486,Coristanco,Traba (Santa María),3,PNOA-2024-GAL-521-4781-H29-NPC01.LAZ
536,4786,0.0,14.388887405530957,14.388887405530957,A Laracha,Soutullo (Santa María),1,PNOA-2024-GAL-536-4786-H29-NPC01.LAZ
546,4794,8.504613050583588,5.876942247366667,14.381555297950255,Culleredo,Orro (San Salvador),2,PNOA-2024-GAL-546-4794-H29-NPC01.LAZ
570,4755,0.5636474696850433,13.811113918211975,14.374761387897017,Arzúa,Rendal (Santa María),1,PNOA-2024-GAL-570-4755-H29-NPC01.LAZ
566,4806,0.19835114586434802,14.172893312132103,14.371244457996452,Pontedeume,Breamo (San Miguel),4,PNOA-2024-GAL-566-4806-H29-NPC01.LAZ
577,4778,0.0,14.364529338069815,14.364529338069815,Curtis,Curtis (Santaia),1,PNOA-2024-GAL-577-4778-H29-NPC01.LAZ
522,4786,0.0,14.361266944029836,14.361266944029836,Carballo,Sísamo (Santiago),2,PNOA-2024-GAL-522-4786-H29-NPC01.LAZ
577,4839,0.8965183373101921,13.461706918737542,14.358225256047735,Cedeira,Cervo (Santalla),1,PNOA-2024-GAL-577-4839-H29-NPC01.LAZ
563,4788,7.8098850458803994,6.534606638296603,14.344491684177003,Oza dos Ríos,Cuíña (Santa María),1,PNOA-2024-GAL-563-4788-H29-NPC01.LAZ
566,4753,3.8409254476120367,10.49112049823409,14.332045945846128,Arzúa,Burres (San Vicenzo),1,PNOA-2024-GAL-566-4753-H29-NPC01.LAZ
512,4724,3.8847184556196184,10.434664440027307,14.319382895646925,Boiro,Cespón (San Vicenzo),1,PNOA-2024-GAL-512-4724-H29-NPC01.LAZ
575,4793,0.0,14.318917673348896,14.318917673348896,Irixoa,Mántaras (Santa María),3,PNOA-2024-GAL-575-4793-H29-NPC01.LAZ
581,4833,0.8759015348616217,13.442919852342538,14.31882138720416,Cedeira,San Román de Montoxo (San Román),3,PNOA-2024-GAL-581-4833-H29-NPC01.LAZ
536,4789,0.0,14.316127103182936,14.316127103182936,A Laracha,Lestón (San Martiño),2,PNOA-2024-GAL-536-4789-H29-NPC01.LAZ
539,4737,0.0,14.29119496222829,14.29119496222829,Teo,Baamonde (Santa María),2,PNOA-2024-GAL-539-4737-H29-NPC01.LAZ
576,4829,0.0,14.289097503745753,14.289097503745753,Valdoviño,Vilaboa (San Vicente),1,PNOA-2024-GAL-576-4829-H29-NPC01.LAZ
523,4750,1.2959103437872663,12.99166100613624,14.287571349923507,Ames,Agrón (San Lourenzo),2,PNOA-2024-GAL-523-4750-H29-NPC01.LAZ
569,4766,3.1436385526560158,11.13965716231621,14.283295714972226,Boimorto,Arceo (San Vicenzo),2,PNOA-2024-GAL-569-4766-H29-NPC01.LAZ
562,4787,4.592325691016433,9.690394304116884,14.282719995133316,Oza dos Ríos,Cuíña (Santa María),2,PNOA-2024-GAL-562-4787-H29-NPC01.LAZ
542,4735,0.0,14.281280194555073,14.281280194555073,Vedra,San Pedro de Sarandón (San Pedro),1,PNOA-2024-GAL-542-4735-H29-NPC01.LAZ
532,4785,0.0,14.279601498431468,14.279601498431468,Carballo,Sofán (San Salvador),3,PNOA-2024-GAL-532-4785-H29-NPC01.LAZ
585,4763,0.0,14.278559413242727,14.278559413242727,Toques,Santa Mariña de Brañas (Santa Mariña),1,PNOA-2024-GAL-585-4763-H29-NPC01.LAZ
496,4768,9.22600262493609,5.044463571011123,14.270466195947213,Vimianzo,Castrelo (San Martiño),1,PNOA-2024-GAL-496-4768-H29-NPC01.LAZ
595,4832,7.473540938827744,6.793683688762947,14.267224627590691,Ortigueira,Devesos (San Sebastián),1,PNOA-2024-GAL-595-4832-H29-NPC01.LAZ
530,4783,0.0,14.266576024504559,14.266576024504559,Carballo,Sofán (San Salvador),1,PNOA-2024-GAL-530-4783-H29-NPC01.LAZ
515,4780,4.274548572666636,9.989409546596566,14.2639581192632,Coristanco,Agualada (San Lourenzo),1,PNOA-2024-GAL-515-4780-H29-NPC01.LAZ
525,4782,0.0,14.258342804590734,14.258342804590734,Carballo,Ardaña (Santa María),1,PNOA-2024-GAL-525-4782-H29-NPC01.LAZ
536,4779,2.3966949455797124,11.861177831058832,14.257872776638544,Cerceda,Rodís (San Martiño),1,PNOA-2024-GAL-536-4779-H29-NPC01.LAZ
539,4763,1.809363117599844,12.44815982333732,14.257522940937164,Trazo,Morlán (Santa María),1,PNOA-2024-GAL-539-4763-H29-NPC01.LAZ
568,4748,2.456194864617404,11.8005058289778,14.256700693595203,Arzúa,Viñós (San Pedro),1,PNOA-2024-GAL-568-4748-H29-NPC01.LAZ
544,4750,4.229254461538216,10.027396965134107,14.256651426672324,Santiago de Compostela,Sabugueira (San Paio),1,PNOA-2024-GAL-544-4750-H29-NPC01.LAZ
533,4764,1.2526297072925978,13.003677711509102,14.2563074188017,Trazo,Benza (San Pedro),1,PNOA-2024-GAL-533-4764-H29-NPC01.LAZ
560,4786,0.0,14.254702680401005,14.254702680401005,Abegondo,Meangos (Santiago),2,PNOA-2024-GAL-560-4786-H29-NPC01.LAZ
545,4744,0.0,14.254495984576621,14.254495984576621,Boqueixón,Lamas (Santa María),2,PNOA-2024-GAL-545-4744-H29-NPC01.LAZ
508,4788,1.958839236560161,12.295126634990545,14.253965871550706,Ponteceso,Tella (Santo Eleuterio),3,PNOA-2024-GAL-508-4788-H29-NPC01.LAZ
527,4748,2.428854977110774,11.816399371774766,14.24525434888554,Ames,Ames (San Tomé),4,PNOA-2024-GAL-527-4748-H29-NPC01.LAZ
504,4740,0.0,14.243338793090187,14.243338793090187,Outes,O Freixo de Sabardes (San Xoán),1,PNOA-2024-GAL-504-4740-H29-NPC01.LAZ
542,4783,1.9847608114338477,12.255836853023004,14.240597664456851,Cerceda,Cerceda (San Martiño),1,PNOA-2024-GAL-542-4783-H29-NPC01.LAZ
537,4776,1.148241694688803,13.09233410839087,14.240575803079674,Tordoia,Bardaos (Santa María),2,PNOA-2024-GAL-537-4776-H29-NPC01.LAZ
567,4769,0.0,14.23640867702215,14.23640867702215,Mesía,Castro (San Sebastián),1,PNOA-2024-GAL-567-4769-H29-NPC01.LAZ
563,4758,6.012636893985901,8.220238687021553,14.232875581007454,Arzúa,San Martiño de Calvos de Sobrecamiño (San Martiño),1,PNOA-2024-GAL-563-4758-H29-NPC01.LAZ
544,4769,0.0,14.231068452261955,14.231068452261955,Ordes,Parada (Santa Mariña),1,PNOA-2024-GAL-544-4769-H29-NPC01.LAZ
575,4801,5.620120194881941,8.60878812011473,14.22890831499667,Monfero,San Fiz de Monfero (San Fiz),2,PNOA-2024-GAL-575-4801-H29-NPC01.LAZ
550,4741,0.0,14.227728211472042,14.227728211472042,Touro,San Miguel de Vilar (San Miguel),3,PNOA-2024-GAL-550-4741-H29-NPC01.LAZ
550,4771,3.9369758951566443,10.289787556582615,14.22676345173926,Ordes,Buscás (San Paio),2,PNOA-2024-GAL-550-4771-H29-NPC01.LAZ
569,4776,0.0,14.221103360209542,14.221103360209542,Curtis,Santa María de Lurdes (Santa María),1,PNOA-2024-GAL-569-4776-H29-NPC01.LAZ
543,4785,0.9483696415829628,13.261083139712811,14.209452781295774,A Laracha,Soandres (San Pedro),3,PNOA-2024-GAL-543-4785-H29-NPC01.LAZ
574,4811,0.7227985249269311,13.483081695880017,14.205880220806948,A Capela,Cabalar (Santa María),2,PNOA-2024-GAL-574-4811-H29-NPC01.LAZ
571,4816,5.333282749176695,8.857871769111588,14.191154518288283,Neda,Viladonelle (Santo André),3,PNOA-2024-GAL-571-4816-H29-NPC01.LAZ
533,4754,6.621424804970779,7.567263704541269,14.188688509512048,Santiago de Compostela,Fecha (San Xoán),1,PNOA-2024-GAL-533-4754-H29-NPC01.LAZ
534,4794,5.455737702182467,8.730927978014257,14.186665680196725,Arteixo,Monteagudo (San Tomé),3,PNOA-2024-GAL-534-4794-H29-NPC01.LAZ
509,4719,4.016761792300445,10.160021460879888,14.176783253180332,Boiro,Castro (Santa María),1,PNOA-2024-GAL-509-4719-H29-NPC01.LAZ
569,4775,0.0,14.171557657913324,14.171557657913324,Curtis,Santa María de Lurdes (Santa María),3,PNOA-2024-GAL-569-4775-H29-NPC01.LAZ
573,4774,0.0,14.169070919140905,14.169070919140905,Curtis,Fisteus (Santa María),1,PNOA-2024-GAL-573-4774-H29-NPC01.LAZ
525,4749,0.7871778939325602,13.377806772934484,14.164984666867044,Ames,Trasmonte (Santa María),1,PNOA-2024-GAL-525-4749-H29-NPC01.LAZ
561,4763,2.730302696834785,11.431709297900897,14.162011994735682,Frades,Ledoira (San Martiño),2,PNOA-2024-GAL-561-4763-H29-NPC01.LAZ
580,4773,0.0,14.161535538410213,14.161535538410213,Curtis,Foxados (Santa María),1,PNOA-2024-GAL-580-4773-H29-NPC01.LAZ
506,4735,2.351817122064649,11.80440337826951,14.15622050033416,Lousame,Camboño (San Xoán),2,PNOA-2024-GAL-506-4735-H29-NPC01.LAZ
574,4765,0.0,14.153174690487413,14.153174690487413,Sobrado,Folgoso (Santa Cristina),1,PNOA-2024-GAL-574-4765-H29-NPC01.LAZ
576,4792,0.0,14.145110411171643,14.145110411171643,Irixoa,Verís (Santa María),2,PNOA-2024-GAL-576-4792-H29-NPC01.LAZ
527,4737,8.749301331584679,5.387861274179831,14.137162605764509,Rois,Seira (San Lourenzo),3,PNOA-2024-GAL-527-4737-H29-NPC01.LAZ
582,4786,0.0,14.132815293843104,14.132815293843104,Aranga,Aranga (San Paio),1,PNOA-2024-GAL-582-4786-H29-NPC01.LAZ
558,4770,4.750940032912268,9.381202762044508,14.132142794956776,Frades,Papucín (Santa María),2,PNOA-2024-GAL-558-4770-H29-NPC01.LAZ
489,4745,0.0,14.126467249230808,14.126467249230808,Carnota,San Mamede de Carnota (San Mamede),1,PNOA-2024-GAL-489-4745-H29-NPC01.LAZ
543,4753,0.014477737502535896,14.111728010812849,14.126205748315385,Santiago de Compostela,A Enfesta (San Cristovo),1,PNOA-2024-GAL-543-4753-H29-NPC01.LAZ
580,4764,0.0,14.123618593648775,14.123618593648775,Sobrado,Pousada (San Mamede),1,PNOA-2024-GAL-580-4764-H29-NPC01.LAZ
556,4777,0.0,14.119626824241617,14.119626824241617,Mesía,Visantoña (San Martiño),1,PNOA-2024-GAL-556-4777-H29-NPC01.LAZ
572,4792,0.0,14.11912849381612,14.11912849381612,Irixoa,Mántaras (Santa María),1,PNOA-2024-GAL-572-4792-H29-NPC01.LAZ
588,4833,9.592765530877575,4.516242460609861,14.109007991487434,Ortigueira,Mera de Arriba (Santa María),1,PNOA-2024-GAL-588-4833-H29-NPC01.LAZ
528,4790,0.0,14.097441215793808,14.097441215793808,A Laracha,Lemaio (Santa María),1,PNOA-2024-GAL-528-4790-H29-NPC01.LAZ
522,4769,0.0,14.095597622484348,14.095597622484348,Santa Comba,Bazar (San Mamede),1,PNOA-2024-GAL-522-4769-H29-NPC01.LAZ
580,4825,0.0,14.085435260393536,14.085435260393536,Moeche,San Xoán de Moeche (San Xoán),2,PNOA-2024-GAL-580-4825-H29-NPC01.LAZ
558,4750,0.0,14.085305989010532,14.085305989010532,Touro,San Fiz de Quión (San Fiz),1,PNOA-2024-GAL-558-4750-H29-NPC01.LAZ
569,4770,0.0,14.084737053553924,14.084737053553924,Vilasantar,Barbeito (San Salvador),1,PNOA-2024-GAL-569-4770-H29-NPC01.LAZ
592,4809,0.021396041693613088,14.059727565794375,14.081123607487989,As Pontes de García Rodríguez,As Pontes de García Rodríguez (Santa María),2,PNOA-2024-GAL-592-4809-H29-NPC01.LAZ
545,4760,0.0,14.064541309548142,14.064541309548142,Oroso,Oroso (San Martiño),1,PNOA-2024-GAL-545-4760-H29-NPC01.LAZ
576,4800,1.5759322218237544,12.484705977980925,14.060638199804679,Monfero,San Fiz de Monfero (San Fiz),1,PNOA-2024-GAL-576-4800-H29-NPC01.LAZ
534,4781,0.0,14.046425532061138,14.046425532061138,A Laracha,Montemaior (Santa María Madanela),1,PNOA-2024-GAL-534-4781-H29-NPC01.LAZ
537,4778,1.8235089373664541,12.22193979320447,14.045448730570925,Cerceda,Rodís (San Martiño),1,PNOA-2024-GAL-537-4778-H29-NPC01.LAZ
538,4742,0.0,14.04411740529868,14.04411740529868,Teo,Cacheiras (San Simón de Ons),1,PNOA-2024-GAL-538-4742-H29-NPC01.LAZ
540,4774,2.2041274753123465,11.833113155142026,14.037240630454374,Cerceda,Xesteda (Santa Comba),1,PNOA-2024-GAL-540-4774-H29-NPC01.LAZ
514,4766,0.0,14.028306031180644,14.028306031180644,Santa Comba,Santa Comba (San Pedro),1,PNOA-2024-GAL-514-4766-H29-NPC01.LAZ
562,4786,5.559049113976184,8.46672478330294,14.025773897279123,Oza dos Ríos,Cis (San Nicolao),3,PNOA-2024-GAL-562-4786-H29-NPC01.LAZ
529,4784,0.0,14.020896535622747,14.020896535622747,Carballo,Sofán (San Salvador),2,PNOA-2024-GAL-529-4784-H29-NPC01.LAZ
509,4724,1.7382467276695897,12.281458107629287,14.019704835298878,Boiro,Boiro (Santa Baia),1,PNOA-2024-GAL-509-4724-H29-NPC01.LAZ
520,4754,3.654145495159533,10.360708031818517,14.01485352697805,A Baña,San Cibrán de Barcala (San Cibrán),1,PNOA-2024-GAL-520-4754-H29-NPC01.LAZ
575,4812,0.0,14.014027876967118,14.014027876967118,A Capela,Cabalar (Santa María),1,PNOA-2024-GAL-575-4812-H29-NPC01.LAZ
520,4745,0.0,14.006186077157725,14.006186077157725,Brión,Luaña (San Xulián),1,PNOA-2024-GAL-520-4745-H29-NPC01.LAZ
565,4780,3.843010509443442,10.163080669916365,14.006091179359807,Cesuras,Bragade (San Mamede),2,PNOA-2024-GAL-565-4780-H29-NPC01.LAZ
510,4743,0.0,14.001218996494666,14.001218996494666,Outes,Cando (San Tirso),1,PNOA-2024-GAL-510-4743-H29-NPC01.LAZ
581,4768,0.0,13.991652930472089,13.991652930472089,Sobrado,Cumbraos (San Xiao),1,PNOA-2024-GAL-581-4768-H29-NPC01.LAZ
582,4772,0.0,13.984755078128412,13.984755078128412,Sobrado,Grixalba (San Xiao),1,PNOA-2024-GAL-582-4772-H29-NPC01.LAZ
531,4736,2.2342052764059717,11.746141937538303,13.980347213944274,Teo,Lampai (Santa María),2,PNOA-2024-GAL-531-4736-H29-NPC01.LAZ
486,4762,0.0,13.979707770388096,13.979707770388096,Dumbría,Salgueiros (San Mamede),1,PNOA-2024-GAL-486-4762-H29-NPC01.LAZ
498,4725,0.0,13.971169235052223,13.971169235052223,Porto do Son,Queiruga (Santo Estevo),1,PNOA-2024-GAL-498-4725-H29-NPC01.LAZ
542,4792,4.343983600628455,9.62351402707093,13.967497627699386,Arteixo,Loureda (Santa María),1,PNOA-2024-GAL-542-4792-H29-NPC01.LAZ
538,4789,0.0,13.963998005784061,13.963998005784061,A Laracha,Erboedo (Santa María),2,PNOA-2024-GAL-538-4789-H29-NPC01.LAZ
566,4795,6.179606221604821,7.771208337798752,13.950814559403574,Paderne,Velouzás (San Salvador),2,PNOA-2024-GAL-566-4795-H29-NPC01.LAZ
562,4746,0.0,13.924870019243867,13.924870019243867,Touro,Turces (Santa María),2,PNOA-2024-GAL-562-4746-H29-NPC01.LAZ
548,4740,0.0,13.914014830392057,13.914014830392057,Boqueixón,Codeso (Santaia),2,PNOA-2024-GAL-548-4740-H29-NPC01.LAZ
496,4769,2.026563571367441,11.887012784024206,13.913576355391648,Vimianzo,Castrelo (San Martiño),2,PNOA-2024-GAL-496-4769-H29-NPC01.LAZ
597,4841,10.299158948650952,3.614278500867913,13.913437449518865,Ortigueira,Espasante (San Xoán),1,PNOA-2024-GAL-597-4841-H29-NPC01.LAZ
543,4794,4.3511898413956125,9.560867757130032,13.912057598525644,Arteixo,Morás (Santo Estevo),1,PNOA-2024-GAL-543-4794-H29-NPC01.LAZ
580,4784,0.0,13.908254342866867,13.908254342866867,Aranga,Vilarraso (San Lourenzo),1,PNOA-2024-GAL-580-4784-H29-NPC01.LAZ
574,4810,2.50952082859972,11.392324133055087,13.901844961654808,A Capela,Capela (Santiago),2,PNOA-2024-GAL-574-4810-H29-NPC01.LAZ
560,4746,0.0,13.89954049370466,13.89954049370466,Touro,Cornado (Santiso),1,PNOA-2024-GAL-560-4746-H29-NPC01.LAZ
524,4733,3.219379358106818,10.679687145992112,13.89906650409893,Dodro,Laíño (San Xián),1,PNOA-2024-GAL-524-4733-H29-NPC01.LAZ
577,4796,0.38102694885710076,13.517987249588925,13.899014198446025,Monfero,San Fiz de Monfero (San Fiz),2,PNOA-2024-GAL-577-4796-H29-NPC01.LAZ
577,4756,12.477418898713204,1.4208870893257297,13.898305988038933,Melide,Zas de Rei (San Xiao),3,PNOA-2024-GAL-577-4756-H29-NPC01.LAZ
544,4759,0.0,13.897297623458977,13.897297623458977,Oroso,Oroso (San Martiño),1,PNOA-2024-GAL-544-4759-H29-NPC01.LAZ
492,4742,0.0,13.89271549401142,13.89271549401142,Carnota,Santa Comba de Carnota (Santa Comba),1,PNOA-2024-GAL-492-4742-H29-NPC01.LAZ
554,4744,0.0,13.892066405337438,13.892066405337438,Touro,San Pedro de Ribeira (San Pedro),1,PNOA-2024-GAL-554-4744-H29-NPC01.LAZ
540,4790,0.0,13.882180683628476,13.882180683628476,A Laracha,Erboedo (Santa María),1,PNOA-2024-GAL-540-4790-H29-NPC01.LAZ
524,4752,0.0,13.880961566727645,13.880961566727645,Negreira,Portor (Santa María),1,PNOA-2024-GAL-524-4752-H29-NPC01.LAZ
542,4756,7.6563255215060115,6.221411934602273,13.877737456108285,Santiago de Compostela,Nemenzo (Santa Cristina),2,PNOA-2024-GAL-542-4756-H29-NPC01.LAZ
565,4803,11.923703430832758,1.953381425866458,13.877084856699216,Miño,Vilanova (San Xoán),1,PNOA-2024-GAL-565-4803-H29-NPC01.LAZ
560,4794,0.0,13.869102040274898,13.869102040274898,Bergondo,Vixoi (San Fiz),2,PNOA-2024-GAL-560-4794-H29-NPC01.LAZ
572,4829,0.0,13.864108010124792,13.864108010124792,Valdoviño,Loira (San Pedro),1,PNOA-2024-GAL-572-4829-H29-NPC01.LAZ
508,4785,0.8092813589842971,13.053049441549675,13.862330800533972,Cabana de Bergantiños,O Esto (San Xoán Bautista),3,PNOA-2024-GAL-508-4785-H29-NPC01.LAZ
555,4747,0.0,13.859729452136595,13.859729452136595,Touro,Touro (San Xoán),2,PNOA-2024-GAL-555-4747-H29-NPC01.LAZ
537,4790,4.7645467531153844,9.093024868741594,13.857571621856978,Arteixo,Larín (Santo Estevo),3,PNOA-2024-GAL-537-4790-H29-NPC01.LAZ
583,4829,0.0,13.8500916512641,13.8500916512641,Cerdido,A Barqueira (Santo Antonio),1,PNOA-2024-GAL-583-4829-H29-NPC01.LAZ
587,4802,2.426460092973498,11.422569485306132,13.84902957827963,Monfero,O Alto de Xestoso (Santa María),1,PNOA-2024-GAL-587-4802-H29-NPC01.LAZ
509,4781,2.1013677739275125,11.746032941525758,13.84740071545327,Cabana de Bergantiños,Cundíns (San Paio),2,PNOA-2024-GAL-509-4781-H29-NPC01.LAZ
500,4712,4.571204577158634,9.273306888120416,13.84451146527905,Ribeira,Ribeira (Santa Uxía),1,PNOA-2024-GAL-500-4712-H29-NPC01.LAZ
579,4783,0.0,13.839550173840072,13.839550173840072,Aranga,Vilarraso (San Lourenzo),1,PNOA-2024-GAL-579-4783-H29-NPC01.LAZ
515,4764,0.0,13.839146791958694,13.839146791958694,Santa Comba,Santa Comba (San Pedro),2,PNOA-2024-GAL-515-4764-H29-NPC01.LAZ
570,4801,0.0,13.825346191546506,13.825346191546506,Vilarmaior,Vilarmaior (San Pedro),3,PNOA-2024-GAL-570-4801-H29-NPC01.LAZ
566,4756,1.128097844663796,12.686501662967025,13.81459950763082,Arzúa,Santa María da Arzúa (Santa María),1,PNOA-2024-GAL-566-4756-H29-NPC01.LAZ
521,4742,7.900002904223034,5.908065481224368,13.808068385447402,Rois,Urdilde (Santa María),1,PNOA-2024-GAL-521-4742-H29-NPC01.LAZ
542,4800,10.139682803821414,3.6655806793384755,13.805263483159889,Arteixo,Suevos (San Martiño),2,PNOA-2024-GAL-542-4800-H29-NPC01.LAZ
514,4765,0.0,13.799644924146037,13.799644924146037,Santa Comba,Santa Comba (San Pedro),1,PNOA-2024-GAL-514-4765-H29-NPC01.LAZ
551,4795,2.029103369087073,11.769004506940952,13.798107876028025,Culleredo,Almeiras (San Xián),2,PNOA-2024-GAL-551-4795-H29-NPC01.LAZ
541,4766,0.34369019181069965,13.446057980090371,13.78974817190107,Trazo,Campo (San Xoán),1,PNOA-2024-GAL-541-4766-H29-NPC01.LAZ
545,4737,0.0,13.775433089987965,13.775433089987965,Vedra,San Pedro de Vilanova (San Pedro),3,PNOA-2024-GAL-545-4737-H29-NPC01.LAZ
575,4753,5.427399936492272,8.34256602576847,13.769965962260741,Arzúa,Boente (Santiago),3,PNOA-2024-GAL-575-4753-H29-NPC01.LAZ
530,4777,0.0,13.76371076336879,13.76371076336879,Carballo,Rus (Santa María),1,PNOA-2024-GAL-530-4777-H29-NPC01.LAZ
565,4754,1.3421812824370714,12.419204145763814,13.761385428200885,Arzúa,Burres (San Vicenzo),1,PNOA-2024-GAL-565-4754-H29-NPC01.LAZ
513,4775,4.203863243534102,9.554968304145937,13.758831547680039,Coristanco,Cuns (San Vicenzo),1,PNOA-2024-GAL-513-4775-H29-NPC01.LAZ
549,4767,1.4009739265268677,12.35537595741129,13.756349883938158,Ordes,Pereira (Santaia),1,PNOA-2024-GAL-549-4767-H29-NPC01.LAZ
520,4774,2.480247915508593,11.265333484010519,13.74558139951911,Coristanco,Seavia (San Mamede),1,PNOA-2024-GAL-520-4774-H29-NPC01.LAZ
568,4778,6.479728756748815,7.262768504452859,13.742497261201674,Cesuras,Filgueira de Barranca (San Pedro),1,PNOA-2024-GAL-568-4778-H29-NPC01.LAZ
549,4799,2.1970915401558155,11.537878114303139,13.734969654458954,A Coruña,Elviña (San Vicenzo),2,PNOA-2024-GAL-549-4799-H29-NPC01.LAZ
584,4821,0.0,13.734069932879255,13.734069932879255,As Somozas,As Somozas (Santiago Seré),1,PNOA-2024-GAL-584-4821-H29-NPC01.LAZ
579,4824,0.0,13.728157563370589,13.728157563370589,Moeche,San Xoán de Moeche (San Xoán),1,PNOA-2024-GAL-579-4824-H29-NPC01.LAZ
570,4765,2.0767796638807954,11.642974653169334,13.71975431705013,Boimorto,Andavao (San Martiño),1,PNOA-2024-GAL-570-4765-H29-NPC01.LAZ
583,4754,0.9637145733253083,12.755236271673505,13.718950844998814,Toques,San Martiño de Oleiros (San Martiño),2,PNOA-2024-GAL-583-4754-H29-NPC01.LAZ
564,4763,4.862286794623237,8.851671623321764,13.713958417945001,Frades,Añá (Santa María),1,PNOA-2024-GAL-564-4763-H29-NPC01.LAZ
515,4765,0.0,13.710449088280033,13.710449088280033,Santa Comba,Santa Comba (San Pedro),1,PNOA-2024-GAL-515-4765-H29-NPC01.LAZ
548,4737,0.0,13.708374236043445,13.708374236043445,Vedra,A Ponte Ulla (Santa María Madanela),2,PNOA-2024-GAL-548-4737-H29-NPC01.LAZ
521,4784,1.4365894674482738,12.270760170343046,13.707349637791319,Coristanco,Oca (San Martiño),2,PNOA-2024-GAL-521-4784-H29-NPC01.LAZ
572,4781,1.9830729683081132,11.722731642719411,13.705804611027524,Oza dos Ríos,Rodeiro (Santa María),1,PNOA-2024-GAL-572-4781-H29-NPC01.LAZ
550,4790,8.134167978374931,5.564707984225569,13.6988759626005,Culleredo,Sueiro (Santo Estevo),2,PNOA-2024-GAL-550-4790-H29-NPC01.LAZ
522,4787,0.0,13.686959872640752,13.686959872640752,Carballo,Goiáns (Santo Estevo),1,PNOA-2024-GAL-522-4787-H29-NPC01.LAZ
572,4763,2.3927546296194,11.287433589449716,13.680188219069116,Boimorto,Os Ánxeles (Santa María),2,PNOA-2024-GAL-572-4763-H29-NPC01.LAZ
576,4790,0.0,13.668799300952022,13.668799300952022,Irixoa,Verís (Santa María),2,PNOA-2024-GAL-576-4790-H29-NPC01.LAZ
529,4789,0.0,13.654972068225643,13.654972068225643,A Laracha,Cabovilaño (San Román),2,PNOA-2024-GAL-529-4789-H29-NPC01.LAZ
544,4794,4.634496018556729,8.997453941195133,13.63194995975186,Arteixo,Morás (Santo Estevo),1,PNOA-2024-GAL-544-4794-H29-NPC01.LAZ
554,4784,0.0,13.629410980463144,13.629410980463144,Abegondo,Montouto (Santa Cristina),2,PNOA-2024-GAL-554-4784-H29-NPC01.LAZ
520,4749,0.0,13.614617922044392,13.614617922044392,Brión,Ons (Santa María),1,PNOA-2024-GAL-520-4749-H29-NPC01.LAZ
568,4785,5.262653843916064,8.347587812280448,13.610241656196512,Oza dos Ríos,Reboredo (Santiago),2,PNOA-2024-GAL-568-4785-H29-NPC01.LAZ
503,4718,0.0,13.607191542590016,13.607191542590016,A Pobra do Caramiñal,Lesón (Santa Cruz),2,PNOA-2024-GAL-503-4718-H29-NPC01.LAZ
533,4762,2.7661888147660365,10.84005250096209,13.606241315728127,Trazo,Xavestre (San Cristovo),1,PNOA-2024-GAL-533-4762-H29-NPC01.LAZ
573,4773,0.0,13.605853521047036,13.605853521047036,Curtis,Fisteus (Santa María),1,PNOA-2024-GAL-573-4773-H29-NPC01.LAZ
502,4782,3.620257025668748,9.984209751592426,13.604466777261173,Cabana de Bergantiños,Borneiro (San Xoán),1,PNOA-2024-GAL-502-4782-H29-NPC01.LAZ
578,4826,0.0,13.602960228283193,13.602960228283193,San Sadurniño,Bardaos (Santa María),1,PNOA-2024-GAL-578-4826-H29-NPC01.LAZ
556,4769,0.957620830816581,12.642727431466096,13.600348262282676,Frades,Mesos (San Salvador),1,PNOA-2024-GAL-556-4769-H29-NPC01.LAZ
582,4751,7.278107525764938,6.318695848285331,13.596803374050268,Melide,Furelos (San Xoán),2,PNOA-2024-GAL-582-4751-H29-NPC01.LAZ
513,4763,0.0,13.593890261275035,13.593890261275035,Santa Comba,Alón (Santa María),1,PNOA-2024-GAL-513-4763-H29-NPC01.LAZ
502,4773,4.767388539060338,8.821604691514674,13.588993230575012,Vimianzo,Treos (San Miguel),2,PNOA-2024-GAL-502-4773-H29-NPC01.LAZ
568,4777,3.8513939214776656,9.734801154261287,13.586195075738953,Cesuras,Filgueira de Barranca (San Pedro),3,PNOA-2024-GAL-568-4777-H29-NPC01.LAZ
531,4743,3.0030392395778946,10.581994090697584,13.585033330275479,Ames,Bugallido (San Pedro),3,PNOA-2024-GAL-531-4743-H29-NPC01.LAZ
531,4792,0.0,13.583416129077312,13.583416129077312,A Laracha,Lendo (San Xián),1,PNOA-2024-GAL-531-4792-H29-NPC01.LAZ
577,4777,0.0,13.578898570688473,13.578898570688473,Curtis,Curtis (Santaia),1,PNOA-2024-GAL-577-4777-H29-NPC01.LAZ
556,4765,1.6637907582185352,11.901922304194713,13.565713062413248,Frades,Moar (Santaia),1,PNOA-2024-GAL-556-4765-H29-NPC01.LAZ
545,4781,5.605483210974034,7.959089737154974,13.564572948129008,Cerceda,Cerceda (San Martiño),2,PNOA-2024-GAL-545-4781-H29-NPC01.LAZ
581,4826,0.0,13.56422597045453,13.56422597045453,Moeche,Abade (Santiago),1,PNOA-2024-GAL-581-4826-H29-NPC01.LAZ
507,4722,3.0812759072172735,10.4785020723321,13.559777979549374,Boiro,Lampón (Santiago),1,PNOA-2024-GAL-507-4722-H29-NPC01.LAZ
544,4801,1.5847038899604156,11.970078991060586,13.554782881021001,A Coruña,Visma (San Pedro),1,PNOA-2024-GAL-544-4801-H29-NPC01.LAZ
584,4749,6.8626815459167885,6.684192994731763,13.546874540648552,Melide,O Leboreiro (Santa María),1,PNOA-2024-GAL-584-4749-H29-NPC01.LAZ
511,4748,0.0,13.5423328208393,13.5423328208393,Negreira,Xallas (San Pedro),1,PNOA-2024-GAL-511-4748-H29-NPC01.LAZ
561,4749,0.0,13.538002624270364,13.538002624270364,Touro,Beseño (San Cristovo),1,PNOA-2024-GAL-561-4749-H29-NPC01.LAZ
540,4748,3.126738952195907,10.40433075968317,13.531069711879077,Santiago de Compostela,Aríns (San Martiño),2,PNOA-2024-GAL-540-4748-H29-NPC01.LAZ
542,4739,0.0,13.525602973763975,13.525602973763975,Boqueixón,Lestedo (Santa María),3,PNOA-2024-GAL-542-4739-H29-NPC01.LAZ
570,4777,0.0,13.52231763307548,13.52231763307548,Curtis,Fisteus (Santa María),1,PNOA-2024-GAL-570-4777-H29-NPC01.LAZ
539,4765,2.1293567643818148,11.38690735027873,13.516264114660544,Trazo,Campo (San Xoán),1,PNOA-2024-GAL-539-4765-H29-NPC01.LAZ
603,4840,0.0,13.514459699800323,13.514459699800323,Mañón,As Ribeiras do Sor (San Cristovo),1,PNOA-2024-GAL-603-4840-H29-NPC01.LAZ
548,4799,6.817514003436262,6.6967186480184075,13.51423265145467,A Coruña,Elviña (San Vicenzo),2,PNOA-2024-GAL-548-4799-H29-NPC01.LAZ
508,4744,0.0,13.509017445814298,13.509017445814298,Outes,Entíns (Santa María),2,PNOA-2024-GAL-508-4744-H29-NPC01.LAZ
579,4830,0.0,13.49704173987162,13.49704173987162,Cerdido,Cerdido (San Martiño),1,PNOA-2024-GAL-579-4830-H29-NPC01.LAZ
487,4762,0.0,13.496751075777405,13.496751075777405,Dumbría,Salgueiros (San Mamede),1,PNOA-2024-GAL-487-4762-H29-NPC01.LAZ
584,4827,0.0,13.495190704215862,13.495190704215862,Moeche,Labacengos (Santa María),2,PNOA-2024-GAL-584-4827-H29-NPC01.LAZ
547,4773,1.7303412875940887,11.762619979111587,13.492961266705676,Ordes,Mercurín (San Clemente),2,PNOA-2024-GAL-547-4773-H29-NPC01.LAZ
516,4753,0.0,13.490250539081792,13.490250539081792,Negreira,Broño (San Martiño),1,PNOA-2024-GAL-516-4753-H29-NPC01.LAZ
548,4775,0.0,13.4880607038985,13.4880607038985,Ordes,Leira (Santa María),1,PNOA-2024-GAL-548-4775-H29-NPC01.LAZ
557,4796,1.3969147056085174,12.081273478448878,13.478188184057396,Cambre,Cecebre (San Salvador),2,PNOA-2024-GAL-557-4796-H29-NPC01.LAZ
536,4795,5.81115629157945,7.652413286609445,13.463569578188896,Arteixo,Barrañán (San Xián),2,PNOA-2024-GAL-536-4795-H29-NPC01.LAZ
557,4747,0.0,13.457392157516653,13.457392157516653,Touro,Touro (San Xoán),1,PNOA-2024-GAL-557-4747-H29-NPC01.LAZ
534,4773,0.0,13.45367888909081,13.45367888909081,Tordoia,A Vila de Abade (San Cibrán),2,PNOA-2024-GAL-534-4773-H29-NPC01.LAZ
563,4779,4.09883171283389,9.34971942651349,13.44855113934738,Cesuras,Dordaño (Santa María),3,PNOA-2024-GAL-563-4779-H29-NPC01.LAZ
545,4753,6.216641965507878,7.221518480312102,13.43816044581998,Santiago de Compostela,O Carballal (San Xulián),1,PNOA-2024-GAL-545-4753-H29-NPC01.LAZ
520,4747,0.0,13.437696913609122,13.437696913609122,Brión,Viceso (Santa María),1,PNOA-2024-GAL-520-4747-H29-NPC01.LAZ
534,4782,0.0,13.430102738968595,13.430102738968595,A Laracha,Montemaior (Santa María Madanela),1,PNOA-2024-GAL-534-4782-H29-NPC01.LAZ
521,4728,3.0793529534075534,10.350567935571764,13.429920888979318,Dodro,San Xoán de Laíño (San Xoán),1,PNOA-2024-GAL-521-4728-H29-NPC01.LAZ
571,4758,3.3130587832673832,10.114138209242148,13.427196992509531,Melide,Baltar (Santiago),1,PNOA-2024-GAL-571-4758-H29-NPC01.LAZ
510,4760,0.0,13.425963099534103,13.425963099534103,Santa Comba,A Pereira (Santo André),1,PNOA-2024-GAL-510-4760-H29-NPC01.LAZ
531,4781,0.0,13.415337965121239,13.415337965121239,Carballo,Sofán (San Salvador),1,PNOA-2024-GAL-531-4781-H29-NPC01.LAZ
571,4803,0.0,13.413103459730348,13.413103459730348,Vilarmaior,Grandal (San Pedro),1,PNOA-2024-GAL-571-4803-H29-NPC01.LAZ
496,4766,5.784983539466949,7.626757553492857,13.411741092959806,Vimianzo,Baíñas (Santo Antoíño),1,PNOA-2024-GAL-496-4766-H29-NPC01.LAZ
564,4796,3.1802368583743643,10.231211979015239,13.411448837389603,Paderne,Souto (Santa María),1,PNOA-2024-GAL-564-4796-H29-NPC01.LAZ
514,4738,0.0,13.406315534708883,13.406315534708883,Lousame,Lesende (San Martiño),1,PNOA-2024-GAL-514-4738-H29-NPC01.LAZ
509,4762,0.0,13.404053400075474,13.404053400075474,Santa Comba,Mallón (San Cristovo),1,PNOA-2024-GAL-509-4762-H29-NPC01.LAZ
550,4770,2.6563816537291833,10.744473584703526,13.400855238432708,Ordes,Poulo (San Xulián),1,PNOA-2024-GAL-550-4770-H29-NPC01.LAZ
576,4837,5.79975114821061,7.594932776058693,13.394683924269302,Cedeira,Cedeira (Santa María do Mar),2,PNOA-2024-GAL-576-4837-H29-NPC01.LAZ
518,4771,0.0,13.385918198788326,13.385918198788326,Santa Comba,Xallas de Castriz (San Pedro),1,PNOA-2024-GAL-518-4771-H29-NPC01.LAZ
563,4804,0.16790391161282078,13.215103180109717,13.383007091722538,Pontedeume,Boebre (Santiago),2,PNOA-2024-GAL-563-4804-H29-NPC01.LAZ
578,4834,3.660828765256868,9.719493739972927,13.380322505229795,Cedeira,San Román de Montoxo (San Román),3,PNOA-2024-GAL-578-4834-H29-NPC01.LAZ
586,4821,0.0,13.380088344576631,13.380088344576631,As Somozas,As Somozas (Santiago Seré),1,PNOA-2024-GAL-586-4821-H29-NPC01.LAZ
539,4738,0.0,13.377859659986873,13.377859659986873,Teo,Baamonde (Santa María),3,PNOA-2024-GAL-539-4738-H29-NPC01.LAZ
570,4798,0.0,13.364691345605799,13.364691345605799,Vilarmaior,Goimil (San Cristovo),2,PNOA-2024-GAL-570-4798-H29-NPC01.LAZ
525,4731,0.0,13.36457240075664,13.36457240075664,Dodro,Dodro (Santa María),1,PNOA-2024-GAL-525-4731-H29-NPC01.LAZ
536,4746,5.361926176767783,7.993493483597302,13.355419660365085,Santiago de Compostela,Conxo (Santa María),2,PNOA-2024-GAL-536-4746-H29-NPC01.LAZ
553,4739,0.0,13.35405483577363,13.35405483577363,Boqueixón,Ledesma (San Salvador),2,PNOA-2024-GAL-553-4739-H29-NPC01.LAZ
570,4758,0.09894103364065415,13.252376935153276,13.35131796879393,Arzúa,A Mella (San Pedro),3,PNOA-2024-GAL-570-4758-H29-NPC01.LAZ
536,4780,0.0,13.34990418561863,13.34990418561863,Cerceda,Rodís (San Martiño),1,PNOA-2024-GAL-536-4780-H29-NPC01.LAZ
561,4744,0.0,13.347905700234483,13.347905700234483,Touro,Calvos de Socamiño (San Martiño),1,PNOA-2024-GAL-561-4744-H29-NPC01.LAZ
544,4786,0.35639457933337415,12.988861610459201,13.345256189792575,Cerceda,Meirama (Santo André),2,PNOA-2024-GAL-544-4786-H29-NPC01.LAZ
566,4813,0.0,13.339037844391962,13.339037844391962,Fene,Barallobre (Santiago),2,PNOA-2024-GAL-566-4813-H29-NPC01.LAZ
502,4774,3.263609345950581,10.067764302008895,13.331373647959476,Vimianzo,Tines (Santa Baia),1,PNOA-2024-GAL-502-4774-H29-NPC01.LAZ
580,4766,0.0,13.331283240747474,13.331283240747474,Sobrado,A Porta (San Pedro),1,PNOA-2024-GAL-580-4766-H29-NPC01.LAZ
578,4765,0.0,13.325437018056066,13.325437018056066,Sobrado,A Porta (San Pedro),1,PNOA-2024-GAL-578-4765-H29-NPC01.LAZ
497,4710,3.9184109378451497,9.40464886171113,13.32305979955628,Ribeira,Carreira (San Paio),2,PNOA-2024-GAL-497-4710-H29-NPC01.LAZ
560,4782,4.607102720630927,8.709874431564403,13.31697715219533,Cesuras,Cutián (Santa María),4,PNOA-2024-GAL-560-4782-H29-NPC01.LAZ
500,4764,10.31946726807428,2.988003991146633,13.307471259220915,Vimianzo,Baíñas (Santo Antoíño),1,PNOA-2024-GAL-500-4764-H29-NPC01.LAZ
578,4811,1.8396995963664757,11.467008715380599,13.306708311747075,A Capela,Capela (Santiago),1,PNOA-2024-GAL-578-4811-H29-NPC01.LAZ
521,4789,0.0,13.301378136248248,13.301378136248248,Carballo,Cances (San Martiño),1,PNOA-2024-GAL-521-4789-H29-NPC01.LAZ
540,4739,0.0,13.29393063548036,13.29393063548036,Vedra,Illobre (Santo André),2,PNOA-2024-GAL-540-4739-H29-NPC01.LAZ
511,4766,0.0,13.279985863193554,13.279985863193554,Santa Comba,Cícere (San Pedro),2,PNOA-2024-GAL-511-4766-H29-NPC01.LAZ
582,4766,0.0,13.27799593382072,13.27799593382072,Sobrado,Codesoso (San Miguel),2,PNOA-2024-GAL-582-4766-H29-NPC01.LAZ
532,4771,0.0,13.277290061831525,13.277290061831525,Tordoia,A Vila de Abade (San Cibrán),1,PNOA-2024-GAL-532-4771-H29-NPC01.LAZ
504,4791,0.0,13.272326725074294,13.272326725074294,Ponteceso,Corme Aldea (Santo Adrán),2,PNOA-2024-GAL-504-4791-H29-NPC01.LAZ
545,4762,0.0,13.271649305472637,13.271649305472637,Oroso,Oroso (San Martiño),2,PNOA-2024-GAL-545-4762-H29-NPC01.LAZ
561,4746,0.0,13.268018776214962,13.268018776214962,Touro,Calvos de Socamiño (San Martiño),2,PNOA-2024-GAL-561-4746-H29-NPC01.LAZ
589,4837,8.913026012597271,4.353346507064387,13.266372519661658,Ortigueira,Veiga (Santo Adrao),1,PNOA-2024-GAL-589-4837-H29-NPC01.LAZ
577,4776,0.0,13.24582969510211,13.24582969510211,Curtis,Curtis (Santaia),1,PNOA-2024-GAL-577-4776-H29-NPC01.LAZ
574,4784,0.0,13.239543230809877,13.239543230809877,Aranga,San Vicente de Fervenzas (San Vicente),1,PNOA-2024-GAL-574-4784-H29-NPC01.LAZ
572,4798,0.0,13.235218128679737,13.235218128679737,Irixoa,Ambroa (San Tirso),2,PNOA-2024-GAL-572-4798-H29-NPC01.LAZ
524,4753,0.12636165383624723,13.094069106069526,13.220430759905772,A Baña,Fiopáns (San Pedro),2,PNOA-2024-GAL-524-4753-H29-NPC01.LAZ
574,4799,3.320922556674409,9.88700175691296,13.20792431358737,Monfero,San Fiz de Monfero (San Fiz),1,PNOA-2024-GAL-574-4799-H29-NPC01.LAZ
549,4740,0.0,13.206119370835362,13.206119370835362,Boqueixón,Codeso (Santaia),2,PNOA-2024-GAL-549-4740-H29-NPC01.LAZ
560,4745,0.0,13.197070876421403,13.197070876421403,Touro,Cornado (Santiso),2,PNOA-2024-GAL-560-4745-H29-NPC01.LAZ
542,4758,1.3107004919214422,11.874946634720374,13.185647126641816,Santiago de Compostela,Nemenzo (Santa Cristina),2,PNOA-2024-GAL-542-4758-H29-NPC01.LAZ
518,4765,0.0,13.182556743740175,13.182556743740175,Santa Comba,Montouto (Santa María),2,PNOA-2024-GAL-518-4765-H29-NPC01.LAZ
578,4809,0.0,13.173620056188001,13.173620056188001,A Capela,Capela (Santiago),1,PNOA-2024-GAL-578-4809-H29-NPC01.LAZ
552,4774,0.5180622617943831,12.654649061380384,13.172711323174767,Ordes,Buscás (San Paio),1,PNOA-2024-GAL-552-4774-H29-NPC01.LAZ
574,4796,0.0,13.172436208408493,13.172436208408493,Irixoa,Viña (Santaia),1,PNOA-2024-GAL-574-4796-H29-NPC01.LAZ
579,4817,0.0,13.170358296060822,13.170358296060822,San Sadurniño,Igrexafeita (Santa María),1,PNOA-2024-GAL-579-4817-H29-NPC01.LAZ
527,4783,0.0,13.166659568924297,13.166659568924297,Carballo,Artes (San Xurxo),2,PNOA-2024-GAL-527-4783-H29-NPC01.LAZ
579,4747,0.0,13.160529217439809,13.160529217439809,Santiso,Serantes (Santaia),2,PNOA-2024-GAL-579-4747-H29-NPC01.LAZ
563,4803,1.364143716838593,11.791228588521392,13.155372305359984,Miño,Perbes (San Pedro),1,PNOA-2024-GAL-563-4803-H29-NPC01.LAZ
582,4756,0.27116340102297354,12.88333582944347,13.154499230466442,Toques,Ordes (Santa María),2,PNOA-2024-GAL-582-4756-H29-NPC01.LAZ
520,4746,0.0,13.15340761722635,13.15340761722635,Brión,Viceso (Santa María),2,PNOA-2024-GAL-520-4746-H29-NPC01.LAZ
547,4792,8.570492681922696,4.580694439545338,13.151187121468034,Culleredo,Orro (San Salvador),3,PNOA-2024-GAL-547-4792-H29-NPC01.LAZ
577,4752,7.752592560455375,5.394860827139582,13.147453387594958,Melide,O Barreiro (San Mamede),3,PNOA-2024-GAL-577-4752-H29-NPC01.LAZ
563,4775,0.0,13.145729237664966,13.145729237664966,Mesía,Bascoi (Santiago),1,PNOA-2024-GAL-563-4775-H29-NPC01.LAZ
563,4785,8.370780955177448,4.761498716356334,13.132279671533782,Oza dos Ríos,Cis (San Nicolao),1,PNOA-2024-GAL-563-4785-H29-NPC01.LAZ
541,4783,3.7192103555399925,9.412715470752916,13.131925826292909,Cerceda,Cerceda (San Martiño),1,PNOA-2024-GAL-541-4783-H29-NPC01.LAZ
563,4767,3.3268419390291153,9.783178323073482,13.110020262102598,Frades,Céltigos (San Xulián),4,PNOA-2024-GAL-563-4767-H29-NPC01.LAZ
545,4766,3.5237752798283912,9.585580663253932,13.109355943082324,Ordes,Santa Cruz de Montaos (Santa Cruz),1,PNOA-2024-GAL-545-4766-H29-NPC01.LAZ
526,4742,0.0,13.10541156560733,13.10541156560733,Brión,Bastavales (San Xulián),1,PNOA-2024-GAL-526-4742-H29-NPC01.LAZ
564,4799,6.43666992022573,6.6683204665586295,13.104990386784358,Paderne,San Pantaleón das Viñas (San Pantaleón),2,PNOA-2024-GAL-564-4799-H29-NPC01.LAZ
563,4753,6.919051347938917,6.177031231228029,13.096082579166946,Arzúa,Burres (San Vicenzo),1,PNOA-2024-GAL-563-4753-H29-NPC01.LAZ
527,4738,7.256759574285723,5.831495003409833,13.088254577695555,Rois,Sorribas (San Tomé),3,PNOA-2024-GAL-527-4738-H29-NPC01.LAZ
492,4757,0.0,13.086760068875662,13.086760068875662,Dumbría,Buxantes (San Pedro),1,PNOA-2024-GAL-492-4757-H29-NPC01.LAZ
578,4810,0.0,13.084418484405148,13.084418484405148,A Capela,Capela (Santiago),1,PNOA-2024-GAL-578-4810-H29-NPC01.LAZ
550,4773,1.7346920533989025,11.347831446180367,13.082523499579269,Ordes,Buscás (San Paio),3,PNOA-2024-GAL-550-4773-H29-NPC01.LAZ
581,4750,8.16416011621184,4.915190866978606,13.079350983190444,Melide,Furelos (San Xoán),3,PNOA-2024-GAL-581-4750-H29-NPC01.LAZ
568,4815,1.2506065243167688,11.827544536847226,13.078151061163995,Fene,Sillobre (Santa Mariña),3,PNOA-2024-GAL-568-4815-H29-NPC01.LAZ
583,4766,0.0,13.077883344821045,13.077883344821045,Sobrado,Codesoso (San Miguel),2,PNOA-2024-GAL-583-4766-H29-NPC01.LAZ
544,4754,7.485217448093458,5.592589855478103,13.07780730357156,Santiago de Compostela,A Enfesta (San Cristovo),2,PNOA-2024-GAL-544-4754-H29-NPC01.LAZ
573,4754,4.703689516686669,8.372315646290641,13.07600516297731,Arzúa,A Castañeda (Santa María),2,PNOA-2024-GAL-573-4754-H29-NPC01.LAZ
551,4763,2.758761850691609,10.312528293901213,13.071290144592822,Ordes,Beán (Santa María),1,PNOA-2024-GAL-551-4763-H29-NPC01.LAZ
508,4737,0.0,13.071123555505494,13.071123555505494,Noia,O Obre (Santa Mariña),4,PNOA-2024-GAL-508-4737-H29-NPC01.LAZ
540,4761,0.4728160941357904,12.58063258718353,13.05344868131932,Trazo,Vilouchada (San Vicenzo),2,PNOA-2024-GAL-540-4761-H29-NPC01.LAZ
574,4825,0.0,13.05275327728745,13.05275327728745,San Sadurniño,Santa Mariña do Monte (Santa Mariña),1,PNOA-2024-GAL-574-4825-H29-NPC01.LAZ
527,4782,0.0,13.0517366381914,13.0517366381914,Carballo,Artes (San Xurxo),2,PNOA-2024-GAL-527-4782-H29-NPC01.LAZ
537,4751,4.861386182548642,8.176575077169547,13.03796125971819,Santiago de Compostela,Vista Alegre (San Xoán),2,PNOA-2024-GAL-537-4751-H29-NPC01.LAZ
536,4761,1.0413740731479268,11.990025970746377,13.031400043894303,Trazo,Vilouchada (San Vicenzo),3,PNOA-2024-GAL-536-4761-H29-NPC01.LAZ
577,4758,6.489764665370849,6.535620817595639,13.025385482966488,Melide,Xubial (Santiago),1,PNOA-2024-GAL-577-4758-H29-NPC01.LAZ
572,4766,0.7345065126283271,12.289867519464577,13.024374032092904,Boimorto,Andavao (San Martiño),2,PNOA-2024-GAL-572-4766-H29-NPC01.LAZ
521,4754,1.1025572150904377,11.907889854747651,13.010447069838088,A Baña,Sanamede do Monte (San Mamede),2,PNOA-2024-GAL-521-4754-H29-NPC01.LAZ
551,4787,0.0,13.00629242741137,13.00629242741137,Carral,Paleo (Santo Estevo),1,PNOA-2024-GAL-551-4787-H29-NPC01.LAZ
552,4745,0.0,13.006285809199028,13.006285809199028,Touro,Fontes Rosas (San Xoán),2,PNOA-2024-GAL-552-4745-H29-NPC01.LAZ
557,4767,7.502855338892962,5.498988936353323,13.001844275246285,Frades,Frades (San Martiño),1,PNOA-2024-GAL-557-4767-H29-NPC01.LAZ
524,4746,0.0,13.001027343476615,13.001027343476615,Brión,Brión (San Fins),1,PNOA-2024-GAL-524-4746-H29-NPC01.LAZ
567,4801,3.5952524686755267,9.402992074504148,12.998244543179675,Miño,Leiro (San Salvador),3,PNOA-2024-GAL-567-4801-H29-NPC01.LAZ
545,4791,2.1647670548751243,10.827507457155972,12.992274512031097,Culleredo,Veiga (San Silvestre),1,PNOA-2024-GAL-545-4791-H29-NPC01.LAZ
535,4752,1.0211464249006628,11.954795482510074,12.975941907410736,Santiago de Compostela,A Peregrina (Santa María),1,PNOA-2024-GAL-535-4752-H29-NPC01.LAZ
520,4788,0.0,12.97525430029695,12.97525430029695,Carballo,Cances (San Martiño),1,PNOA-2024-GAL-520-4788-H29-NPC01.LAZ
570,4802,0.0,12.9679152229183,12.9679152229183,Vilarmaior,Doroña (Santa María),1,PNOA-2024-GAL-570-4802-H29-NPC01.LAZ
510,4736,1.8707959643154581,11.089246762567688,12.960042726883147,Lousame,Lousame (San Xoán),3,PNOA-2024-GAL-510-4736-H29-NPC01.LAZ
507,4734,1.665289293924325,11.293080071867148,12.958369365791473,Noia,Argalo (Santa María),2,PNOA-2024-GAL-507-4734-H29-NPC01.LAZ
519,4751,0.0,12.951366476128117,12.951366476128117,Negreira,Zas (San Mamede),2,PNOA-2024-GAL-519-4751-H29-NPC01.LAZ
508,4793,0.0,12.9458247626606,12.9458247626606,Ponteceso,Niñóns (San Xoán),2,PNOA-2024-GAL-508-4793-H29-NPC01.LAZ
521,4725,7.709140020862352,5.235162276624028,12.94430229748638,Rianxo,Isorna (Santa María),1,PNOA-2024-GAL-521-4725-H29-NPC01.LAZ
477,4755,0.0,12.943910264900595,12.943910264900595,Fisterra,Duio (San Vicezo),1,PNOA-2024-GAL-477-4755-H29-NPC01.LAZ
531,4780,0.0,12.943836099217316,12.943836099217316,Carballo,Sofán (San Salvador),1,PNOA-2024-GAL-531-4780-H29-NPC01.LAZ
541,4759,0.39279798659665516,12.548037350104583,12.940835336701237,Santiago de Compostela,Busto (San Pedro),1,PNOA-2024-GAL-541-4759-H29-NPC01.LAZ
582,4821,0.0,12.928749112540592,12.928749112540592,As Somozas,As Somozas (Santiago Seré),1,PNOA-2024-GAL-582-4821-H29-NPC01.LAZ
539,4794,3.393964143640575,9.529650577425805,12.92361472106638,Arteixo,Loureda (Santa María),3,PNOA-2024-GAL-539-4794-H29-NPC01.LAZ
512,4787,4.91513201389019,7.987609935132679,12.902741949022868,Cabana de Bergantiños,Corcoesto (San Pedro),1,PNOA-2024-GAL-512-4787-H29-NPC01.LAZ
548,4765,0.8469030837792261,12.053908628138894,12.90081171191812,Ordes,Santa Cruz de Montaos (Santa Cruz),1,PNOA-2024-GAL-548-4765-H29-NPC01.LAZ
526,4781,0.0,12.90008991993977,12.90008991993977,Carballo,Ardaña (Santa María),2,PNOA-2024-GAL-526-4781-H29-NPC01.LAZ
543,4776,6.227037048507579,6.671850618700979,12.898887667208559,Cerceda,Xesteda (Santa Comba),3,PNOA-2024-GAL-543-4776-H29-NPC01.LAZ
507,4740,0.0,12.896990959217277,12.896990959217277,Outes,San Cosme de Outeiro (San Cosme),1,PNOA-2024-GAL-507-4740-H29-NPC01.LAZ
491,4777,0.3244921713411144,12.569597089103969,12.894089260445083,Vimianzo,Carantoña (San Martiño),2,PNOA-2024-GAL-491-4777-H29-NPC01.LAZ
528,4787,0.0,12.892039527790546,12.892039527790546,Carballo,Bértoa (Santa María),1,PNOA-2024-GAL-528-4787-H29-NPC01.LAZ
566,4754,6.733625875608682,6.1540870156296785,12.887712891238362,Arzúa,Burres (San Vicenzo),1,PNOA-2024-GAL-566-4754-H29-NPC01.LAZ
540,4780,0.0,12.886330796352345,12.886330796352345,Cerceda,Queixas (Santa María),1,PNOA-2024-GAL-540-4780-H29-NPC01.LAZ
554,4747,0.0,12.884648264575338,12.884648264575338,Touro,Loxo (Santa María),1,PNOA-2024-GAL-554-4747-H29-NPC01.LAZ
498,4781,0.0,12.879511132508796,12.879511132508796,Laxe,Nande (San Simón),2,PNOA-2024-GAL-498-4781-H29-NPC01.LAZ
546,4734,0.0,12.869669809575264,12.869669809575264,Vedra,San Mamede de Ribadulla (San Mamede),1,PNOA-2024-GAL-546-4734-H29-NPC01.LAZ
522,4735,1.9490282228339253,10.908466583747172,12.857494806581098,Rois,Buxán (San Xoán),1,PNOA-2024-GAL-522-4735-H29-NPC01.LAZ
561,4811,6.244607243014128,6.601998630002892,12.846605873017019,Mugardos,Meá (San Vicente),1,PNOA-2024-GAL-561-4811-H29-NPC01.LAZ
558,4775,0.0,12.839804389673631,12.839804389673631,Mesía,Mesía (San Cristovo),1,PNOA-2024-GAL-558-4775-H29-NPC01.LAZ
500,4737,0.0,12.839435944036712,12.839435944036712,Muros,Esteiro (Santa Mariña),2,PNOA-2024-GAL-500-4737-H29-NPC01.LAZ
571,4778,0.0,12.837979471514167,12.837979471514167,Curtis,Fisteus (Santa María),1,PNOA-2024-GAL-571-4778-H29-NPC01.LAZ
571,4831,0.0,12.837953216350018,12.837953216350018,Valdoviño,Pantín (Santiago),1,PNOA-2024-GAL-571-4831-H29-NPC01.LAZ
578,4813,0.9660700014057568,11.871473801283285,12.837543802689042,A Capela,Caaveiro (San Boulo),2,PNOA-2024-GAL-578-4813-H29-NPC01.LAZ
583,4822,0.0,12.834906365484294,12.834906365484294,As Somozas,As Somozas (Santiago Seré),1,PNOA-2024-GAL-583-4822-H29-NPC01.LAZ
556,4774,0.0,12.822578954395961,12.822578954395961,Mesía,Olás (San Lourenzo),1,PNOA-2024-GAL-556-4774-H29-NPC01.LAZ
579,4829,0.0,12.80821191098035,12.80821191098035,Cerdido,Cerdido (San Martiño),1,PNOA-2024-GAL-579-4829-H29-NPC01.LAZ
511,4739,4.018740019632198,8.788936883486384,12.807676903118583,Noia,Barro (Santa Cristina),2,PNOA-2024-GAL-511-4739-H29-NPC01.LAZ
528,4740,2.624967846856725,10.182464050869333,12.807431897726058,Rois,Ribasar (Santa María),2,PNOA-2024-GAL-528-4740-H29-NPC01.LAZ
549,4798,2.8434377184754007,9.95597774319843,12.799415461673831,A Coruña,Elviña (San Vicenzo),2,PNOA-2024-GAL-549-4798-H29-NPC01.LAZ
489,4758,0.0,12.798895462306252,12.798895462306252,Dumbría,Buxantes (San Pedro),1,PNOA-2024-GAL-489-4758-H29-NPC01.LAZ
511,4736,0.06691510764227773,12.725040029230144,12.79195513687242,Lousame,Lousame (San Xoán),1,PNOA-2024-GAL-511-4736-H29-NPC01.LAZ
531,4787,0.0,12.787430010697003,12.787430010697003,A Laracha,Vilaño (Santiago),1,PNOA-2024-GAL-531-4787-H29-NPC01.LAZ
548,4792,8.77917116601173,4.0068420904797835,12.786013256491515,Culleredo,Sésamo (San Martiño),3,PNOA-2024-GAL-548-4792-H29-NPC01.LAZ
517,4763,0.0,12.77863873337508,12.77863873337508,Santa Comba,Ser (San Pedro),2,PNOA-2024-GAL-517-4763-H29-NPC01.LAZ
496,4777,5.287724252306992,7.488322637379114,12.776046889686107,Vimianzo,Calo (San Xoán),1,PNOA-2024-GAL-496-4777-H29-NPC01.LAZ
554,4763,1.2907160727854021,11.469742819547546,12.760458892332949,Frades,Moar (Santaia),2,PNOA-2024-GAL-554-4763-H29-NPC01.LAZ
559,4777,1.0263886406811842,11.725216163274878,12.751604803956061,Cesuras,Filgueira de Traba (San Miguel),1,PNOA-2024-GAL-559-4777-H29-NPC01.LAZ
589,4822,0.0,12.749299305623454,12.749299305623454,As Somozas,Seixas (Santa María),1,PNOA-2024-GAL-589-4822-H29-NPC01.LAZ
565,4770,0.0,12.742764707726643,12.742764707726643,Mesía,Lanzá (San Mamede),2,PNOA-2024-GAL-565-4770-H29-NPC01.LAZ
502,4730,0.0,12.731362441829965,12.731362441829965,Porto do Son,Nebra (Santa María),1,PNOA-2024-GAL-502-4730-H29-NPC01.LAZ
499,4782,0.0,12.731300235240292,12.731300235240292,Laxe,Sarces (San Amedio),1,PNOA-2024-GAL-499-4782-H29-NPC01.LAZ
590,4825,1.7194730604169082,11.008266564898209,12.727739625315117,As Somozas,As Enchousas (San Pedro),3,PNOA-2024-GAL-590-4825-H29-NPC01.LAZ
564,4750,2.566911367783933,10.160140361758028,12.72705172954196,Arzúa,Pantiñobre (Santo Estevo),1,PNOA-2024-GAL-564-4750-H29-NPC01.LAZ
540,4736,0.0,12.72640896424171,12.72640896424171,Vedra,Trobe (Santo André),3,PNOA-2024-GAL-540-4736-H29-NPC01.LAZ
553,4784,0.0,12.704056095932568,12.704056095932568,Abegondo,Sarandós (Santa María),2,PNOA-2024-GAL-553-4784-H29-NPC01.LAZ
517,4777,0.698378401949393,12.002938295491933,12.701316697441326,Coristanco,Couso (San Miguel),1,PNOA-2024-GAL-517-4777-H29-NPC01.LAZ
535,4736,0.0,12.697594869709668,12.697594869709668,Teo,Reis (San Cristovo),2,PNOA-2024-GAL-535-4736-H29-NPC01.LAZ
536,4796,4.853817370370725,7.8405036937588655,12.69432106412959,Arteixo,Barrañán (San Xián),2,PNOA-2024-GAL-536-4796-H29-NPC01.LAZ
565,4746,8.088094752370306,4.603792557707067,12.691887310077373,Arzúa,Dombodán (San Cristovo),1,PNOA-2024-GAL-565-4746-H29-NPC01.LAZ
541,4769,0.0,12.682431193800843,12.682431193800843,Tordoia,Gorgullos (Santaia),1,PNOA-2024-GAL-541-4769-H29-NPC01.LAZ
575,4751,6.679590969665797,6.000032159092218,12.679623128758013,Melide,As Varelas (San Martiño),1,PNOA-2024-GAL-575-4751-H29-NPC01.LAZ
530,4731,8.102195483067925,4.576914132907119,12.679109615975044,Padrón,Herbón (Santa María),1,PNOA-2024-GAL-530-4731-H29-NPC01.LAZ
571,4783,3.838564031955046,8.84036203749875,12.678926069453796,Oza dos Ríos,Rodeiro (Santa María),1,PNOA-2024-GAL-571-4783-H29-NPC01.LAZ
587,4812,1.7332871418419433,10.944392715759914,12.677679857601857,As Pontes de García Rodríguez,Vilavella (Santa María),2,PNOA-2024-GAL-587-4812-H29-NPC01.LAZ
517,4769,0.0,12.67470562732958,12.67470562732958,Santa Comba,Xallas de Castriz (San Pedro),1,PNOA-2024-GAL-517-4769-H29-NPC01.LAZ
579,4746,0.0,12.674045780641494,12.674045780641494,Santiso,Barazón (Santa María),3,PNOA-2024-GAL-579-4746-H29-NPC01.LAZ
561,4755,0.0,12.657120916414627,12.657120916414627,Arzúa,Dodro (Santa María),1,PNOA-2024-GAL-561-4755-H29-NPC01.LAZ
519,4746,0.0,12.65563647707637,12.65563647707637,Brión,Luaña (San Xulián),1,PNOA-2024-GAL-519-4746-H29-NPC01.LAZ
573,4804,0.0,12.655240873611389,12.655240873611389,Monfero,Queixeiro (San Xurxo),2,PNOA-2024-GAL-573-4804-H29-NPC01.LAZ
532,4745,2.7677437696149885,9.886827859963896,12.654571629578884,Ames,Biduído (Santa María),2,PNOA-2024-GAL-532-4745-H29-NPC01.LAZ
543,4761,5.499651095376497,7.1539369393238905,12.653588034700388,Trazo,Berreo (San Mamede),2,PNOA-2024-GAL-543-4761-H29-NPC01.LAZ
569,4749,0.0,12.649672517564602,12.649672517564602,Arzúa,Maroxo (Santa María),1,PNOA-2024-GAL-569-4749-H29-NPC01.LAZ
508,4790,0.0,12.64943165134344,12.64943165134344,Ponteceso,A Graña (San Vicenzo),2,PNOA-2024-GAL-508-4790-H29-NPC01.LAZ
520,4784,2.3228943281927026,10.323890303230796,12.646784631423499,Coristanco,Xaviña (San Tomé),2,PNOA-2024-GAL-520-4784-H29-NPC01.LAZ
584,4762,0.0,12.646080458217988,12.646080458217988,Toques,Paradela (San Paio),2,PNOA-2024-GAL-584-4762-H29-NPC01.LAZ
587,4811,5.038978765034759,7.586779949076033,12.625758714110791,As Pontes de García Rodríguez,Vilavella (Santa María),2,PNOA-2024-GAL-587-4811-H29-NPC01.LAZ
576,4777,0.0,12.6224136796797,12.6224136796797,Curtis,Curtis (Santaia),1,PNOA-2024-GAL-576-4777-H29-NPC01.LAZ
540,4751,0.8380191168465755,11.780164491942053,12.618183608788629,Santiago de Compostela,A Enfesta (San Cristovo),2,PNOA-2024-GAL-540-4751-H29-NPC01.LAZ
538,4750,2.546113412431313,10.067107717693549,12.613221130124863,Santiago de Compostela,San Caetano (Santiago),4,PNOA-2024-GAL-538-4750-H29-NPC01.LAZ
552,4760,0.0,12.603923475617377,12.603923475617377,Oroso,Senra (Santa Eulalia),1,PNOA-2024-GAL-552-4760-H29-NPC01.LAZ
534,4783,0.0,12.598926215753853,12.598926215753853,A Laracha,Montemaior (Santa María Madanela),1,PNOA-2024-GAL-534-4783-H29-NPC01.LAZ
546,4759,0.0,12.595337534402265,12.595337534402265,Oroso,A Gándara (San Miguel),2,PNOA-2024-GAL-546-4759-H29-NPC01.LAZ
573,4833,0.0,12.593743543806335,12.593743543806335,Valdoviño,Pantín (Santiago),1,PNOA-2024-GAL-573-4833-H29-NPC01.LAZ
562,4780,4.097083495607158,8.48273024747354,12.579813743080699,Cesuras,Dordaño (Santa María),2,PNOA-2024-GAL-562-4780-H29-NPC01.LAZ
541,4774,4.13552462927127,8.43918373986613,12.574708369137399,Cerceda,Xesteda (Santa Comba),1,PNOA-2024-GAL-541-4774-H29-NPC01.LAZ
479,4758,0.0,12.567778594862837,12.567778594862837,Fisterra,Sardiñeiro (San Xoán),1,PNOA-2024-GAL-479-4758-H29-NPC01.LAZ
517,4737,0.0,12.566838226939941,12.566838226939941,Lousame,Vilacova (Santa Eulalia),1,PNOA-2024-GAL-517-4737-H29-NPC01.LAZ
568,4796,2.7786909934881923,9.782530859001264,12.561221852489457,Paderne,Velouzás (San Salvador),1,PNOA-2024-GAL-568-4796-H29-NPC01.LAZ
535,4782,0.0,12.539835781440726,12.539835781440726,A Laracha,Montemaior (Santa María Madanela),1,PNOA-2024-GAL-535-4782-H29-NPC01.LAZ
540,4745,5.119808477656168,7.415245666403028,12.535054144059195,Santiago de Compostela,Aríns (San Martiño),2,PNOA-2024-GAL-540-4745-H29-NPC01.LAZ
508,4742,0.0,12.526181463929856,12.526181463929856,Outes,Tarás (San Xián),1,PNOA-2024-GAL-508-4742-H29-NPC01.LAZ
521,4780,0.9699521465229524,11.55100220087394,12.520954347396893,Coristanco,Seavia (San Mamede),2,PNOA-2024-GAL-521-4780-H29-NPC01.LAZ
559,4782,0.018791145681957548,12.498298513165935,12.517089658847892,Cesuras,Paderne (Santiago),1,PNOA-2024-GAL-559-4782-H29-NPC01.LAZ
542,4744,1.6770856019345621,10.836678063389769,12.513763665324332,Santiago de Compostela,Marrozos (Santa María),1,PNOA-2024-GAL-542-4744-H29-NPC01.LAZ
528,4781,0.0,12.500061281298606,12.500061281298606,Carballo,Artes (San Xurxo),1,PNOA-2024-GAL-528-4781-H29-NPC01.LAZ
574,4822,0.0,12.499206618935897,12.499206618935897,San Sadurniño,San Sadurniño (Santa María),1,PNOA-2024-GAL-574-4822-H29-NPC01.LAZ
517,4750,0.0,12.493258612131374,12.493258612131374,Negreira,Campelo (San Fins),2,PNOA-2024-GAL-517-4750-H29-NPC01.LAZ
549,4763,1.7198099488811467,10.773341679621579,12.493151628502726,Ordes,Beán (Santa María),1,PNOA-2024-GAL-549-4763-H29-NPC01.LAZ
575,4789,0.0,12.489622691650744,12.489622691650744,Aranga,Feás (San Pedro),2,PNOA-2024-GAL-575-4789-H29-NPC01.LAZ
511,4793,0.0,12.486938314567187,12.486938314567187,Ponteceso,Cores (San Martiño),1,PNOA-2024-GAL-511-4793-H29-NPC01.LAZ
579,4751,7.520632503346216,4.947840716874704,12.46847322022092,Melide,Santa María de Melide (Santa María),2,PNOA-2024-GAL-579-4751-H29-NPC01.LAZ
589,4807,12.467269772631122,0.0,12.467269772631122,As Pontes de García Rodríguez,Ribadeume (Santa María),1,PNOA-2024-GAL-589-4807-H29-NPC01.LAZ
520,4766,0.0,12.46653362446181,12.46653362446181,Santa Comba,Freixeiro (San Fins),1,PNOA-2024-GAL-520-4766-H29-NPC01.LAZ
564,4753,6.861102466204964,5.604316585513188,12.465419051718152,Arzúa,Burres (San Vicenzo),1,PNOA-2024-GAL-564-4753-H29-NPC01.LAZ
541,4782,0.6882508618042134,11.774746354728029,12.462997216532242,Cerceda,Cerceda (San Martiño),1,PNOA-2024-GAL-541-4782-H29-NPC01.LAZ
531,4741,0.0,12.45857468788758,12.45857468788758,Teo,Calo (San Xoán),1,PNOA-2024-GAL-531-4741-H29-NPC01.LAZ
603,4843,0.0,12.45642320914667,12.45642320914667,Mañón,Mogor (Santa María),1,PNOA-2024-GAL-603-4843-H29-NPC01.LAZ
539,4789,0.0,12.454516911601035,12.454516911601035,A Laracha,Erboedo (Santa María),1,PNOA-2024-GAL-539-4789-H29-NPC01.LAZ
531,4785,0.0,12.45340984373843,12.45340984373843,A Laracha,Vilaño (Santiago),2,PNOA-2024-GAL-531-4785-H29-NPC01.LAZ
539,4753,2.7989472485602103,9.6444001102278,12.44334735878801,Santiago de Compostela,San Caetano (Santiago),1,PNOA-2024-GAL-539-4753-H29-NPC01.LAZ
574,4748,0.0,12.437105437126545,12.437105437126545,Santiso,Pezobre (San Cristovo),1,PNOA-2024-GAL-574-4748-H29-NPC01.LAZ
576,4824,0.0,12.430911002180162,12.430911002180162,San Sadurniño,Lamas (San Xiao),1,PNOA-2024-GAL-576-4824-H29-NPC01.LAZ
548,4761,0.0,12.428392807404137,12.428392807404137,Oroso,Vilarromaris (San Tomé),1,PNOA-2024-GAL-548-4761-H29-NPC01.LAZ
508,4726,1.6651334681416667,10.762957106391845,12.428090574533512,Boiro,Boiro (Santa Baia),2,PNOA-2024-GAL-508-4726-H29-NPC01.LAZ
554,4740,0.0,12.424827432002807,12.424827432002807,Touro,Bendaña (Santa María),3,PNOA-2024-GAL-554-4740-H29-NPC01.LAZ
557,4745,0.0,12.423600178976905,12.423600178976905,Touro,Fao (Santa Uxía),1,PNOA-2024-GAL-557-4745-H29-NPC01.LAZ
527,4773,0.0,12.422954469966596,12.422954469966596,Tordoia,Anxeriz (Santa Mariña),1,PNOA-2024-GAL-527-4773-H29-NPC01.LAZ
491,4764,0.0,12.41755700138323,12.41755700138323,Dumbría,Berdeogás (Santiago),1,PNOA-2024-GAL-491-4764-H29-NPC01.LAZ
571,4770,0.0,12.393542111395353,12.393542111395353,Vilasantar,Vilasantar (Santiago),2,PNOA-2024-GAL-571-4770-H29-NPC01.LAZ
580,4768,0.0,12.390178613241632,12.390178613241632,Sobrado,Cumbraos (San Xiao),2,PNOA-2024-GAL-580-4768-H29-NPC01.LAZ
526,4756,2.180503851090252,10.209460617165679,12.389964468255931,A Baña,Troitosende (Santa María),1,PNOA-2024-GAL-526-4756-H29-NPC01.LAZ
529,4786,0.0,12.38424632943549,12.38424632943549,Carballo,Berdillo (San Lourenzo),1,PNOA-2024-GAL-529-4786-H29-NPC01.LAZ
573,4792,0.0,12.37596159609433,12.37596159609433,Irixoa,Mántaras (Santa María),1,PNOA-2024-GAL-573-4792-H29-NPC01.LAZ
578,4758,7.125912691420983,5.228779025449584,12.354691716870567,Melide,Pedrouzos (Santa Mariña),2,PNOA-2024-GAL-578-4758-H29-NPC01.LAZ
567,4784,6.719498280335213,5.630340875225387,12.349839155560598,Oza dos Ríos,A Regueira (Santa María),3,PNOA-2024-GAL-567-4784-H29-NPC01.LAZ
544,4767,0.07865979202764661,12.257626761941022,12.33628655396867,Tordoia,Numide (Santiago),3,PNOA-2024-GAL-544-4767-H29-NPC01.LAZ
559,4781,2.4482760663845333,9.88235224499366,12.330628311378193,Cesuras,Paderne (Santiago),1,PNOA-2024-GAL-559-4781-H29-NPC01.LAZ
526,4731,2.058613095244866,10.268961010446741,12.327574105691607,Dodro,Dodro (Santa María),1,PNOA-2024-GAL-526-4731-H29-NPC01.LAZ
569,4830,0.0,12.30748968237653,12.30748968237653,Valdoviño,Valdoviño (Santalla),1,PNOA-2024-GAL-569-4830-H29-NPC01.LAZ
581,4763,0.0,12.304587962109002,12.304587962109002,Sobrado,Pousada (San Mamede),2,PNOA-2024-GAL-581-4763-H29-NPC01.LAZ
518,4739,1.411268575061495,10.892639571045867,12.303908146107362,Rois,Ermedelo (San Martiño),1,PNOA-2024-GAL-518-4739-H29-NPC01.LAZ
567,4782,6.349207026948404,5.9533380791922825,12.302545106140688,Oza dos Ríos,A Regueira (Santa María),1,PNOA-2024-GAL-567-4782-H29-NPC01.LAZ
572,4817,7.3872525981568025,4.9143689762690475,12.30162157442585,Neda,Anca (San Pedro),1,PNOA-2024-GAL-572-4817-H29-NPC01.LAZ
512,4778,1.106130351888135,11.190138444096048,12.296268795984183,Cabana de Bergantiños,Nantón (San Pedro),1,PNOA-2024-GAL-512-4778-H29-NPC01.LAZ
584,4771,0.0,12.273817777147885,12.273817777147885,Sobrado,Grixalba (San Xiao),1,PNOA-2024-GAL-584-4771-H29-NPC01.LAZ
598,4838,12.263443432132247,0.0,12.263443432132247,Ortigueira,San Salvador de Couzadoiro (San Salvador),1,PNOA-2024-GAL-598-4838-H29-NPC01.LAZ
537,4737,0.0,12.262675202088381,12.262675202088381,Teo,Lucí (Santa Mariña),1,PNOA-2024-GAL-537-4737-H29-NPC01.LAZ
499,4766,3.347797767486472,8.911972962773069,12.259770730259541,Vimianzo,Serramo (San Sebastián),2,PNOA-2024-GAL-499-4766-H29-NPC01.LAZ
569,4805,0.0,12.259289019942988,12.259289019942988,Pontedeume,Nogueirosa (San Cosme),2,PNOA-2024-GAL-569-4805-H29-NPC01.LAZ
544,4736,0.0,12.256653405383773,12.256653405383773,Vedra,Merín (San Cristovo),3,PNOA-2024-GAL-544-4736-H29-NPC01.LAZ
543,4757,4.211464242349113,8.044466468294448,12.255930710643561,Santiago de Compostela,Marantes (San Vicente),2,PNOA-2024-GAL-543-4757-H29-NPC01.LAZ
599,4843,12.245160244857557,0.0,12.245160244857557,Ortigueira,Loiba (San Xulián),1,PNOA-2024-GAL-599-4843-H29-NPC01.LAZ
526,4745,0.0,12.243689380408863,12.243689380408863,Brión,Os Ánxeles (Santa María),2,PNOA-2024-GAL-526-4745-H29-NPC01.LAZ
541,4798,3.487505148612797,8.749851879760671,12.237357028373468,Arteixo,Oseiro (San Tirso),2,PNOA-2024-GAL-541-4798-H29-NPC01.LAZ
559,4794,0.0,12.23070625477247,12.23070625477247,Bergondo,Guísamo (Santa María),3,PNOA-2024-GAL-559-4794-H29-NPC01.LAZ
505,4742,0.0,12.221429961584555,12.221429961584555,Outes,Roo (San Xoán),1,PNOA-2024-GAL-505-4742-H29-NPC01.LAZ
561,4797,0.0,12.219711359503913,12.219711359503913,Bergondo,Bergondo (San Salvador),2,PNOA-2024-GAL-561-4797-H29-NPC01.LAZ
561,4757,0.5704947341113635,11.635091480845881,12.205586214957245,Arzúa,Oíns (San Cosme),1,PNOA-2024-GAL-561-4757-H29-NPC01.LAZ
550,4774,1.582468537579719,10.600545051440033,12.183013589019751,Ordes,Ardemil (San Pedro),2,PNOA-2024-GAL-550-4774-H29-NPC01.LAZ
508,4746,0.0,12.178363793703898,12.178363793703898,Outes,Santo Ourente de Entíns (Santo Ourente),1,PNOA-2024-GAL-508-4746-H29-NPC01.LAZ
534,4790,0.0,12.176640535197249,12.176640535197249,A Laracha,Torás (Santa María),1,PNOA-2024-GAL-534-4790-H29-NPC01.LAZ
558,4774,0.0,12.165207291940272,12.165207291940272,Mesía,Mesía (San Cristovo),2,PNOA-2024-GAL-558-4774-H29-NPC01.LAZ
533,4793,9.363407652786897,2.799177615158619,12.162585267945516,Arteixo,Monteagudo (San Tomé),1,PNOA-2024-GAL-533-4793-H29-NPC01.LAZ
554,4767,7.498613755401703,4.6634578704149225,12.162071625816626,Frades,Galegos (San Martiño),1,PNOA-2024-GAL-554-4767-H29-NPC01.LAZ
539,4742,0.5440889983585571,11.61789402064556,12.161983019004117,Vedra,San Xián de Sales (San Xián),3,PNOA-2024-GAL-539-4742-H29-NPC01.LAZ
560,4791,3.3626913001747387,8.798481182562474,12.161172482737213,Betanzos,Piadela (Santo Estevo),1,PNOA-2024-GAL-560-4791-H29-NPC01.LAZ
536,4784,0.0,12.145615718908893,12.145615718908893,A Laracha,Montemaior (Santa María Madanela),1,PNOA-2024-GAL-536-4784-H29-NPC01.LAZ
541,4745,6.325134721059283,5.813299307342165,12.138434028401448,Santiago de Compostela,Aríns (San Martiño),1,PNOA-2024-GAL-541-4745-H29-NPC01.LAZ
510,4792,0.0,12.133429700278445,12.133429700278445,Ponteceso,Cores (San Martiño),2,PNOA-2024-GAL-510-4792-H29-NPC01.LAZ
521,4746,0.0,12.127832173305459,12.127832173305459,Brión,Viceso (Santa María),1,PNOA-2024-GAL-521-4746-H29-NPC01.LAZ
570,4783,4.818761341529935,7.306842109941592,12.125603451471527,Oza dos Ríos,Rodeiro (Santa María),1,PNOA-2024-GAL-570-4783-H29-NPC01.LAZ
547,4786,0.343128366276831,11.776624309435435,12.119752675712267,Cerceda,Meirama (Santo André),3,PNOA-2024-GAL-547-4786-H29-NPC01.LAZ
535,4770,0.0,12.117383696247382,12.117383696247382,Tordoia,Cabaleiros (San Xián),1,PNOA-2024-GAL-535-4770-H29-NPC01.LAZ
540,4753,3.831488786790156,8.285802014211288,12.117290801001445,Santiago de Compostela,San Caetano (Santiago),1,PNOA-2024-GAL-540-4753-H29-NPC01.LAZ
562,4789,2.730089093893921,9.385635340034339,12.11572443392826,Abegondo,Limiñón (San Salvador),3,PNOA-2024-GAL-562-4789-H29-NPC01.LAZ
527,4788,0.0,12.114207992784497,12.114207992784497,Carballo,Bértoa (Santa María),1,PNOA-2024-GAL-527-4788-H29-NPC01.LAZ
568,4802,12.096817064284227,0.009668797819343959,12.106485862103572,Miño,Carantoña (San Xulián),1,PNOA-2024-GAL-568-4802-H29-NPC01.LAZ
550,4748,0.0,12.105606840324823,12.105606840324823,Touro,Bama (San Vicenzo),1,PNOA-2024-GAL-550-4748-H29-NPC01.LAZ
525,4787,0.0,12.104129657044778,12.104129657044778,Carballo,Bértoa (Santa María),1,PNOA-2024-GAL-525-4787-H29-NPC01.LAZ
515,4778,3.8620524323907537,8.24058204114485,12.102634473535602,Coristanco,Agualada (San Lourenzo),1,PNOA-2024-GAL-515-4778-H29-NPC01.LAZ
577,4746,0.0,12.097293386542491,12.097293386542491,Santiso,Pezobrés (Santo Estevo),3,PNOA-2024-GAL-577-4746-H29-NPC01.LAZ
548,4766,2.5989155578659573,9.49353095949617,12.092446517362127,Ordes,Pereira (Santaia),2,PNOA-2024-GAL-548-4766-H29-NPC01.LAZ
569,4792,1.4729399201199818,10.618977031582396,12.091916951702379,Paderne,Vilamourel (San Xoán),2,PNOA-2024-GAL-569-4792-H29-NPC01.LAZ
542,4748,2.34658310771188,9.73764485816411,12.08422796587599,Santiago de Compostela,Bando (Santa Eulalia),2,PNOA-2024-GAL-542-4748-H29-NPC01.LAZ
543,4735,0.0,12.07698152938415,12.07698152938415,Vedra,San Pedro de Sarandón (San Pedro),2,PNOA-2024-GAL-543-4735-H29-NPC01.LAZ
524,4745,0.0,12.067521259212972,12.067521259212972,Brión,Boullón (San Miguel),2,PNOA-2024-GAL-524-4745-H29-NPC01.LAZ
575,4780,2.115855131092354,9.945913212807316,12.06176834389967,Curtis,Fisteus (Santa María),2,PNOA-2024-GAL-575-4780-H29-NPC01.LAZ
523,4783,0.8677052857553906,11.184751557157345,12.052456842912735,Coristanco,Oca (San Martiño),1,PNOA-2024-GAL-523-4783-H29-NPC01.LAZ
509,4764,0.0,12.051526699215326,12.051526699215326,Santa Comba,Grixoa (San Xoán),1,PNOA-2024-GAL-509-4764-H29-NPC01.LAZ
564,4769,0.0,12.043034582648481,12.043034582648481,Mesía,Lanzá (San Mamede),2,PNOA-2024-GAL-564-4769-H29-NPC01.LAZ
576,4768,0.0,12.03519198858941,12.03519198858941,Vilasantar,Vilariño (Santa María),1,PNOA-2024-GAL-576-4768-H29-NPC01.LAZ
554,4789,12.032036734704254,0.0,12.032036734704254,Cambre,Vigo (Santa María),2,PNOA-2024-GAL-554-4789-H29-NPC01.LAZ
511,4749,0.0,12.028380021544006,12.028380021544006,Negreira,Xallas (San Pedro),1,PNOA-2024-GAL-511-4749-H29-NPC01.LAZ
517,4740,5.911540589882853,6.1036301665407295,12.015170756423583,Lousame,Toxos Outos (San Xusto),3,PNOA-2024-GAL-517-4740-H29-NPC01.LAZ
571,4807,0.0,12.00311314553129,12.00311314553129,Pontedeume,Breamo (San Miguel),2,PNOA-2024-GAL-571-4807-H29-NPC01.LAZ
528,4753,0.0,11.98664796949312,11.98664796949312,Ames,Tapia (San Cristovo),1,PNOA-2024-GAL-528-4753-H29-NPC01.LAZ
522,4767,0.0,11.97614242696014,11.97614242696014,Santa Comba,Vilamaior (Santa María),2,PNOA-2024-GAL-522-4767-H29-NPC01.LAZ
513,4779,3.2008869995054816,8.759093379937543,11.959980379443024,Cabana de Bergantiños,Riobó (San Martiño),2,PNOA-2024-GAL-513-4779-H29-NPC01.LAZ
510,4789,0.0,11.957083623040566,11.957083623040566,Ponteceso,Tella (Santo Eleuterio),1,PNOA-2024-GAL-510-4789-H29-NPC01.LAZ
545,4755,6.9025960234542465,5.054120950377119,11.956716973831366,Santiago de Compostela,A Enfesta (San Cristovo),2,PNOA-2024-GAL-545-4755-H29-NPC01.LAZ
506,4723,0.7052722054385941,11.212041136224418,11.917313341663013,Boiro,Lampón (Santiago),2,PNOA-2024-GAL-506-4723-H29-NPC01.LAZ
574,4785,0.0,11.916769651947059,11.916769651947059,Aranga,San Vicente de Fervenzas (San Vicente),1,PNOA-2024-GAL-574-4785-H29-NPC01.LAZ
576,4779,0.0,11.915202746967138,11.915202746967138,Curtis,Fisteus (Santa María),2,PNOA-2024-GAL-576-4779-H29-NPC01.LAZ
504,4720,0.0,11.909710088501257,11.909710088501257,A Pobra do Caramiñal,Posmarcos (Santo Isidro),2,PNOA-2024-GAL-504-4720-H29-NPC01.LAZ
543,4737,0.0,11.902388936031734,11.902388936031734,Vedra,Vedra (Santa Eulalia),2,PNOA-2024-GAL-543-4737-H29-NPC01.LAZ
579,4827,0.0,11.898707875964396,11.898707875964396,Moeche,Abade (Santiago),2,PNOA-2024-GAL-579-4827-H29-NPC01.LAZ
508,4784,1.3394540027297568,10.551633883456219,11.891087886185975,Cabana de Bergantiños,Cundíns (San Paio),2,PNOA-2024-GAL-508-4784-H29-NPC01.LAZ
558,4776,1.7019692227270562,10.183630321417501,11.885599544144558,Cesuras,Filgueira de Traba (San Miguel),2,PNOA-2024-GAL-558-4776-H29-NPC01.LAZ
491,4758,0.0,11.885290326519941,11.885290326519941,Dumbría,Buxantes (San Pedro),1,PNOA-2024-GAL-491-4758-H29-NPC01.LAZ
534,4738,0.0,11.877164483609416,11.877164483609416,Teo,Rarís (San Miguel),1,PNOA-2024-GAL-534-4738-H29-NPC01.LAZ
577,4798,0.7321163641641689,11.140366234737186,11.872482598901355,Monfero,San Fiz de Monfero (San Fiz),1,PNOA-2024-GAL-577-4798-H29-NPC01.LAZ
572,4816,3.8318869603994483,8.032086892752648,11.863973853152096,Neda,Anca (San Pedro),1,PNOA-2024-GAL-572-4816-H29-NPC01.LAZ
546,4757,4.452093470087613,7.411161319309006,11.863254789396619,Santiago de Compostela,Cesar (Santa María),2,PNOA-2024-GAL-546-4757-H29-NPC01.LAZ
568,4753,2.434317625165691,9.421820032778397,11.856137657944089,Arzúa,Lema (San Pedro),2,PNOA-2024-GAL-568-4753-H29-NPC01.LAZ
575,4779,0.0,11.85512120598976,11.85512120598976,Curtis,Fisteus (Santa María),1,PNOA-2024-GAL-575-4779-H29-NPC01.LAZ
543,4766,0.0,11.852726976907721,11.852726976907721,Tordoia,Leobalde (San Cristovo),1,PNOA-2024-GAL-543-4766-H29-NPC01.LAZ
518,4758,0.07019440944577961,11.77578294687042,11.8459773563162,A Baña,A Baña (San Vicenzo),1,PNOA-2024-GAL-518-4758-H29-NPC01.LAZ
516,4782,0.9051842126893127,10.934890998393847,11.84007521108316,Coristanco,Santa Baia de Castro (Santa Baia),2,PNOA-2024-GAL-516-4782-H29-NPC01.LAZ
564,4771,0.0,11.83390114944388,11.83390114944388,Mesía,Albixoi (Santa Mariña),1,PNOA-2024-GAL-564-4771-H29-NPC01.LAZ
507,4733,0.0,11.814742392431777,11.814742392431777,Lousame,Camboño (San Xoán),1,PNOA-2024-GAL-507-4733-H29-NPC01.LAZ
520,4739,0.06430685103652568,11.74269892855694,11.807005779593466,Rois,Ermedelo (San Martiño),2,PNOA-2024-GAL-520-4739-H29-NPC01.LAZ
516,4756,1.9652517983663786,9.837471519735722,11.8027233181021,A Baña,Corneira (San Cristovo),2,PNOA-2024-GAL-516-4756-H29-NPC01.LAZ
544,4788,0.0,11.800873376882116,11.800873376882116,A Laracha,Soandres (San Pedro),2,PNOA-2024-GAL-544-4788-H29-NPC01.LAZ
566,4801,4.135238267446212,7.66319370520554,11.798431972651752,Miño,Leiro (San Salvador),1,PNOA-2024-GAL-566-4801-H29-NPC01.LAZ
561,4772,0.0,11.795859298383053,11.795859298383053,Mesía,Xanceda (San Salvador),1,PNOA-2024-GAL-561-4772-H29-NPC01.LAZ
533,4766,3.2268724379599663,8.561154364584693,11.78802680254466,Trazo,Restande (Santa María),1,PNOA-2024-GAL-533-4766-H29-NPC01.LAZ
562,4748,0.0,11.784041798819775,11.784041798819775,Touro,Beseño (San Cristovo),2,PNOA-2024-GAL-562-4748-H29-NPC01.LAZ
551,4738,0.0,11.779142175759914,11.779142175759914,Boqueixón,Sucira (Santa Mariña),1,PNOA-2024-GAL-551-4738-H29-NPC01.LAZ
573,4777,0.0,11.775513533144371,11.775513533144371,Curtis,Fisteus (Santa María),1,PNOA-2024-GAL-573-4777-H29-NPC01.LAZ
574,4766,0.0,11.765820347986407,11.765820347986407,Sobrado,Folgoso (Santa Cristina),1,PNOA-2024-GAL-574-4766-H29-NPC01.LAZ
551,4783,0.0,11.757490839661008,11.757490839661008,Carral,Beira (Santa Mariña),2,PNOA-2024-GAL-551-4783-H29-NPC01.LAZ
513,4766,0.0,11.75589227310708,11.75589227310708,Santa Comba,Santa Comba (San Pedro),2,PNOA-2024-GAL-513-4766-H29-NPC01.LAZ
489,4777,0.0,11.755786749708566,11.755786749708566,Camariñas,A Ponte do Porto (San Pedro),1,PNOA-2024-GAL-489-4777-H29-NPC01.LAZ
510,4752,0.0,11.751224526515966,11.751224526515966,Negreira,Campolongo (Santa Cruz),2,PNOA-2024-GAL-510-4752-H29-NPC01.LAZ
551,4741,0.0,11.74789554586128,11.74789554586128,Touro,San Miguel de Vilar (San Miguel),1,PNOA-2024-GAL-551-4741-H29-NPC01.LAZ
584,4760,0.0,11.737134260892667,11.737134260892667,Toques,Paradela (San Paio),1,PNOA-2024-GAL-584-4760-H29-NPC01.LAZ
529,4750,0.8203523434072117,10.913213306098271,11.733565649505483,Ames,Ames (San Tomé),1,PNOA-2024-GAL-529-4750-H29-NPC01.LAZ
531,4757,0.08476851956673229,11.644464592388369,11.729233111955102,Santiago de Compostela,Santa Cristina de Fecha (Santa Cristina),1,PNOA-2024-GAL-531-4757-H29-NPC01.LAZ
553,4772,0.5420156570212741,11.185370371320865,11.727386028342139,Ordes,Vilamaior (Santiago),2,PNOA-2024-GAL-553-4772-H29-NPC01.LAZ
538,4737,0.0,11.725952024115168,11.725952024115168,Teo,Lucí (Santa Mariña),3,PNOA-2024-GAL-538-4737-H29-NPC01.LAZ
509,4787,0.0,11.724474511054218,11.724474511054218,Ponteceso,Anllóns (San Fins),1,PNOA-2024-GAL-509-4787-H29-NPC01.LAZ
560,4787,0.0,11.72216803122608,11.72216803122608,Abegondo,Meangos (Santiago),2,PNOA-2024-GAL-560-4787-H29-NPC01.LAZ
562,4782,1.9714212373009028,9.746367525354346,11.71778876265525,Cesuras,Carres (San Vicenzo),2,PNOA-2024-GAL-562-4782-H29-NPC01.LAZ
490,4740,0.0,11.70860867133296,11.70860867133296,Carnota,Lira (Santa María),1,PNOA-2024-GAL-490-4740-H29-NPC01.LAZ
562,4783,7.141733089120076,4.5548236948366405,11.696556783956716,Cesuras,Carres (San Vicenzo),1,PNOA-2024-GAL-562-4783-H29-NPC01.LAZ
539,4759,2.6676644041746225,9.025741970020999,11.693406374195622,Santiago de Compostela,Busto (San Pedro),1,PNOA-2024-GAL-539-4759-H29-NPC01.LAZ
571,4781,5.157750976282729,6.532984579625252,11.690735555907981,Oza dos Ríos,Rodeiro (Santa María),1,PNOA-2024-GAL-571-4781-H29-NPC01.LAZ
558,4779,1.190441533753444,10.499308523344604,11.689750057098049,Cesuras,Loureda (Santo Estevo),1,PNOA-2024-GAL-558-4779-H29-NPC01.LAZ
584,4778,0.0,11.685334982634364,11.685334982634364,Curtis,Foxados (Santa María),1,PNOA-2024-GAL-584-4778-H29-NPC01.LAZ
526,4793,0.0,11.68474570381709,11.68474570381709,Carballo,Lema (San Cristovo),1,PNOA-2024-GAL-526-4793-H29-NPC01.LAZ
502,4783,4.106371630442358,7.5737255565121,11.680097186954459,Cabana de Bergantiños,Borneiro (San Xoán),1,PNOA-2024-GAL-502-4783-H29-NPC01.LAZ
518,4761,3.4333154146419482,8.236576722637592,11.66989213727954,A Baña,Suevos (San Mamede),1,PNOA-2024-GAL-518-4761-H29-NPC01.LAZ
553,4760,0.0,11.668631671288281,11.668631671288281,Oroso,Os Ánxeles (San Mamede),1,PNOA-2024-GAL-553-4760-H29-NPC01.LAZ
554,4783,0.0,11.668452323082782,11.668452323082782,Abegondo,Montouto (Santa Cristina),1,PNOA-2024-GAL-554-4783-H29-NPC01.LAZ
519,4778,0.999210413456834,10.66899121209859,11.668201625555424,Coristanco,Seavia (San Mamede),2,PNOA-2024-GAL-519-4778-H29-NPC01.LAZ
562,4765,5.252855862435296,6.412505420571032,11.665361283006327,Frades,Gafoi (Santa Mariña),3,PNOA-2024-GAL-562-4765-H29-NPC01.LAZ
495,4718,0.0,11.662127948233186,11.662127948233186,Porto do Son,San Pedro de Muro (San Pedro),1,PNOA-2024-GAL-495-4718-H29-NPC01.LAZ
554,4771,3.605856203622617,8.046699546324394,11.65255574994701,Frades,Abellá (Santo Estevo),2,PNOA-2024-GAL-554-4771-H29-NPC01.LAZ
526,4753,0.985917810297515,10.666061364414569,11.651979174712084,Ames,Ames (San Tomé),1,PNOA-2024-GAL-526-4753-H29-NPC01.LAZ
561,4787,0.0,11.647997975584719,11.647997975584719,Abegondo,Meangos (Santiago),2,PNOA-2024-GAL-561-4787-H29-NPC01.LAZ
530,4756,5.084875355629199,6.561018265549849,11.645893621179049,Santiago de Compostela,Santa Cristina de Fecha (Santa Cristina),2,PNOA-2024-GAL-530-4756-H29-NPC01.LAZ
524,4737,0.04056077395763212,11.596717593916495,11.637278367874126,Rois,Herbogo (San Pedro),2,PNOA-2024-GAL-524-4737-H29-NPC01.LAZ
569,4765,3.1005189967281592,8.536044076471859,11.636563073200017,Boimorto,Andavao (San Martiño),2,PNOA-2024-GAL-569-4765-H29-NPC01.LAZ
571,4815,3.824672048057736,7.804416260540146,11.629088308597883,Neda,Viladonelle (Santo André),1,PNOA-2024-GAL-571-4815-H29-NPC01.LAZ
498,4717,4.890185852654614,6.729957101811692,11.620142954466306,Ribeira,Oleiros (San Martiño),2,PNOA-2024-GAL-498-4717-H29-NPC01.LAZ
556,4790,2.902491925739565,8.715576353765814,11.618068279505378,Cambre,Vigo (Santa María),2,PNOA-2024-GAL-556-4790-H29-NPC01.LAZ
546,4793,1.8626534172266733,9.744122077236444,11.606775494463117,Culleredo,Orro (San Salvador),1,PNOA-2024-GAL-546-4793-H29-NPC01.LAZ
549,4768,0.0,11.604828519441241,11.604828519441241,Ordes,Ordes (Santa María),3,PNOA-2024-GAL-549-4768-H29-NPC01.LAZ
566,4764,0.0,11.594161289874052,11.594161289874052,Boimorto,Buazo (Santa María),1,PNOA-2024-GAL-566-4764-H29-NPC01.LAZ
568,4819,0.5917614571090245,10.984748709240906,11.57651016634993,Neda,Santa María de Neda (Santa María),1,PNOA-2024-GAL-568-4819-H29-NPC01.LAZ
529,4731,5.192036884074609,6.382045231651596,11.574082115726206,Padrón,Herbón (Santa María),1,PNOA-2024-GAL-529-4731-H29-NPC01.LAZ
549,4760,0.0,11.573931294357347,11.573931294357347,Oroso,Vilarromaris (San Tomé),1,PNOA-2024-GAL-549-4760-H29-NPC01.LAZ
545,4759,0.0,11.573419238958905,11.573419238958905,Oroso,Oroso (San Martiño),1,PNOA-2024-GAL-545-4759-H29-NPC01.LAZ
512,4780,5.592355713149339,5.9735833986367926,11.565939111786133,Cabana de Bergantiños,Riobó (San Martiño),1,PNOA-2024-GAL-512-4780-H29-NPC01.LAZ
574,4826,0.0,11.562543202058222,11.562543202058222,San Sadurniño,Santa Mariña do Monte (Santa Mariña),1,PNOA-2024-GAL-574-4826-H29-NPC01.LAZ
564,4764,4.418432169138592,7.136708441690073,11.555140610828666,Frades,Añá (Santa María),1,PNOA-2024-GAL-564-4764-H29-NPC01.LAZ
559,4749,0.0,11.55064908129691,11.55064908129691,Touro,San Fiz de Quión (San Fiz),2,PNOA-2024-GAL-559-4749-H29-NPC01.LAZ
488,4777,0.0,11.542096273871291,11.542096273871291,Camariñas,Xaviña (Santa María),2,PNOA-2024-GAL-488-4777-H29-NPC01.LAZ
531,4776,0.0,11.529216744818456,11.529216744818456,Carballo,Rus (Santa María),2,PNOA-2024-GAL-531-4776-H29-NPC01.LAZ
546,4781,11.523228486929133,0.00013045519568402283,11.523358942124817,Cerceda,As Encrobas (San Román),1,PNOA-2024-GAL-546-4781-H29-NPC01.LAZ
498,4776,7.148039778976791,4.371435498612477,11.519475277589269,Vimianzo,Salto (Santa María),1,PNOA-2024-GAL-498-4776-H29-NPC01.LAZ
545,4738,0.0,11.518704277502458,11.518704277502458,Vedra,San Pedro de Vilanova (San Pedro),1,PNOA-2024-GAL-545-4738-H29-NPC01.LAZ
589,4808,11.50781861567002,0.0,11.50781861567002,As Pontes de García Rodríguez,Ribadeume (Santa María),1,PNOA-2024-GAL-589-4808-H29-NPC01.LAZ
554,4762,0.0,11.507523987271693,11.507523987271693,Oroso,Calvente (San Xoán),3,PNOA-2024-GAL-554-4762-H29-NPC01.LAZ
577,4763,0.0,11.503003427805844,11.503003427805844,Sobrado,Carelle (San Lourenzo),2,PNOA-2024-GAL-577-4763-H29-NPC01.LAZ
529,4742,0.6231139158221234,10.87895856345244,11.502072479274563,Brión,Bastavales (San Xulián),2,PNOA-2024-GAL-529-4742-H29-NPC01.LAZ
533,4772,0.0,11.499879486717177,11.499879486717177,Tordoia,A Vila de Abade (San Cibrán),1,PNOA-2024-GAL-533-4772-H29-NPC01.LAZ
499,4709,2.769838555136171,8.728095186779518,11.497933741915688,Ribeira,Castiñeiras (O Bo Pastor),3,PNOA-2024-GAL-499-4709-H29-NPC01.LAZ
527,4749,3.1473333213650205,8.34846433779123,11.49579765915625,Ames,Ames (San Tomé),2,PNOA-2024-GAL-527-4749-H29-NPC01.LAZ
552,4743,0.0,11.495251362197594,11.495251362197594,Touro,Foxás (San Breixo),1,PNOA-2024-GAL-552-4743-H29-NPC01.LAZ
576,4812,0.13090630714524137,11.36120800757668,11.492114314721922,A Capela,Capela (Santiago),3,PNOA-2024-GAL-576-4812-H29-NPC01.LAZ
561,4789,0.0,11.491582757955378,11.491582757955378,Abegondo,Limiñón (San Salvador),1,PNOA-2024-GAL-561-4789-H29-NPC01.LAZ
533,4755,3.0818300847032383,8.405008338936872,11.48683842364011,Santiago de Compostela,Fecha (San Xoán),1,PNOA-2024-GAL-533-4755-H29-NPC01.LAZ
543,4767,0.0,11.486022600834595,11.486022600834595,Tordoia,Numide (Santiago),2,PNOA-2024-GAL-543-4767-H29-NPC01.LAZ
586,4827,0.0,11.484694892467187,11.484694892467187,Moeche,Labacengos (Santa María),3,PNOA-2024-GAL-586-4827-H29-NPC01.LAZ
519,4740,0.7071655322826995,10.776642447234247,11.483807979516946,Rois,Ermedelo (San Martiño),1,PNOA-2024-GAL-519-4740-H29-NPC01.LAZ
565,4766,0.0,11.478267020250657,11.478267020250657,Mesía,Boado (Santiago),1,PNOA-2024-GAL-565-4766-H29-NPC01.LAZ
589,4827,11.474839203836925,0.0,11.474839203836925,Ortigueira,Insua (San Xoán),1,PNOA-2024-GAL-589-4827-H29-NPC01.LAZ
571,4804,0.0,11.471607119417058,11.471607119417058,Vilarmaior,Grandal (San Pedro),1,PNOA-2024-GAL-571-4804-H29-NPC01.LAZ
527,4753,3.8409255154893156,7.627364308855093,11.468289824344408,Ames,Tapia (San Cristovo),2,PNOA-2024-GAL-527-4753-H29-NPC01.LAZ
559,4767,1.9091135659498741,9.556747485848827,11.4658610517987,Frades,Papucín (Santa María),2,PNOA-2024-GAL-559-4767-H29-NPC01.LAZ
553,4771,2.6110184376216257,8.848627206609478,11.459645644231104,Ordes,Barbeiros (Santa María),2,PNOA-2024-GAL-553-4771-H29-NPC01.LAZ
532,4784,0.0,11.459482622362813,11.459482622362813,Carballo,Sofán (San Salvador),1,PNOA-2024-GAL-532-4784-H29-NPC01.LAZ
569,4774,0.0,11.457259359417973,11.457259359417973,Vilasantar,Barbeito (San Salvador),2,PNOA-2024-GAL-569-4774-H29-NPC01.LAZ
497,4782,0.0,11.4507320811185,11.4507320811185,Laxe,Traba (Santiago),1,PNOA-2024-GAL-497-4782-H29-NPC01.LAZ
577,4789,0.0,11.450149828511275,11.450149828511275,Aranga,Muniferral (San Cristovo),1,PNOA-2024-GAL-577-4789-H29-NPC01.LAZ
568,4792,0.7622232256580572,10.683919771406517,11.446142997064573,Paderne,Vilamourel (San Xoán),1,PNOA-2024-GAL-568-4792-H29-NPC01.LAZ
569,4779,0.12684719532243072,11.316514114454936,11.443361309777366,Cesuras,Trasanquelos (San Salvador),2,PNOA-2024-GAL-569-4779-H29-NPC01.LAZ
532,4787,0.0,11.441638532916926,11.441638532916926,A Laracha,Vilaño (Santiago),1,PNOA-2024-GAL-532-4787-H29-NPC01.LAZ
495,4738,0.0,11.430148508282777,11.430148508282777,Muros,Serres (San Xoán),1,PNOA-2024-GAL-495-4738-H29-NPC01.LAZ
536,4773,0.0,11.429709439445695,11.429709439445695,Tordoia,Cabaleiros (San Xián),1,PNOA-2024-GAL-536-4773-H29-NPC01.LAZ
519,4744,0.0,11.428378103141226,11.428378103141226,Brión,Luaña (San Xulián),1,PNOA-2024-GAL-519-4744-H29-NPC01.LAZ
499,4715,4.014869391504849,7.401470689861578,11.416340081366428,Ribeira,Artes (San Xián),2,PNOA-2024-GAL-499-4715-H29-NPC01.LAZ
527,4750,1.2625824090109876,10.152049146703645,11.414631555714632,Ames,Ames (San Tomé),1,PNOA-2024-GAL-527-4750-H29-NPC01.LAZ
599,4842,5.278746045517986,6.135240673258121,11.413986718776107,Ortigueira,Céltigos (San Xulián),2,PNOA-2024-GAL-599-4842-H29-NPC01.LAZ
564,4783,9.173946755903385,2.239118509555586,11.413065265458972,Cesuras,Mandaio (San Xiao),2,PNOA-2024-GAL-564-4783-H29-NPC01.LAZ
588,4825,0.0,11.409498977447337,11.409498977447337,As Somozas,As Enchousas (San Pedro),2,PNOA-2024-GAL-588-4825-H29-NPC01.LAZ
578,4827,0.0,11.406214710650474,11.406214710650474,San Sadurniño,Bardaos (Santa María),2,PNOA-2024-GAL-578-4827-H29-NPC01.LAZ
509,4730,3.1402050195458813,8.264439498534424,11.404644518080305,Boiro,Macenda (San Xoán),1,PNOA-2024-GAL-509-4730-H29-NPC01.LAZ
480,4755,0.0,11.402355482156464,11.402355482156464,Fisterra,Sardiñeiro (San Xoán),1,PNOA-2024-GAL-480-4755-H29-NPC01.LAZ
581,4835,3.6785767627119212,7.723226858382982,11.401803621094903,Cedeira,San Román de Montoxo (San Román),2,PNOA-2024-GAL-581-4835-H29-NPC01.LAZ
567,4803,0.8849450195378092,10.516765144332552,11.401710163870362,Miño,Carantoña (San Xulián),2,PNOA-2024-GAL-567-4803-H29-NPC01.LAZ
525,4786,0.0,11.39812630308522,11.39812630308522,Carballo,Bértoa (Santa María),2,PNOA-2024-GAL-525-4786-H29-NPC01.LAZ
587,4837,4.267343496117112,7.130158624356737,11.397502120473849,Ortigueira,Veiga (Santo Adrao),2,PNOA-2024-GAL-587-4837-H29-NPC01.LAZ
580,4785,0.0,11.397333484856977,11.397333484856977,Aranga,Aranga (San Paio),1,PNOA-2024-GAL-580-4785-H29-NPC01.LAZ
549,4744,0.0,11.39196454059567,11.39196454059567,Touro,Prevediños (Santiago),1,PNOA-2024-GAL-549-4744-H29-NPC01.LAZ
509,4752,0.0,11.387396597943784,11.387396597943784,Negreira,Campolongo (Santa Cruz),2,PNOA-2024-GAL-509-4752-H29-NPC01.LAZ
579,4786,0.0,11.385588246870784,11.385588246870784,Aranga,Aranga (San Paio),3,PNOA-2024-GAL-579-4786-H29-NPC01.LAZ
519,4774,3.274725838167265,8.082390885839102,11.357116724006367,Coristanco,Seavia (San Mamede),1,PNOA-2024-GAL-519-4774-H29-NPC01.LAZ
500,4784,0.0,11.353942163090194,11.353942163090194,Laxe,Serantes (Santa María),1,PNOA-2024-GAL-500-4784-H29-NPC01.LAZ
497,4769,3.67621440092784,7.676906501380041,11.353120902307882,Vimianzo,Cambeda (San Xoán),1,PNOA-2024-GAL-497-4769-H29-NPC01.LAZ
585,4822,0.0,11.352348843859355,11.352348843859355,As Somozas,As Somozas (Santiago Seré),1,PNOA-2024-GAL-585-4822-H29-NPC01.LAZ
562,4768,6.620924803714481,4.731099346346568,11.352024150061048,Frades,Vitre (San Xoán),1,PNOA-2024-GAL-562-4768-H29-NPC01.LAZ
544,4798,0.0,11.351554424277744,11.351554424277744,A Coruña,Elviña (San Vicenzo),3,PNOA-2024-GAL-544-4798-H29-NPC01.LAZ
576,4770,0.0,11.35066230960084,11.35066230960084,Vilasantar,San Vicenzo de Curtis (San Vicenzo),1,PNOA-2024-GAL-576-4770-H29-NPC01.LAZ
577,4831,0.7187361184462591,10.626746712492807,11.345482830939066,Valdoviño,Vilarrube (San Martiño),2,PNOA-2024-GAL-577-4831-H29-NPC01.LAZ
586,4756,0.0,11.34436511585369,11.34436511585369,Toques,Vilouriz (Santiago),2,PNOA-2024-GAL-586-4756-H29-NPC01.LAZ
535,4792,5.090946588478303,6.248298218807079,11.339244807285382,Arteixo,Monteagudo (San Tomé),2,PNOA-2024-GAL-535-4792-H29-NPC01.LAZ
565,4748,0.8876708336638442,10.450387749032764,11.338058582696608,Arzúa,Brandeso (San Lourenzo),2,PNOA-2024-GAL-565-4748-H29-NPC01.LAZ
508,4732,1.0667796339791602,10.26767192847719,11.334451562456351,Lousame,Tállara (San Pedro),1,PNOA-2024-GAL-508-4732-H29-NPC01.LAZ
517,4784,2.3002456131142486,9.032875892624293,11.333121505738543,Coristanco,San Xusto (San Xián),2,PNOA-2024-GAL-517-4784-H29-NPC01.LAZ
529,4744,1.3053293989892567,10.02440830100484,11.329737699994096,Ames,Ortoño (San Xoán),2,PNOA-2024-GAL-529-4744-H29-NPC01.LAZ
490,4763,0.0,11.319519758616313,11.319519758616313,Dumbría,Dumbría (Santa Baia),1,PNOA-2024-GAL-490-4763-H29-NPC01.LAZ
566,4752,1.7915227493048271,9.522281238761334,11.31380398806616,Arzúa,Burres (San Vicenzo),2,PNOA-2024-GAL-566-4752-H29-NPC01.LAZ
566,4784,2.581427661110602,8.729688561061725,11.311116222172327,Oza dos Ríos,Parada (Santo Estevo),3,PNOA-2024-GAL-566-4784-H29-NPC01.LAZ
574,4762,1.8652253613983611,9.442622151226034,11.307847512624395,Boimorto,Dormeá (San Cristovo),2,PNOA-2024-GAL-574-4762-H29-NPC01.LAZ
523,4751,0.0,11.298983592007378,11.298983592007378,Negreira,Logrosa (Santa Baia),2,PNOA-2024-GAL-523-4751-H29-NPC01.LAZ
502,4771,0.9236862743020533,10.371884044375129,11.295570318677182,Vimianzo,Treos (San Miguel),1,PNOA-2024-GAL-502-4771-H29-NPC01.LAZ
571,4762,4.282951886882401,7.008231121180673,11.291183008063074,Boimorto,Boimorto (Santiago),1,PNOA-2024-GAL-571-4762-H29-NPC01.LAZ
531,4754,4.237304169983508,7.044759368105343,11.28206353808885,Ames,Ameixenda (Santa María),1,PNOA-2024-GAL-531-4754-H29-NPC01.LAZ
512,4735,0.09366755137807677,11.184804167876582,11.278471719254659,Lousame,Lousame (San Xoán),1,PNOA-2024-GAL-512-4735-H29-NPC01.LAZ
578,4822,0.0,11.27818170461486,11.27818170461486,San Sadurniño,Lamas (San Xiao),2,PNOA-2024-GAL-578-4822-H29-NPC01.LAZ
521,4758,0.43516426541506054,10.841577320993652,11.276741586408713,A Baña,O Barro (Santa Mariña),1,PNOA-2024-GAL-521-4758-H29-NPC01.LAZ
511,4750,0.0,11.27298092250183,11.27298092250183,Negreira,Xallas (San Pedro),1,PNOA-2024-GAL-511-4750-H29-NPC01.LAZ
586,4803,0.8647052335854977,10.385402462526915,11.250107696112414,Monfero,O Alto de Xestoso (Santa María),1,PNOA-2024-GAL-586-4803-H29-NPC01.LAZ
513,4738,1.6576677262928208,9.591994612162026,11.249662338454847,Lousame,Lesende (San Martiño),2,PNOA-2024-GAL-513-4738-H29-NPC01.LAZ
564,4801,0.7440196578747286,10.501107952141227,11.245127610015956,Miño,Miño (Santa María),2,PNOA-2024-GAL-564-4801-H29-NPC01.LAZ
540,4779,1.4907824019126028,9.737770458336144,11.228552860248746,Cerceda,Queixas (Santa María),1,PNOA-2024-GAL-540-4779-H29-NPC01.LAZ
517,4762,0.5017119154621992,10.72637264633695,11.228084561799148,Santa Comba,Ser (San Pedro),2,PNOA-2024-GAL-517-4762-H29-NPC01.LAZ
550,4763,0.5241480041363011,10.701708730332353,11.225856734468653,Ordes,Beán (Santa María),1,PNOA-2024-GAL-550-4763-H29-NPC01.LAZ
565,4753,3.5888880467643736,7.623391060175193,11.212279106939565,Arzúa,Burres (San Vicenzo),1,PNOA-2024-GAL-565-4753-H29-NPC01.LAZ
580,4823,0.0,11.211293988462687,11.211293988462687,Moeche,San Xurxo de Moeche (San Xurxo),2,PNOA-2024-GAL-580-4823-H29-NPC01.LAZ
586,4833,5.490918669437967,5.709225329689597,11.200143999127565,Ortigueira,Mera de Arriba (Santa María),3,PNOA-2024-GAL-586-4833-H29-NPC01.LAZ
556,4746,0.0,11.192863155088897,11.192863155088897,Touro,Touro (San Xoán),1,PNOA-2024-GAL-556-4746-H29-NPC01.LAZ
558,4783,0.0,11.187264566808016,11.187264566808016,Abegondo,Leiro (Santaia),3,PNOA-2024-GAL-558-4783-H29-NPC01.LAZ
557,4787,0.0,11.18284089222132,11.18284089222132,Abegondo,Abegondo (Santaia),2,PNOA-2024-GAL-557-4787-H29-NPC01.LAZ
585,4830,0.0,11.181969920915034,11.181969920915034,Cerdido,A Barqueira (Santo Antonio),1,PNOA-2024-GAL-585-4830-H29-NPC01.LAZ
585,4762,0.0,11.179092971951466,11.179092971951466,Toques,Santa Mariña de Brañas (Santa Mariña),1,PNOA-2024-GAL-585-4762-H29-NPC01.LAZ
565,4761,1.385939533916856,9.792987959753328,11.178927493670184,Boimorto,Mercurín (San Xoán),1,PNOA-2024-GAL-565-4761-H29-NPC01.LAZ
567,4781,0.08083116558079767,11.096394544020688,11.177225709601485,Cesuras,Trasanquelos (San Salvador),3,PNOA-2024-GAL-567-4781-H29-NPC01.LAZ
576,4791,0.0,11.172484310931866,11.172484310931866,Irixoa,Verís (Santa María),1,PNOA-2024-GAL-576-4791-H29-NPC01.LAZ
572,4772,0.0,11.172028709599488,11.172028709599488,Curtis,Fisteus (Santa María),2,PNOA-2024-GAL-572-4772-H29-NPC01.LAZ
576,4778,0.0,11.158095737592197,11.158095737592197,Curtis,Curtis (Santaia),1,PNOA-2024-GAL-576-4778-H29-NPC01.LAZ
512,4747,0.0,11.156635582039156,11.156635582039156,Negreira,Xallas (San Pedro),2,PNOA-2024-GAL-512-4747-H29-NPC01.LAZ
584,4831,0.0,11.153609835237095,11.153609835237095,Cerdido,A Barqueira (Santo Antonio),1,PNOA-2024-GAL-584-4831-H29-NPC01.LAZ
563,4746,0.32915558144636436,10.818869282236651,11.148024863683016,Touro,Turces (Santa María),2,PNOA-2024-GAL-563-4746-H29-NPC01.LAZ
508,4745,0.0,11.140633111268128,11.140633111268128,Outes,Entíns (Santa María),2,PNOA-2024-GAL-508-4745-H29-NPC01.LAZ
580,4772,0.0,11.136987606031289,11.136987606031289,Sobrado,Grixalba (San Xiao),3,PNOA-2024-GAL-580-4772-H29-NPC01.LAZ
559,4743,0.0,11.125392200187012,11.125392200187012,Touro,Novefontes (Santiago),1,PNOA-2024-GAL-559-4743-H29-NPC01.LAZ
533,4769,4.955972397639318,6.1648610697188655,11.120833467358183,Trazo,Monzo (San Martiño),1,PNOA-2024-GAL-533-4769-H29-NPC01.LAZ
535,4769,0.0,11.118763819202975,11.118763819202975,Tordoia,Cabaleiros (San Xián),1,PNOA-2024-GAL-535-4769-H29-NPC01.LAZ
555,4779,0.0,11.118292703683217,11.118292703683217,Abegondo,Vizoño (San Pedro),1,PNOA-2024-GAL-555-4779-H29-NPC01.LAZ
543,4743,0.0,11.102637173293289,11.102637173293289,Boqueixón,Sergude (San Breixo),1,PNOA-2024-GAL-543-4743-H29-NPC01.LAZ
514,4758,0.08004313000901896,11.020139368557572,11.100182498566591,A Baña,A Riba (San Xoán),1,PNOA-2024-GAL-514-4758-H29-NPC01.LAZ
574,4803,5.192648964390809,5.90616138443232,11.098810348823129,Monfero,Vilachá (Santa María),2,PNOA-2024-GAL-574-4803-H29-NPC01.LAZ
536,4764,0.9654730031674004,10.131503722961165,11.096976726128565,Trazo,Trazo (Santa María),1,PNOA-2024-GAL-536-4764-H29-NPC01.LAZ
576,4786,0.0,11.096581674099854,11.096581674099854,Aranga,Muniferral (San Cristovo),1,PNOA-2024-GAL-576-4786-H29-NPC01.LAZ
539,4786,0.0,11.095644301752559,11.095644301752559,A Laracha,Soandres (San Pedro),1,PNOA-2024-GAL-539-4786-H29-NPC01.LAZ
513,4774,0.1589534143825303,10.935556295880257,11.094509710262788,Coristanco,Cuns (San Vicenzo),1,PNOA-2024-GAL-513-4774-H29-NPC01.LAZ
563,4748,2.9245775424338154,8.16811555973334,11.092693102167157,Arzúa,Branzá (Santa Locaia),2,PNOA-2024-GAL-563-4748-H29-NPC01.LAZ
533,4743,0.0,11.08504673553385,11.08504673553385,Teo,Calo (San Xoán),2,PNOA-2024-GAL-533-4743-H29-NPC01.LAZ
488,4747,0.0,11.082103059624817,11.082103059624817,Carnota,O Pindo (San Clemente),1,PNOA-2024-GAL-488-4747-H29-NPC01.LAZ
520,4730,4.093405674909979,6.987231057772842,11.080636732682821,Dodro,San Xoán de Laíño (San Xoán),1,PNOA-2024-GAL-520-4730-H29-NPC01.LAZ
546,4760,0.0,11.07673120556447,11.07673120556447,Oroso,Oroso (San Martiño),3,PNOA-2024-GAL-546-4760-H29-NPC01.LAZ
539,4769,0.0,11.07051255719784,11.07051255719784,Tordoia,Gorgullos (Santaia),1,PNOA-2024-GAL-539-4769-H29-NPC01.LAZ
569,4799,0.2273724468659058,10.82618444794485,11.053556894810756,Miño,Callobre (San Xoán),1,PNOA-2024-GAL-569-4799-H29-NPC01.LAZ
536,4751,1.086913379578256,9.963507782524491,11.050421162102747,Santiago de Compostela,Vista Alegre (San Xoán),2,PNOA-2024-GAL-536-4751-H29-NPC01.LAZ
523,4738,1.270546518237242,9.779271623766562,11.049818142003804,Rois,Costa (San Miguel),2,PNOA-2024-GAL-523-4738-H29-NPC01.LAZ
575,4758,6.0939292249722,4.955818624139054,11.049747849111254,Melide,Maceda (San Pedro),1,PNOA-2024-GAL-575-4758-H29-NPC01.LAZ
586,4799,2.1205130612981957,8.929194362834147,11.049707424132343,Monfero,O Alto de Xestoso (Santa María),1,PNOA-2024-GAL-586-4799-H29-NPC01.LAZ
520,4742,7.495044297954689,3.553798389262889,11.04884268721758,Rois,Urdilde (Santa María),1,PNOA-2024-GAL-520-4742-H29-NPC01.LAZ
586,4825,0.0,11.047940148098997,11.047940148098997,Moeche,Santa Cruz de Moeche (Santa Cruz),1,PNOA-2024-GAL-586-4825-H29-NPC01.LAZ
574,4818,0.0,11.042599385752984,11.042599385752984,San Sadurniño,Naraío (Santa María),1,PNOA-2024-GAL-574-4818-H29-NPC01.LAZ
547,4751,5.685209757432776,5.351145506567484,11.03635526400026,Santiago de Compostela,Sabugueira (San Paio),1,PNOA-2024-GAL-547-4751-H29-NPC01.LAZ
564,4770,0.0,11.036325726181289,11.036325726181289,Mesía,Albixoi (Santa Mariña),2,PNOA-2024-GAL-564-4770-H29-NPC01.LAZ
584,4763,0.0,11.034592247258729,11.034592247258729,Toques,Santa Mariña de Brañas (Santa Mariña),1,PNOA-2024-GAL-584-4763-H29-NPC01.LAZ
497,4759,0.0,11.034410013098945,11.034410013098945,Dumbría,Olveira (San Martiño),1,PNOA-2024-GAL-497-4759-H29-NPC01.LAZ
493,4767,1.8800185716218614,9.152998271715138,11.033016843336998,Vimianzo,Berdoias (San Pedro),1,PNOA-2024-GAL-493-4767-H29-NPC01.LAZ
582,4827,0.0,11.032847332212008,11.032847332212008,Moeche,Abade (Santiago),1,PNOA-2024-GAL-582-4827-H29-NPC01.LAZ
496,4781,0.0,11.031145906003044,11.031145906003044,Laxe,Traba (Santiago),1,PNOA-2024-GAL-496-4781-H29-NPC01.LAZ
506,4737,2.195626482384417,8.834053086519205,11.029679568903623,Noia,Boa (San Pedro),1,PNOA-2024-GAL-506-4737-H29-NPC01.LAZ
573,4798,0.0,11.022338730041229,11.022338730041229,Irixoa,Ambroa (San Tirso),2,PNOA-2024-GAL-573-4798-H29-NPC01.LAZ
515,4737,0.0007555617810962968,11.020115469258876,11.020871031039972,Lousame,Vilacova (Santa Eulalia),2,PNOA-2024-GAL-515-4737-H29-NPC01.LAZ
518,4753,0.1243619442470869,10.89618963806729,11.020551582314376,Negreira,Broño (San Martiño),2,PNOA-2024-GAL-518-4753-H29-NPC01.LAZ
552,4742,0.0,11.015876796837722,11.015876796837722,Touro,Foxás (San Breixo),2,PNOA-2024-GAL-552-4742-H29-NPC01.LAZ
569,4785,6.191636879409413,4.819460031500071,11.011096910909483,Oza dos Ríos,Bandoxa (San Martiño),1,PNOA-2024-GAL-569-4785-H29-NPC01.LAZ
567,4825,0.0,11.008245841498189,11.008245841498189,Valdoviño,O Sequeiro (Santa María),1,PNOA-2024-GAL-567-4825-H29-NPC01.LAZ
551,4778,1.160889510393441,9.846234198027654,11.007123708421094,Ordes,Ardemil (San Pedro),2,PNOA-2024-GAL-551-4778-H29-NPC01.LAZ
549,4761,0.0,11.000663937505328,11.000663937505328,Oroso,Vilarromaris (San Tomé),1,PNOA-2024-GAL-549-4761-H29-NPC01.LAZ
537,4740,0.0,10.99991974778668,10.99991974778668,Teo,Cacheiras (San Simón de Ons),3,PNOA-2024-GAL-537-4740-H29-NPC01.LAZ
574,4820,0.0,10.999164967832233,10.999164967832233,San Sadurniño,San Sadurniño (Santa María),2,PNOA-2024-GAL-574-4820-H29-NPC01.LAZ
517,4761,0.10628429131649586,10.891169636594357,10.997453927910854,A Baña,A Ermida (San Salvador),2,PNOA-2024-GAL-517-4761-H29-NPC01.LAZ
520,4762,1.3364607908066821,9.645074308003618,10.981535098810301,Santa Comba,Freixeiro (San Fins),2,PNOA-2024-GAL-520-4762-H29-NPC01.LAZ
563,4765,2.016922876471497,8.94707117355588,10.963994050027377,Frades,Céltigos (San Xulián),2,PNOA-2024-GAL-563-4765-H29-NPC01.LAZ
525,4743,0.0,10.960649645394856,10.960649645394856,Brión,Bastavales (San Xulián),3,PNOA-2024-GAL-525-4743-H29-NPC01.LAZ
512,4781,1.9146085703860574,9.045769043814202,10.96037761420026,Cabana de Bergantiños,Riobó (San Martiño),1,PNOA-2024-GAL-512-4781-H29-NPC01.LAZ
531,4744,0.5147697913002789,10.42766960575874,10.942439397059019,Ames,Bugallido (San Pedro),1,PNOA-2024-GAL-531-4744-H29-NPC01.LAZ
582,4789,0.0,10.928589659545864,10.928589659545864,Aranga,Cambás (San Pedro),1,PNOA-2024-GAL-582-4789-H29-NPC01.LAZ
603,4841,0.0,10.924522326830177,10.924522326830177,Mañón,As Ribeiras do Sor (San Cristovo),1,PNOA-2024-GAL-603-4841-H29-NPC01.LAZ
507,4788,3.974832812826786,6.9336011786529195,10.908433991479706,Cabana de Bergantiños,Cesullas (Santo Estevo),2,PNOA-2024-GAL-507-4788-H29-NPC01.LAZ
575,4814,0.0,10.902791248812624,10.902791248812624,A Capela,Cabalar (Santa María),1,PNOA-2024-GAL-575-4814-H29-NPC01.LAZ
552,4738,0.0,10.892192470121229,10.892192470121229,Boqueixón,Ledesma (San Salvador),3,PNOA-2024-GAL-552-4738-H29-NPC01.LAZ
536,4744,2.245281275061246,8.63508350529042,10.880364780351666,Teo,Cacheiras (San Simón de Ons),3,PNOA-2024-GAL-536-4744-H29-NPC01.LAZ
583,4753,0.0,10.878450432643465,10.878450432643465,Toques,San Martiño de Oleiros (San Martiño),1,PNOA-2024-GAL-583-4753-H29-NPC01.LAZ
562,4769,1.8589002616967172,9.01890843947803,10.877808701174748,Mesía,Xanceda (San Salvador),2,PNOA-2024-GAL-562-4769-H29-NPC01.LAZ
550,4789,0.010337472832134499,10.864935613325764,10.875273086157899,Carral,Tabeaio (San Martiño),2,PNOA-2024-GAL-550-4789-H29-NPC01.LAZ
497,4761,0.0,10.87430708428187,10.87430708428187,Dumbría,Olveira (San Martiño),1,PNOA-2024-GAL-497-4761-H29-NPC01.LAZ
519,4735,1.443045605388589,9.421537147595487,10.864582752984075,Rois,Augasantas (San Vicente),1,PNOA-2024-GAL-519-4735-H29-NPC01.LAZ
572,4757,4.8689180448646825,5.994196137949581,10.863114182814265,Melide,Golán (San Xoán),1,PNOA-2024-GAL-572-4757-H29-NPC01.LAZ
523,4759,3.3964544539527513,7.466257252003978,10.86271170595673,A Baña,Cabanas (San Miguel),1,PNOA-2024-GAL-523-4759-H29-NPC01.LAZ
586,4831,0.0,10.856330066378808,10.856330066378808,Cerdido,A Barqueira (Santo Antonio),1,PNOA-2024-GAL-586-4831-H29-NPC01.LAZ
504,4739,0.0,10.852737317453126,10.852737317453126,Outes,O Freixo de Sabardes (San Xoán),1,PNOA-2024-GAL-504-4739-H29-NPC01.LAZ
577,4744,0.0,10.848094082154443,10.848094082154443,Santiso,Mourazos (San Xurxo),1,PNOA-2024-GAL-577-4744-H29-NPC01.LAZ
538,4759,1.1759098766774574,9.663869403178527,10.839779279855984,Trazo,Chaián (Santa María),2,PNOA-2024-GAL-538-4759-H29-NPC01.LAZ
575,4760,3.4589895755134163,7.377994135948707,10.836983711462123,Boimorto,Corneda (San Pedro),3,PNOA-2024-GAL-575-4760-H29-NPC01.LAZ
583,4750,7.753903117599095,3.082771012737969,10.836674130337064,Melide,O Leboreiro (Santa María),3,PNOA-2024-GAL-583-4750-H29-NPC01.LAZ
530,4790,0.0,10.82854580599738,10.82854580599738,A Laracha,Lendo (San Xián),2,PNOA-2024-GAL-530-4790-H29-NPC01.LAZ
536,4758,0.9361110233812855,9.892342322217907,10.828453345599192,Trazo,Xavestre (San Cristovo),1,PNOA-2024-GAL-536-4758-H29-NPC01.LAZ
519,4750,0.0,10.827858588971077,10.827858588971077,Negreira,Gonte (San Pedro),1,PNOA-2024-GAL-519-4750-H29-NPC01.LAZ
573,4766,0.9207892851909063,9.905971927263789,10.826761212454695,Sobrado,Folgoso (Santa Cristina),3,PNOA-2024-GAL-573-4766-H29-NPC01.LAZ
568,4805,0.0,10.818450339358677,10.818450339358677,Pontedeume,Andrade (San Martiño),2,PNOA-2024-GAL-568-4805-H29-NPC01.LAZ
562,4799,0.0,10.81777950995532,10.81777950995532,Bergondo,Moruxo (San Vicente),2,PNOA-2024-GAL-562-4799-H29-NPC01.LAZ
577,4772,0.0,10.81256557985025,10.81256557985025,Sobrado,A Ciadella (Santa María),2,PNOA-2024-GAL-577-4772-H29-NPC01.LAZ
523,4792,0.0,10.801341176350252,10.801341176350252,Carballo,Razo (San Martiño),1,PNOA-2024-GAL-523-4792-H29-NPC01.LAZ
510,4763,0.0,10.790349871267928,10.790349871267928,Santa Comba,Mallón (San Cristovo),1,PNOA-2024-GAL-510-4763-H29-NPC01.LAZ
575,4768,0.0,10.786895373264386,10.786895373264386,Vilasantar,Vilariño (Santa María),4,PNOA-2024-GAL-575-4768-H29-NPC01.LAZ
516,4781,2.628023516719485,8.158050068309752,10.786073585029238,Coristanco,Santa Baia de Castro (Santa Baia),1,PNOA-2024-GAL-516-4781-H29-NPC01.LAZ
546,4775,7.324408459808066,3.455634690223723,10.780043150031789,Ordes,Mercurín (San Clemente),1,PNOA-2024-GAL-546-4775-H29-NPC01.LAZ
573,4796,0.0,10.778560493177087,10.778560493177087,Irixoa,Ambroa (San Tirso),2,PNOA-2024-GAL-573-4796-H29-NPC01.LAZ
499,4779,0.0,10.777897438702132,10.777897438702132,Laxe,Nande (San Simón),2,PNOA-2024-GAL-499-4779-H29-NPC01.LAZ
561,4748,0.0,10.77705083534534,10.77705083534534,Touro,Beseño (San Cristovo),1,PNOA-2024-GAL-561-4748-H29-NPC01.LAZ
535,4773,0.0,10.774326378719147,10.774326378719147,Tordoia,Tordoia (San Xoán),2,PNOA-2024-GAL-535-4773-H29-NPC01.LAZ
551,4780,1.0676544393795333,9.697951399313816,10.765605838693348,Ordes,Ardemil (San Pedro),2,PNOA-2024-GAL-551-4780-H29-NPC01.LAZ
520,4768,0.0,10.765456491416764,10.765456491416764,Santa Comba,Xallas de Castriz (San Pedro),2,PNOA-2024-GAL-520-4768-H29-NPC01.LAZ
499,4767,4.994260024273716,5.7646711855816335,10.75893120985535,Vimianzo,Serramo (San Sebastián),1,PNOA-2024-GAL-499-4767-H29-NPC01.LAZ
525,4785,0.0,10.75732623916466,10.75732623916466,Carballo,Carballo (San Xoán),1,PNOA-2024-GAL-525-4785-H29-NPC01.LAZ
541,4779,0.39008635803604697,10.366232961605913,10.75631931964196,Cerceda,Queixas (Santa María),1,PNOA-2024-GAL-541-4779-H29-NPC01.LAZ
560,4747,0.0,10.755792146763783,10.755792146763783,Touro,Andeade (Santiago),1,PNOA-2024-GAL-560-4747-H29-NPC01.LAZ
523,4756,0.0,10.752311993917141,10.752311993917141,A Baña,Lañas (Santa Baia),1,PNOA-2024-GAL-523-4756-H29-NPC01.LAZ
578,4753,8.391296901236819,2.3605241607177954,10.751821061954615,Melide,San Cibrao (San Xoán),3,PNOA-2024-GAL-578-4753-H29-NPC01.LAZ
576,4785,0.0,10.749243680336498,10.749243680336498,Aranga,Muniferral (San Cristovo),1,PNOA-2024-GAL-576-4785-H29-NPC01.LAZ
505,4786,2.132046752735592,8.611904743761961,10.743951496497553,Cabana de Bergantiños,Cesullas (Santo Estevo),2,PNOA-2024-GAL-505-4786-H29-NPC01.LAZ
502,4791,0.0,10.730710361400837,10.730710361400837,Ponteceso,Corme Porto (Nosa Señora dos Remedios),1,PNOA-2024-GAL-502-4791-H29-NPC01.LAZ
568,4763,1.085380398182572,9.644069792454149,10.72945019063672,Boimorto,Cardeiro (San Pedro),1,PNOA-2024-GAL-568-4763-H29-NPC01.LAZ
519,4738,0.23565417656762686,10.491556416634161,10.727210593201788,Rois,Ermedelo (San Martiño),2,PNOA-2024-GAL-519-4738-H29-NPC01.LAZ
533,4733,2.7794679297147264,7.946441563786216,10.725909493500943,Padrón,Carcacia (San Pedro),1,PNOA-2024-GAL-533-4733-H29-NPC01.LAZ
553,4742,0.0,10.72463917034858,10.72463917034858,Touro,Foxás (San Breixo),1,PNOA-2024-GAL-553-4742-H29-NPC01.LAZ
526,4785,0.0,10.723643262107668,10.723643262107668,Carballo,Bértoa (Santa María),2,PNOA-2024-GAL-526-4785-H29-NPC01.LAZ
558,4796,0.0,10.72200005187544,10.72200005187544,Bergondo,Guísamo (Santa María),2,PNOA-2024-GAL-558-4796-H29-NPC01.LAZ
506,4780,3.906870367652174,6.784240396367488,10.691110764019662,Cabana de Bergantiños,Anós (Santo Estevo),1,PNOA-2024-GAL-506-4780-H29-NPC01.LAZ
548,4736,0.0,10.690216884170379,10.690216884170379,Vedra,A Ponte Ulla (Santa María Madanela),2,PNOA-2024-GAL-548-4736-H29-NPC01.LAZ
567,4800,4.464681488672348,6.221978748782223,10.686660237454571,Miño,Bemantes (San Tomé),2,PNOA-2024-GAL-567-4800-H29-NPC01.LAZ
551,4796,0.44353743258549294,10.234374573925916,10.67791200651141,Culleredo,Almeiras (San Xián),2,PNOA-2024-GAL-551-4796-H29-NPC01.LAZ
567,4752,0.07472866072765857,10.59517343236194,10.669902093089599,Arzúa,Lema (San Pedro),1,PNOA-2024-GAL-567-4752-H29-NPC01.LAZ
512,4756,0.0,10.669629946499967,10.669629946499967,Negreira,Bugallido (San Pedro),1,PNOA-2024-GAL-512-4756-H29-NPC01.LAZ
545,4746,0.0,10.668399703197364,10.668399703197364,Boqueixón,Vigo (Santa Baia),3,PNOA-2024-GAL-545-4746-H29-NPC01.LAZ
578,4764,0.0,10.664689902529085,10.664689902529085,Sobrado,Nogueira (San Xurxo),2,PNOA-2024-GAL-578-4764-H29-NPC01.LAZ
573,4825,0.0,10.660866401024343,10.660866401024343,San Sadurniño,Santa Mariña do Monte (Santa Mariña),1,PNOA-2024-GAL-573-4825-H29-NPC01.LAZ
537,4738,0.0,10.653231025270689,10.653231025270689,Teo,Lucí (Santa Mariña),1,PNOA-2024-GAL-537-4738-H29-NPC01.LAZ
561,4792,0.6931151132769481,9.958616947426801,10.651732060703749,Betanzos,Piadela (Santo Estevo),2,PNOA-2024-GAL-561-4792-H29-NPC01.LAZ
534,4785,0.0,10.639700984715144,10.639700984715144,A Laracha,Golmar (San Bieito),2,PNOA-2024-GAL-534-4785-H29-NPC01.LAZ
521,4779,2.9394449101847986,7.699838854276292,10.63928376446109,Coristanco,Seavia (San Mamede),1,PNOA-2024-GAL-521-4779-H29-NPC01.LAZ
587,4820,0.0,10.636774790856691,10.636774790856691,As Somozas,As Somozas (Santiago Seré),1,PNOA-2024-GAL-587-4820-H29-NPC01.LAZ
521,4787,0.0,10.631347663828558,10.631347663828558,Carballo,Goiáns (Santo Estevo),2,PNOA-2024-GAL-521-4787-H29-NPC01.LAZ
514,4735,0.8201812640604174,9.809087712410909,10.629268976471327,Lousame,Vilacova (Santa Eulalia),1,PNOA-2024-GAL-514-4735-H29-NPC01.LAZ
558,4793,0.0,10.610650045742933,10.610650045742933,Abegondo,Orto (San Martiño),1,PNOA-2024-GAL-558-4793-H29-NPC01.LAZ
556,4786,0.0,10.600806935402506,10.600806935402506,Abegondo,Abegondo (Santaia),2,PNOA-2024-GAL-556-4786-H29-NPC01.LAZ
573,4749,0.0,10.594794131397533,10.594794131397533,Santiso,San Román (San Pedro),3,PNOA-2024-GAL-573-4749-H29-NPC01.LAZ
551,4739,0.0,10.584423408373404,10.584423408373404,Boqueixón,Pousada (San Lourenzo),2,PNOA-2024-GAL-551-4739-H29-NPC01.LAZ
573,4824,0.0,10.584007539276294,10.584007539276294,San Sadurniño,Santa Mariña do Monte (Santa Mariña),1,PNOA-2024-GAL-573-4824-H29-NPC01.LAZ
573,4781,4.198869435387984,6.379355897690757,10.578225333078741,Oza dos Ríos,Rodeiro (Santa María),1,PNOA-2024-GAL-573-4781-H29-NPC01.LAZ
512,4736,0.0,10.578171296830684,10.578171296830684,Lousame,Lousame (San Xoán),1,PNOA-2024-GAL-512-4736-H29-NPC01.LAZ
535,4783,0.0,10.574844163350976,10.574844163350976,A Laracha,Montemaior (Santa María Madanela),1,PNOA-2024-GAL-535-4783-H29-NPC01.LAZ
582,4835,0.9778994324083149,9.578171063526641,10.556070495934955,Cedeira,Montoxo (San Xiao),1,PNOA-2024-GAL-582-4835-H29-NPC01.LAZ
547,4785,5.1338081853606585,5.412541548437893,10.546349733798552,Cerceda,As Encrobas (San Román),1,PNOA-2024-GAL-547-4785-H29-NPC01.LAZ
579,4812,0.022441935345257985,10.518562465343473,10.541004400688731,A Capela,Capela (Santiago),1,PNOA-2024-GAL-579-4812-H29-NPC01.LAZ
503,4747,0.0,10.538885108255116,10.538885108255116,Outes,Valadares (San Miguel),1,PNOA-2024-GAL-503-4747-H29-NPC01.LAZ
503,4783,2.5404579221722283,7.99833526023491,10.538793182407138,Cabana de Bergantiños,Borneiro (San Xoán),1,PNOA-2024-GAL-503-4783-H29-NPC01.LAZ
545,4777,5.967753241923965,4.569603710755505,10.53735695267947,Ordes,Mercurín (San Clemente),2,PNOA-2024-GAL-545-4777-H29-NPC01.LAZ
518,4752,0.0,10.53640773379747,10.53640773379747,Negreira,Aro (San Vicenzo),2,PNOA-2024-GAL-518-4752-H29-NPC01.LAZ
588,4806,10.535432638512416,0.0,10.535432638512416,As Pontes de García Rodríguez,Bermui (Santiago),1,PNOA-2024-GAL-588-4806-H29-NPC01.LAZ
516,4761,0.0,10.527779114309787,10.527779114309787,A Baña,A Ermida (San Salvador),1,PNOA-2024-GAL-516-4761-H29-NPC01.LAZ
566,4828,0.0,10.523032870878236,10.523032870878236,Valdoviño,Lago (Santiago),2,PNOA-2024-GAL-566-4828-H29-NPC01.LAZ
591,4810,3.0380896326567584,7.477170757444127,10.515260390100885,As Pontes de García Rodríguez,Vilavella (Santa María),1,PNOA-2024-GAL-591-4810-H29-NPC01.LAZ
584,4834,1.058500981083559,9.456069828986069,10.514570810069628,Cedeira,Montoxo (San Xiao),1,PNOA-2024-GAL-584-4834-H29-NPC01.LAZ
507,4737,1.7793291307690693,8.733945417451173,10.513274548220242,Noia,O Obre (Santa Mariña),3,PNOA-2024-GAL-507-4737-H29-NPC01.LAZ
496,4718,0.0,10.513232483111212,10.513232483111212,Porto do Son,San Pedro de Muro (San Pedro),1,PNOA-2024-GAL-496-4718-H29-NPC01.LAZ
557,4778,1.7003297134099027,8.811780254395,10.512109967804903,Cesuras,Loureda (Santo Estevo),2,PNOA-2024-GAL-557-4778-H29-NPC01.LAZ
582,4825,0.0,10.505458248960128,10.505458248960128,Moeche,Labacengos (Santa María),1,PNOA-2024-GAL-582-4825-H29-NPC01.LAZ
500,4769,3.6259034783087842,6.875645002110921,10.501548480419705,Vimianzo,Serramo (San Sebastián),1,PNOA-2024-GAL-500-4769-H29-NPC01.LAZ
575,4795,0.0,10.499904112812937,10.499904112812937,Irixoa,Viña (Santaia),2,PNOA-2024-GAL-575-4795-H29-NPC01.LAZ
587,4822,0.0,10.491744574493003,10.491744574493003,As Somozas,As Somozas (Santiago Seré),2,PNOA-2024-GAL-587-4822-H29-NPC01.LAZ
514,4756,0.0,10.488842405253076,10.488842405253076,A Baña,Corneira (San Cristovo),2,PNOA-2024-GAL-514-4756-H29-NPC01.LAZ
531,4788,0.0,10.486496385902797,10.486496385902797,A Laracha,Cabovilaño (San Román),2,PNOA-2024-GAL-531-4788-H29-NPC01.LAZ
552,4781,0.0,10.47744547033691,10.47744547033691,Carral,Beira (Santa Mariña),1,PNOA-2024-GAL-552-4781-H29-NPC01.LAZ
580,4746,0.0,10.476690632394508,10.476690632394508,Santiso,Barazón (Santa María),1,PNOA-2024-GAL-580-4746-H29-NPC01.LAZ
544,4802,9.437238974162254,1.0297416813194027,10.466980655481656,A Coruña,Visma (San Pedro),1,PNOA-2024-GAL-544-4802-H29-NPC01.LAZ
505,4737,2.8786066448587,7.587139101423579,10.46574574628228,Noia,Boa (San Pedro),2,PNOA-2024-GAL-505-4737-H29-NPC01.LAZ
536,4769,0.0,10.461930374094065,10.461930374094065,Tordoia,Castenda da Torre (Santa María),2,PNOA-2024-GAL-536-4769-H29-NPC01.LAZ
584,4795,0.3230292699161057,10.132920287989116,10.455949557905221,Monfero,O Val de Xestoso (San Pedro),1,PNOA-2024-GAL-584-4795-H29-NPC01.LAZ
502,4778,3.3316956191778098,7.11644838492395,10.44814400410176,Vimianzo,Bamiro (San Amedio)),1,PNOA-2024-GAL-502-4778-H29-NPC01.LAZ
521,4771,0.0,10.444661573721229,10.444661573721229,Santa Comba,Bazar (San Mamede),1,PNOA-2024-GAL-521-4771-H29-NPC01.LAZ
578,4762,0.0,10.434135665464815,10.434135665464815,Sobrado,Nogueira (San Xurxo),2,PNOA-2024-GAL-578-4762-H29-NPC01.LAZ
527,4756,3.4863773166127214,6.945821923911485,10.432199240524206,A Baña,Troitosende (Santa María),1,PNOA-2024-GAL-527-4756-H29-NPC01.LAZ
590,4834,3.543628072681668,6.888379406451905,10.432007479133572,Ortigueira,San Claudio (Santa María),1,PNOA-2024-GAL-590-4834-H29-NPC01.LAZ
547,4780,6.628008806191191,3.7955525925336393,10.42356139872483,Cerceda,As Encrobas (San Román),2,PNOA-2024-GAL-547-4780-H29-NPC01.LAZ
583,4779,0.0,10.419240995653054,10.419240995653054,Curtis,Foxados (Santa María),1,PNOA-2024-GAL-583-4779-H29-NPC01.LAZ
479,4754,0.0,10.417570414294211,10.417570414294211,Fisterra,San Martiño de Duio (San Martiño),1,PNOA-2024-GAL-479-4754-H29-NPC01.LAZ
556,4788,0.0,10.412126522991812,10.412126522991812,Carral,Vigo (San Vicente),1,PNOA-2024-GAL-556-4788-H29-NPC01.LAZ
538,4790,2.7048643245483808,7.7050331659875475,10.40989749053593,Arteixo,Larín (Santo Estevo),3,PNOA-2024-GAL-538-4790-H29-NPC01.LAZ
511,4724,3.1933943540394094,7.212076483599322,10.405470837638731,Boiro,Cespón (San Vicenzo),1,PNOA-2024-GAL-511-4724-H29-NPC01.LAZ
564,4826,0.0,10.404226193708926,10.404226193708926,Valdoviño,Meirás (San Vicente),1,PNOA-2024-GAL-564-4826-H29-NPC01.LAZ
577,4745,0.0,10.402262685650912,10.402262685650912,Santiso,Santaia de Rairiz (Santaia),3,PNOA-2024-GAL-577-4745-H29-NPC01.LAZ
570,4769,0.0,10.397859524536392,10.397859524536392,Vilasantar,Mezonzo (Santa María),1,PNOA-2024-GAL-570-4769-H29-NPC01.LAZ
580,4836,0.0,10.39645391786407,10.39645391786407,Cedeira,San Román de Montoxo (San Román),2,PNOA-2024-GAL-580-4836-H29-NPC01.LAZ
529,4787,0.0,10.394528367763424,10.394528367763424,Carballo,Berdillo (San Lourenzo),2,PNOA-2024-GAL-529-4787-H29-NPC01.LAZ
498,4708,2.967293327350875,7.423161521282582,10.390454848633457,Ribeira,Aguiño (Nosa Señora do Carme),1,PNOA-2024-GAL-498-4708-H29-NPC01.LAZ
583,4780,0.0,10.387109791916213,10.387109791916213,Curtis,Foxados (Santa María),1,PNOA-2024-GAL-583-4780-H29-NPC01.LAZ
565,4800,0.6650304482328085,9.721142348727406,10.386172796960215,Miño,Miño (Santa María),1,PNOA-2024-GAL-565-4800-H29-NPC01.LAZ
584,4802,3.0287809350370534,7.353059809750417,10.381840744787471,Monfero,San Fiz de Monfero (San Fiz),1,PNOA-2024-GAL-584-4802-H29-NPC01.LAZ
523,4787,0.0,10.380249814933396,10.380249814933396,Carballo,Goiáns (Santo Estevo),1,PNOA-2024-GAL-523-4787-H29-NPC01.LAZ
520,4751,0.0,10.378297655715748,10.378297655715748,Negreira,Negreira (San Xián),2,PNOA-2024-GAL-520-4751-H29-NPC01.LAZ
584,4829,0.0,10.377493638827154,10.377493638827154,Cerdido,A Barqueira (Santo Antonio),1,PNOA-2024-GAL-584-4829-H29-NPC01.LAZ
570,4776,0.0,10.376049228911736,10.376049228911736,Curtis,Santa María de Lurdes (Santa María),2,PNOA-2024-GAL-570-4776-H29-NPC01.LAZ
575,4791,0.0,10.372215952242197,10.372215952242197,Irixoa,Verís (Santa María),2,PNOA-2024-GAL-575-4791-H29-NPC01.LAZ
511,4769,0.0,10.367398895563742,10.367398895563742,Santa Comba,Santa Sabiña (San Xulián),2,PNOA-2024-GAL-511-4769-H29-NPC01.LAZ
567,4770,0.0,10.366077640138196,10.366077640138196,Mesía,Cumbraos (Santa María),1,PNOA-2024-GAL-567-4770-H29-NPC01.LAZ
562,4747,0.0,10.365108063407227,10.365108063407227,Touro,Turces (Santa María),2,PNOA-2024-GAL-562-4747-H29-NPC01.LAZ
521,4727,3.21661724910755,7.14465744554514,10.361274694652689,Rianxo,Isorna (Santa María),2,PNOA-2024-GAL-521-4727-H29-NPC01.LAZ
512,4760,0.0,10.356732801655669,10.356732801655669,Santa Comba,Fontecada (San Martiño),3,PNOA-2024-GAL-512-4760-H29-NPC01.LAZ
517,4786,1.9124063641581817,8.443217829312799,10.35562419347098,Coristanco,Verdes (Santo Adrán),1,PNOA-2024-GAL-517-4786-H29-NPC01.LAZ
597,4839,6.196202171490353,4.15630949810273,10.352511669593083,Ortigueira,Ladrido (Santalla),2,PNOA-2024-GAL-597-4839-H29-NPC01.LAZ
580,4832,0.0,10.347670477177008,10.347670477177008,Cerdido,Cerdido (San Martiño),1,PNOA-2024-GAL-580-4832-H29-NPC01.LAZ
508,4792,0.0,10.347483329098601,10.347483329098601,Ponteceso,Brantuas (San Xián),1,PNOA-2024-GAL-508-4792-H29-NPC01.LAZ
518,4756,0.0,10.344651000596297,10.344651000596297,A Baña,A Baña (San Vicenzo),1,PNOA-2024-GAL-518-4756-H29-NPC01.LAZ
541,4772,2.4613836963398543,7.8829430214019816,10.344326717741836,Ordes,Lesta (Santo André),1,PNOA-2024-GAL-541-4772-H29-NPC01.LAZ
497,4762,0.0,10.335296189628771,10.335296189628771,Dumbría,Olveira (San Martiño),1,PNOA-2024-GAL-497-4762-H29-NPC01.LAZ
522,4742,0.6949970770312078,9.638461008778613,10.33345808580982,Rois,Urdilde (Santa María),1,PNOA-2024-GAL-522-4742-H29-NPC01.LAZ
544,4749,6.347749116601196,3.9852453876681997,10.332994504269395,Santiago de Compostela,Sabugueira (San Paio),1,PNOA-2024-GAL-544-4749-H29-NPC01.LAZ
540,4788,0.0,10.330701671518286,10.330701671518286,A Laracha,Soandres (San Pedro),2,PNOA-2024-GAL-540-4788-H29-NPC01.LAZ
572,4785,0.0,10.32841178629065,10.32841178629065,Aranga,San Vicente de Fervenzas (San Vicente),1,PNOA-2024-GAL-572-4785-H29-NPC01.LAZ
557,4772,5.503012038963911,4.825106718019707,10.328118756983617,Frades,Abellá (Santo Estevo),1,PNOA-2024-GAL-557-4772-H29-NPC01.LAZ
533,4735,0.943166194877169,9.382128641275242,10.32529483615241,Padrón,Carcacia (San Pedro),1,PNOA-2024-GAL-533-4735-H29-NPC01.LAZ
517,4778,4.54560237552506,5.777178060012436,10.322780435537496,Coristanco,Ferreira (Santa María),2,PNOA-2024-GAL-517-4778-H29-NPC01.LAZ
583,4786,0.0,10.320930095843293,10.320930095843293,Aranga,Aranga (San Paio),1,PNOA-2024-GAL-583-4786-H29-NPC01.LAZ
555,4762,0.0,10.318945236591984,10.318945236591984,Oroso,Pasarelos (San Román),1,PNOA-2024-GAL-555-4762-H29-NPC01.LAZ
540,4798,3.566531652138143,6.752179658849223,10.318711310987366,Arteixo,Oseiro (San Tirso),2,PNOA-2024-GAL-540-4798-H29-NPC01.LAZ
558,4790,0.0,10.317273439155787,10.317273439155787,Abegondo,Crendes (San Pedro),2,PNOA-2024-GAL-558-4790-H29-NPC01.LAZ
514,4763,0.0,10.316868343176006,10.316868343176006,Santa Comba,Alón (Santa María),1,PNOA-2024-GAL-514-4763-H29-NPC01.LAZ
560,4799,0.0,10.3131987515469,10.3131987515469,Bergondo,Ouces (San Xoán),2,PNOA-2024-GAL-560-4799-H29-NPC01.LAZ
583,4796,4.548516460532271,5.758107405540435,10.306623866072705,Monfero,O Val de Xestoso (San Pedro),1,PNOA-2024-GAL-583-4796-H29-NPC01.LAZ
512,4752,0.0,10.303307035251134,10.303307035251134,Negreira,Xallas (San Pedro),3,PNOA-2024-GAL-512-4752-H29-NPC01.LAZ
515,4774,0.0,10.29393829345716,10.29393829345716,Santa Comba,Grixoa de Esternande (Santa María),1,PNOA-2024-GAL-515-4774-H29-NPC01.LAZ
560,4813,1.5452674284275005,8.747889747384162,10.293157175811663,Mugardos,Meá (San Vicente),2,PNOA-2024-GAL-560-4813-H29-NPC01.LAZ
499,4784,0.0,10.27497413169294,10.27497413169294,Laxe,Serantes (Santa María),2,PNOA-2024-GAL-499-4784-H29-NPC01.LAZ
528,4743,0.0,10.27202266907176,10.27202266907176,Ames,Ortoño (San Xoán),3,PNOA-2024-GAL-528-4743-H29-NPC01.LAZ
579,4788,0.0,10.271078949391992,10.271078949391992,Aranga,Aranga (San Paio),1,PNOA-2024-GAL-579-4788-H29-NPC01.LAZ
540,4757,0.8289741349603977,9.439423683058317,10.268397818018714,Santiago de Compostela,Verdía (Santa Mariña),2,PNOA-2024-GAL-540-4757-H29-NPC01.LAZ
560,4774,0.0,10.25462559587207,10.25462559587207,Mesía,Mesía (San Cristovo),1,PNOA-2024-GAL-560-4774-H29-NPC01.LAZ
536,4776,0.0,10.25321012733895,10.25321012733895,Tordoia,Bardaos (Santa María),2,PNOA-2024-GAL-536-4776-H29-NPC01.LAZ
531,4746,0.5671087479737321,9.67942345495796,10.246532202931691,Ames,Bugallido (San Pedro),3,PNOA-2024-GAL-531-4746-H29-NPC01.LAZ
531,4756,3.35041070956905,6.887937352607187,10.238348062176236,Santiago de Compostela,Santa Cristina de Fecha (Santa Cristina),1,PNOA-2024-GAL-531-4756-H29-NPC01.LAZ
580,4750,10.236603948011247,0.0,10.236603948011247,Melide,Moldes (San Martiño),3,PNOA-2024-GAL-580-4750-H29-NPC01.LAZ
566,4807,0.0,10.23407318558427,10.23407318558427,Pontedeume,Pontedeume (Santiago),3,PNOA-2024-GAL-566-4807-H29-NPC01.LAZ
571,4779,0.030583244291020047,10.197877905201597,10.228461149492617,Curtis,Fisteus (Santa María),2,PNOA-2024-GAL-571-4779-H29-NPC01.LAZ
586,4800,0.9333128388725698,9.289556608111482,10.222869446984053,Monfero,O Alto de Xestoso (Santa María),1,PNOA-2024-GAL-586-4800-H29-NPC01.LAZ
580,4752,2.521348002344773,7.701416076506401,10.222764078851174,Melide,Melide (San Pedro),2,PNOA-2024-GAL-580-4752-H29-NPC01.LAZ
514,4733,0.012015081299455933,10.209944414740354,10.22195949603981,Lousame,Vilacova (Santa Eulalia),2,PNOA-2024-GAL-514-4733-H29-NPC01.LAZ
580,4771,0.0,10.220379039533816,10.220379039533816,Sobrado,Grixalba (San Xiao),3,PNOA-2024-GAL-580-4771-H29-NPC01.LAZ
566,4800,1.5469633165908931,8.668188451729913,10.215151768320807,Miño,Bemantes (San Tomé),1,PNOA-2024-GAL-566-4800-H29-NPC01.LAZ
585,4765,0.0,10.211997723027569,10.211997723027569,Sobrado,Codesoso (San Miguel),2,PNOA-2024-GAL-585-4765-H29-NPC01.LAZ
530,4740,0.14435985445337846,10.066015015657754,10.210374870111133,Teo,Calo (San Xoán),2,PNOA-2024-GAL-530-4740-H29-NPC01.LAZ
568,4775,0.0,10.205269861981778,10.205269861981778,Curtis,Santa María de Lurdes (Santa María),2,PNOA-2024-GAL-568-4775-H29-NPC01.LAZ
524,4754,0.1799891263297333,10.019395539989336,10.19938466631907,A Baña,Fiopáns (San Pedro),1,PNOA-2024-GAL-524-4754-H29-NPC01.LAZ
558,4769,4.7734534841470975,5.4249237355080675,10.198377219655164,Frades,Papucín (Santa María),1,PNOA-2024-GAL-558-4769-H29-NPC01.LAZ
549,4766,0.26843466105895564,9.928531189422143,10.1969658504811,Ordes,Pereira (Santaia),1,PNOA-2024-GAL-549-4766-H29-NPC01.LAZ
574,4813,1.420501366044931,8.768812570441986,10.189313936486917,A Capela,Cabalar (Santa María),1,PNOA-2024-GAL-574-4813-H29-NPC01.LAZ
512,4755,0.0,10.187214577832462,10.187214577832462,Negreira,Bugallido (San Pedro),2,PNOA-2024-GAL-512-4755-H29-NPC01.LAZ
547,4778,1.730097119282715,8.451453374190052,10.181550493472766,Ordes,Ardemil (San Pedro),3,PNOA-2024-GAL-547-4778-H29-NPC01.LAZ
536,4760,1.2602632078031188,8.917375627037003,10.177638834840122,Trazo,Xavestre (San Cristovo),2,PNOA-2024-GAL-536-4760-H29-NPC01.LAZ
498,4709,0.677513216055621,9.490704097738496,10.168217313794116,Ribeira,Aguiño (Nosa Señora do Carme),2,PNOA-2024-GAL-498-4709-H29-NPC01.LAZ
548,4783,2.3608454055250157,7.797575122293902,10.158420527818919,Cerceda,As Encrobas (San Román),1,PNOA-2024-GAL-548-4783-H29-NPC01.LAZ
543,4739,0.0,10.157472598262707,10.157472598262707,Boqueixón,Lestedo (Santa María),1,PNOA-2024-GAL-543-4739-H29-NPC01.LAZ
535,4788,0.0,10.156200810763083,10.156200810763083,A Laracha,Lestón (San Martiño),4,PNOA-2024-GAL-535-4788-H29-NPC01.LAZ
584,4818,0.0,10.154891524141155,10.154891524141155,As Somozas,Recemel (Santa María),1,PNOA-2024-GAL-584-4818-H29-NPC01.LAZ
572,4796,0.0,10.154813818867062,10.154813818867062,Irixoa,Ambroa (San Tirso),1,PNOA-2024-GAL-572-4796-H29-NPC01.LAZ
548,4795,10.152638309300597,0.0,10.152638309300597,Culleredo,Culleredo (Santo Estevo),2,PNOA-2024-GAL-548-4795-H29-NPC01.LAZ
511,4741,0.0,10.145213952830364,10.145213952830364,Noia,Roo (Santa María),1,PNOA-2024-GAL-511-4741-H29-NPC01.LAZ
484,4755,2.4666116849324076,7.675205507620427,10.141817192552834,Corcubión,Corcubión (San Marcos),1,PNOA-2024-GAL-484-4755-H29-NPC01.LAZ
500,4778,8.543857251113595,1.5968390520686466,10.140696303182242,Vimianzo,Salto (Santa María),1,PNOA-2024-GAL-500-4778-H29-NPC01.LAZ
493,4766,0.15797299095140177,9.976110008974969,10.13408299992637,Vimianzo,Berdoias (San Pedro),1,PNOA-2024-GAL-493-4766-H29-NPC01.LAZ
511,4762,0.0,10.131177728341733,10.131177728341733,Santa Comba,Mallón (San Cristovo),1,PNOA-2024-GAL-511-4762-H29-NPC01.LAZ
536,4754,3.898730050021387,6.228970399005999,10.127700449027387,Santiago de Compostela,A Peregrina (Santa María),2,PNOA-2024-GAL-536-4754-H29-NPC01.LAZ
524,4732,2.3435842076392452,7.7724965070211525,10.116080714660399,Dodro,Laíño (San Xián),1,PNOA-2024-GAL-524-4732-H29-NPC01.LAZ
578,4757,7.846400068821046,2.2682405206024905,10.114640589423537,Melide,Pedrouzos (Santa Mariña),3,PNOA-2024-GAL-578-4757-H29-NPC01.LAZ
527,4793,0.0,10.11406603372652,10.11406603372652,Carballo,Lema (San Cristovo),3,PNOA-2024-GAL-527-4793-H29-NPC01.LAZ
578,4836,4.015441426130573,6.096173151006421,10.111614577136994,Cedeira,Régoa (Santa María),2,PNOA-2024-GAL-578-4836-H29-NPC01.LAZ
542,4746,4.624759494590324,5.486851461024019,10.111610955614342,Santiago de Compostela,Aríns (San Martiño),1,PNOA-2024-GAL-542-4746-H29-NPC01.LAZ
565,4749,0.9396064848440169,9.163770439327909,10.103376924171926,Arzúa,Pantiñobre (Santo Estevo),2,PNOA-2024-GAL-565-4749-H29-NPC01.LAZ
510,4759,0.0,10.103152623305478,10.103152623305478,Santa Comba,Fontecada (San Martiño),2,PNOA-2024-GAL-510-4759-H29-NPC01.LAZ
583,4755,10.010438003228986,0.0827255854928898,10.093163588721875,Melide,Abeancos (San Salvador),2,PNOA-2024-GAL-583-4755-H29-NPC01.LAZ
547,4745,0.0,10.09294142274813,10.09294142274813,Boqueixón,Gastrar (Santa Mariña),1,PNOA-2024-GAL-547-4745-H29-NPC01.LAZ
508,4749,0.0,10.0923760879849,10.0923760879849,Outes,Santo Ourente de Entíns (Santo Ourente),1,PNOA-2024-GAL-508-4749-H29-NPC01.LAZ
518,4747,0.0,10.090854871035058,10.090854871035058,Negreira,Liñaio (San Martiño),1,PNOA-2024-GAL-518-4747-H29-NPC01.LAZ
541,4792,2.662305113337681,7.4282375095409074,10.090542622878589,Arteixo,Loureda (Santa María),1,PNOA-2024-GAL-541-4792-H29-NPC01.LAZ
532,4796,0.0,10.086326170433175,10.086326170433175,A Laracha,Caión (Santa María do Socorro),1,PNOA-2024-GAL-532-4796-H29-NPC01.LAZ
506,4746,0.0,10.08509382301857,10.08509382301857,Outes,Outes (San Pedro),2,PNOA-2024-GAL-506-4746-H29-NPC01.LAZ
524,4748,0.8078318935043046,9.274440314061671,10.082272207565977,Ames,Agrón (San Lourenzo),1,PNOA-2024-GAL-524-4748-H29-NPC01.LAZ
569,4755,1.1520340193548109,8.92407394833518,10.07610796768999,Arzúa,Santa María da Arzúa (Santa María),2,PNOA-2024-GAL-569-4755-H29-NPC01.LAZ
578,4763,0.0,10.072761923501929,10.072761923501929,Sobrado,Nogueira (San Xurxo),1,PNOA-2024-GAL-578-4763-H29-NPC01.LAZ
550,4785,0.0,10.071576756596993,10.071576756596993,Carral,Quembre (San Pedro),1,PNOA-2024-GAL-550-4785-H29-NPC01.LAZ
554,4761,0.0,10.06950499463594,10.06950499463594,Oroso,Os Ánxeles (San Mamede),2,PNOA-2024-GAL-554-4761-H29-NPC01.LAZ
579,4797,0.0,10.068841609574529,10.068841609574529,Monfero,Santa Xiá de Monfero (Santa Xiá),2,PNOA-2024-GAL-579-4797-H29-NPC01.LAZ
580,4769,0.0,10.065130832278875,10.065130832278875,Sobrado,Cumbraos (San Xiao),1,PNOA-2024-GAL-580-4769-H29-NPC01.LAZ
537,4742,0.0,10.051708530878043,10.051708530878043,Teo,Cacheiras (San Simón de Ons),1,PNOA-2024-GAL-537-4742-H29-NPC01.LAZ
481,4755,0.5561261294929234,9.49255148521488,10.048677614707804,Fisterra,Sardiñeiro (San Xoán),1,PNOA-2024-GAL-481-4755-H29-NPC01.LAZ
523,4768,0.0,10.043409579519933,10.043409579519933,Santa Comba,Vilamaior (Santa María),2,PNOA-2024-GAL-523-4768-H29-NPC01.LAZ
520,4779,1.5528146746051856,8.488948135005957,10.041762809611143,Coristanco,Seavia (San Mamede),1,PNOA-2024-GAL-520-4779-H29-NPC01.LAZ
577,4797,10.038723481606624,0.0,10.038723481606624,Monfero,San Fiz de Monfero (San Fiz),1,PNOA-2024-GAL-577-4797-H29-NPC01.LAZ
494,4748,0.0,10.034222585102222,10.034222585102222,Carnota,San Mamede de Carnota (San Mamede),1,PNOA-2024-GAL-494-4748-H29-NPC01.LAZ
550,4742,0.0,10.031855478894043,10.031855478894043,Touro,San Miguel de Vilar (San Miguel),1,PNOA-2024-GAL-550-4742-H29-NPC01.LAZ
581,4806,10.030815123407828,0.0,10.030815123407828,As Pontes de García Rodríguez,San Pedro de Eume (San Pedro),1,PNOA-2024-GAL-581-4806-H29-NPC01.LAZ
569,4804,0.0,10.026710314038743,10.026710314038743,Vilarmaior,Doroña (Santa María),1,PNOA-2024-GAL-569-4804-H29-NPC01.LAZ
551,4747,0.0,10.016788828309885,10.016788828309885,Touro,Bama (San Vicenzo),1,PNOA-2024-GAL-551-4747-H29-NPC01.LAZ
514,4734,8.854800510069218,1.1606640336922238,10.015464543761443,Lousame,Vilacova (Santa Eulalia),1,PNOA-2024-GAL-514-4734-H29-NPC01.LAZ
518,4751,0.0,10.014809938150552,10.014809938150552,Negreira,Aro (San Vicenzo),4,PNOA-2024-GAL-518-4751-H29-NPC01.LAZ
558,4795,0.0,10.014397555160361,10.014397555160361,Bergondo,Guísamo (Santa María),1,PNOA-2024-GAL-558-4795-H29-NPC01.LAZ
498,4739,0.0,10.012729227181994,10.012729227181994,Muros,Abelleira (Santo Estevo),2,PNOA-2024-GAL-498-4739-H29-NPC01.LAZ
576,4835,0.47376914548027976,9.529922445208195,10.003691590688474,Cedeira,Cedeira (Santa María do Mar),2,PNOA-2024-GAL-576-4835-H29-NPC01.LAZ
535,4741,0.0,10.002808134638004,10.002808134638004,Teo,Recesende (San Xoán),2,PNOA-2024-GAL-535-4741-H29-NPC01.LAZ
577,4761,0.5191099310431531,9.483284112947123,10.002394043990275,Boimorto,Rodieiros (San Simón),1,PNOA-2024-GAL-577-4761-H29-NPC01.LAZ
511,4780,1.9139387632759344,8.087171550084518,10.001110313360453,Cabana de Bergantiños,Nantón (San Pedro),2,PNOA-2024-GAL-511-4780-H29-NPC01.LAZ
512,4770,0.0,9.99469253939334,9.99469253939334,Santa Comba,Santa Sabiña (San Xulián),1,PNOA-2024-GAL-512-4770-H29-NPC01.LAZ
514,4780,3.6213892385931725,6.371160420459487,9.99254965905266,Coristanco,Agualada (San Lourenzo),1,PNOA-2024-GAL-514-4780-H29-NPC01.LAZ
559,4747,0.0,9.991212336997808,9.991212336997808,Touro,Andeade (Santiago),1,PNOA-2024-GAL-559-4747-H29-NPC01.LAZ
548,4777,0.0,9.989494925306463,9.989494925306463,Ordes,Leira (Santa María),2,PNOA-2024-GAL-548-4777-H29-NPC01.LAZ
513,4755,0.0,9.988595533431537,9.988595533431537,Negreira,Landeira (Santo Estevo),2,PNOA-2024-GAL-513-4755-H29-NPC01.LAZ
585,4826,0.0,9.988500243558319,9.988500243558319,Moeche,Labacengos (Santa María),1,PNOA-2024-GAL-585-4826-H29-NPC01.LAZ
583,4811,9.839508464343993,0.14361834147010266,9.983126805814095,As Pontes de García Rodríguez,Goente (San Martiño),1,PNOA-2024-GAL-583-4811-H29-NPC01.LAZ
515,4770,0.0,9.981641293406689,9.981641293406689,Santa Comba,San Salvador de Padreiro (San Salvador),1,PNOA-2024-GAL-515-4770-H29-NPC01.LAZ
546,4747,0.0,9.981358296569157,9.981358296569157,Boqueixón,Loureda (San Pedro),1,PNOA-2024-GAL-546-4747-H29-NPC01.LAZ
564,4810,4.709347567226391,5.271032218516493,9.980379785742883,Mugardos,Piñeiro (San Xoán),2,PNOA-2024-GAL-564-4810-H29-NPC01.LAZ
567,4787,5.317043776198221,4.6632271953442395,9.98027097154246,Oza dos Ríos,Oza (San Pedro),2,PNOA-2024-GAL-567-4787-H29-NPC01.LAZ
574,4823,0.0,9.977812125433264,9.977812125433264,San Sadurniño,San Sadurniño (Santa María),1,PNOA-2024-GAL-574-4823-H29-NPC01.LAZ
546,4753,0.07819232548354614,9.891952779109472,9.970145104593017,Santiago de Compostela,O Carballal (San Xulián),1,PNOA-2024-GAL-546-4753-H29-NPC01.LAZ
510,4745,0.0,9.96647819158865,9.96647819158865,Outes,Cando (San Tirso),1,PNOA-2024-GAL-510-4745-H29-NPC01.LAZ
552,4741,0.0,9.959253426996671,9.959253426996671,Touro,Foxás (San Breixo),2,PNOA-2024-GAL-552-4741-H29-NPC01.LAZ
548,4747,0.0,9.959096770148033,9.959096770148033,Boqueixón,Loureda (San Pedro),1,PNOA-2024-GAL-548-4747-H29-NPC01.LAZ
579,4792,0.0,9.95816614849523,9.95816614849523,Irixoa,Verís (Santa María),1,PNOA-2024-GAL-579-4792-H29-NPC01.LAZ
580,4795,1.0106627304270432,8.944357766610949,9.955020497037992,Monfero,Santa Xiá de Monfero (Santa Xiá),1,PNOA-2024-GAL-580-4795-H29-NPC01.LAZ
569,4793,3.5119797166628675,6.439147320787348,9.951127037450215,Paderne,San Xulián de Vigo (San Xulián),3,PNOA-2024-GAL-569-4793-H29-NPC01.LAZ
545,4765,0.4489628793401129,9.501321048192427,9.95028392753254,Oroso,Trasmonte (Santo Estevo),2,PNOA-2024-GAL-545-4765-H29-NPC01.LAZ
514,4741,0.8583865949153742,9.091335383469387,9.949721978384762,Lousame,Toxos Outos (San Xusto),1,PNOA-2024-GAL-514-4741-H29-NPC01.LAZ
521,4731,0.0790903089041448,9.867017310791178,9.946107619695322,Dodro,San Xoán de Laíño (San Xoán),1,PNOA-2024-GAL-521-4731-H29-NPC01.LAZ
522,4753,1.316517796889486,8.625804320852373,9.942322117741858,A Baña,Sanamede do Monte (San Mamede),1,PNOA-2024-GAL-522-4753-H29-NPC01.LAZ
584,4799,2.4445723523621035,7.492741313946993,9.937313666309096,Monfero,O Val de Xestoso (San Pedro),1,PNOA-2024-GAL-584-4799-H29-NPC01.LAZ
578,4747,0.0,9.934779110294624,9.934779110294624,Santiso,Serantes (Santaia),2,PNOA-2024-GAL-578-4747-H29-NPC01.LAZ
562,4797,0.0,9.934755503195518,9.934755503195518,Bergondo,Bergondo (San Salvador),2,PNOA-2024-GAL-562-4797-H29-NPC01.LAZ
567,4786,2.067188487628578,7.859204915035038,9.926393402663617,Oza dos Ríos,Oza (San Pedro),3,PNOA-2024-GAL-567-4786-H29-NPC01.LAZ
591,4831,2.237538441485781,7.68590747814054,9.923445919626321,Ortigueira,O Ermo (San Xulián),2,PNOA-2024-GAL-591-4831-H29-NPC01.LAZ
522,4728,6.422249008402892,3.4968714271782173,9.919120435581108,Dodro,San Xoán de Laíño (San Xoán),1,PNOA-2024-GAL-522-4728-H29-NPC01.LAZ
579,4757,6.892215675818762,3.0260669595752105,9.918282635393972,Melide,Gondollín (San Martiño),2,PNOA-2024-GAL-579-4757-H29-NPC01.LAZ
525,4793,0.0,9.915964987364148,9.915964987364148,Carballo,Lema (San Cristovo),1,PNOA-2024-GAL-525-4793-H29-NPC01.LAZ
528,4786,0.0,9.913386890074875,9.913386890074875,Carballo,Berdillo (San Lourenzo),1,PNOA-2024-GAL-528-4786-H29-NPC01.LAZ
536,4774,0.0,9.91225060957596,9.91225060957596,Tordoia,Bardaos (Santa María),2,PNOA-2024-GAL-536-4774-H29-NPC01.LAZ
585,4815,8.09720176031481,1.8144537486417829,9.911655508956594,As Pontes de García Rodríguez,Espiñaredo (Santa María),3,PNOA-2024-GAL-585-4815-H29-NPC01.LAZ
568,4747,0.30762284104831966,9.60271980835596,9.91034264940428,Arzúa,Viñós (San Pedro),1,PNOA-2024-GAL-568-4747-H29-NPC01.LAZ
532,4786,0.0,9.904553796511879,9.904553796511879,A Laracha,Vilaño (Santiago),1,PNOA-2024-GAL-532-4786-H29-NPC01.LAZ
513,4780,2.341848800794783,7.5596018731840315,9.901450673978815,Cabana de Bergantiños,Riobó (San Martiño),1,PNOA-2024-GAL-513-4780-H29-NPC01.LAZ
516,4754,0.0,9.901032149945479,9.901032149945479,Negreira,Broño (San Martiño),2,PNOA-2024-GAL-516-4754-H29-NPC01.LAZ
532,4744,2.6250087136861904,7.275199108583318,9.900207822269508,Ames,Biduído (Santa María),2,PNOA-2024-GAL-532-4744-H29-NPC01.LAZ
543,4796,6.559796443380931,3.339744373976294,9.899540817357224,Arteixo,Morás (Santo Estevo),2,PNOA-2024-GAL-543-4796-H29-NPC01.LAZ
554,4786,0.0,9.897783984666859,9.897783984666859,Abegondo,Figueroa (San Miguel),2,PNOA-2024-GAL-554-4786-H29-NPC01.LAZ
554,4748,0.0,9.897742203844441,9.897742203844441,Touro,Loxo (Santa María),1,PNOA-2024-GAL-554-4748-H29-NPC01.LAZ
501,4748,0.0,9.889702645858188,9.889702645858188,Outes,Valadares (San Miguel),1,PNOA-2024-GAL-501-4748-H29-NPC01.LAZ
504,4735,0.0,9.887855426850521,9.887855426850521,Porto do Son,Miñortos (San Martiño),2,PNOA-2024-GAL-504-4735-H29-NPC01.LAZ
512,4769,0.0,9.887478510696628,9.887478510696628,Santa Comba,Santa Sabiña (San Xulián),1,PNOA-2024-GAL-512-4769-H29-NPC01.LAZ
534,4774,0.0,9.880785654863299,9.880785654863299,Tordoia,Tordoia (San Xoán),2,PNOA-2024-GAL-534-4774-H29-NPC01.LAZ
522,4740,1.94563024641506,7.928040147040037,9.873670393455097,Rois,Augasantas (San Vicente),1,PNOA-2024-GAL-522-4740-H29-NPC01.LAZ
522,4756,0.5171896731621926,9.355572878461814,9.872762551624007,A Baña,Sanamede do Monte (San Mamede),2,PNOA-2024-GAL-522-4756-H29-NPC01.LAZ
560,4771,0.0,9.86480138450996,9.86480138450996,Mesía,Xanceda (San Salvador),1,PNOA-2024-GAL-560-4771-H29-NPC01.LAZ
509,4725,4.785139843751798,5.079531971292805,9.864671815044602,Boiro,Boiro (Santa Baia),3,PNOA-2024-GAL-509-4725-H29-NPC01.LAZ
518,4783,2.484999809383789,7.375183302630626,9.860183112014415,Coristanco,Coristanco (San Paio),2,PNOA-2024-GAL-518-4783-H29-NPC01.LAZ
563,4777,7.883995330549258,1.9752546560734334,9.859249986622691,Cesuras,Borrifáns (San Pedro),1,PNOA-2024-GAL-563-4777-H29-NPC01.LAZ
535,4735,0.0,9.857035971807559,9.857035971807559,Teo,Reis (San Cristovo),1,PNOA-2024-GAL-535-4735-H29-NPC01.LAZ
574,4749,0.0,9.85173646905247,9.85173646905247,Santiso,Pezobre (San Cristovo),2,PNOA-2024-GAL-574-4749-H29-NPC01.LAZ
555,4775,0.0,9.84774459764476,9.84774459764476,Mesía,Olás (San Lourenzo),2,PNOA-2024-GAL-555-4775-H29-NPC01.LAZ
582,4831,0.0,9.847534913095263,9.847534913095263,Cerdido,Cerdido (San Martiño),1,PNOA-2024-GAL-582-4831-H29-NPC01.LAZ
546,4801,4.14179868277556,5.7027683621308265,9.844567044906388,A Coruña,Visma (San Pedro),3,PNOA-2024-GAL-546-4801-H29-NPC01.LAZ
562,4796,0.0,9.839264684623423,9.839264684623423,Bergondo,Bergondo (San Salvador),2,PNOA-2024-GAL-562-4796-H29-NPC01.LAZ
539,4776,2.28948527857374,7.543076523091371,9.832561801665111,Cerceda,Rodís (San Martiño),2,PNOA-2024-GAL-539-4776-H29-NPC01.LAZ
572,4790,0.0,9.812504676556095,9.812504676556095,Irixoa,Coruxou (San Salvador),1,PNOA-2024-GAL-572-4790-H29-NPC01.LAZ
543,4792,5.348001297220043,4.461707436937232,9.809708734157276,Arteixo,Morás (Santo Estevo),1,PNOA-2024-GAL-543-4792-H29-NPC01.LAZ
526,4788,0.0,9.806840636003338,9.806840636003338,Carballo,Bértoa (Santa María),1,PNOA-2024-GAL-526-4788-H29-NPC01.LAZ
567,4747,0.7947290161787831,9.01121767382212,9.805946690000903,Arzúa,Viñós (San Pedro),1,PNOA-2024-GAL-567-4747-H29-NPC01.LAZ
524,4734,1.9461480339524444,7.859356044161941,9.805504078114385,Dodro,Laíño (San Xián),2,PNOA-2024-GAL-524-4734-H29-NPC01.LAZ
477,4753,0.0,9.803291441491288,9.803291441491288,Fisterra,San Martiño de Duio (San Martiño),2,PNOA-2024-GAL-477-4753-H29-NPC01.LAZ
547,4744,0.0,9.797570846199463,9.797570846199463,Boqueixón,Gastrar (Santa Mariña),1,PNOA-2024-GAL-547-4744-H29-NPC01.LAZ
562,4760,2.2951952555473194,7.498728183416536,9.793923438963855,Arzúa,Campo (Santo Estevo),1,PNOA-2024-GAL-562-4760-H29-NPC01.LAZ
545,4783,8.651340177883968,1.14035122469479,9.791691402578758,Cerceda,As Encrobas (San Román),2,PNOA-2024-GAL-545-4783-H29-NPC01.LAZ
532,4772,0.0,9.786735287409199,9.786735287409199,Tordoia,A Vila de Abade (San Cibrán),1,PNOA-2024-GAL-532-4772-H29-NPC01.LAZ
534,4779,0.9014366097841514,8.88414633783508,9.78558294761923,Cerceda,Rodís (San Martiño),1,PNOA-2024-GAL-534-4779-H29-NPC01.LAZ
579,4782,0.0,9.785017514028338,9.785017514028338,Curtis,Curtis (Santaia),2,PNOA-2024-GAL-579-4782-H29-NPC01.LAZ
532,4779,0.0,9.776987975107884,9.776987975107884,Carballo,Sofán (San Salvador),2,PNOA-2024-GAL-532-4779-H29-NPC01.LAZ
527,4739,5.830392559691142,3.946203538115636,9.776596097806777,Rois,Ribasar (Santa María),2,PNOA-2024-GAL-527-4739-H29-NPC01.LAZ
526,4737,1.0797130100942642,8.694702805898046,9.774415815992311,Rois,Sorribas (San Tomé),2,PNOA-2024-GAL-526-4737-H29-NPC01.LAZ
493,4742,0.0,9.76401677140803,9.76401677140803,Carnota,Santa Comba de Carnota (Santa Comba),1,PNOA-2024-GAL-493-4742-H29-NPC01.LAZ
538,4743,4.079261958089,5.684449596647059,9.763711554736059,Teo,Cacheiras (San Simón de Ons),2,PNOA-2024-GAL-538-4743-H29-NPC01.LAZ
519,4754,0.0,9.763169045926906,9.763169045926906,A Baña,Barcala (San Xoán),2,PNOA-2024-GAL-519-4754-H29-NPC01.LAZ
509,4733,0.0,9.744532231593993,9.744532231593993,Lousame,Tállara (San Pedro),1,PNOA-2024-GAL-509-4733-H29-NPC01.LAZ
564,4800,0.005615093201205765,9.733753618969596,9.739368712170801,Miño,Miño (Santa María),1,PNOA-2024-GAL-564-4800-H29-NPC01.LAZ
518,4732,1.0084465402931433,8.73019000553844,9.738636545831582,Rianxo,O Araño (Santa Baia),2,PNOA-2024-GAL-518-4732-H29-NPC01.LAZ
521,4748,0.0,9.731220346435473,9.731220346435473,Brión,Viceso (Santa María),1,PNOA-2024-GAL-521-4748-H29-NPC01.LAZ
569,4802,3.6900747880570406,6.040476875318066,9.730551663375106,Vilarmaior,Doroña (Santa María),3,PNOA-2024-GAL-569-4802-H29-NPC01.LAZ
568,4829,0.0,9.727321603650816,9.727321603650816,Valdoviño,Valdoviño (Santalla),1,PNOA-2024-GAL-568-4829-H29-NPC01.LAZ
496,4758,0.0,9.724123034959728,9.724123034959728,Dumbría,Olveiroa (Santiago),1,PNOA-2024-GAL-496-4758-H29-NPC01.LAZ
523,4752,0.0,9.72246779377873,9.72246779377873,Negreira,Portor (Santa María),1,PNOA-2024-GAL-523-4752-H29-NPC01.LAZ
566,4747,0.0,9.706467283746475,9.706467283746475,Arzúa,Tronceda (Santa María),3,PNOA-2024-GAL-566-4747-H29-NPC01.LAZ
493,4743,0.0,9.705468492895339,9.705468492895339,Carnota,Santa Comba de Carnota (Santa Comba),2,PNOA-2024-GAL-493-4743-H29-NPC01.LAZ
528,4746,0.997210715945791,8.702263600535403,9.699474316481194,Ames,Ortoño (San Xoán),1,PNOA-2024-GAL-528-4746-H29-NPC01.LAZ
559,4789,0.0,9.69808070349275,9.69808070349275,Abegondo,Mabegondo (San Tirso),1,PNOA-2024-GAL-559-4789-H29-NPC01.LAZ
546,4776,1.4269023239101695,8.266041057867678,9.692943381777848,Ordes,Mercurín (San Clemente),1,PNOA-2024-GAL-546-4776-H29-NPC01.LAZ
512,4779,4.144636755272018,5.539143280987529,9.683780036259547,Cabana de Bergantiños,Nantón (San Pedro),1,PNOA-2024-GAL-512-4779-H29-NPC01.LAZ
561,4756,1.3791703003949447,8.304499990779293,9.683670291174238,Arzúa,Oíns (San Cosme),1,PNOA-2024-GAL-561-4756-H29-NPC01.LAZ
558,4798,0.0,9.682312039364747,9.682312039364747,Bergondo,Lubre (San Xoán),1,PNOA-2024-GAL-558-4798-H29-NPC01.LAZ
550,4780,1.1539862229181055,8.528281286518416,9.682267509436521,Ordes,Ardemil (San Pedro),3,PNOA-2024-GAL-550-4780-H29-NPC01.LAZ
587,4827,0.0,9.672299220230826,9.672299220230826,Cerdido,Os Casás (San Xoán),1,PNOA-2024-GAL-587-4827-H29-NPC01.LAZ
506,4727,1.7240777212042053,7.943989722305545,9.66806744350975,Boiro,Cures (Santo André),1,PNOA-2024-GAL-506-4727-H29-NPC01.LAZ
575,4776,0.0,9.662587063763311,9.662587063763311,Curtis,Curtis (Santaia),1,PNOA-2024-GAL-575-4776-H29-NPC01.LAZ
604,4842,0.0,9.661968351496672,9.661968351496672,Mañón,Mogor (Santa María),2,PNOA-2024-GAL-604-4842-H29-NPC01.LAZ
540,4740,0.0,9.658953619989322,9.658953619989322,Vedra,Illobre (Santo André),3,PNOA-2024-GAL-540-4740-H29-NPC01.LAZ
491,4746,0.0,9.656142302723726,9.656142302723726,Carnota,San Mamede de Carnota (San Mamede),1,PNOA-2024-GAL-491-4746-H29-NPC01.LAZ
530,4749,0.0,9.654916975029378,9.654916975029378,Ames,Covas (Santo Estevo),1,PNOA-2024-GAL-530-4749-H29-NPC01.LAZ
493,4744,0.0,9.650894070163037,9.650894070163037,Carnota,San Mamede de Carnota (San Mamede),1,PNOA-2024-GAL-493-4744-H29-NPC01.LAZ
576,4757,6.452201510903099,3.193590190090631,9.64579170099373,Melide,Maceda (San Pedro),2,PNOA-2024-GAL-576-4757-H29-NPC01.LAZ
547,4771,0.0,9.642489157875072,9.642489157875072,Ordes,Ordes (Santa María),1,PNOA-2024-GAL-547-4771-H29-NPC01.LAZ
517,4771,0.0,9.640274661601183,9.640274661601183,Santa Comba,Xallas de Castriz (San Pedro),1,PNOA-2024-GAL-517-4771-H29-NPC01.LAZ
524,4738,0.14856891250203397,9.484299359860126,9.63286827236216,Rois,Costa (San Miguel),1,PNOA-2024-GAL-524-4738-H29-NPC01.LAZ
569,4769,0.0,9.628436319127543,9.628436319127543,Vilasantar,Mezonzo (Santa María),2,PNOA-2024-GAL-569-4769-H29-NPC01.LAZ
574,4772,0.0,9.628215513746806,9.628215513746806,Vilasantar,San Vicenzo de Curtis (San Vicenzo),1,PNOA-2024-GAL-574-4772-H29-NPC01.LAZ
547,4766,2.1702376183566736,7.455251827377268,9.62548944573394,Ordes,Santa Cruz de Montaos (Santa Cruz),1,PNOA-2024-GAL-547-4766-H29-NPC01.LAZ
540,4756,1.204647740809053,8.418687805110249,9.623335545919302,Santiago de Compostela,Verdía (Santa Mariña),2,PNOA-2024-GAL-540-4756-H29-NPC01.LAZ
563,4797,0.0,9.622271765883408,9.622271765883408,Bergondo,Bergondo (San Salvador),2,PNOA-2024-GAL-563-4797-H29-NPC01.LAZ
505,4720,0.0,9.621380362412431,9.621380362412431,A Pobra do Caramiñal,Posmarcos (Santo Isidro),1,PNOA-2024-GAL-505-4720-H29-NPC01.LAZ
549,4762,1.5302087972514695,8.090435618562557,9.620644415814027,Ordes,Beán (Santa María),1,PNOA-2024-GAL-549-4762-H29-NPC01.LAZ
495,4781,0.0,9.620314791683652,9.620314791683652,Laxe,Traba (Santiago),1,PNOA-2024-GAL-495-4781-H29-NPC01.LAZ
532,4735,0.43276165848439513,9.185519397240107,9.618281055724502,Padrón,Carcacia (San Pedro),1,PNOA-2024-GAL-532-4735-H29-NPC01.LAZ
516,4769,0.0,9.610347385732835,9.610347385732835,Santa Comba,San Salvador de Padreiro (San Salvador),2,PNOA-2024-GAL-516-4769-H29-NPC01.LAZ
534,4784,0.0,9.599388630452168,9.599388630452168,A Laracha,Montemaior (Santa María Madanela),1,PNOA-2024-GAL-534-4784-H29-NPC01.LAZ
534,4778,0.0,9.599126143902476,9.599126143902476,Tordoia,Andoio (San Mamede),2,PNOA-2024-GAL-534-4778-H29-NPC01.LAZ
596,4840,2.8120303676172043,6.786590062227021,9.598620429844225,Ortigueira,Ladrido (Santalla),2,PNOA-2024-GAL-596-4840-H29-NPC01.LAZ
532,4781,0.0,9.596960019077372,9.596960019077372,A Laracha,Montemaior (Santa María Madanela),2,PNOA-2024-GAL-532-4781-H29-NPC01.LAZ
596,4836,9.595893392645133,0.0,9.595893392645133,Ortigueira,Couzadoiro (San Cristovo),1,PNOA-2024-GAL-596-4836-H29-NPC01.LAZ
479,4757,0.0,9.595045974966938,9.595045974966938,Fisterra,Sardiñeiro (San Xoán),1,PNOA-2024-GAL-479-4757-H29-NPC01.LAZ
520,4738,2.1169285493481427,7.472045361217841,9.588973910565983,Rois,Augasantas (San Vicente),3,PNOA-2024-GAL-520-4738-H29-NPC01.LAZ
524,4756,0.0,9.585162872946594,9.585162872946594,A Baña,Lañas (Santa Baia),1,PNOA-2024-GAL-524-4756-H29-NPC01.LAZ
562,4776,0.0,9.576545560060836,9.576545560060836,Mesía,Bascoi (Santiago),2,PNOA-2024-GAL-562-4776-H29-NPC01.LAZ
550,4743,0.0,9.56878159388441,9.56878159388441,Touro,Prevediños (Santiago),1,PNOA-2024-GAL-550-4743-H29-NPC01.LAZ
572,4764,0.49208504899428757,9.075574541377106,9.567659590371393,Boimorto,Boimil (San Miguel),2,PNOA-2024-GAL-572-4764-H29-NPC01.LAZ
580,4796,3.4351292096674957,6.130633964934039,9.565763174601535,Monfero,Santa Xiá de Monfero (Santa Xiá),1,PNOA-2024-GAL-580-4796-H29-NPC01.LAZ
562,4755,0.6233657923113086,8.936795817139204,9.560161609450512,Arzúa,Dodro (Santa María),1,PNOA-2024-GAL-562-4755-H29-NPC01.LAZ
507,4785,3.933476307708662,5.626180231779763,9.559656539488426,Cabana de Bergantiños,Cesullas (Santo Estevo),1,PNOA-2024-GAL-507-4785-H29-NPC01.LAZ
508,4725,6.568354606969918,2.9866419574256335,9.554996564395552,Boiro,Boiro (Santa Baia),1,PNOA-2024-GAL-508-4725-H29-NPC01.LAZ
547,4743,0.0,9.554801627875138,9.554801627875138,Boqueixón,Gastrar (Santa Mariña),1,PNOA-2024-GAL-547-4743-H29-NPC01.LAZ
593,4835,4.396224060710862,5.157093938792211,9.553317999503072,Ortigueira,Os Freires (San Paulo),3,PNOA-2024-GAL-593-4835-H29-NPC01.LAZ
525,4789,0.0,9.549006195138126,9.549006195138126,Carballo,Oza (San Breixo),1,PNOA-2024-GAL-525-4789-H29-NPC01.LAZ
511,4758,0.0,9.541670121345385,9.541670121345385,Santa Comba,Fontecada (San Martiño),1,PNOA-2024-GAL-511-4758-H29-NPC01.LAZ
533,4794,4.031267655782611,5.5083615417613325,9.539629197543944,Arteixo,Monteagudo (San Tomé),2,PNOA-2024-GAL-533-4794-H29-NPC01.LAZ
589,4830,9.539516417706295,0.0,9.539516417706295,Ortigueira,O Ermo (San Xulián),1,PNOA-2024-GAL-589-4830-H29-NPC01.LAZ
576,4809,0.867022085808153,8.669475499782154,9.536497585590308,A Capela,Capela (Santiago),1,PNOA-2024-GAL-576-4809-H29-NPC01.LAZ
566,4826,0.0,9.535818781571114,9.535818781571114,Valdoviño,Meirás (San Vicente),3,PNOA-2024-GAL-566-4826-H29-NPC01.LAZ
542,4734,0.0,9.532334974683298,9.532334974683298,Vedra,San Pedro de Sarandón (San Pedro),1,PNOA-2024-GAL-542-4734-H29-NPC01.LAZ
540,4759,0.0,9.52932333548482,9.52932333548482,Santiago de Compostela,Busto (San Pedro),1,PNOA-2024-GAL-540-4759-H29-NPC01.LAZ
532,4794,6.169035491545619,3.357894510773425,9.526930002319045,Arteixo,Monteagudo (San Tomé),1,PNOA-2024-GAL-532-4794-H29-NPC01.LAZ
575,4754,0.8664519733998817,8.658436039538987,9.524888012938868,Arzúa,Figueiroa (San Paio),2,PNOA-2024-GAL-575-4754-H29-NPC01.LAZ
541,4753,2.7482836244931637,6.773327927451521,9.521611551944684,Santiago de Compostela,A Enfesta (San Cristovo),1,PNOA-2024-GAL-541-4753-H29-NPC01.LAZ
575,4757,3.7141898558909947,5.802756127703704,9.516945983594699,Melide,Maceda (San Pedro),1,PNOA-2024-GAL-575-4757-H29-NPC01.LAZ
578,4781,0.0,9.516014567365243,9.516014567365243,Aranga,Vilarraso (San Lourenzo),1,PNOA-2024-GAL-578-4781-H29-NPC01.LAZ
571,4782,5.93860025846475,3.567422373478374,9.506022631943125,Oza dos Ríos,Rodeiro (Santa María),1,PNOA-2024-GAL-571-4782-H29-NPC01.LAZ
520,4724,6.386323053839568,3.107745368837739,9.494068422677307,Rianxo,Isorna (Santa María),1,PNOA-2024-GAL-520-4724-H29-NPC01.LAZ
584,4798,6.173900790122212,3.3193996393096707,9.493300429431883,Monfero,O Val de Xestoso (San Pedro),1,PNOA-2024-GAL-584-4798-H29-NPC01.LAZ
592,4817,9.490380063056788,0.0,9.490380063056788,As Pontes de García Rodríguez,As Pontes de García Rodríguez (Santa María),2,PNOA-2024-GAL-592-4817-H29-NPC01.LAZ
559,4798,0.0,9.485523671267378,9.485523671267378,Bergondo,Lubre (San Xoán),1,PNOA-2024-GAL-559-4798-H29-NPC01.LAZ
564,4777,2.9964517583999535,6.486059156733372,9.482510915133325,Cesuras,Borrifáns (San Pedro),1,PNOA-2024-GAL-564-4777-H29-NPC01.LAZ
559,4811,1.646405945263636,7.831131283593175,9.47753722885681,Mugardos,Mugardos (San Xulián),1,PNOA-2024-GAL-559-4811-H29-NPC01.LAZ
534,4766,1.0643315076273554,8.406520173483818,9.470851681111174,Trazo,Restande (Santa María),1,PNOA-2024-GAL-534-4766-H29-NPC01.LAZ
512,4757,0.0,9.449418276408178,9.449418276408178,Negreira,Bugallido (San Pedro),1,PNOA-2024-GAL-512-4757-H29-NPC01.LAZ
549,4789,5.035348451274532,4.413255134130238,9.44860358540477,Culleredo,Castelo (Santiago),2,PNOA-2024-GAL-549-4789-H29-NPC01.LAZ
582,4815,2.585252176890301,6.856643251230327,9.441895428120628,As Somozas,Recemel (Santa María),4,PNOA-2024-GAL-582-4815-H29-NPC01.LAZ
563,4805,0.0,9.440811498956867,9.440811498956867,Pontedeume,Boebre (Santiago),1,PNOA-2024-GAL-563-4805-H29-NPC01.LAZ
576,4756,9.439391098189905,0.0,9.439391098189905,Melide,Zas de Rei (San Xiao),2,PNOA-2024-GAL-576-4756-H29-NPC01.LAZ
511,4759,0.0,9.439088873619765,9.439088873619765,Santa Comba,Fontecada (San Martiño),1,PNOA-2024-GAL-511-4759-H29-NPC01.LAZ
599,4826,0.0,9.437391114918153,9.437391114918153,Mañón,As Grañas do Sor (San Mamede),1,PNOA-2024-GAL-599-4826-H29-NPC01.LAZ
576,4817,0.0,9.43708874215367,9.43708874215367,San Sadurniño,Naraío (Santa María),1,PNOA-2024-GAL-576-4817-H29-NPC01.LAZ
548,4804,0.0,9.425212151735044,9.425212151735044,A Coruña,A Coruña,1,PNOA-2024-GAL-548-4804-H29-NPC01.LAZ
511,4792,0.0,9.42281837686507,9.42281837686507,Ponteceso,Cores (San Martiño),1,PNOA-2024-GAL-511-4792-H29-NPC01.LAZ
517,4744,0.0,9.421041871178316,9.421041871178316,Brión,Cornanda (Santa María),2,PNOA-2024-GAL-517-4744-H29-NPC01.LAZ
492,4782,0.0,9.420747129155474,9.420747129155474,Camariñas,Camelle (O Espírito Santo),1,PNOA-2024-GAL-492-4782-H29-NPC01.LAZ
516,4783,2.395664155930787,7.024479713517144,9.420143869447932,Coristanco,Valenza (San Pedro),2,PNOA-2024-GAL-516-4783-H29-NPC01.LAZ
592,4832,9.419730334945472,0.0,9.419730334945472,Ortigueira,Senra (San Xulián),2,PNOA-2024-GAL-592-4832-H29-NPC01.LAZ
494,4739,0.0,9.419064797594666,9.419064797594666,Muros,Serres (San Xoán),1,PNOA-2024-GAL-494-4739-H29-NPC01.LAZ
560,4775,0.0,9.411726316269755,9.411726316269755,Mesía,Mesía (San Cristovo),1,PNOA-2024-GAL-560-4775-H29-NPC01.LAZ
546,4744,0.0,9.409638495555104,9.409638495555104,Boqueixón,Vigo (Santa Baia),3,PNOA-2024-GAL-546-4744-H29-NPC01.LAZ
546,4788,3.141793254542485,6.261383705066809,9.403176959609294,Culleredo,Celas (Santa María),1,PNOA-2024-GAL-546-4788-H29-NPC01.LAZ
506,4787,3.2279725662000165,6.1734062922980915,9.401378858498108,Cabana de Bergantiños,Cesullas (Santo Estevo),1,PNOA-2024-GAL-506-4787-H29-NPC01.LAZ
538,4764,5.184278438303474,4.215437298111777,9.399715736415251,Trazo,Trazo (Santa María),3,PNOA-2024-GAL-538-4764-H29-NPC01.LAZ
554,4765,1.4811089758721738,7.91857134572967,9.399680321601844,Frades,Moar (Santaia),2,PNOA-2024-GAL-554-4765-H29-NPC01.LAZ
499,4775,4.7590420806321925,4.628192050114616,9.387234130746808,Vimianzo,Salto (Santa María),1,PNOA-2024-GAL-499-4775-H29-NPC01.LAZ
555,4777,0.0,9.386759479667765,9.386759479667765,Mesía,Visantoña (San Martiño),1,PNOA-2024-GAL-555-4777-H29-NPC01.LAZ
589,4828,9.382617447630187,0.0,9.382617447630187,Ortigueira,Insua (San Xoán),1,PNOA-2024-GAL-589-4828-H29-NPC01.LAZ
529,4775,0.0,9.377765264935917,9.377765264935917,Carballo,Rus (Santa María),1,PNOA-2024-GAL-529-4775-H29-NPC01.LAZ
558,4784,0.0,9.376998309395315,9.376998309395315,Abegondo,Viós (San Salvador),2,PNOA-2024-GAL-558-4784-H29-NPC01.LAZ
536,4766,0.0,9.375703364578838,9.375703364578838,Tordoia,Castenda da Torre (Santa María),1,PNOA-2024-GAL-536-4766-H29-NPC01.LAZ
496,4709,9.375685383716696,0.0,9.375685383716696,Ribeira,Aguiño (Nosa Señora do Carme),1,PNOA-2024-GAL-496-4709-H29-NPC01.LAZ
540,4793,1.621394162562812,7.75308307719905,9.374477239761863,Arteixo,Loureda (Santa María),1,PNOA-2024-GAL-540-4793-H29-NPC01.LAZ
586,4802,1.9982114727274585,7.366216657058114,9.364428129785573,Monfero,O Alto de Xestoso (Santa María),1,PNOA-2024-GAL-586-4802-H29-NPC01.LAZ
594,4828,5.494274614130541,3.869361563061708,9.363636177192248,Ortigueira,As Neves (Santa María),1,PNOA-2024-GAL-594-4828-H29-NPC01.LAZ
513,4790,0.0,9.362803251196748,9.362803251196748,Ponteceso,Pazos (San Salvador),2,PNOA-2024-GAL-513-4790-H29-NPC01.LAZ
574,4774,0.0,9.361404512747756,9.361404512747756,Curtis,Fisteus (Santa María),1,PNOA-2024-GAL-574-4774-H29-NPC01.LAZ
500,4768,2.413205353946673,6.945030467098251,9.358235821044923,Vimianzo,Serramo (San Sebastián),1,PNOA-2024-GAL-500-4768-H29-NPC01.LAZ
567,4749,0.6787934775112161,8.66983696089895,9.348630438410165,Arzúa,Brandeso (San Lourenzo),2,PNOA-2024-GAL-567-4749-H29-NPC01.LAZ
582,4778,0.0,9.338252432110348,9.338252432110348,Curtis,Foxados (Santa María),1,PNOA-2024-GAL-582-4778-H29-NPC01.LAZ
557,4791,9.337642246964133,0.0,9.337642246964133,Cambre,Bribes (San Cibrán),2,PNOA-2024-GAL-557-4791-H29-NPC01.LAZ
563,4757,0.0,9.330825830135158,9.330825830135158,Arzúa,San Martiño de Calvos de Sobrecamiño (San Martiño),1,PNOA-2024-GAL-563-4757-H29-NPC01.LAZ
574,4806,4.753390922850062,4.573860779192142,9.327251702042204,Monfero,Queixeiro (San Xurxo),1,PNOA-2024-GAL-574-4806-H29-NPC01.LAZ
556,4766,1.7263047581746762,7.596405664554413,9.32271042272909,Frades,Moar (Santaia),2,PNOA-2024-GAL-556-4766-H29-NPC01.LAZ
576,4818,0.0,9.321040941830548,9.321040941830548,San Sadurniño,Naraío (Santa María),1,PNOA-2024-GAL-576-4818-H29-NPC01.LAZ
602,4835,0.0,9.31780531743164,9.31780531743164,Mañón,Mañón (Santa María),1,PNOA-2024-GAL-602-4835-H29-NPC01.LAZ
497,4741,0.0,9.30900497390404,9.30900497390404,Muros,Torea (San Xián),2,PNOA-2024-GAL-497-4741-H29-NPC01.LAZ
534,4787,0.0,9.30750579945738,9.30750579945738,A Laracha,Golmar (San Bieito),2,PNOA-2024-GAL-534-4787-H29-NPC01.LAZ
549,4779,0.9690221874743598,8.32884779020319,9.29786997767755,Ordes,Ardemil (San Pedro),1,PNOA-2024-GAL-549-4779-H29-NPC01.LAZ
499,4713,7.4623037465886775,1.8300126235801133,9.292316370168791,Ribeira,Ribeira (Santa Uxía),2,PNOA-2024-GAL-499-4713-H29-NPC01.LAZ
559,4773,0.0,9.290037503857302,9.290037503857302,Mesía,Mesía (San Cristovo),1,PNOA-2024-GAL-559-4773-H29-NPC01.LAZ
537,4736,0.0,9.28827416483647,9.28827416483647,Teo,Reis (San Cristovo),3,PNOA-2024-GAL-537-4736-H29-NPC01.LAZ
593,4833,9.28500326286606,0.0,9.28500326286606,Ortigueira,Os Freires (San Paulo),1,PNOA-2024-GAL-593-4833-H29-NPC01.LAZ
512,4740,1.0106063759424104,8.273372816701599,9.28397919264401,Noia,Roo (Santa María),1,PNOA-2024-GAL-512-4740-H29-NPC01.LAZ
563,4756,0.6062304391298188,8.676872445546687,9.283102884676506,Arzúa,San Martiño de Calvos de Sobrecamiño (San Martiño),2,PNOA-2024-GAL-563-4756-H29-NPC01.LAZ
566,4769,0.0,9.279116147029432,9.279116147029432,Mesía,Lanzá (San Mamede),2,PNOA-2024-GAL-566-4769-H29-NPC01.LAZ
520,4761,0.17406349488025757,9.104360959646211,9.27842445452647,A Baña,Suevos (San Mamede),3,PNOA-2024-GAL-520-4761-H29-NPC01.LAZ
504,4744,0.0,9.262257363610374,9.262257363610374,Outes,Outes (San Pedro),1,PNOA-2024-GAL-504-4744-H29-NPC01.LAZ
500,4717,1.6675593267134365,7.594408528749032,9.26196785546247,Ribeira,Oleiros (San Martiño),1,PNOA-2024-GAL-500-4717-H29-NPC01.LAZ
533,4771,0.0,9.258599760760283,9.258599760760283,Tordoia,A Vila de Abade (San Cibrán),1,PNOA-2024-GAL-533-4771-H29-NPC01.LAZ
521,4755,2.2576965991017324,6.9875592974214396,9.245255896523172,A Baña,Sanamede do Monte (San Mamede),2,PNOA-2024-GAL-521-4755-H29-NPC01.LAZ
552,4784,0.0,9.241985436067242,9.241985436067242,Carral,Beira (Santa Mariña),1,PNOA-2024-GAL-552-4784-H29-NPC01.LAZ
564,4785,3.721779932060436,5.519979384194912,9.241759316255347,Oza dos Ríos,Cis (San Nicolao),2,PNOA-2024-GAL-564-4785-H29-NPC01.LAZ
557,4749,0.0,9.24166187247197,9.24166187247197,Touro,San Fiz de Quión (San Fiz),1,PNOA-2024-GAL-557-4749-H29-NPC01.LAZ
531,4784,0.0,9.239888586274773,9.239888586274773,Carballo,Sofán (San Salvador),1,PNOA-2024-GAL-531-4784-H29-NPC01.LAZ
499,4786,0.0,9.23122676843578,9.23122676843578,Laxe,Laxe (Santa María),1,PNOA-2024-GAL-499-4786-H29-NPC01.LAZ
580,4830,0.0,9.219623126619739,9.219623126619739,Cerdido,Cerdido (San Martiño),1,PNOA-2024-GAL-580-4830-H29-NPC01.LAZ
501,4745,0.0,9.217033342776858,9.217033342776858,Outes,Valadares (San Miguel),1,PNOA-2024-GAL-501-4745-H29-NPC01.LAZ
541,4760,0.8696059840157019,8.346061845044014,9.215667829059717,Trazo,Berreo (San Mamede),2,PNOA-2024-GAL-541-4760-H29-NPC01.LAZ
577,4750,9.213205580083153,0.0,9.213205580083153,Melide,Campos (Santa María),3,PNOA-2024-GAL-577-4750-H29-NPC01.LAZ
515,4751,0.0,9.213001067122704,9.213001067122704,Negreira,Aro (San Vicenzo),1,PNOA-2024-GAL-515-4751-H29-NPC01.LAZ
565,4806,0.00496922969907001,9.202603831281692,9.207573060980762,Miño,Perbes (San Pedro),3,PNOA-2024-GAL-565-4806-H29-NPC01.LAZ
576,4776,0.0,9.205926553693274,9.205926553693274,Curtis,Curtis (Santaia),1,PNOA-2024-GAL-576-4776-H29-NPC01.LAZ
560,4795,0.0,9.203944675117144,9.203944675117144,Bergondo,Rois (Santa Mariña),3,PNOA-2024-GAL-560-4795-H29-NPC01.LAZ
580,4776,0.0,9.201993484761642,9.201993484761642,Curtis,Foxados (Santa María),1,PNOA-2024-GAL-580-4776-H29-NPC01.LAZ
577,4785,0.0,9.199237683072132,9.199237683072132,Aranga,Muniferral (San Cristovo),1,PNOA-2024-GAL-577-4785-H29-NPC01.LAZ
511,4790,0.0,9.19912835253745,9.19912835253745,Ponteceso,Cores (San Martiño),3,PNOA-2024-GAL-511-4790-H29-NPC01.LAZ
579,4764,0.0,9.196082153956226,9.196082153956226,Sobrado,Pousada (San Mamede),3,PNOA-2024-GAL-579-4764-H29-NPC01.LAZ
585,4772,0.0,9.17623051135604,9.17623051135604,Sobrado,Grixalba (San Xiao),1,PNOA-2024-GAL-585-4772-H29-NPC01.LAZ
508,4727,3.38574845633432,5.790253339370044,9.176001795704364,Boiro,Cures (Santo André),1,PNOA-2024-GAL-508-4727-H29-NPC01.LAZ
542,4743,3.840990485425312,5.334276707281222,9.175267192706535,Boqueixón,Sergude (San Breixo),2,PNOA-2024-GAL-542-4743-H29-NPC01.LAZ
520,4765,0.0,9.171515254840411,9.171515254840411,Santa Comba,Freixeiro (San Fins),1,PNOA-2024-GAL-520-4765-H29-NPC01.LAZ
584,4775,0.0,9.16695166236316,9.16695166236316,Sobrado,Grixalba (San Xiao),1,PNOA-2024-GAL-584-4775-H29-NPC01.LAZ
574,4781,3.9511266678202155,5.215374811735551,9.166501479555766,Oza dos Ríos,Rodeiro (Santa María),1,PNOA-2024-GAL-574-4781-H29-NPC01.LAZ
540,4778,1.3049859612363708,7.860975941775997,9.165961903012366,Cerceda,Queixas (Santa María),1,PNOA-2024-GAL-540-4778-H29-NPC01.LAZ
489,4774,0.3160580951050157,8.833238192257966,9.149296287362981,Vimianzo,Cereixo (Santiago),2,PNOA-2024-GAL-489-4774-H29-NPC01.LAZ
582,4773,0.0,9.148823700465824,9.148823700465824,Sobrado,Grixalba (San Xiao),1,PNOA-2024-GAL-582-4773-H29-NPC01.LAZ
523,4784,0.0,9.147542948055182,9.147542948055182,Carballo,Carballo (San Xoán),3,PNOA-2024-GAL-523-4784-H29-NPC01.LAZ
514,4767,0.0,9.14704613214397,9.14704613214397,Santa Comba,Santa Comba (San Pedro),2,PNOA-2024-GAL-514-4767-H29-NPC01.LAZ
565,4799,5.3661037087461,3.7806064662802683,9.146710175026367,Miño,Miño (Santa María),2,PNOA-2024-GAL-565-4799-H29-NPC01.LAZ
532,4740,0.0,9.146517592972584,9.146517592972584,Teo,Calo (San Xoán),1,PNOA-2024-GAL-532-4740-H29-NPC01.LAZ
533,4761,3.402502855351798,5.7435443374360275,9.146047192787826,Trazo,Xavestre (San Cristovo),1,PNOA-2024-GAL-533-4761-H29-NPC01.LAZ
599,4824,0.0,9.1392478924042,9.1392478924042,Mañón,As Grañas do Sor (San Mamede),1,PNOA-2024-GAL-599-4824-H29-NPC01.LAZ
553,4770,2.285061742998424,6.853103100004384,9.138164843002809,Ordes,Barbeiros (Santa María),1,PNOA-2024-GAL-553-4770-H29-NPC01.LAZ
518,4729,4.491343687110069,4.63460069594555,9.125944383055618,Rianxo,O Araño (Santa Baia),1,PNOA-2024-GAL-518-4729-H29-NPC01.LAZ
509,4783,1.484605440059162,7.6307982932107565,9.115403733269918,Cabana de Bergantiños,Cundíns (San Paio),1,PNOA-2024-GAL-509-4783-H29-NPC01.LAZ
544,4760,0.0,9.113168704634363,9.113168704634363,Oroso,Oroso (San Martiño),1,PNOA-2024-GAL-544-4760-H29-NPC01.LAZ
581,4751,9.112946883005625,0.0,9.112946883005625,Melide,Furelos (San Xoán),2,PNOA-2024-GAL-581-4751-H29-NPC01.LAZ
552,4780,0.0,9.109919036418605,9.109919036418605,Carral,Beira (Santa Mariña),1,PNOA-2024-GAL-552-4780-H29-NPC01.LAZ
565,4787,4.854311891731884,4.249654504363578,9.103966396095462,Oza dos Ríos,Oza (San Pedro),3,PNOA-2024-GAL-565-4787-H29-NPC01.LAZ
544,4774,1.5888981409071712,7.512602347999371,9.101500488906542,Ordes,Lesta (Santo André),1,PNOA-2024-GAL-544-4774-H29-NPC01.LAZ
539,4795,0.8465283897993525,8.243692022039577,9.09022041183893,Arteixo,Arteixo (Santiago),2,PNOA-2024-GAL-539-4795-H29-NPC01.LAZ
577,4788,0.0,9.088233101096886,9.088233101096886,Aranga,Muniferral (San Cristovo),1,PNOA-2024-GAL-577-4788-H29-NPC01.LAZ
517,4754,2.619034898514757,6.467616265777258,9.086651164292014,A Baña,Ordoeste (Santa María),2,PNOA-2024-GAL-517-4754-H29-NPC01.LAZ
587,4828,0.0,9.083681160964028,9.083681160964028,Cerdido,Os Casás (San Xoán),1,PNOA-2024-GAL-587-4828-H29-NPC01.LAZ
531,4777,0.0,9.08180704102991,9.08180704102991,Carballo,Rus (Santa María),2,PNOA-2024-GAL-531-4777-H29-NPC01.LAZ
581,4823,0.0,9.075387579002522,9.075387579002522,Moeche,San Xurxo de Moeche (San Xurxo),1,PNOA-2024-GAL-581-4823-H29-NPC01.LAZ
563,4789,9.067578472807257,0.0,9.067578472807257,Oza dos Ríos,Cuíña (Santa María),3,PNOA-2024-GAL-563-4789-H29-NPC01.LAZ
512,4772,0.0,9.060982150150142,9.060982150150142,Santa Comba,Santa Sabiña (San Xulián),1,PNOA-2024-GAL-512-4772-H29-NPC01.LAZ
561,4775,0.0,9.057418810746018,9.057418810746018,Mesía,Mesía (San Cristovo),2,PNOA-2024-GAL-561-4775-H29-NPC01.LAZ
539,4757,0.19875147851400005,8.856046970072377,9.054798448586377,Santiago de Compostela,Verdía (Santa Mariña),2,PNOA-2024-GAL-539-4757-H29-NPC01.LAZ
498,4729,0.0,9.048741381370476,9.048741381370476,Porto do Son,Baroña (San Pedro),1,PNOA-2024-GAL-498-4729-H29-NPC01.LAZ
521,4747,0.0,9.03492631049296,9.03492631049296,Brión,Viceso (Santa María),1,PNOA-2024-GAL-521-4747-H29-NPC01.LAZ
566,4761,3.2404028104292117,5.793067255192123,9.033470065621335,Boimorto,Mercurín (San Xoán),1,PNOA-2024-GAL-566-4761-H29-NPC01.LAZ
591,4827,7.017436269495643,1.9983364354045996,9.015772704900243,Ortigueira,Insua (San Xoán),1,PNOA-2024-GAL-591-4827-H29-NPC01.LAZ
478,4756,0.0,9.013269990184941,9.013269990184941,Fisterra,Sardiñeiro (San Xoán),1,PNOA-2024-GAL-478-4756-H29-NPC01.LAZ
520,4757,3.9364650193980473,5.076142934434974,9.01260795383302,A Baña,A Baña (San Vicenzo),1,PNOA-2024-GAL-520-4757-H29-NPC01.LAZ
576,4752,3.738257699097563,5.262949323522903,9.001207022620466,Melide,As Varelas (San Martiño),3,PNOA-2024-GAL-576-4752-H29-NPC01.LAZ
579,4767,0.0,9.000408917284371,9.000408917284371,Sobrado,A Porta (San Pedro),1,PNOA-2024-GAL-579-4767-H29-NPC01.LAZ
576,4794,0.0,8.9993861480522,8.9993861480522,Irixoa,Irixoa (San Lourenzo),1,PNOA-2024-GAL-576-4794-H29-NPC01.LAZ
531,4786,0.0,8.998352367645268,8.998352367645268,A Laracha,Vilaño (Santiago),1,PNOA-2024-GAL-531-4786-H29-NPC01.LAZ
572,4797,0.0,8.99338281104645,8.99338281104645,Irixoa,Ambroa (San Tirso),1,PNOA-2024-GAL-572-4797-H29-NPC01.LAZ
558,4777,3.7659469042675573,5.217176355260652,8.98312325952821,Cesuras,Filgueira de Traba (San Miguel),3,PNOA-2024-GAL-558-4777-H29-NPC01.LAZ
540,4752,0.22877172937038884,8.752926956084373,8.981698685454761,Santiago de Compostela,San Caetano (Santiago),2,PNOA-2024-GAL-540-4752-H29-NPC01.LAZ
499,4721,0.0,8.980169087861379,8.980169087861379,Porto do Son,Xuño (Santa Mariña),1,PNOA-2024-GAL-499-4721-H29-NPC01.LAZ
566,4748,1.5997066692037496,7.3778853660793295,8.97759203528308,Arzúa,Tronceda (Santa María),3,PNOA-2024-GAL-566-4748-H29-NPC01.LAZ
541,4791,7.848076245387926,1.1218675181779898,8.969943763565915,Arteixo,Loureda (Santa María),1,PNOA-2024-GAL-541-4791-H29-NPC01.LAZ
576,4820,0.0,8.968651620665058,8.968651620665058,San Sadurniño,Ferreira (San Paio),2,PNOA-2024-GAL-576-4820-H29-NPC01.LAZ
509,4728,0.9212042984871904,8.046700417600281,8.967904716087471,Boiro,Cures (Santo André),2,PNOA-2024-GAL-509-4728-H29-NPC01.LAZ
542,4781,1.5538885213760938,7.412723136677609,8.966611658053703,Cerceda,Cerceda (San Martiño),2,PNOA-2024-GAL-542-4781-H29-NPC01.LAZ
576,4808,0.4503687166444321,8.516016990518153,8.966385707162585,A Capela,Capela (Santiago),1,PNOA-2024-GAL-576-4808-H29-NPC01.LAZ
532,4782,0.0,8.96065398898753,8.96065398898753,Carballo,Sofán (San Salvador),1,PNOA-2024-GAL-532-4782-H29-NPC01.LAZ
500,4723,0.0,8.955059902345184,8.955059902345184,Porto do Son,Ribasieira (San Fins),2,PNOA-2024-GAL-500-4723-H29-NPC01.LAZ
525,4790,0.0,8.951578112845976,8.951578112845976,Carballo,Oza (San Breixo),1,PNOA-2024-GAL-525-4790-H29-NPC01.LAZ
583,4768,0.0,8.950823710345142,8.950823710345142,Sobrado,Cumbraos (San Xiao),2,PNOA-2024-GAL-583-4768-H29-NPC01.LAZ
589,4809,3.0959667972114433,5.850728591567865,8.946695388779307,As Pontes de García Rodríguez,Ribadeume (Santa María),1,PNOA-2024-GAL-589-4809-H29-NPC01.LAZ
582,4833,1.8858288567592965,7.056915315285414,8.94274417204471,Cedeira,Montoxo (San Xiao),3,PNOA-2024-GAL-582-4833-H29-NPC01.LAZ
551,4765,0.0,8.941333330457258,8.941333330457258,Oroso,Marzoa (San Martiño),1,PNOA-2024-GAL-551-4765-H29-NPC01.LAZ
567,4768,1.5299958548750054,7.407095340147564,8.93709119502257,Mesía,Castro (San Sebastián),3,PNOA-2024-GAL-567-4768-H29-NPC01.LAZ
564,4765,1.7630810402636925,7.169740531665187,8.93282157192888,Mesía,Boado (Santiago),2,PNOA-2024-GAL-564-4765-H29-NPC01.LAZ
570,4757,0.19818087224661893,8.722053740206363,8.920234612452981,Arzúa,Rendal (Santa María),2,PNOA-2024-GAL-570-4757-H29-NPC01.LAZ
552,4772,5.146476441763896,3.7685866487648756,8.915063090528772,Ordes,Buscás (San Paio),2,PNOA-2024-GAL-552-4772-H29-NPC01.LAZ
559,4779,1.6460165203922896,7.26407427991327,8.91009080030556,Cesuras,Paderne (Santiago),3,PNOA-2024-GAL-559-4779-H29-NPC01.LAZ
572,4758,4.644534333713755,4.2643505406082145,8.90888487432197,Melide,Baltar (Santiago),2,PNOA-2024-GAL-572-4758-H29-NPC01.LAZ
509,4732,0.0,8.905414619968118,8.905414619968118,Lousame,Tállara (San Pedro),1,PNOA-2024-GAL-509-4732-H29-NPC01.LAZ
587,4826,0.0,8.895471894865716,8.895471894865716,Cerdido,Os Casás (San Xoán),1,PNOA-2024-GAL-587-4826-H29-NPC01.LAZ
513,4787,2.8593172817010353,6.0350100727302145,8.89432735443125,Cabana de Bergantiños,Corcoesto (San Pedro),2,PNOA-2024-GAL-513-4787-H29-NPC01.LAZ
506,4720,0.0,8.889342758704531,8.889342758704531,A Pobra do Caramiñal,Posmarcos (Santo Isidro),1,PNOA-2024-GAL-506-4720-H29-NPC01.LAZ
497,4742,0.0,8.888383212434112,8.888383212434112,Muros,Torea (San Xián),1,PNOA-2024-GAL-497-4742-H29-NPC01.LAZ
569,4778,1.9146345077493083,6.971051718099302,8.88568622584861,Cesuras,Filgueira de Barranca (San Pedro),1,PNOA-2024-GAL-569-4778-H29-NPC01.LAZ
524,4782,1.0041421496134977,7.880138523655012,8.88428067326851,Carballo,Ardaña (Santa María),2,PNOA-2024-GAL-524-4782-H29-NPC01.LAZ
567,4827,0.0,8.8834583477793,8.8834583477793,Valdoviño,Lago (Santiago),1,PNOA-2024-GAL-567-4827-H29-NPC01.LAZ
570,4760,1.0130953644835583,7.848079593528381,8.86117495801194,Arzúa,A Mella (San Pedro),2,PNOA-2024-GAL-570-4760-H29-NPC01.LAZ
531,4782,0.0,8.860127328011666,8.860127328011666,Carballo,Sofán (San Salvador),1,PNOA-2024-GAL-531-4782-H29-NPC01.LAZ
577,4811,0.3737054729544429,8.485426082235513,8.859131555189956,A Capela,Capela (Santiago),1,PNOA-2024-GAL-577-4811-H29-NPC01.LAZ
571,4805,0.0,8.84682722762105,8.84682722762105,Pontedeume,Breamo (San Miguel),1,PNOA-2024-GAL-571-4805-H29-NPC01.LAZ
521,4767,0.0,8.845335152554387,8.845335152554387,Santa Comba,Vilamaior (Santa María),1,PNOA-2024-GAL-521-4767-H29-NPC01.LAZ
580,4770,0.0,8.843404130976545,8.843404130976545,Sobrado,Cumbraos (San Xiao),3,PNOA-2024-GAL-580-4770-H29-NPC01.LAZ
553,4764,0.0,8.836439075780062,8.836439075780062,Oroso,Marzoa (San Martiño),2,PNOA-2024-GAL-553-4764-H29-NPC01.LAZ
539,4775,1.4379146499791475,7.39086032346858,8.828774973447727,Cerceda,Xesteda (Santa Comba),1,PNOA-2024-GAL-539-4775-H29-NPC01.LAZ
576,4750,8.826241990526317,0.0,8.826241990526317,Melide,As Varelas (San Martiño),2,PNOA-2024-GAL-576-4750-H29-NPC01.LAZ
562,4750,0.0,8.822765283253338,8.822765283253338,Touro,Beseño (San Cristovo),2,PNOA-2024-GAL-562-4750-H29-NPC01.LAZ
517,4787,4.287522893279051,4.534836649343182,8.822359542622234,Coristanco,Verdes (Santo Adrán),1,PNOA-2024-GAL-517-4787-H29-NPC01.LAZ
567,4773,0.0,8.821065056826118,8.821065056826118,Mesía,Cumbraos (Santa María),1,PNOA-2024-GAL-567-4773-H29-NPC01.LAZ
510,4780,3.6433160847780575,5.177224801503593,8.82054088628165,Cabana de Bergantiños,Nantón (San Pedro),1,PNOA-2024-GAL-510-4780-H29-NPC01.LAZ
559,4796,0.0,8.818570254786831,8.818570254786831,Bergondo,Santa Marta de Babío (Santa Marta),3,PNOA-2024-GAL-559-4796-H29-NPC01.LAZ
580,4822,0.0,8.806206642467904,8.806206642467904,Moeche,San Xurxo de Moeche (San Xurxo),1,PNOA-2024-GAL-580-4822-H29-NPC01.LAZ
574,4761,1.8651691213717294,6.938786746158881,8.803955867530611,Boimorto,Dormeá (San Cristovo),1,PNOA-2024-GAL-574-4761-H29-NPC01.LAZ
566,4799,0.9859970549462983,7.8146694173063125,8.80066647225261,Miño,Bemantes (San Tomé),1,PNOA-2024-GAL-566-4799-H29-NPC01.LAZ
507,4743,0.0,8.794488169333349,8.794488169333349,Outes,Roo (San Xoán),3,PNOA-2024-GAL-507-4743-H29-NPC01.LAZ
551,4766,0.0,8.792666687140581,8.792666687140581,Ordes,Pereira (Santaia),2,PNOA-2024-GAL-551-4766-H29-NPC01.LAZ
536,4738,0.0,8.78594831326902,8.78594831326902,Teo,Rarís (San Miguel),2,PNOA-2024-GAL-536-4738-H29-NPC01.LAZ
499,4785,0.0,8.784418701965055,8.784418701965055,Laxe,Laxe (Santa María),3,PNOA-2024-GAL-499-4785-H29-NPC01.LAZ
594,4813,8.783485854060265,0.0,8.783485854060265,As Pontes de García Rodríguez,As Pontes de García Rodríguez (Santa María),1,PNOA-2024-GAL-594-4813-H29-NPC01.LAZ
518,4776,2.196135021352299,6.585500539472635,8.781635560824935,Coristanco,Couso (San Miguel),1,PNOA-2024-GAL-518-4776-H29-NPC01.LAZ
498,4763,7.197048577829464,1.5807256714830136,8.777774249312477,Vimianzo,Baíñas (Santo Antoíño),2,PNOA-2024-GAL-498-4763-H29-NPC01.LAZ
549,4787,0.0,8.772359822774375,8.772359822774375,Carral,Paleo (Santo Estevo),1,PNOA-2024-GAL-549-4787-H29-NPC01.LAZ
507,4763,0.0,8.769659687397018,8.769659687397018,Santa Comba,Mallón (San Cristovo),2,PNOA-2024-GAL-507-4763-H29-NPC01.LAZ
536,4739,0.0,8.768946993758277,8.768946993758277,Teo,Recesende (San Xoán),3,PNOA-2024-GAL-536-4739-H29-NPC01.LAZ
573,4761,3.1976152493925873,5.570000521256091,8.767615770648678,Boimorto,Dormeá (San Cristovo),1,PNOA-2024-GAL-573-4761-H29-NPC01.LAZ
580,4821,0.0,8.766330078258344,8.766330078258344,Moeche,San Xurxo de Moeche (San Xurxo),1,PNOA-2024-GAL-580-4821-H29-NPC01.LAZ
500,4785,0.0,8.765727296377397,8.765727296377397,Laxe,Serantes (Santa María),1,PNOA-2024-GAL-500-4785-H29-NPC01.LAZ
578,4819,0.0,8.763273208552084,8.763273208552084,San Sadurniño,Ferreira (San Paio),1,PNOA-2024-GAL-578-4819-H29-NPC01.LAZ
543,4736,0.0,8.756142103322858,8.756142103322858,Vedra,Vedra (Santa Eulalia),1,PNOA-2024-GAL-543-4736-H29-NPC01.LAZ
502,4770,0.0,8.747738130796046,8.747738130796046,Vimianzo,Treos (San Miguel),1,PNOA-2024-GAL-502-4770-H29-NPC01.LAZ
552,4785,0.0,8.743301167604223,8.743301167604223,Carral,Quembre (San Pedro),3,PNOA-2024-GAL-552-4785-H29-NPC01.LAZ
588,4830,6.962618849681587,1.7712301916776463,8.733849041359234,Ortigueira,O Ermo (San Xulián),3,PNOA-2024-GAL-588-4830-H29-NPC01.LAZ
575,4756,2.5466437931121115,6.184985887714257,8.73162968082637,Melide,Maceda (San Pedro),1,PNOA-2024-GAL-575-4756-H29-NPC01.LAZ
577,4809,0.0,8.729776048063886,8.729776048063886,A Capela,Capela (Santiago),1,PNOA-2024-GAL-577-4809-H29-NPC01.LAZ
583,4772,0.0,8.727182892905565,8.727182892905565,Sobrado,Grixalba (San Xiao),1,PNOA-2024-GAL-583-4772-H29-NPC01.LAZ
585,4817,0.0,8.722607558851317,8.722607558851317,As Somozas,Recemel (Santa María),1,PNOA-2024-GAL-585-4817-H29-NPC01.LAZ
518,4745,0.0,8.722086917085715,8.722086917085715,Brión,Luaña (San Xulián),1,PNOA-2024-GAL-518-4745-H29-NPC01.LAZ
569,4750,0.8920803211974131,7.8213806628063125,8.713460984003726,Arzúa,Maroxo (Santa María),1,PNOA-2024-GAL-569-4750-H29-NPC01.LAZ
546,4798,0.0,8.709935178550559,8.709935178550559,A Coruña,Elviña (San Vicenzo),1,PNOA-2024-GAL-546-4798-H29-NPC01.LAZ
536,4783,0.0,8.708021211467225,8.708021211467225,A Laracha,Montemaior (Santa María Madanela),1,PNOA-2024-GAL-536-4783-H29-NPC01.LAZ
550,4759,0.0,8.706592430008449,8.706592430008449,Oroso,Cardama (Santa María),1,PNOA-2024-GAL-550-4759-H29-NPC01.LAZ
595,4810,8.694745884831883,0.0,8.694745884831883,As Pontes de García Rodríguez,O Aparral (Santa María),1,PNOA-2024-GAL-595-4810-H29-NPC01.LAZ
545,4770,5.076118252519119,3.6171996743642363,8.693317926883354,Ordes,Parada (Santa Mariña),2,PNOA-2024-GAL-545-4770-H29-NPC01.LAZ
505,4792,0.0,8.685061852219242,8.685061852219242,Ponteceso,Corme Aldea (Santo Adrán),1,PNOA-2024-GAL-505-4792-H29-NPC01.LAZ
517,4751,0.0,8.677330152263725,8.677330152263725,Negreira,Aro (San Vicenzo),2,PNOA-2024-GAL-517-4751-H29-NPC01.LAZ
529,4748,0.4018364939636764,8.2729659246474,8.674802418611076,Ames,Covas (Santo Estevo),1,PNOA-2024-GAL-529-4748-H29-NPC01.LAZ
575,4772,0.0,8.672038030993553,8.672038030993553,Vilasantar,San Vicenzo de Curtis (San Vicenzo),1,PNOA-2024-GAL-575-4772-H29-NPC01.LAZ
545,4741,0.0,8.668608787362416,8.668608787362416,Boqueixón,A Granxa (San Lourenzo),1,PNOA-2024-GAL-545-4741-H29-NPC01.LAZ
538,4763,3.692512991270545,4.973085219960794,8.66559821123134,Trazo,Morlán (Santa María),2,PNOA-2024-GAL-538-4763-H29-NPC01.LAZ
497,4763,1.3452917244105873,7.318788559341431,8.664080283752018,Vimianzo,Baíñas (Santo Antoíño),2,PNOA-2024-GAL-497-4763-H29-NPC01.LAZ
557,4793,4.084503254785393,4.578519555543636,8.663022810329029,Cambre,Cecebre (San Salvador),2,PNOA-2024-GAL-557-4793-H29-NPC01.LAZ
538,4773,1.6504525731172321,7.010594642623694,8.661047215740926,Tordoia,Bardaos (Santa María),2,PNOA-2024-GAL-538-4773-H29-NPC01.LAZ
600,4829,0.0,8.658586591692814,8.658586591692814,Mañón,As Grañas do Sor (San Mamede),1,PNOA-2024-GAL-600-4829-H29-NPC01.LAZ
571,4772,0.0,8.657343074614086,8.657343074614086,Curtis,Fisteus (Santa María),1,PNOA-2024-GAL-571-4772-H29-NPC01.LAZ
578,4824,0.0,8.656186675992359,8.656186675992359,Moeche,San Xoán de Moeche (San Xoán),3,PNOA-2024-GAL-578-4824-H29-NPC01.LAZ
561,4769,0.0,8.650736807116118,8.650736807116118,Frades,Vitre (San Xoán),2,PNOA-2024-GAL-561-4769-H29-NPC01.LAZ
537,4759,0.0,8.65068840049735,8.65068840049735,Trazo,Chaián (Santa María),2,PNOA-2024-GAL-537-4759-H29-NPC01.LAZ
578,4806,0.835608032996657,7.808570223582338,8.644178256578995,Monfero,Queixeiro (San Xurxo),2,PNOA-2024-GAL-578-4806-H29-NPC01.LAZ
516,4748,0.0,8.639237543083327,8.639237543083327,Negreira,Liñaio (San Martiño),1,PNOA-2024-GAL-516-4748-H29-NPC01.LAZ
569,4763,1.4872140593840748,7.151833269010356,8.639047328394431,Boimorto,Cardeiro (San Pedro),1,PNOA-2024-GAL-569-4763-H29-NPC01.LAZ
514,4739,1.8290185893084274,6.8073536624835596,8.636372251791986,Lousame,Lesende (San Martiño),1,PNOA-2024-GAL-514-4739-H29-NPC01.LAZ
584,4767,0.0,8.635208908890085,8.635208908890085,Sobrado,Roade (Santo André),1,PNOA-2024-GAL-584-4767-H29-NPC01.LAZ
522,4733,1.6531867085353698,6.978027529091005,8.631214237626374,Rois,Buxán (San Xoán),1,PNOA-2024-GAL-522-4733-H29-NPC01.LAZ
527,4778,0.0,8.627065630052524,8.627065630052524,Carballo,Rus (Santa María),1,PNOA-2024-GAL-527-4778-H29-NPC01.LAZ
544,4803,7.324571117824548,1.2956934466826158,8.620264564507163,A Coruña,Visma (San Pedro),1,PNOA-2024-GAL-544-4803-H29-NPC01.LAZ
568,4812,0.0,8.619651749610073,8.619651749610073,Fene,Magalofes (San Xurxo),1,PNOA-2024-GAL-568-4812-H29-NPC01.LAZ
566,4781,1.3034105873561763,7.3096799768562155,8.613090564212392,Cesuras,Bragade (San Mamede),3,PNOA-2024-GAL-566-4781-H29-NPC01.LAZ
549,4739,0.0,8.604160640305588,8.604160640305588,Boqueixón,Codeso (Santaia),1,PNOA-2024-GAL-549-4739-H29-NPC01.LAZ
511,4755,0.0,8.603193558726543,8.603193558726543,Negreira,Bugallido (San Pedro),1,PNOA-2024-GAL-511-4755-H29-NPC01.LAZ
514,4730,0.7361412474778899,7.863891180346297,8.600032427824187,Lousame,Fruíme (San Martiño),2,PNOA-2024-GAL-514-4730-H29-NPC01.LAZ
580,4787,0.0,8.598249779485837,8.598249779485837,Aranga,Aranga (San Paio),1,PNOA-2024-GAL-580-4787-H29-NPC01.LAZ
551,4771,1.9247553386030685,6.66970729538623,8.594462633989298,Ordes,Poulo (San Xulián),3,PNOA-2024-GAL-551-4771-H29-NPC01.LAZ
538,4785,0.0,8.59060018950201,8.59060018950201,A Laracha,Soandres (San Pedro),1,PNOA-2024-GAL-538-4785-H29-NPC01.LAZ
567,4824,0.0,8.581663761811036,8.581663761811036,Valdoviño,O Sequeiro (Santa María),1,PNOA-2024-GAL-567-4824-H29-NPC01.LAZ
563,4801,1.2564666749927373,7.317387142873224,8.573853817865961,Miño,Miño (Santa María),1,PNOA-2024-GAL-563-4801-H29-NPC01.LAZ
571,4765,4.176454587426771,4.396767728482116,8.573222315908886,Boimorto,Andavao (San Martiño),2,PNOA-2024-GAL-571-4765-H29-NPC01.LAZ
578,4825,0.0,8.57072093529571,8.57072093529571,San Sadurniño,Bardaos (Santa María),2,PNOA-2024-GAL-578-4825-H29-NPC01.LAZ
534,4764,0.9861530605204567,7.584028053405208,8.570181113925665,Trazo,Benza (San Pedro),1,PNOA-2024-GAL-534-4764-H29-NPC01.LAZ
511,4779,4.681776940953093,3.8872186962465114,8.568995637199604,Cabana de Bergantiños,Nantón (San Pedro),1,PNOA-2024-GAL-511-4779-H29-NPC01.LAZ
547,4764,0.0,8.56690068074048,8.56690068074048,Oroso,Deixebre (Santa María),2,PNOA-2024-GAL-547-4764-H29-NPC01.LAZ
593,4834,8.562991681653418,0.0,8.562991681653418,Ortigueira,Os Freires (San Paulo),1,PNOA-2024-GAL-593-4834-H29-NPC01.LAZ
540,4799,5.107777936362843,3.451005291837692,8.558783228200536,Arteixo,Oseiro (San Tirso),2,PNOA-2024-GAL-540-4799-H29-NPC01.LAZ
545,4745,0.0,8.557485664649839,8.557485664649839,Boqueixón,Vigo (Santa Baia),2,PNOA-2024-GAL-545-4745-H29-NPC01.LAZ
496,4778,0.6203783944233087,7.935158225120278,8.555536619543586,Vimianzo,Calo (San Xoán),1,PNOA-2024-GAL-496-4778-H29-NPC01.LAZ
571,4802,2.0917473100562294,6.458781443124173,8.550528753180402,Monfero,Vilachá (Santa María),2,PNOA-2024-GAL-571-4802-H29-NPC01.LAZ
584,4791,0.0,8.550022707831024,8.550022707831024,Aranga,Cambás (San Pedro),1,PNOA-2024-GAL-584-4791-H29-NPC01.LAZ
532,4778,0.0,8.539973591376842,8.539973591376842,Carballo,Aldemunde (Santa María Madanela),1,PNOA-2024-GAL-532-4778-H29-NPC01.LAZ
557,4763,0.9579474935451584,7.581884245183907,8.539831738729065,Frades,Aiazo (San Pedro),1,PNOA-2024-GAL-557-4763-H29-NPC01.LAZ
545,4758,0.0020125797188175897,8.531442687654941,8.533455267373759,Oroso,Oroso (San Martiño),2,PNOA-2024-GAL-545-4758-H29-NPC01.LAZ
548,4796,4.3699530091231535,4.15932684386598,8.529279852989134,Culleredo,Rutis (Santa María),1,PNOA-2024-GAL-548-4796-H29-NPC01.LAZ
526,4757,1.9329259840359292,6.593469769466108,8.526395753502037,A Baña,Troitosende (Santa María),1,PNOA-2024-GAL-526-4757-H29-NPC01.LAZ
499,4729,0.0,8.524648252090968,8.524648252090968,Porto do Son,Baroña (San Pedro),1,PNOA-2024-GAL-499-4729-H29-NPC01.LAZ
493,4764,0.0,8.519970349581962,8.519970349581962,Dumbría,Berdeogás (Santiago),1,PNOA-2024-GAL-493-4764-H29-NPC01.LAZ
577,4779,0.0,8.511347372508654,8.511347372508654,Curtis,Curtis (Santaia),1,PNOA-2024-GAL-577-4779-H29-NPC01.LAZ
520,4737,1.0017825189064462,7.509119987482078,8.510902506388526,Rois,Leroño (Santa María),2,PNOA-2024-GAL-520-4737-H29-NPC01.LAZ
569,4752,2.325841182164525,6.184281969519129,8.510123151683654,Arzúa,Lema (San Pedro),3,PNOA-2024-GAL-569-4752-H29-NPC01.LAZ
570,4745,0.0,8.506617232592845,8.506617232592845,Santiso,Beigondo (San Cosme),1,PNOA-2024-GAL-570-4745-H29-NPC01.LAZ
556,4787,0.0,8.505886159021008,8.505886159021008,Abegondo,Abegondo (Santaia),2,PNOA-2024-GAL-556-4787-H29-NPC01.LAZ
513,4729,1.6269162883431456,6.878108084885996,8.505024373229142,Boiro,Bealo (San Pedro),1,PNOA-2024-GAL-513-4729-H29-NPC01.LAZ
576,4754,3.963104391878769,4.541829498847357,8.504933890726125,Melide,Santalla de Agrón (Santalla),1,PNOA-2024-GAL-576-4754-H29-NPC01.LAZ
579,4825,0.0,8.50379660607581,8.50379660607581,Moeche,San Xoán de Moeche (San Xoán),2,PNOA-2024-GAL-579-4825-H29-NPC01.LAZ
579,4781,0.0,8.502103379756164,8.502103379756164,Curtis,Curtis (Santaia),2,PNOA-2024-GAL-579-4781-H29-NPC01.LAZ
519,4737,1.7336254598757799,6.767905865862394,8.501531325738174,Rois,Augasantas (San Vicente),2,PNOA-2024-GAL-519-4737-H29-NPC01.LAZ
531,4751,1.9373458472785947,6.561513673071918,8.498859520350512,Santiago de Compostela,Villestro (Santa María),1,PNOA-2024-GAL-531-4751-H29-NPC01.LAZ
538,4741,0.0,8.491396195182862,8.491396195182862,Teo,Cacheiras (San Simón de Ons),1,PNOA-2024-GAL-538-4741-H29-NPC01.LAZ
588,4812,2.333941136805765,6.154838330789945,8.488779467595709,As Pontes de García Rodríguez,Vilavella (Santa María),1,PNOA-2024-GAL-588-4812-H29-NPC01.LAZ
513,4760,0.028401236277093393,8.459767636469044,8.488168872746137,A Baña,A Riba (San Xoán),2,PNOA-2024-GAL-513-4760-H29-NPC01.LAZ
551,4761,0.0,8.486641738444789,8.486641738444789,Oroso,Senra (Santa Eulalia),1,PNOA-2024-GAL-551-4761-H29-NPC01.LAZ
576,4759,2.986154208478621,5.5002200481018875,8.486374256580508,Boimorto,Corneda (San Pedro),2,PNOA-2024-GAL-576-4759-H29-NPC01.LAZ
502,4739,0.0,8.484716693697674,8.484716693697674,Muros,Esteiro (Santa Mariña),1,PNOA-2024-GAL-502-4739-H29-NPC01.LAZ
512,4792,0.0,8.481653732764673,8.481653732764673,Ponteceso,Cores (San Martiño),1,PNOA-2024-GAL-512-4792-H29-NPC01.LAZ
544,4743,0.0,8.480442966554985,8.480442966554985,Boqueixón,Sergude (San Breixo),2,PNOA-2024-GAL-544-4743-H29-NPC01.LAZ
548,4781,0.6482906288275079,7.828113900728635,8.476404529556143,Carral,Sumio (Santiago),2,PNOA-2024-GAL-548-4781-H29-NPC01.LAZ
486,4778,0.0,8.470979415292165,8.470979415292165,Camariñas,Xaviña (Santa María),1,PNOA-2024-GAL-486-4778-H29-NPC01.LAZ
573,4797,0.0,8.468483236192107,8.468483236192107,Irixoa,Ambroa (San Tirso),1,PNOA-2024-GAL-573-4797-H29-NPC01.LAZ
578,4783,0.0,8.46093973929605,8.46093973929605,Aranga,Vilarraso (San Lourenzo),1,PNOA-2024-GAL-578-4783-H29-NPC01.LAZ
513,4778,2.6594126208330975,5.800261710389378,8.459674331222477,Cabana de Bergantiños,Riobó (San Martiño),1,PNOA-2024-GAL-513-4778-H29-NPC01.LAZ
537,4766,0.0,8.459662010971924,8.459662010971924,Tordoia,Castenda da Torre (Santa María),1,PNOA-2024-GAL-537-4766-H29-NPC01.LAZ
526,4746,0.0,8.45922553916984,8.45922553916984,Brión,Os Ánxeles (Santa María),2,PNOA-2024-GAL-526-4746-H29-NPC01.LAZ
530,4793,0.0,8.456852027959899,8.456852027959899,Carballo,Noicela (Santa María),1,PNOA-2024-GAL-530-4793-H29-NPC01.LAZ
544,4799,0.0,8.456199421080267,8.456199421080267,Arteixo,Pastoriza (Santa María),1,PNOA-2024-GAL-544-4799-H29-NPC01.LAZ
585,4756,0.0,8.45503686780528,8.45503686780528,Toques,Vilamor (Santo Estevo),1,PNOA-2024-GAL-585-4756-H29-NPC01.LAZ
534,4744,0.14574403954230863,8.306758009601667,8.452502049143977,Ames,Biduído (Santa María),3,PNOA-2024-GAL-534-4744-H29-NPC01.LAZ
512,4758,0.0,8.449560214483153,8.449560214483153,Santa Comba,Fontecada (San Martiño),1,PNOA-2024-GAL-512-4758-H29-NPC01.LAZ
535,4734,0.0,8.445091167165858,8.445091167165858,Teo,Reis (San Cristovo),1,PNOA-2024-GAL-535-4734-H29-NPC01.LAZ
564,4754,2.1918188642312817,6.247592076311163,8.439410940542444,Arzúa,Burres (San Vicenzo),1,PNOA-2024-GAL-564-4754-H29-NPC01.LAZ
547,4781,7.111110441227925,1.3274620669495203,8.438572508177446,Cerceda,As Encrobas (San Román),1,PNOA-2024-GAL-547-4781-H29-NPC01.LAZ
513,4733,0.0,8.436683415284284,8.436683415284284,Lousame,Lousame (San Xoán),1,PNOA-2024-GAL-513-4733-H29-NPC01.LAZ
503,4739,0.0,8.43250974692749,8.43250974692749,Outes,O Freixo de Sabardes (San Xoán),1,PNOA-2024-GAL-503-4739-H29-NPC01.LAZ
512,4765,0.0,8.43250287135442,8.43250287135442,Santa Comba,Cícere (San Pedro),3,PNOA-2024-GAL-512-4765-H29-NPC01.LAZ
540,4755,2.8550966853338777,5.576304913282078,8.431401598615956,Santiago de Compostela,Verdía (Santa Mariña),1,PNOA-2024-GAL-540-4755-H29-NPC01.LAZ
549,4742,0.0,8.428754336454272,8.428754336454272,Touro,San Miguel de Vilar (San Miguel),1,PNOA-2024-GAL-549-4742-H29-NPC01.LAZ
497,4758,0.0,8.426384455399429,8.426384455399429,Dumbría,Olveiroa (Santiago),2,PNOA-2024-GAL-497-4758-H29-NPC01.LAZ
566,4772,0.0,8.424933601901014,8.424933601901014,Mesía,Cumbraos (Santa María),1,PNOA-2024-GAL-566-4772-H29-NPC01.LAZ
546,4792,2.0091817001937318,6.4143727124376895,8.423554412631422,Culleredo,Orro (San Salvador),2,PNOA-2024-GAL-546-4792-H29-NPC01.LAZ
523,4743,5.274839144211631,3.1464508923503502,8.421290036561981,Rois,Urdilde (Santa María),1,PNOA-2024-GAL-523-4743-H29-NPC01.LAZ
527,4772,0.0,8.41504199128138,8.41504199128138,Tordoia,Anxeriz (Santa Mariña),1,PNOA-2024-GAL-527-4772-H29-NPC01.LAZ
552,4740,0.0,8.405027229932502,8.405027229932502,Boqueixón,Oural (Santa María),1,PNOA-2024-GAL-552-4740-H29-NPC01.LAZ
582,4783,0.0,8.397666498579886,8.397666498579886,Aranga,Aranga (San Paio),1,PNOA-2024-GAL-582-4783-H29-NPC01.LAZ
516,4752,0.0,8.396468029459951,8.396468029459951,Negreira,Aro (San Vicenzo),1,PNOA-2024-GAL-516-4752-H29-NPC01.LAZ
568,4756,1.079599360919627,7.316839149837485,8.396438510757113,Arzúa,Santa María da Arzúa (Santa María),2,PNOA-2024-GAL-568-4756-H29-NPC01.LAZ
587,4803,0.09326715357359078,8.301809747763294,8.395076901336884,Monfero,O Alto de Xestoso (Santa María),1,PNOA-2024-GAL-587-4803-H29-NPC01.LAZ
484,4776,0.0,8.393250621924542,8.393250621924542,Camariñas,Camariñas (San Xurxo),1,PNOA-2024-GAL-484-4776-H29-NPC01.LAZ
501,4777,1.9090341566952373,6.472070307330978,8.381104464026215,Vimianzo,Bamiro (San Amedio)),2,PNOA-2024-GAL-501-4777-H29-NPC01.LAZ
581,4756,5.489963301822878,2.890305860047391,8.38026916187027,Melide,Abeancos (San Salvador),2,PNOA-2024-GAL-581-4756-H29-NPC01.LAZ
575,4802,1.7889905917608462,6.5861773159227734,8.37516790768362,Monfero,Vilachá (Santa María),1,PNOA-2024-GAL-575-4802-H29-NPC01.LAZ
584,4817,0.0,8.36917962375747,8.36917962375747,As Somozas,Recemel (Santa María),1,PNOA-2024-GAL-584-4817-H29-NPC01.LAZ
570,4782,3.5817893957136566,4.785037412382277,8.366826808095933,Oza dos Ríos,Rodeiro (Santa María),2,PNOA-2024-GAL-570-4782-H29-NPC01.LAZ
564,4807,0.0,8.360315605990044,8.360315605990044,Pontedeume,Centroña (Santa María),1,PNOA-2024-GAL-564-4807-H29-NPC01.LAZ
528,4754,1.4499078754302972,6.909304802407842,8.359212677838139,Ames,Piñeiro (San Mamede),2,PNOA-2024-GAL-528-4754-H29-NPC01.LAZ
501,4786,6.534506805853883,1.824176724153611,8.358683530007493,Cabana de Bergantiños,Cánduas (San Martiño),1,PNOA-2024-GAL-501-4786-H29-NPC01.LAZ
537,4796,2.9305448256193714,5.419615118004664,8.350159943624035,Arteixo,Barrañán (San Xián),2,PNOA-2024-GAL-537-4796-H29-NPC01.LAZ
524,4749,2.0073586939610206,6.34156555189238,8.3489242458534,Ames,Agrón (San Lourenzo),1,PNOA-2024-GAL-524-4749-H29-NPC01.LAZ
503,4738,0.0,8.338413516282163,8.338413516282163,Muros,Esteiro (Santa Mariña),2,PNOA-2024-GAL-503-4738-H29-NPC01.LAZ
594,4832,8.333793765561046,0.0,8.333793765561046,Ortigueira,Devesos (San Sebastián),2,PNOA-2024-GAL-594-4832-H29-NPC01.LAZ
564,4797,4.610240080482987,3.71898692328071,8.329227003763696,Paderne,Souto (Santa María),3,PNOA-2024-GAL-564-4797-H29-NPC01.LAZ
575,4818,0.0,8.328449528990694,8.328449528990694,San Sadurniño,Naraío (Santa María),1,PNOA-2024-GAL-575-4818-H29-NPC01.LAZ
582,4790,0.0,8.327804488487859,8.327804488487859,Aranga,Cambás (San Pedro),1,PNOA-2024-GAL-582-4790-H29-NPC01.LAZ
586,4832,0.0,8.325140758496122,8.325140758496122,Cerdido,A Barqueira (Santo Antonio),1,PNOA-2024-GAL-586-4832-H29-NPC01.LAZ
595,4839,8.320796827487095,0.0,8.320796827487095,Ortigueira,O Mosteiro (San Xoán),1,PNOA-2024-GAL-595-4839-H29-NPC01.LAZ
493,4765,2.503892793811209,5.816256958228101,8.32014975203931,Vimianzo,Berdoias (San Pedro),1,PNOA-2024-GAL-493-4765-H29-NPC01.LAZ
579,4839,1.6539857584354545,6.665106297821224,8.319092056256679,Cedeira,Régoa (Santa María),2,PNOA-2024-GAL-579-4839-H29-NPC01.LAZ
581,4749,0.0,8.319052762543642,8.319052762543642,Santiso,Vimianzo (Santa María),1,PNOA-2024-GAL-581-4749-H29-NPC01.LAZ
510,4741,2.2190823613139314,6.099787849390556,8.318870210704487,Noia,Roo (Santa María),1,PNOA-2024-GAL-510-4741-H29-NPC01.LAZ
541,4801,2.6393131623819004,5.677276707268231,8.31658986965013,Arteixo,Suevos (San Martiño),1,PNOA-2024-GAL-541-4801-H29-NPC01.LAZ
584,4772,0.0,8.301867565067642,8.301867565067642,Sobrado,Grixalba (San Xiao),1,PNOA-2024-GAL-584-4772-H29-NPC01.LAZ
561,4799,0.0,8.293802746206577,8.293802746206577,Bergondo,Ouces (San Xoán),1,PNOA-2024-GAL-561-4799-H29-NPC01.LAZ
551,4740,0.0,8.291076618792001,8.291076618792001,Boqueixón,Pousada (San Lourenzo),2,PNOA-2024-GAL-551-4740-H29-NPC01.LAZ
578,4804,2.432771742791327,5.854863663979763,8.28763540677109,Monfero,San Fiz de Monfero (San Fiz),1,PNOA-2024-GAL-578-4804-H29-NPC01.LAZ
547,4798,1.0873541668853484,7.199413680046593,8.28676784693194,A Coruña,Elviña (San Vicenzo),1,PNOA-2024-GAL-547-4798-H29-NPC01.LAZ
478,4752,0.0,8.283235919139077,8.283235919139077,Fisterra,San Martiño de Duio (San Martiño),2,PNOA-2024-GAL-478-4752-H29-NPC01.LAZ
586,4806,8.282327425381155,0.0,8.282327425381155,As Pontes de García Rodríguez,A Faeira (San Pedro),1,PNOA-2024-GAL-586-4806-H29-NPC01.LAZ
493,4737,0.0,8.280521722420884,8.280521722420884,Muros,Louro (Santiago),3,PNOA-2024-GAL-493-4737-H29-NPC01.LAZ
558,4785,0.0,8.277514461223763,8.277514461223763,Abegondo,Cerneda (San Salvador),2,PNOA-2024-GAL-558-4785-H29-NPC01.LAZ
547,4735,0.0,8.272566213762646,8.272566213762646,Vedra,Santa Cruz de Ribadulla (Santa Cruz),1,PNOA-2024-GAL-547-4735-H29-NPC01.LAZ
494,4765,0.0,8.26837976513862,8.26837976513862,Dumbría,Berdeogás (Santiago),2,PNOA-2024-GAL-494-4765-H29-NPC01.LAZ
577,4749,0.0,8.263775057752508,8.263775057752508,Santiso,Liñares (Santiago),2,PNOA-2024-GAL-577-4749-H29-NPC01.LAZ
548,4760,0.0,8.26244375830238,8.26244375830238,Oroso,Vilarromaris (San Tomé),2,PNOA-2024-GAL-548-4760-H29-NPC01.LAZ
577,4821,0.0,8.257459433553509,8.257459433553509,San Sadurniño,Ferreira (San Paio),2,PNOA-2024-GAL-577-4821-H29-NPC01.LAZ
534,4752,0.6470214929104378,7.6093599843744055,8.256381477284844,Santiago de Compostela,Figueiras (Santa María),2,PNOA-2024-GAL-534-4752-H29-NPC01.LAZ
511,4728,0.8280195952458966,7.423560560987137,8.251580156233034,Boiro,Bealo (San Pedro),1,PNOA-2024-GAL-511-4728-H29-NPC01.LAZ
581,4780,0.0,8.24821049663247,8.24821049663247,Curtis,Curtis (Santaia),1,PNOA-2024-GAL-581-4780-H29-NPC01.LAZ
524,4760,0.9797994723331352,7.266029670616003,8.24582914294914,A Baña,Cabanas (San Miguel),1,PNOA-2024-GAL-524-4760-H29-NPC01.LAZ
568,4772,0.0,8.239426954432934,8.239426954432934,Vilasantar,Barbeito (San Salvador),2,PNOA-2024-GAL-568-4772-H29-NPC01.LAZ
542,4765,2.1310479767507178,6.103124362460617,8.234172339211336,Tordoia,Leobalde (San Cristovo),2,PNOA-2024-GAL-542-4765-H29-NPC01.LAZ
483,4754,4.627209680195597,3.6054140523848903,8.232623732580487,Corcubión,Redonda (San Pedro),2,PNOA-2024-GAL-483-4754-H29-NPC01.LAZ
502,4748,0.0,8.228974248105722,8.228974248105722,Outes,Valadares (San Miguel),1,PNOA-2024-GAL-502-4748-H29-NPC01.LAZ
563,4755,0.274068722826283,7.950126881197249,8.224195604023532,Arzúa,Dodro (Santa María),1,PNOA-2024-GAL-563-4755-H29-NPC01.LAZ
508,4781,1.2769592949870754,6.940436837489322,8.217396132476399,Cabana de Bergantiños,Anós (Santo Estevo),1,PNOA-2024-GAL-508-4781-H29-NPC01.LAZ
564,4788,1.8406880305498314,6.375451592172858,8.21613962272269,Oza dos Ríos,Porzomillos (San Pedro),2,PNOA-2024-GAL-564-4788-H29-NPC01.LAZ
515,4747,0.0,8.210210826383177,8.210210826383177,Negreira,Lueiro (Santa Baia),1,PNOA-2024-GAL-515-4747-H29-NPC01.LAZ
490,4761,0.0,8.20620808953351,8.20620808953351,Dumbría,Dumbría (Santa Baia),1,PNOA-2024-GAL-490-4761-H29-NPC01.LAZ
570,4775,0.0,8.198921654068911,8.198921654068911,Curtis,Fisteus (Santa María),1,PNOA-2024-GAL-570-4775-H29-NPC01.LAZ
491,4773,3.9387465302130513,4.254141860879821,8.192888391092872,Vimianzo,Carnés (San Cristovo),1,PNOA-2024-GAL-491-4773-H29-NPC01.LAZ
523,4791,0.0,8.19203076805038,8.19203076805038,Carballo,Razo (San Martiño),1,PNOA-2024-GAL-523-4791-H29-NPC01.LAZ
530,4741,0.0,8.189505485035674,8.189505485035674,Teo,Calo (San Xoán),2,PNOA-2024-GAL-530-4741-H29-NPC01.LAZ
532,4780,0.0,8.185414117152613,8.185414117152613,Carballo,Sofán (San Salvador),2,PNOA-2024-GAL-532-4780-H29-NPC01.LAZ
498,4720,0.0,8.182338885878945,8.182338885878945,Porto do Son,Xuño (Santa Mariña),2,PNOA-2024-GAL-498-4720-H29-NPC01.LAZ
571,4832,0.0,8.176949519472732,8.176949519472732,Valdoviño,Pantín (Santiago),1,PNOA-2024-GAL-571-4832-H29-NPC01.LAZ
511,4753,0.0,8.174383502697998,8.174383502697998,Negreira,Alvite (San Tomé),1,PNOA-2024-GAL-511-4753-H29-NPC01.LAZ
603,4835,0.0,8.165625606968344,8.165625606968344,Mañón,Mañón (Santa María),1,PNOA-2024-GAL-603-4835-H29-NPC01.LAZ
513,4762,0.0,8.157350627476763,8.157350627476763,Santa Comba,Alón (Santa María),1,PNOA-2024-GAL-513-4762-H29-NPC01.LAZ
546,4758,0.0,8.15450613902619,8.15450613902619,Oroso,A Gándara (San Miguel),2,PNOA-2024-GAL-546-4758-H29-NPC01.LAZ
579,4789,0.0,8.153370073293253,8.153370073293253,Aranga,Aranga (San Paio),1,PNOA-2024-GAL-579-4789-H29-NPC01.LAZ
539,4748,2.196752907318713,5.952824110773399,8.149577018092112,Santiago de Compostela,San Lázaro (Santiago),2,PNOA-2024-GAL-539-4748-H29-NPC01.LAZ
566,4766,0.0,8.144292634086504,8.144292634086504,Mesía,Boado (Santiago),2,PNOA-2024-GAL-566-4766-H29-NPC01.LAZ
534,4767,3.628557000213942,4.51556396307664,8.144120963290582,Trazo,Restande (Santa María),1,PNOA-2024-GAL-534-4767-H29-NPC01.LAZ
560,4781,1.334255204386399,6.808982647230826,8.143237851617226,Cesuras,Figueredo (Santa María),2,PNOA-2024-GAL-560-4781-H29-NPC01.LAZ
499,4780,0.0,8.143235383439388,8.143235383439388,Laxe,Nande (San Simón),1,PNOA-2024-GAL-499-4780-H29-NPC01.LAZ
584,4815,2.454463106611012,5.687340253408918,8.14180336001993,As Somozas,Recemel (Santa María),2,PNOA-2024-GAL-584-4815-H29-NPC01.LAZ
544,4746,0.0,8.137763193646338,8.137763193646338,Boqueixón,Lamas (Santa María),2,PNOA-2024-GAL-544-4746-H29-NPC01.LAZ
532,4752,0.0,8.137429157422089,8.137429157422089,Santiago de Compostela,Figueiras (Santa María),2,PNOA-2024-GAL-532-4752-H29-NPC01.LAZ
583,4798,5.232388553907162,2.9040804749410505,8.136469028848213,Monfero,O Val de Xestoso (San Pedro),1,PNOA-2024-GAL-583-4798-H29-NPC01.LAZ
573,4785,0.0,8.127429353594941,8.127429353594941,Aranga,San Vicente de Fervenzas (San Vicente),1,PNOA-2024-GAL-573-4785-H29-NPC01.LAZ
594,4815,8.125536837436599,0.0,8.125536837436599,As Pontes de García Rodríguez,As Pontes de García Rodríguez (Santa María),1,PNOA-2024-GAL-594-4815-H29-NPC01.LAZ
491,4774,0.33658612977631935,7.788000497365576,8.124586627141895,Vimianzo,Carnés (San Cristovo),1,PNOA-2024-GAL-491-4774-H29-NPC01.LAZ
563,4751,2.208279932377628,5.9133487561080775,8.121628688485705,Arzúa,Burres (San Vicenzo),2,PNOA-2024-GAL-563-4751-H29-NPC01.LAZ
575,4829,0.0,8.118889760035957,8.118889760035957,Valdoviño,Vilaboa (San Vicente),2,PNOA-2024-GAL-575-4829-H29-NPC01.LAZ
503,4781,1.4558928895018017,6.657400738574399,8.113293628076201,Cabana de Bergantiños,Borneiro (San Xoán),1,PNOA-2024-GAL-503-4781-H29-NPC01.LAZ
582,4760,0.0,8.10610287440466,8.10610287440466,Toques,A Capela (Santa María),1,PNOA-2024-GAL-582-4760-H29-NPC01.LAZ
547,4784,2.1658180569175403,5.937658987292884,8.103477044210424,Cerceda,As Encrobas (San Román),1,PNOA-2024-GAL-547-4784-H29-NPC01.LAZ
528,4788,0.0,8.100669646599497,8.100669646599497,Carballo,Bértoa (Santa María),2,PNOA-2024-GAL-528-4788-H29-NPC01.LAZ
538,4793,3.8501414303094053,4.247841361487965,8.09798279179737,Arteixo,Lañas (Santa María),2,PNOA-2024-GAL-538-4793-H29-NPC01.LAZ
514,4778,1.0733117649268735,7.023018969531397,8.09633073445827,Coristanco,Agualada (San Lourenzo),2,PNOA-2024-GAL-514-4778-H29-NPC01.LAZ
548,4759,0.0,8.094267671959576,8.094267671959576,Oroso,A Gándara (San Miguel),2,PNOA-2024-GAL-548-4759-H29-NPC01.LAZ
560,4776,0.0,8.090512802604538,8.090512802604538,Mesía,Mesía (San Cristovo),2,PNOA-2024-GAL-560-4776-H29-NPC01.LAZ
535,4771,0.0,8.080621303676258,8.080621303676258,Tordoia,Cabaleiros (San Xián),1,PNOA-2024-GAL-535-4771-H29-NPC01.LAZ
521,4738,1.7710906392183272,6.307217316093227,8.078307955311555,Rois,Augasantas (San Vicente),2,PNOA-2024-GAL-521-4738-H29-NPC01.LAZ
570,4781,0.9805169927773555,7.095115533751467,8.075632526528823,Oza dos Ríos,A Regueira (Santa María),2,PNOA-2024-GAL-570-4781-H29-NPC01.LAZ
492,4746,0.0,8.074842090545777,8.074842090545777,Carnota,San Mamede de Carnota (San Mamede),1,PNOA-2024-GAL-492-4746-H29-NPC01.LAZ
533,4779,0.0,8.065022125211774,8.065022125211774,Cerceda,Rodís (San Martiño),1,PNOA-2024-GAL-533-4779-H29-NPC01.LAZ
586,4828,0.0,8.06133580372487,8.06133580372487,Cerdido,A Barqueira (Santo Antonio),2,PNOA-2024-GAL-586-4828-H29-NPC01.LAZ
513,4741,0.8249509076097612,7.235497648019783,8.060448555629545,Noia,Roo (Santa María),1,PNOA-2024-GAL-513-4741-H29-NPC01.LAZ
501,4730,0.0,8.056942488352048,8.056942488352048,Porto do Son,Noal (San Vicente),2,PNOA-2024-GAL-501-4730-H29-NPC01.LAZ
505,4744,0.0,8.055294331160672,8.055294331160672,Outes,Outes (San Pedro),1,PNOA-2024-GAL-505-4744-H29-NPC01.LAZ
513,4768,0.0,8.054439774682153,8.054439774682153,Santa Comba,Arantón (San Vicente),2,PNOA-2024-GAL-513-4768-H29-NPC01.LAZ
510,4739,1.5701306617838546,6.480655507056599,8.050786168840453,Noia,Barro (Santa Cristina),1,PNOA-2024-GAL-510-4739-H29-NPC01.LAZ
492,4765,0.0,8.04671571208564,8.04671571208564,Dumbría,Berdeogás (Santiago),1,PNOA-2024-GAL-492-4765-H29-NPC01.LAZ
542,4738,0.0,8.034463475544966,8.034463475544966,Vedra,Vedra (Santa Eulalia),2,PNOA-2024-GAL-542-4738-H29-NPC01.LAZ
514,4755,0.0,8.011143009480897,8.011143009480897,Negreira,Landeira (Santo Estevo),1,PNOA-2024-GAL-514-4755-H29-NPC01.LAZ
513,4792,0.0,8.006358538560217,8.006358538560217,Ponteceso,Cores (San Martiño),1,PNOA-2024-GAL-513-4792-H29-NPC01.LAZ
523,4786,0.0,7.99744857135726,7.99744857135726,Carballo,Sísamo (Santiago),2,PNOA-2024-GAL-523-4786-H29-NPC01.LAZ
570,4768,0.0,7.990952795674962,7.990952795674962,Vilasantar,Mezonzo (Santa María),1,PNOA-2024-GAL-570-4768-H29-NPC01.LAZ
490,4739,0.0,7.990602343695386,7.990602343695386,Carnota,Lira (Santa María),1,PNOA-2024-GAL-490-4739-H29-NPC01.LAZ
586,4764,0.0,7.989893202913696,7.989893202913696,Toques,Santa Mariña de Brañas (Santa Mariña),2,PNOA-2024-GAL-586-4764-H29-NPC01.LAZ
490,4745,0.0,7.985928685648943,7.985928685648943,Carnota,San Mamede de Carnota (San Mamede),1,PNOA-2024-GAL-490-4745-H29-NPC01.LAZ
537,4769,0.0,7.979584041565738,7.979584041565738,Tordoia,Castenda da Torre (Santa María),2,PNOA-2024-GAL-537-4769-H29-NPC01.LAZ
544,4739,0.0,7.977197155793828,7.977197155793828,Boqueixón,Lestedo (Santa María),2,PNOA-2024-GAL-544-4739-H29-NPC01.LAZ
511,4783,2.653859107862404,5.323204832528793,7.977063940391197,Cabana de Bergantiños,A Silvarredonda (San Pedro),2,PNOA-2024-GAL-511-4783-H29-NPC01.LAZ
495,4715,6.793340109136782,1.1611039784941375,7.95444408763092,Ribeira,Olveira (Santa María),2,PNOA-2024-GAL-495-4715-H29-NPC01.LAZ
573,4828,0.0,7.950243579947851,7.950243579947851,Valdoviño,Loira (San Pedro),2,PNOA-2024-GAL-573-4828-H29-NPC01.LAZ
548,4794,4.036414397817481,3.9133082673637505,7.949722665181231,Culleredo,Culleredo (Santo Estevo),1,PNOA-2024-GAL-548-4794-H29-NPC01.LAZ
518,4736,1.532653630328056,6.416417389833251,7.949071020161307,Rois,Augasantas (San Vicente),1,PNOA-2024-GAL-518-4736-H29-NPC01.LAZ
577,4771,0.0,7.943136454651241,7.943136454651241,Sobrado,A Ciadella (Santa María),1,PNOA-2024-GAL-577-4771-H29-NPC01.LAZ
573,4803,0.0486845056119232,7.894200656780326,7.942885162392249,Vilarmaior,Grandal (San Pedro),2,PNOA-2024-GAL-573-4803-H29-NPC01.LAZ
524,4781,0.0,7.940641372242265,7.940641372242265,Carballo,Ardaña (Santa María),2,PNOA-2024-GAL-524-4781-H29-NPC01.LAZ
493,4738,0.0,7.937222038047995,7.937222038047995,Muros,Serres (San Xoán),2,PNOA-2024-GAL-493-4738-H29-NPC01.LAZ
570,4832,0.0,7.93656078257119,7.93656078257119,Valdoviño,Pantín (Santiago),1,PNOA-2024-GAL-570-4832-H29-NPC01.LAZ
518,4744,0.0,7.933236095221959,7.933236095221959,Brión,Luaña (San Xulián),1,PNOA-2024-GAL-518-4744-H29-NPC01.LAZ
572,4830,0.0,7.924755639056853,7.924755639056853,Valdoviño,Loira (San Pedro),2,PNOA-2024-GAL-572-4830-H29-NPC01.LAZ
583,4821,0.0,7.920331199128432,7.920331199128432,As Somozas,As Somozas (Santiago Seré),1,PNOA-2024-GAL-583-4821-H29-NPC01.LAZ
569,4795,0.9927027588702579,6.923798392817591,7.916501151687848,Paderne,Adragonte (Santiago),1,PNOA-2024-GAL-569-4795-H29-NPC01.LAZ
543,4734,0.0,7.909976259447278,7.909976259447278,Vedra,San Miguel de Sarandón (San Miguel),2,PNOA-2024-GAL-543-4734-H29-NPC01.LAZ
568,4779,1.0276811976524507,6.879478410344614,7.907159607997064,Cesuras,Filgueira de Barranca (San Pedro),2,PNOA-2024-GAL-568-4779-H29-NPC01.LAZ
587,4829,0.0,7.90621233295822,7.90621233295822,Cerdido,Os Casás (San Xoán),2,PNOA-2024-GAL-587-4829-H29-NPC01.LAZ
578,4746,0.0,7.903570956263845,7.903570956263845,Santiso,Santaia de Rairiz (Santaia),2,PNOA-2024-GAL-578-4746-H29-NPC01.LAZ
585,4757,0.0,7.901428460701984,7.901428460701984,Toques,Vilamor (Santo Estevo),2,PNOA-2024-GAL-585-4757-H29-NPC01.LAZ
590,4831,7.898261617343872,0.0,7.898261617343872,Ortigueira,O Ermo (San Xulián),1,PNOA-2024-GAL-590-4831-H29-NPC01.LAZ
595,4838,7.806623422740189,0.0913710928381161,7.897994515578305,Ortigueira,O Mosteiro (San Xoán),2,PNOA-2024-GAL-595-4838-H29-NPC01.LAZ
526,4777,0.0,7.896648684238999,7.896648684238999,Carballo,Entrecruces (San Xens),1,PNOA-2024-GAL-526-4777-H29-NPC01.LAZ
584,4811,7.895660453741599,0.0,7.895660453741599,As Pontes de García Rodríguez,Goente (San Martiño),1,PNOA-2024-GAL-584-4811-H29-NPC01.LAZ
531,4755,0.516948541610368,7.375012517326066,7.891961058936435,Santiago de Compostela,Santa Cristina de Fecha (Santa Cristina),1,PNOA-2024-GAL-531-4755-H29-NPC01.LAZ
509,4734,2.4806453212929354,5.398548812922188,7.8791941342151235,Lousame,Tállara (San Pedro),1,PNOA-2024-GAL-509-4734-H29-NPC01.LAZ
596,4817,7.8747057688609905,0.0,7.8747057688609905,As Pontes de García Rodríguez,Somede (San Mamede),1,PNOA-2024-GAL-596-4817-H29-NPC01.LAZ
512,4746,0.0,7.865886179775359,7.865886179775359,Negreira,Xallas (San Pedro),3,PNOA-2024-GAL-512-4746-H29-NPC01.LAZ
578,4784,0.0,7.865162770675613,7.865162770675613,Aranga,Vilarraso (San Lourenzo),1,PNOA-2024-GAL-578-4784-H29-NPC01.LAZ
573,4813,0.021977773295582783,7.8395133662944865,7.861491139590069,A Capela,Cabalar (Santa María),1,PNOA-2024-GAL-573-4813-H29-NPC01.LAZ
568,4784,4.619026383480731,3.2340990016781848,7.853125385158915,Oza dos Ríos,Bandoxa (San Martiño),1,PNOA-2024-GAL-568-4784-H29-NPC01.LAZ
520,4775,7.795173493628697,0.0525488991340946,7.847722392762792,Coristanco,Seavia (San Mamede),1,PNOA-2024-GAL-520-4775-H29-NPC01.LAZ
507,4736,1.9154224341002477,5.927475646480562,7.8428980805808095,Noia,Argalo (Santa María),2,PNOA-2024-GAL-507-4736-H29-NPC01.LAZ
537,4743,0.0,7.838659115405658,7.838659115405658,Teo,Cacheiras (San Simón de Ons),1,PNOA-2024-GAL-537-4743-H29-NPC01.LAZ
551,4773,0.0,7.83422587696678,7.83422587696678,Ordes,Buscás (San Paio),1,PNOA-2024-GAL-551-4773-H29-NPC01.LAZ
488,4748,0.0,7.832246917456001,7.832246917456001,Carnota,O Pindo (San Clemente),1,PNOA-2024-GAL-488-4748-H29-NPC01.LAZ
519,4763,0.0,7.826727132579255,7.826727132579255,Santa Comba,Freixeiro (San Fins),1,PNOA-2024-GAL-519-4763-H29-NPC01.LAZ
544,4744,0.0,7.818392176513481,7.818392176513481,Boqueixón,Lamas (Santa María),2,PNOA-2024-GAL-544-4744-H29-NPC01.LAZ
571,4752,0.0,7.817011294682175,7.817011294682175,Arzúa,Vilantime (San Pedro),2,PNOA-2024-GAL-571-4752-H29-NPC01.LAZ
505,4746,0.0,7.810320954246956,7.810320954246956,Outes,Outes (San Pedro),2,PNOA-2024-GAL-505-4746-H29-NPC01.LAZ
573,4750,0.0,7.809112570256917,7.809112570256917,Santiso,San Román (San Pedro),1,PNOA-2024-GAL-573-4750-H29-NPC01.LAZ
501,4768,0.08678563704994653,7.721799230195287,7.808584867245234,Vimianzo,Serramo (San Sebastián),1,PNOA-2024-GAL-501-4768-H29-NPC01.LAZ
564,4774,0.0,7.807369626213975,7.807369626213975,Mesía,Cabrui (San Martiño),2,PNOA-2024-GAL-564-4774-H29-NPC01.LAZ
501,4769,2.0355315951658364,5.768284613600433,7.8038162087662695,Vimianzo,Serramo (San Sebastián),1,PNOA-2024-GAL-501-4769-H29-NPC01.LAZ
549,4776,2.2673308036862503,5.528712169168389,7.796042972854639,Ordes,Leira (Santa María),2,PNOA-2024-GAL-549-4776-H29-NPC01.LAZ
537,4787,0.0,7.789357453683116,7.789357453683116,A Laracha,Coiro (San Xián),3,PNOA-2024-GAL-537-4787-H29-NPC01.LAZ
551,4759,0.0,7.788804921823694,7.788804921823694,Oroso,Cardama (Santa María),2,PNOA-2024-GAL-551-4759-H29-NPC01.LAZ
547,4788,2.172603158317499,5.614944811651254,7.787547969968753,Culleredo,Celas (Santa María),1,PNOA-2024-GAL-547-4788-H29-NPC01.LAZ
571,4751,1.8497740554408624,5.935590983988324,7.785365039429187,Arzúa,Vilantime (San Pedro),1,PNOA-2024-GAL-571-4751-H29-NPC01.LAZ
507,4783,0.9194538323124702,6.86158723555465,7.78104106786712,Cabana de Bergantiños,Cundíns (San Paio),1,PNOA-2024-GAL-507-4783-H29-NPC01.LAZ
514,4754,0.0,7.776964962135473,7.776964962135473,Negreira,A Pena (San Mamede),1,PNOA-2024-GAL-514-4754-H29-NPC01.LAZ
571,4748,0.0,7.770310928279581,7.770310928279581,Santiso,Visantoña (San Xoán),1,PNOA-2024-GAL-571-4748-H29-NPC01.LAZ
585,4839,4.691181856611973,3.0745145866977404,7.765696443309713,Cedeira,Régoa (Santa María),2,PNOA-2024-GAL-585-4839-H29-NPC01.LAZ
582,4823,0.0,7.759582027253972,7.759582027253972,Moeche,San Xurxo de Moeche (San Xurxo),1,PNOA-2024-GAL-582-4823-H29-NPC01.LAZ
565,4765,0.0,7.75356560508418,7.75356560508418,Mesía,Boado (Santiago),1,PNOA-2024-GAL-565-4765-H29-NPC01.LAZ
564,4828,0.0,7.747063877853749,7.747063877853749,Valdoviño,Meirás (San Vicente),1,PNOA-2024-GAL-564-4828-H29-NPC01.LAZ
549,4774,1.0008671266393456,6.742398090884469,7.743265217523815,Ordes,Leira (Santa María),1,PNOA-2024-GAL-549-4774-H29-NPC01.LAZ
591,4836,7.736208528779578,0.0,7.736208528779578,Ortigueira,Senra (San Xulián),2,PNOA-2024-GAL-591-4836-H29-NPC01.LAZ
575,4832,0.0,7.735001247328818,7.735001247328818,Valdoviño,Vilarrube (San Martiño),1,PNOA-2024-GAL-575-4832-H29-NPC01.LAZ
571,4769,0.0,7.731958828184709,7.731958828184709,Vilasantar,Vilasantar (Santiago),2,PNOA-2024-GAL-571-4769-H29-NPC01.LAZ
574,4777,0.0,7.730802664890376,7.730802664890376,Curtis,Fisteus (Santa María),1,PNOA-2024-GAL-574-4777-H29-NPC01.LAZ
505,4722,0.0,7.721933679485618,7.721933679485618,A Pobra do Caramiñal,Posmarcos (Santo Isidro),2,PNOA-2024-GAL-505-4722-H29-NPC01.LAZ
553,4786,0.0,7.718005892197111,7.718005892197111,Abegondo,Sarandós (Santa María),1,PNOA-2024-GAL-553-4786-H29-NPC01.LAZ
523,4758,1.0261666197230326,6.6863980220538375,7.71256464177687,A Baña,Lañas (Santa Baia),2,PNOA-2024-GAL-523-4758-H29-NPC01.LAZ
595,4833,7.707365904795531,0.0,7.707365904795531,Ortigueira,Devesos (San Sebastián),2,PNOA-2024-GAL-595-4833-H29-NPC01.LAZ
497,4740,0.0,7.7043847513545805,7.7043847513545805,Muros,Abelleira (Santo Estevo),1,PNOA-2024-GAL-497-4740-H29-NPC01.LAZ
573,4790,0.0,7.698747956613459,7.698747956613459,Irixoa,Coruxou (San Salvador),1,PNOA-2024-GAL-573-4790-H29-NPC01.LAZ
596,4832,7.698014642426695,0.0,7.698014642426695,Ortigueira,Devesos (San Sebastián),1,PNOA-2024-GAL-596-4832-H29-NPC01.LAZ
576,4747,0.0,7.6976472275276535,7.6976472275276535,Santiso,Pezobrés (Santo Estevo),3,PNOA-2024-GAL-576-4747-H29-NPC01.LAZ
520,4740,1.6420641980591715,6.055565893036988,7.697630091096159,Rois,Ermedelo (San Martiño),2,PNOA-2024-GAL-520-4740-H29-NPC01.LAZ
520,4787,0.0,7.693388991054158,7.693388991054158,Carballo,Cances (San Martiño),2,PNOA-2024-GAL-520-4787-H29-NPC01.LAZ
585,4751,7.691483020255042,0.0,7.691483020255042,Melide,O Meire (San Pedro),1,PNOA-2024-GAL-585-4751-H29-NPC01.LAZ
573,4775,0.0,7.691061491482908,7.691061491482908,Curtis,Fisteus (Santa María),1,PNOA-2024-GAL-573-4775-H29-NPC01.LAZ
523,4790,0.0,7.6818013279048944,7.6818013279048944,Carballo,Oza (San Breixo),1,PNOA-2024-GAL-523-4790-H29-NPC01.LAZ
562,4785,0.0,7.680085770841003,7.680085770841003,Abegondo,Cullergondo (Santa María),2,PNOA-2024-GAL-562-4785-H29-NPC01.LAZ
516,4742,0.0,7.675514834009791,7.675514834009791,Lousame,Toxos Outos (San Xusto),1,PNOA-2024-GAL-516-4742-H29-NPC01.LAZ
530,4752,0.03459433704394941,7.639134682495762,7.673729019539712,Ames,Ameixenda (Santa María),1,PNOA-2024-GAL-530-4752-H29-NPC01.LAZ
581,4764,0.0,7.664645372961782,7.664645372961782,Sobrado,A Porta (San Pedro),1,PNOA-2024-GAL-581-4764-H29-NPC01.LAZ
530,4794,0.0,7.660127701394563,7.660127701394563,Carballo,Noicela (Santa María),2,PNOA-2024-GAL-530-4794-H29-NPC01.LAZ
496,4715,0.7874682799871818,6.872597979361957,7.660066259349138,Ribeira,Olveira (Santa María),1,PNOA-2024-GAL-496-4715-H29-NPC01.LAZ
559,4778,2.2403227536302746,5.418183842248046,7.658506595878321,Cesuras,Filgueira de Traba (San Miguel),1,PNOA-2024-GAL-559-4778-H29-NPC01.LAZ
596,4835,5.837693278507926,1.8177172778418251,7.655410556349751,Ortigueira,Couzadoiro (San Cristovo),1,PNOA-2024-GAL-596-4835-H29-NPC01.LAZ
565,4751,0.8810803216513378,6.771900074321276,7.652980395972613,Arzúa,Pantiñobre (Santo Estevo),1,PNOA-2024-GAL-565-4751-H29-NPC01.LAZ
543,4786,0.0,7.6481977395657745,7.6481977395657745,A Laracha,Soandres (San Pedro),1,PNOA-2024-GAL-543-4786-H29-NPC01.LAZ
579,4745,0.0,7.641273501473637,7.641273501473637,Santiso,A Ponte Arcediago (San Xoán),1,PNOA-2024-GAL-579-4745-H29-NPC01.LAZ
578,4751,7.638729417108584,0.0,7.638729417108584,Melide,Campos (Santa María),3,PNOA-2024-GAL-578-4751-H29-NPC01.LAZ
579,4793,0.0,7.634032417709489,7.634032417709489,Irixoa,Verís (Santa María),1,PNOA-2024-GAL-579-4793-H29-NPC01.LAZ
554,4777,0.0,7.631168075152139,7.631168075152139,Mesía,Visantoña (San Martiño),2,PNOA-2024-GAL-554-4777-H29-NPC01.LAZ
543,4801,7.158320489347001,0.4705212481825186,7.62884173752952,A Coruña,Visma (San Pedro),1,PNOA-2024-GAL-543-4801-H29-NPC01.LAZ
503,4745,0.0,7.622534046988174,7.622534046988174,Outes,Outes (San Pedro),2,PNOA-2024-GAL-503-4745-H29-NPC01.LAZ
534,4772,0.0,7.622427879422544,7.622427879422544,Tordoia,A Vila de Abade (San Cibrán),1,PNOA-2024-GAL-534-4772-H29-NPC01.LAZ
566,4783,4.133876238094844,3.4810993881084484,7.614975626203293,Oza dos Ríos,A Regueira (Santa María),1,PNOA-2024-GAL-566-4783-H29-NPC01.LAZ
528,4731,0.5967390608712468,7.0166530166082435,7.6133920774794905,Padrón,Iria Flavia (Santa María),2,PNOA-2024-GAL-528-4731-H29-NPC01.LAZ
533,4780,0.8747312074643984,6.737355687654681,7.612086895119079,Cerceda,Rodís (San Martiño),2,PNOA-2024-GAL-533-4780-H29-NPC01.LAZ
573,4806,7.2803381294914775,0.3211310741068389,7.601469203598317,Monfero,Taboada (Santa Mariña),1,PNOA-2024-GAL-573-4806-H29-NPC01.LAZ
518,4763,0.0,7.594294817357129,7.594294817357129,Santa Comba,Ser (San Pedro),2,PNOA-2024-GAL-518-4763-H29-NPC01.LAZ
543,4738,0.0,7.5852787597351305,7.5852787597351305,Boqueixón,Lestedo (Santa María),2,PNOA-2024-GAL-543-4738-H29-NPC01.LAZ
587,4823,0.0,7.575598827809825,7.575598827809825,As Somozas,As Enchousas (San Pedro),1,PNOA-2024-GAL-587-4823-H29-NPC01.LAZ
510,4761,0.0,7.565638371983142,7.565638371983142,Santa Comba,A Pereira (Santo André),2,PNOA-2024-GAL-510-4761-H29-NPC01.LAZ
509,4784,1.403278571635549,6.160746614554011,7.56402518618956,Cabana de Bergantiños,O Esto (San Xoán Bautista),2,PNOA-2024-GAL-509-4784-H29-NPC01.LAZ
550,4776,0.908503550165114,6.6515025276080095,7.5600060777731235,Ordes,Ardemil (San Pedro),1,PNOA-2024-GAL-550-4776-H29-NPC01.LAZ
575,4767,0.0,7.550511703307601,7.550511703307601,Vilasantar,Vilariño (Santa María),2,PNOA-2024-GAL-575-4767-H29-NPC01.LAZ
572,4782,4.3940758921396466,3.151129611971279,7.545205504110926,Oza dos Ríos,Rodeiro (Santa María),1,PNOA-2024-GAL-572-4782-H29-NPC01.LAZ
492,4768,3.1336264323189593,4.407004703228788,7.540631135547747,Vimianzo,Berdoias (San Pedro),1,PNOA-2024-GAL-492-4768-H29-NPC01.LAZ
503,4746,0.0,7.540124879396677,7.540124879396677,Outes,Valadares (San Miguel),1,PNOA-2024-GAL-503-4746-H29-NPC01.LAZ
565,4776,3.5803225147380027,3.9553659195308772,7.53568843426888,Cesuras,Borrifáns (San Pedro),2,PNOA-2024-GAL-565-4776-H29-NPC01.LAZ
557,4748,0.0,7.5332275552843795,7.5332275552843795,Touro,Touro (San Xoán),2,PNOA-2024-GAL-557-4748-H29-NPC01.LAZ
558,4786,0.0,7.526975055725872,7.526975055725872,Abegondo,Abegondo (Santaia),1,PNOA-2024-GAL-558-4786-H29-NPC01.LAZ
583,4832,0.0,7.5261441718066475,7.5261441718066475,Cerdido,Cerdido (San Martiño),1,PNOA-2024-GAL-583-4832-H29-NPC01.LAZ
488,4781,0.0,7.51957001284757,7.51957001284757,Camariñas,Xaviña (Santa María),1,PNOA-2024-GAL-488-4781-H29-NPC01.LAZ
563,4810,6.2531116094726205,1.2598742515835049,7.5129858610561255,Mugardos,Franza (Santiago),2,PNOA-2024-GAL-563-4810-H29-NPC01.LAZ
518,4749,0.0,7.505517114017085,7.505517114017085,Negreira,Liñaio (San Martiño),1,PNOA-2024-GAL-518-4749-H29-NPC01.LAZ
560,4784,0.8956026227114847,6.609171627871401,7.504774250582885,Cesuras,Cutián (Santa María),1,PNOA-2024-GAL-560-4784-H29-NPC01.LAZ
567,4813,0.0,7.504132839833015,7.504132839833015,Fene,Perlío (Santo Estevo),3,PNOA-2024-GAL-567-4813-H29-NPC01.LAZ
524,4775,0.0,7.495301114177517,7.495301114177517,Carballo,Entrecruces (San Xens),1,PNOA-2024-GAL-524-4775-H29-NPC01.LAZ
568,4813,0.0,7.49182747164874,7.49182747164874,Fene,Magalofes (San Xurxo),3,PNOA-2024-GAL-568-4813-H29-NPC01.LAZ
578,4789,0.0,7.483951878765407,7.483951878765407,Aranga,Aranga (San Paio),2,PNOA-2024-GAL-578-4789-H29-NPC01.LAZ
510,4786,3.506909068656734,3.965195940385573,7.472105009042307,Cabana de Bergantiños,O Esto (San Xoán Bautista),2,PNOA-2024-GAL-510-4786-H29-NPC01.LAZ
576,4772,0.0,7.465025776094576,7.465025776094576,Sobrado,A Ciadella (Santa María),2,PNOA-2024-GAL-576-4772-H29-NPC01.LAZ
536,4770,0.0,7.45717492882679,7.45717492882679,Tordoia,Cabaleiros (San Xián),1,PNOA-2024-GAL-536-4770-H29-NPC01.LAZ
510,4767,0.0,7.456760329397101,7.456760329397101,Santa Comba,Cícere (San Pedro),1,PNOA-2024-GAL-510-4767-H29-NPC01.LAZ
578,4830,0.0,7.456163794775701,7.456163794775701,Cerdido,Cerdido (San Martiño),1,PNOA-2024-GAL-578-4830-H29-NPC01.LAZ
509,4743,0.0,7.452728091898648,7.452728091898648,Outes,Cando (San Tirso),1,PNOA-2024-GAL-509-4743-H29-NPC01.LAZ
490,4737,0.0,7.450882155811811,7.450882155811811,Carnota,Lariño (San Martiño),1,PNOA-2024-GAL-490-4737-H29-NPC01.LAZ
520,4759,0.0,7.44494691425246,7.44494691425246,A Baña,Marcelle (Santa Cristina),2,PNOA-2024-GAL-520-4759-H29-NPC01.LAZ
568,4793,0.0,7.440226103905743,7.440226103905743,Paderne,Vilamourel (San Xoán),2,PNOA-2024-GAL-568-4793-H29-NPC01.LAZ
591,4823,1.7025915031014385,5.736474854889823,7.439066357991262,As Somozas,Seixas (Santa María),2,PNOA-2024-GAL-591-4823-H29-NPC01.LAZ
530,4780,0.0,7.43329078290853,7.43329078290853,Carballo,Sofán (San Salvador),1,PNOA-2024-GAL-530-4780-H29-NPC01.LAZ
562,4770,0.0,7.432706045194563,7.432706045194563,Mesía,Xanceda (San Salvador),1,PNOA-2024-GAL-562-4770-H29-NPC01.LAZ
569,4761,4.372089532415753,3.0600140580564434,7.432103590472197,Boimorto,Sendelle (Santa María),1,PNOA-2024-GAL-569-4761-H29-NPC01.LAZ
531,4783,0.0,7.4303106391905684,7.4303106391905684,Carballo,Sofán (San Salvador),1,PNOA-2024-GAL-531-4783-H29-NPC01.LAZ
549,4738,0.0,7.428547404364811,7.428547404364811,Vedra,A Ponte Ulla (Santa María Madanela),2,PNOA-2024-GAL-549-4738-H29-NPC01.LAZ
535,4745,4.196671249195435,3.2312096290613916,7.427880878256827,Santiago de Compostela,Conxo (Santa María),1,PNOA-2024-GAL-535-4745-H29-NPC01.LAZ
543,4759,0.838897467559397,6.573744111482294,7.412641579041691,Santiago de Compostela,Nemenzo (Santa Cristina),4,PNOA-2024-GAL-543-4759-H29-NPC01.LAZ
497,4708,4.70436570128963,2.707856671704969,7.412222372994599,Ribeira,Aguiño (Nosa Señora do Carme),1,PNOA-2024-GAL-497-4708-H29-NPC01.LAZ
591,4811,2.2919666014553424,5.116672646298747,7.40863924775409,As Pontes de García Rodríguez,Vilavella (Santa María),1,PNOA-2024-GAL-591-4811-H29-NPC01.LAZ
597,4834,3.1368495938376117,4.271612140890856,7.408461734728467,Ortigueira,Couzadoiro (San Cristovo),1,PNOA-2024-GAL-597-4834-H29-NPC01.LAZ
522,4726,7.4058618948513635,0.0,7.4058618948513635,Rianxo,Isorna (Santa María),1,PNOA-2024-GAL-522-4726-H29-NPC01.LAZ
515,4732,0.0,7.405540939218943,7.405540939218943,Lousame,Fruíme (San Martiño),1,PNOA-2024-GAL-515-4732-H29-NPC01.LAZ
573,4817,0.19933357494590204,7.204967539227053,7.404301114172955,Neda,Anca (San Pedro),2,PNOA-2024-GAL-573-4817-H29-NPC01.LAZ
586,4818,0.0,7.396043901792765,7.396043901792765,As Somozas,Recemel (Santa María),1,PNOA-2024-GAL-586-4818-H29-NPC01.LAZ
575,4755,7.038303174525203,0.3518830893047797,7.390186263829983,Melide,Maceda (San Pedro),2,PNOA-2024-GAL-575-4755-H29-NPC01.LAZ
584,4754,0.0,7.3873727366356245,7.3873727366356245,Toques,San Martiño de Oleiros (San Martiño),1,PNOA-2024-GAL-584-4754-H29-NPC01.LAZ
574,4800,0.0,7.378833098318965,7.378833098318965,Monfero,San Fiz de Monfero (San Fiz),1,PNOA-2024-GAL-574-4800-H29-NPC01.LAZ
583,4783,0.0,7.37856700576341,7.37856700576341,Aranga,Aranga (San Paio),1,PNOA-2024-GAL-583-4783-H29-NPC01.LAZ
597,4831,2.0544224011417946,5.323455641040329,7.3778780421821235,Ortigueira,Devesos (San Sebastián),1,PNOA-2024-GAL-597-4831-H29-NPC01.LAZ
583,4767,0.0,7.373191229402351,7.373191229402351,Sobrado,Roade (Santo André),3,PNOA-2024-GAL-583-4767-H29-NPC01.LAZ
574,4816,0.0,7.372153806803522,7.372153806803522,San Sadurniño,Naraío (Santa María),1,PNOA-2024-GAL-574-4816-H29-NPC01.LAZ
483,4755,1.8638051156543907,5.506786425629548,7.370591541283938,Corcubión,Corcubión (San Marcos),1,PNOA-2024-GAL-483-4755-H29-NPC01.LAZ
581,4757,2.7613095395632032,4.6091882272529885,7.370497766816191,Toques,Ordes (Santa María),2,PNOA-2024-GAL-581-4757-H29-NPC01.LAZ
515,4740,2.5008603274830525,4.869387286174807,7.37024761365786,Lousame,Toxos Outos (San Xusto),2,PNOA-2024-GAL-515-4740-H29-NPC01.LAZ
497,4775,1.3968695577770502,5.969190230269428,7.366059788046478,Vimianzo,Vimianzo (San Vicenzo),1,PNOA-2024-GAL-497-4775-H29-NPC01.LAZ
518,4755,0.006142258166018286,7.35370058632814,7.359842844494158,A Baña,Barcala (San Xoán),3,PNOA-2024-GAL-518-4755-H29-NPC01.LAZ
508,4787,0.743396369995267,6.612100251613669,7.355496621608936,Ponteceso,Anllóns (San Fins),3,PNOA-2024-GAL-508-4787-H29-NPC01.LAZ
508,4738,0.0,7.350083993408143,7.350083993408143,Noia,Barro (Santa Cristina),2,PNOA-2024-GAL-508-4738-H29-NPC01.LAZ
568,4781,0.9245569737756507,6.423054880220916,7.3476118539965665,Cesuras,Trasanquelos (San Salvador),1,PNOA-2024-GAL-568-4781-H29-NPC01.LAZ
538,4797,3.585821245558405,3.7565514201132073,7.342372665671612,Arteixo,Arteixo (Santiago),1,PNOA-2024-GAL-538-4797-H29-NPC01.LAZ
546,4772,2.4779144502054606,4.862844429409268,7.340758879614729,Ordes,Ordes (Santa María),2,PNOA-2024-GAL-546-4772-H29-NPC01.LAZ
499,4768,2.0122900910459776,5.325219564846596,7.337509655892573,Vimianzo,Serramo (San Sebastián),1,PNOA-2024-GAL-499-4768-H29-NPC01.LAZ
556,4784,0.0,7.336947315537683,7.336947315537683,Abegondo,Cabanas (San Xián),2,PNOA-2024-GAL-556-4784-H29-NPC01.LAZ
497,4743,0.0,7.3348702284751655,7.3348702284751655,Muros,Torea (San Xián),1,PNOA-2024-GAL-497-4743-H29-NPC01.LAZ
544,4764,0.0,7.330710100093345,7.330710100093345,Oroso,Trasmonte (Santo Estevo),1,PNOA-2024-GAL-544-4764-H29-NPC01.LAZ
505,4791,0.0,7.32958672612314,7.32958672612314,Ponteceso,Corme Aldea (Santo Adrán),1,PNOA-2024-GAL-505-4791-H29-NPC01.LAZ
565,4809,1.2569595995149556,6.071578332083724,7.32853793159868,Fene,Limodre (Santa Eulalia),1,PNOA-2024-GAL-565-4809-H29-NPC01.LAZ
495,4777,4.913609144572895,2.4119281443276774,7.3255372889005725,Vimianzo,Vimianzo (San Vicenzo),3,PNOA-2024-GAL-495-4777-H29-NPC01.LAZ
513,4725,4.605900228133812,2.7036460852617847,7.309546313395597,Rianxo,Taragoña (San Salvador),2,PNOA-2024-GAL-513-4725-H29-NPC01.LAZ
575,4762,1.1717787340336978,6.136571333633185,7.308350067666883,Boimorto,Dormeá (San Cristovo),1,PNOA-2024-GAL-575-4762-H29-NPC01.LAZ
572,4807,1.0327128762956979,6.273296526809583,7.30600940310528,Monfero,Taboada (Santa Mariña),1,PNOA-2024-GAL-572-4807-H29-NPC01.LAZ
501,4737,0.0,7.305014264119893,7.305014264119893,Muros,Esteiro (Santa Mariña),1,PNOA-2024-GAL-501-4737-H29-NPC01.LAZ
588,4803,0.08301094445107879,7.221687539092164,7.304698483543243,Monfero,O Alto de Xestoso (Santa María),1,PNOA-2024-GAL-588-4803-H29-NPC01.LAZ
538,4767,0.0,7.3030725992010534,7.3030725992010534,Tordoia,Castenda da Torre (Santa María),1,PNOA-2024-GAL-538-4767-H29-NPC01.LAZ
579,4791,0.0,7.297664534550424,7.297664534550424,Irixoa,Verís (Santa María),2,PNOA-2024-GAL-579-4791-H29-NPC01.LAZ
551,4788,0.0,7.2691892055986775,7.2691892055986775,Carral,Tabeaio (San Martiño),3,PNOA-2024-GAL-551-4788-H29-NPC01.LAZ
569,4796,0.6903140812264513,6.576251325123398,7.266565406349849,Paderne,Adragonte (Santiago),2,PNOA-2024-GAL-569-4796-H29-NPC01.LAZ
536,4743,0.0,7.265992805170038,7.265992805170038,Teo,Cacheiras (San Simón de Ons),1,PNOA-2024-GAL-536-4743-H29-NPC01.LAZ
531,4731,0.37085145662872604,6.894907074081304,7.26575853071003,Padrón,Herbón (Santa María),1,PNOA-2024-GAL-531-4731-H29-NPC01.LAZ
530,4781,0.0,7.263661478083026,7.263661478083026,Carballo,Sofán (San Salvador),1,PNOA-2024-GAL-530-4781-H29-NPC01.LAZ
535,4753,4.815347558429,2.4441912310982086,7.259538789527209,Santiago de Compostela,A Peregrina (Santa María),1,PNOA-2024-GAL-535-4753-H29-NPC01.LAZ
567,4798,2.5025122508880364,4.752706707734343,7.255218958622379,Miño,Bemantes (San Tomé),2,PNOA-2024-GAL-567-4798-H29-NPC01.LAZ
541,4755,0.8820226866031735,6.369506278863908,7.251528965467082,Santiago de Compostela,Nemenzo (Santa Cristina),1,PNOA-2024-GAL-541-4755-H29-NPC01.LAZ
546,4771,1.0129918446506987,6.23290593563383,7.245897780284528,Ordes,Ordes (Santa María),1,PNOA-2024-GAL-546-4771-H29-NPC01.LAZ
581,4776,0.0,7.245199315590942,7.245199315590942,Curtis,Foxados (Santa María),1,PNOA-2024-GAL-581-4776-H29-NPC01.LAZ
571,4798,0.0,7.244178131376923,7.244178131376923,Vilarmaior,Vilamateo (Santiago),2,PNOA-2024-GAL-571-4798-H29-NPC01.LAZ
540,4763,0.43782088327437724,6.804049400799853,7.24187028407423,Trazo,Morlán (Santa María),1,PNOA-2024-GAL-540-4763-H29-NPC01.LAZ
579,4776,0.0,7.239084279554034,7.239084279554034,Curtis,Foxados (Santa María),2,PNOA-2024-GAL-579-4776-H29-NPC01.LAZ
516,4751,0.0,7.237597417521371,7.237597417521371,Negreira,Aro (San Vicenzo),1,PNOA-2024-GAL-516-4751-H29-NPC01.LAZ
582,4787,0.0,7.234980975367223,7.234980975367223,Aranga,Aranga (San Paio),1,PNOA-2024-GAL-582-4787-H29-NPC01.LAZ
509,4766,0.0,7.233358142952016,7.233358142952016,Santa Comba,Grixoa (San Xoán),2,PNOA-2024-GAL-509-4766-H29-NPC01.LAZ
570,4804,0.0,7.219267978030547,7.219267978030547,Vilarmaior,Doroña (Santa María),2,PNOA-2024-GAL-570-4804-H29-NPC01.LAZ
506,4728,0.0,7.210136630405125,7.210136630405125,Boiro,Cures (Santo André),1,PNOA-2024-GAL-506-4728-H29-NPC01.LAZ
528,4773,0.0,7.206105526394966,7.206105526394966,Tordoia,Anxeriz (Santa Mariña),1,PNOA-2024-GAL-528-4773-H29-NPC01.LAZ
588,4834,7.165771371954449,0.02867574637731852,7.194447118331768,Ortigueira,Mera de Abaixo (Santiago),2,PNOA-2024-GAL-588-4834-H29-NPC01.LAZ
587,4805,7.191276364521627,0.0,7.191276364521627,As Pontes de García Rodríguez,Bermui (Santiago),1,PNOA-2024-GAL-587-4805-H29-NPC01.LAZ
584,4793,0.0,7.189861820592705,7.189861820592705,Aranga,Cambás (San Pedro),1,PNOA-2024-GAL-584-4793-H29-NPC01.LAZ
529,4795,0.0,7.185110705781089,7.185110705781089,Carballo,Rebordelos (San Salvador),1,PNOA-2024-GAL-529-4795-H29-NPC01.LAZ
558,4752,0.0,7.184251655599699,7.184251655599699,Touro,San Fiz de Quión (San Fiz),1,PNOA-2024-GAL-558-4752-H29-NPC01.LAZ
517,4753,0.0,7.183616765132268,7.183616765132268,Negreira,Broño (San Martiño),1,PNOA-2024-GAL-517-4753-H29-NPC01.LAZ
495,4740,0.0,7.180087603423291,7.180087603423291,Muros,Serres (San Xoán),2,PNOA-2024-GAL-495-4740-H29-NPC01.LAZ
542,4795,0.54066792021928,6.632101085068374,7.1727690052876545,Arteixo,Morás (Santo Estevo),1,PNOA-2024-GAL-542-4795-H29-NPC01.LAZ
483,4753,0.9634115822420599,6.2021709467834185,7.165582529025478,Corcubión,Redonda (San Pedro),1,PNOA-2024-GAL-483-4753-H29-NPC01.LAZ
567,4812,0.0,7.160286098533479,7.160286098533479,Fene,Magalofes (San Xurxo),2,PNOA-2024-GAL-567-4812-H29-NPC01.LAZ
521,4750,0.0,7.1575989809738765,7.1575989809738765,Brión,Ons (Santa María),4,PNOA-2024-GAL-521-4750-H29-NPC01.LAZ
495,4739,0.0,7.157461330172596,7.157461330172596,Muros,Serres (San Xoán),2,PNOA-2024-GAL-495-4739-H29-NPC01.LAZ
542,4760,0.0,7.157198796713009,7.157198796713009,Trazo,Berreo (San Mamede),1,PNOA-2024-GAL-542-4760-H29-NPC01.LAZ
560,4749,0.0,7.153193268929337,7.153193268929337,Touro,San Fiz de Quión (San Fiz),3,PNOA-2024-GAL-560-4749-H29-NPC01.LAZ
564,4806,0.02484502234382101,7.124592535858578,7.149437558202399,Pontedeume,Boebre (Santiago),3,PNOA-2024-GAL-564-4806-H29-NPC01.LAZ
583,4791,0.0,7.149383162002309,7.149383162002309,Aranga,Cambás (San Pedro),1,PNOA-2024-GAL-583-4791-H29-NPC01.LAZ
573,4751,0.0,7.147423644208044,7.147423644208044,Arzúa,Vilantime (San Pedro),2,PNOA-2024-GAL-573-4751-H29-NPC01.LAZ
577,4795,0.0,7.140594334603583,7.140594334603583,Monfero,San Fiz de Monfero (San Fiz),2,PNOA-2024-GAL-577-4795-H29-NPC01.LAZ
544,4742,0.0,7.136532022896308,7.136532022896308,Boqueixón,Sergude (San Breixo),1,PNOA-2024-GAL-544-4742-H29-NPC01.LAZ
544,4800,0.0,7.134315936828598,7.134315936828598,Arteixo,Pastoriza (Santa María),2,PNOA-2024-GAL-544-4800-H29-NPC01.LAZ
515,4782,2.4718276344417403,4.662301966821248,7.1341296012629885,Coristanco,Santa Baia de Castro (Santa Baia),2,PNOA-2024-GAL-515-4782-H29-NPC01.LAZ
527,4735,0.0,7.132007797571379,7.132007797571379,Padrón,Iria Flavia (Santa María),3,PNOA-2024-GAL-527-4735-H29-NPC01.LAZ
588,4835,3.399497092386781,3.7273530770761374,7.1268501694629185,Ortigueira,Mera de Abaixo (Santiago),1,PNOA-2024-GAL-588-4835-H29-NPC01.LAZ
511,4729,0.0,7.124807358437752,7.124807358437752,Boiro,Bealo (San Pedro),1,PNOA-2024-GAL-511-4729-H29-NPC01.LAZ
571,4791,2.968648101192706,4.155573110710076,7.124221211902782,Paderne,San Xulián de Vigo (San Xulián),1,PNOA-2024-GAL-571-4791-H29-NPC01.LAZ
564,4773,0.0,7.120568353217779,7.120568353217779,Mesía,Cabrui (San Martiño),2,PNOA-2024-GAL-564-4773-H29-NPC01.LAZ
534,4741,0.0,7.117284587277415,7.117284587277415,Teo,Calo (San Xoán),1,PNOA-2024-GAL-534-4741-H29-NPC01.LAZ
578,4840,0.2832095859158582,6.831806012378363,7.115015598294221,Cedeira,Cervo (Santalla),1,PNOA-2024-GAL-578-4840-H29-NPC01.LAZ
554,4785,0.0,7.114946346251048,7.114946346251048,Abegondo,Sarandós (Santa María),3,PNOA-2024-GAL-554-4785-H29-NPC01.LAZ
491,4762,0.0,7.105980320568896,7.105980320568896,Dumbría,Dumbría (Santa Baia),1,PNOA-2024-GAL-491-4762-H29-NPC01.LAZ
587,4830,0.0,7.0958526322752675,7.0958526322752675,Cerdido,Os Casás (San Xoán),2,PNOA-2024-GAL-587-4830-H29-NPC01.LAZ
574,4801,0.0,7.0876822862965065,7.0876822862965065,Monfero,Vilachá (Santa María),2,PNOA-2024-GAL-574-4801-H29-NPC01.LAZ
568,4764,0.0,7.083220369198519,7.083220369198519,Boimorto,Cardeiro (San Pedro),1,PNOA-2024-GAL-568-4764-H29-NPC01.LAZ
479,4753,0.0,7.083062284036165,7.083062284036165,Fisterra,San Martiño de Duio (San Martiño),1,PNOA-2024-GAL-479-4753-H29-NPC01.LAZ
566,4803,1.9473062888206174,5.134905744427563,7.08221203324818,Miño,Castro (Santa María),4,PNOA-2024-GAL-566-4803-H29-NPC01.LAZ
601,4833,0.0,7.07698730449138,7.07698730449138,Mañón,Mañón (Santa María),1,PNOA-2024-GAL-601-4833-H29-NPC01.LAZ
582,4796,0.0,7.076465046147813,7.076465046147813,Monfero,O Val de Xestoso (San Pedro),1,PNOA-2024-GAL-582-4796-H29-NPC01.LAZ
597,4817,7.068604656536434,0.0,7.068604656536434,As Pontes de García Rodríguez,Somede (San Mamede),1,PNOA-2024-GAL-597-4817-H29-NPC01.LAZ
515,4743,0.0,7.067900660755939,7.067900660755939,Noia,Roo (Santa María),2,PNOA-2024-GAL-515-4743-H29-NPC01.LAZ
524,4785,0.0,7.067022544179325,7.067022544179325,Carballo,Carballo (San Xoán),2,PNOA-2024-GAL-524-4785-H29-NPC01.LAZ
567,4763,3.3093223420647506,3.7546850889395946,7.064007431004345,Boimorto,Buazo (Santa María),2,PNOA-2024-GAL-567-4763-H29-NPC01.LAZ
574,4824,0.0,7.062976618206971,7.062976618206971,San Sadurniño,Santa Mariña do Monte (Santa Mariña),1,PNOA-2024-GAL-574-4824-H29-NPC01.LAZ
555,4768,2.8957455383618753,4.166153355168689,7.061898893530564,Frades,Mesos (San Salvador),2,PNOA-2024-GAL-555-4768-H29-NPC01.LAZ
600,4841,7.059441956775809,0.0,7.059441956775809,Ortigueira,Céltigos (San Xulián),2,PNOA-2024-GAL-600-4841-H29-NPC01.LAZ
573,4799,0.0,7.058656182308293,7.058656182308293,Vilarmaior,Vilamateo (Santiago),2,PNOA-2024-GAL-573-4799-H29-NPC01.LAZ
544,4745,0.0,7.056158546137961,7.056158546137961,Boqueixón,Lamas (Santa María),1,PNOA-2024-GAL-544-4745-H29-NPC01.LAZ
575,4786,0.0,7.05425991549947,7.05425991549947,Aranga,Muniferral (San Cristovo),2,PNOA-2024-GAL-575-4786-H29-NPC01.LAZ
524,4758,1.465104301752921,5.587811423053689,7.05291572480661,A Baña,Lañas (Santa Baia),2,PNOA-2024-GAL-524-4758-H29-NPC01.LAZ
524,4767,0.0,7.052133497901933,7.052133497901933,Santa Comba,Vilamaior (Santa María),1,PNOA-2024-GAL-524-4767-H29-NPC01.LAZ
566,4751,1.8750290163244967,5.1763175854495,7.0513466017739965,Arzúa,Pantiñobre (Santo Estevo),2,PNOA-2024-GAL-566-4751-H29-NPC01.LAZ
517,4770,0.0,7.050913417901425,7.050913417901425,Santa Comba,Xallas de Castriz (San Pedro),1,PNOA-2024-GAL-517-4770-H29-NPC01.LAZ
565,4777,1.6596173650212664,5.39023984826263,7.049857213283897,Cesuras,Borrifáns (San Pedro),1,PNOA-2024-GAL-565-4777-H29-NPC01.LAZ
576,4763,0.0,7.047763650381594,7.047763650381594,Sobrado,Carelle (San Lourenzo),2,PNOA-2024-GAL-576-4763-H29-NPC01.LAZ
600,4830,0.0,7.044952284690548,7.044952284690548,Mañón,As Grañas do Sor (San Mamede),1,PNOA-2024-GAL-600-4830-H29-NPC01.LAZ
553,4774,0.09644796834545417,6.94794313922108,7.044391107566534,Ordes,Buscás (San Paio),2,PNOA-2024-GAL-553-4774-H29-NPC01.LAZ
515,4729,1.0749061105162674,5.968719554424634,7.043625664940902,Rianxo,Taragoña (San Salvador),1,PNOA-2024-GAL-515-4729-H29-NPC01.LAZ
523,4745,0.0,7.042625891744261,7.042625891744261,Brión,Boullón (San Miguel),1,PNOA-2024-GAL-523-4745-H29-NPC01.LAZ
522,4741,1.3601640018792878,5.679963273173618,7.040127275052906,Rois,Urdilde (Santa María),1,PNOA-2024-GAL-522-4741-H29-NPC01.LAZ
539,4798,6.214851894719149,0.8201857770685007,7.0350376717876495,Arteixo,Arteixo (Santiago),1,PNOA-2024-GAL-539-4798-H29-NPC01.LAZ
585,4811,7.033199081084849,0.0,7.033199081084849,As Pontes de García Rodríguez,Goente (San Martiño),1,PNOA-2024-GAL-585-4811-H29-NPC01.LAZ
503,4732,0.0,7.033015970974704,7.033015970974704,Porto do Son,Nebra (Santa María),2,PNOA-2024-GAL-503-4732-H29-NPC01.LAZ
512,4791,0.0,7.0302732379294515,7.0302732379294515,Ponteceso,Cores (San Martiño),1,PNOA-2024-GAL-512-4791-H29-NPC01.LAZ
580,4778,0.0,7.029007442965874,7.029007442965874,Curtis,Curtis (Santaia),2,PNOA-2024-GAL-580-4778-H29-NPC01.LAZ
572,4751,0.0,7.0252068921856194,7.0252068921856194,Arzúa,Vilantime (San Pedro),1,PNOA-2024-GAL-572-4751-H29-NPC01.LAZ
572,4780,1.0153238130001194,5.992360821116706,7.007684634116825,Oza dos Ríos,Rodeiro (Santa María),1,PNOA-2024-GAL-572-4780-H29-NPC01.LAZ
583,4818,0.0,7.006229718880742,7.006229718880742,As Somozas,Recemel (Santa María),1,PNOA-2024-GAL-583-4818-H29-NPC01.LAZ
560,4768,1.4860668258826641,5.519251829849825,7.00531865573249,Frades,Papucín (Santa María),1,PNOA-2024-GAL-560-4768-H29-NPC01.LAZ
535,4755,0.6680469748939517,6.335749745806682,7.003796720700634,Santiago de Compostela,Grixoa (Santa María),1,PNOA-2024-GAL-535-4755-H29-NPC01.LAZ
541,4757,1.308797624105987,5.69273430101704,7.001531925123027,Santiago de Compostela,Nemenzo (Santa Cristina),1,PNOA-2024-GAL-541-4757-H29-NPC01.LAZ
567,4815,0.41121996655890136,6.589766226810777,7.000986193369679,Neda,Santa María de Neda (Santa María),2,PNOA-2024-GAL-567-4815-H29-NPC01.LAZ
576,4795,0.0,7.000612630538249,7.000612630538249,Irixoa,Viña (Santaia),2,PNOA-2024-GAL-576-4795-H29-NPC01.LAZ
594,4814,6.999542244937759,0.0,6.999542244937759,As Pontes de García Rodríguez,As Pontes de García Rodríguez (Santa María),1,PNOA-2024-GAL-594-4814-H29-NPC01.LAZ
566,4774,0.0,6.995876325061276,6.995876325061276,Mesía,Cabrui (San Martiño),1,PNOA-2024-GAL-566-4774-H29-NPC01.LAZ
499,4739,0.0,6.9813520302155165,6.9813520302155165,Muros,Tal (Santiago),3,PNOA-2024-GAL-499-4739-H29-NPC01.LAZ
579,4763,0.0,6.980571169205008,6.980571169205008,Sobrado,Nogueira (San Xurxo),2,PNOA-2024-GAL-579-4763-H29-NPC01.LAZ
551,4797,0.0,6.968097975900195,6.968097975900195,Culleredo,Rutis (Santa María),3,PNOA-2024-GAL-551-4797-H29-NPC01.LAZ
563,4784,1.1521227313675078,5.8125583457294585,6.964681077096966,Oza dos Ríos,Cis (San Nicolao),1,PNOA-2024-GAL-563-4784-H29-NPC01.LAZ
581,4818,0.0,6.964060519298675,6.964060519298675,San Sadurniño,Ferreira (San Paio),2,PNOA-2024-GAL-581-4818-H29-NPC01.LAZ
553,4738,0.0,6.963520983398703,6.963520983398703,Boqueixón,Ledesma (San Salvador),2,PNOA-2024-GAL-553-4738-H29-NPC01.LAZ
570,4784,0.7388943545754613,6.224422632618239,6.963316987193701,Oza dos Ríos,Rodeiro (Santa María),2,PNOA-2024-GAL-570-4784-H29-NPC01.LAZ
547,4759,0.0,6.96315058020223,6.96315058020223,Oroso,A Gándara (San Miguel),1,PNOA-2024-GAL-547-4759-H29-NPC01.LAZ
498,4766,0.7438244960518405,6.217293105749855,6.961117601801695,Vimianzo,Baíñas (Santo Antoíño),1,PNOA-2024-GAL-498-4766-H29-NPC01.LAZ
575,4836,1.3028821649241302,5.656590395498944,6.959472560423075,Cedeira,Cedeira (Santa María do Mar),1,PNOA-2024-GAL-575-4836-H29-NPC01.LAZ
540,4765,3.7295184227083484,3.2272864627179145,6.956804885426263,Trazo,Campo (San Xoán),1,PNOA-2024-GAL-540-4765-H29-NPC01.LAZ
561,4750,0.0,6.956436093479479,6.956436093479479,Touro,Beseño (San Cristovo),1,PNOA-2024-GAL-561-4750-H29-NPC01.LAZ
533,4752,1.8366400290840956,5.112923194880608,6.949563223964704,Santiago de Compostela,Figueiras (Santa María),1,PNOA-2024-GAL-533-4752-H29-NPC01.LAZ
580,4807,6.949162041726046,0.0,6.949162041726046,As Pontes de García Rodríguez,San Pedro de Eume (San Pedro),2,PNOA-2024-GAL-580-4807-H29-NPC01.LAZ
489,4782,0.0,6.94644209347105,6.94644209347105,Camariñas,Xaviña (Santa María),2,PNOA-2024-GAL-489-4782-H29-NPC01.LAZ
556,4775,0.0,6.9425838859440105,6.9425838859440105,Mesía,Visantoña (San Martiño),2,PNOA-2024-GAL-556-4775-H29-NPC01.LAZ
573,4758,6.864299527715471,0.07306968863960588,6.937369216355077,Melide,Orois (Santa Cristina),1,PNOA-2024-GAL-573-4758-H29-NPC01.LAZ
511,4735,2.361689054874886,4.568676318080907,6.9303653729557935,Lousame,Lousame (San Xoán),2,PNOA-2024-GAL-511-4735-H29-NPC01.LAZ
529,4747,2.4134977774365063,4.511863993369327,6.925361770805834,Ames,Covas (Santo Estevo),1,PNOA-2024-GAL-529-4747-H29-NPC01.LAZ
553,4747,0.0,6.923828135818194,6.923828135818194,Touro,Loxo (Santa María),1,PNOA-2024-GAL-553-4747-H29-NPC01.LAZ
502,4786,6.254354611451554,0.6685405969801598,6.922895208431713,Cabana de Bergantiños,Cánduas (San Martiño),1,PNOA-2024-GAL-502-4786-H29-NPC01.LAZ
519,4788,0.0,6.912912065041686,6.912912065041686,Carballo,Cances (San Martiño),1,PNOA-2024-GAL-519-4788-H29-NPC01.LAZ
520,4756,3.772809253534238,3.136549873031771,6.9093591265660095,A Baña,A Baña (San Vicenzo),2,PNOA-2024-GAL-520-4756-H29-NPC01.LAZ
490,4758,0.0,6.908358528863549,6.908358528863549,Dumbría,Buxantes (San Pedro),1,PNOA-2024-GAL-490-4758-H29-NPC01.LAZ
585,4819,0.0,6.906165923688057,6.906165923688057,As Somozas,Recemel (Santa María),2,PNOA-2024-GAL-585-4819-H29-NPC01.LAZ
565,4768,0.0,6.901160626634598,6.901160626634598,Mesía,Lanzá (San Mamede),1,PNOA-2024-GAL-565-4768-H29-NPC01.LAZ
564,4780,5.743628252892176,1.1512002532031604,6.894828506095337,Cesuras,Dordaño (Santa María),2,PNOA-2024-GAL-564-4780-H29-NPC01.LAZ
511,4719,6.889902401751415,0.0,6.889902401751415,Boiro,Abanqueiro (San Cristovo),2,PNOA-2024-GAL-511-4719-H29-NPC01.LAZ
544,4781,0.9549244943410969,5.934077235635168,6.889001729976265,Cerceda,Cerceda (San Martiño),1,PNOA-2024-GAL-544-4781-H29-NPC01.LAZ
590,4832,3.1066908096837222,3.78200168333493,6.888692493018652,Ortigueira,San Claudio (Santa María),2,PNOA-2024-GAL-590-4832-H29-NPC01.LAZ
570,4767,1.0884974060499768,5.796466549009879,6.884963955059856,Boimorto,Arceo (San Vicenzo),2,PNOA-2024-GAL-570-4767-H29-NPC01.LAZ
571,4775,0.0,6.879251848871036,6.879251848871036,Curtis,Fisteus (Santa María),1,PNOA-2024-GAL-571-4775-H29-NPC01.LAZ
533,4792,1.3693533125343087,5.5080277597404494,6.877381072274758,Arteixo,Monteagudo (San Tomé),2,PNOA-2024-GAL-533-4792-H29-NPC01.LAZ
515,4736,1.717630568658438,5.1591166760170015,6.87674724467544,Lousame,Vilacova (Santa Eulalia),1,PNOA-2024-GAL-515-4736-H29-NPC01.LAZ
488,4779,0.0,6.8761724845243215,6.8761724845243215,Camariñas,Xaviña (Santa María),1,PNOA-2024-GAL-488-4779-H29-NPC01.LAZ
587,4825,0.0,6.876001090885373,6.876001090885373,Cerdido,Os Casás (San Xoán),2,PNOA-2024-GAL-587-4825-H29-NPC01.LAZ
601,4827,0.0,6.8706368229500745,6.8706368229500745,Mañón,As Grañas do Sor (San Mamede),1,PNOA-2024-GAL-601-4827-H29-NPC01.LAZ
513,4758,1.4395049450793145,5.429751054200201,6.869255999279516,A Baña,A Riba (San Xoán),2,PNOA-2024-GAL-513-4758-H29-NPC01.LAZ
562,4773,0.0,6.866611609925936,6.866611609925936,Mesía,Bascoi (Santiago),2,PNOA-2024-GAL-562-4773-H29-NPC01.LAZ
531,4730,0.0,6.866496647794002,6.866496647794002,Padrón,Herbón (Santa María),1,PNOA-2024-GAL-531-4730-H29-NPC01.LAZ
532,4791,0.0,6.856499321218822,6.856499321218822,A Laracha,Lendo (San Xián),2,PNOA-2024-GAL-532-4791-H29-NPC01.LAZ
536,4763,0.7674598585582786,6.088366828323642,6.855826686881921,Trazo,Trazo (Santa María),1,PNOA-2024-GAL-536-4763-H29-NPC01.LAZ
565,4779,0.09352774728833534,6.758998825806735,6.85252657309507,Cesuras,Bragade (San Mamede),2,PNOA-2024-GAL-565-4779-H29-NPC01.LAZ
513,4788,0.0,6.8520727424807095,6.8520727424807095,Ponteceso,Langueirón (San Xián),2,PNOA-2024-GAL-513-4788-H29-NPC01.LAZ
491,4782,0.0,6.849891292325624,6.849891292325624,Camariñas,Camelle (O Espírito Santo),1,PNOA-2024-GAL-491-4782-H29-NPC01.LAZ
562,4749,0.0,6.8467066865887025,6.8467066865887025,Touro,Beseño (San Cristovo),1,PNOA-2024-GAL-562-4749-H29-NPC01.LAZ
522,4779,0.9795632365887182,5.864160427689865,6.843723664278583,Coristanco,Seavia (San Mamede),1,PNOA-2024-GAL-522-4779-H29-NPC01.LAZ
571,4776,0.0,6.840780670686692,6.840780670686692,Curtis,Fisteus (Santa María),1,PNOA-2024-GAL-571-4776-H29-NPC01.LAZ
521,4735,0.0,6.840362728892658,6.840362728892658,Rois,Buxán (San Xoán),1,PNOA-2024-GAL-521-4735-H29-NPC01.LAZ
512,4774,0.9093732564366636,5.923753336850741,6.833126593287404,Coristanco,Cuns (San Vicenzo),1,PNOA-2024-GAL-512-4774-H29-NPC01.LAZ
577,4817,0.0,6.827162989704994,6.827162989704994,San Sadurniño,Naraío (Santa María),1,PNOA-2024-GAL-577-4817-H29-NPC01.LAZ
570,4813,0.0,6.8228395948741385,6.8228395948741385,Fene,Sillobre (Santa Mariña),2,PNOA-2024-GAL-570-4813-H29-NPC01.LAZ
571,4749,0.38098183622398435,6.440345425955712,6.821327262179697,Santiso,Visantoña (San Xoán),3,PNOA-2024-GAL-571-4749-H29-NPC01.LAZ
516,4745,0.0,6.817880453446147,6.817880453446147,Brión,Cornanda (Santa María),1,PNOA-2024-GAL-516-4745-H29-NPC01.LAZ
589,4826,6.8110616306255665,0.0,6.8110616306255665,Ortigueira,Insua (San Xoán),1,PNOA-2024-GAL-589-4826-H29-NPC01.LAZ
507,4781,3.6433884052626055,3.161906047679774,6.80529445294238,Cabana de Bergantiños,Anós (Santo Estevo),1,PNOA-2024-GAL-507-4781-H29-NPC01.LAZ
511,4740,0.0,6.80438274424909,6.80438274424909,Noia,Roo (Santa María),1,PNOA-2024-GAL-511-4740-H29-NPC01.LAZ
542,4766,0.0,6.7985765686004855,6.7985765686004855,Tordoia,Leobalde (San Cristovo),1,PNOA-2024-GAL-542-4766-H29-NPC01.LAZ
508,4753,0.0,6.793724907381567,6.793724907381567,Negreira,Campolongo (Santa Cruz),1,PNOA-2024-GAL-508-4753-H29-NPC01.LAZ
566,4773,0.0,6.792430048519025,6.792430048519025,Mesía,Cabrui (San Martiño),2,PNOA-2024-GAL-566-4773-H29-NPC01.LAZ
577,4764,0.0,6.786976242684192,6.786976242684192,Sobrado,Carelle (San Lourenzo),1,PNOA-2024-GAL-577-4764-H29-NPC01.LAZ
551,4758,0.0,6.786044831896408,6.786044831896408,Oroso,Cardama (Santa María),1,PNOA-2024-GAL-551-4758-H29-NPC01.LAZ
495,4769,4.7867166333344775,1.997837093354423,6.7845537266889,Vimianzo,Castrelo (San Martiño),1,PNOA-2024-GAL-495-4769-H29-NPC01.LAZ
556,4770,2.774936912685544,4.0093750067743645,6.784311919459908,Frades,Abellá (Santo Estevo),2,PNOA-2024-GAL-556-4770-H29-NPC01.LAZ
510,4718,6.42218292304206,0.35456133458519856,6.776744257627259,Boiro,Castro (Santa María),2,PNOA-2024-GAL-510-4718-H29-NPC01.LAZ
569,4768,0.0,6.776433619511648,6.776433619511648,Vilasantar,Mezonzo (Santa María),1,PNOA-2024-GAL-569-4768-H29-NPC01.LAZ
514,4779,5.74309120417143,1.0313217297823587,6.774412933953789,Coristanco,Agualada (San Lourenzo),2,PNOA-2024-GAL-514-4779-H29-NPC01.LAZ
563,4745,0.7730213004304171,5.998531212070258,6.7715525125006755,Touro,Calvos de Socamiño (San Martiño),3,PNOA-2024-GAL-563-4745-H29-NPC01.LAZ
535,4738,0.0,6.770742293874989,6.770742293874989,Teo,Rarís (San Miguel),1,PNOA-2024-GAL-535-4738-H29-NPC01.LAZ
573,4812,1.7666161974446613,5.001760222244772,6.768376419689433,A Capela,Cabalar (Santa María),1,PNOA-2024-GAL-573-4812-H29-NPC01.LAZ
503,4715,0.8068849823945946,5.9585770312502415,6.765462013644836,Ribeira,Palmeira (San Pedro),1,PNOA-2024-GAL-503-4715-H29-NPC01.LAZ
567,4765,4.9919636708375865,1.7717089121785787,6.763672583016165,Boimorto,Buazo (Santa María),2,PNOA-2024-GAL-567-4765-H29-NPC01.LAZ
519,4779,0.7597413568065152,6.003904861546367,6.763646218352882,Coristanco,Seavia (San Mamede),2,PNOA-2024-GAL-519-4779-H29-NPC01.LAZ
550,4761,0.0,6.757696432239994,6.757696432239994,Oroso,Senra (Santa Eulalia),1,PNOA-2024-GAL-550-4761-H29-NPC01.LAZ
600,4831,0.0,6.750879007694034,6.750879007694034,Mañón,As Grañas do Sor (San Mamede),2,PNOA-2024-GAL-600-4831-H29-NPC01.LAZ
515,4758,0.0490109814193098,6.701717152880275,6.750728134299584,A Baña,A Riba (San Xoán),2,PNOA-2024-GAL-515-4758-H29-NPC01.LAZ
506,4719,0.0,6.749756875473436,6.749756875473436,A Pobra do Caramiñal,Posmarcos (Santo Isidro),1,PNOA-2024-GAL-506-4719-H29-NPC01.LAZ
584,4758,0.0,6.749580963802265,6.749580963802265,Toques,A Capela (Santa María),3,PNOA-2024-GAL-584-4758-H29-NPC01.LAZ
516,4721,6.742513716724541,0.0,6.742513716724541,Rianxo,Leiro (Santa María),1,PNOA-2024-GAL-516-4721-H29-NPC01.LAZ
567,4762,0.5472775026008094,6.194762402626662,6.742039905227471,Boimorto,Brates (San Pedro),2,PNOA-2024-GAL-567-4762-H29-NPC01.LAZ
578,4785,0.0,6.739917269696188,6.739917269696188,Aranga,Vilarraso (San Lourenzo),1,PNOA-2024-GAL-578-4785-H29-NPC01.LAZ
553,4740,0.0,6.739624277062645,6.739624277062645,Boqueixón,Oural (Santa María),1,PNOA-2024-GAL-553-4740-H29-NPC01.LAZ
516,4776,0.8967535660768415,5.829147334135329,6.725900900212171,Coristanco,Couso (San Miguel),1,PNOA-2024-GAL-516-4776-H29-NPC01.LAZ
542,4776,6.724783874636598,0.0,6.724783874636598,Cerceda,Xesteda (Santa Comba),1,PNOA-2024-GAL-542-4776-H29-NPC01.LAZ
590,4829,6.7239922921732065,0.0,6.7239922921732065,Ortigueira,O Ermo (San Xulián),2,PNOA-2024-GAL-590-4829-H29-NPC01.LAZ
527,4751,0.8593005435650032,5.8630241854150515,6.7223247289800545,Ames,Ames (San Tomé),1,PNOA-2024-GAL-527-4751-H29-NPC01.LAZ
551,4767,0.046202447158690846,6.675835538590831,6.722037985749521,Ordes,Pereira (Santaia),2,PNOA-2024-GAL-551-4767-H29-NPC01.LAZ
580,4833,0.0,6.719864084958232,6.719864084958232,Cerdido,Cerdido (San Martiño),2,PNOA-2024-GAL-580-4833-H29-NPC01.LAZ
570,4764,3.870233092279599,2.8496020643485984,6.719835156628197,Boimorto,Andavao (San Martiño),2,PNOA-2024-GAL-570-4764-H29-NPC01.LAZ
574,4753,1.4406194965643804,5.271391386878349,6.71201088344273,Arzúa,Figueiroa (San Paio),2,PNOA-2024-GAL-574-4753-H29-NPC01.LAZ
578,4839,0.8916250944469333,5.817784172768139,6.709409267215072,Cedeira,Cervo (Santalla),1,PNOA-2024-GAL-578-4839-H29-NPC01.LAZ
603,4845,0.0,6.70884835655123,6.70884835655123,Mañón,Mogor (Santa María),1,PNOA-2024-GAL-603-4845-H29-NPC01.LAZ
578,4798,1.9679693936158154,4.738850159749841,6.706819553365657,Monfero,San Fiz de Monfero (San Fiz),1,PNOA-2024-GAL-578-4798-H29-NPC01.LAZ
532,4755,0.9838119173850313,5.722590948106673,6.706402865491704,Santiago de Compostela,Fecha (San Xoán),3,PNOA-2024-GAL-532-4755-H29-NPC01.LAZ
582,4767,0.0,6.700659612684409,6.700659612684409,Sobrado,Cumbraos (San Xiao),1,PNOA-2024-GAL-582-4767-H29-NPC01.LAZ
514,4752,0.0,6.698851029318538,6.698851029318538,Negreira,Aro (San Vicenzo),1,PNOA-2024-GAL-514-4752-H29-NPC01.LAZ
514,4746,0.0,6.69415073300412,6.69415073300412,Negreira,Lueiro (Santa Baia),1,PNOA-2024-GAL-514-4746-H29-NPC01.LAZ
571,4813,0.0,6.694096366766871,6.694096366766871,Fene,Sillobre (Santa Mariña),1,PNOA-2024-GAL-571-4813-H29-NPC01.LAZ
558,4743,0.0,6.686233265066452,6.686233265066452,Touro,Novefontes (Santiago),1,PNOA-2024-GAL-558-4743-H29-NPC01.LAZ
559,4788,0.0,6.685554272053049,6.685554272053049,Abegondo,Mabegondo (San Tirso),2,PNOA-2024-GAL-559-4788-H29-NPC01.LAZ
521,4756,3.5457095305885424,3.1327934262569714,6.678502956845514,A Baña,Sanamede do Monte (San Mamede),1,PNOA-2024-GAL-521-4756-H29-NPC01.LAZ
572,4748,0.0,6.676833685204965,6.676833685204965,Santiso,Visantoña (San Xoán),1,PNOA-2024-GAL-572-4748-H29-NPC01.LAZ
537,4762,0.8452710942933228,5.82385443752092,6.669125531814243,Trazo,Trazo (Santa María),1,PNOA-2024-GAL-537-4762-H29-NPC01.LAZ
546,4740,0.0,6.667921187486866,6.667921187486866,Boqueixón,A Granxa (San Lourenzo),1,PNOA-2024-GAL-546-4740-H29-NPC01.LAZ
542,4741,0.0,6.666803517290027,6.666803517290027,Boqueixón,Sergude (San Breixo),2,PNOA-2024-GAL-542-4741-H29-NPC01.LAZ
518,4770,0.0,6.65942581285331,6.65942581285331,Santa Comba,Xallas de Castriz (San Pedro),1,PNOA-2024-GAL-518-4770-H29-NPC01.LAZ
584,4820,0.0,6.657264033525919,6.657264033525919,As Somozas,As Somozas (Santiago Seré),1,PNOA-2024-GAL-584-4820-H29-NPC01.LAZ
569,4772,0.0,6.652052396784211,6.652052396784211,Vilasantar,Barbeito (San Salvador),1,PNOA-2024-GAL-569-4772-H29-NPC01.LAZ
503,4730,0.0,6.64919716050558,6.64919716050558,Porto do Son,Nebra (Santa María),1,PNOA-2024-GAL-503-4730-H29-NPC01.LAZ
602,4834,0.0,6.647432273755513,6.647432273755513,Mañón,Mañón (Santa María),1,PNOA-2024-GAL-602-4834-H29-NPC01.LAZ
579,4778,0.0,6.63746090563728,6.63746090563728,Curtis,Curtis (Santaia),1,PNOA-2024-GAL-579-4778-H29-NPC01.LAZ
521,4763,0.0,6.634724853571533,6.634724853571533,Santa Comba,Freixeiro (San Fins),1,PNOA-2024-GAL-521-4763-H29-NPC01.LAZ
528,4779,0.0,6.632930361428232,6.632930361428232,Carballo,Rus (Santa María),1,PNOA-2024-GAL-528-4779-H29-NPC01.LAZ
502,4742,0.0,6.623605762077996,6.623605762077996,Outes,O Freixo de Sabardes (San Xoán),1,PNOA-2024-GAL-502-4742-H29-NPC01.LAZ
498,4723,0.0,6.62137250517078,6.62137250517078,Porto do Son,Caamaño (Santa María),1,PNOA-2024-GAL-498-4723-H29-NPC01.LAZ
499,4774,1.5002010597845843,5.10923853832268,6.609439598107264,Vimianzo,Salto (Santa María),1,PNOA-2024-GAL-499-4774-H29-NPC01.LAZ
522,4757,0.1374703240987777,6.468831429222117,6.606301753320895,A Baña,Lañas (Santa Baia),1,PNOA-2024-GAL-522-4757-H29-NPC01.LAZ
535,4784,0.0,6.606300800432459,6.606300800432459,A Laracha,Montemaior (Santa María Madanela),1,PNOA-2024-GAL-535-4784-H29-NPC01.LAZ
569,4825,0.0,6.600813753542491,6.600813753542491,Valdoviño,Lago (Santiago),2,PNOA-2024-GAL-569-4825-H29-NPC01.LAZ
596,4838,6.59989729225254,0.0,6.59989729225254,Ortigueira,O Mosteiro (San Xoán),1,PNOA-2024-GAL-596-4838-H29-NPC01.LAZ
507,4782,6.557375713463877,0.042127001972380534,6.599502715436257,Cabana de Bergantiños,Cundíns (San Paio),2,PNOA-2024-GAL-507-4782-H29-NPC01.LAZ
511,4767,0.0,6.599351331892773,6.599351331892773,Santa Comba,Arantón (San Vicente),2,PNOA-2024-GAL-511-4767-H29-NPC01.LAZ
515,4728,3.583912581335736,3.0091173454068123,6.593029926742549,Rianxo,Taragoña (San Salvador),1,PNOA-2024-GAL-515-4728-H29-NPC01.LAZ
567,4772,0.0,6.591816135639562,6.591816135639562,Mesía,Cumbraos (Santa María),1,PNOA-2024-GAL-567-4772-H29-NPC01.LAZ
583,4771,0.0,6.5828863977719605,6.5828863977719605,Sobrado,Grixalba (San Xiao),1,PNOA-2024-GAL-583-4771-H29-NPC01.LAZ
505,4743,0.0,6.580819337834576,6.580819337834576,Outes,Outes (San Pedro),1,PNOA-2024-GAL-505-4743-H29-NPC01.LAZ
570,4831,0.0,6.580532583295707,6.580532583295707,Valdoviño,Pantín (Santiago),1,PNOA-2024-GAL-570-4831-H29-NPC01.LAZ
568,4786,2.847287544067662,3.728076755524452,6.575364299592114,Oza dos Ríos,Reboredo (Santiago),1,PNOA-2024-GAL-568-4786-H29-NPC01.LAZ
566,4780,1.8898702800188354,4.682987573918157,6.572857853936993,Cesuras,Trasanquelos (San Salvador),3,PNOA-2024-GAL-566-4780-H29-NPC01.LAZ
520,4790,0.0,6.569788458017204,6.569788458017204,Carballo,Cances (San Martiño),1,PNOA-2024-GAL-520-4790-H29-NPC01.LAZ
536,4775,0.0,6.56968976318003,6.56968976318003,Tordoia,Bardaos (Santa María),1,PNOA-2024-GAL-536-4775-H29-NPC01.LAZ
498,4762,0.0,6.550853354979095,6.550853354979095,Dumbría,Olveira (San Martiño),1,PNOA-2024-GAL-498-4762-H29-NPC01.LAZ
587,4835,1.4522798269059978,5.097258676330223,6.549538503236221,Ortigueira,Mera de Abaixo (Santiago),1,PNOA-2024-GAL-587-4835-H29-NPC01.LAZ
539,4772,0.0,6.5474693487033555,6.5474693487033555,Tordoia,Gorgullos (Santaia),1,PNOA-2024-GAL-539-4772-H29-NPC01.LAZ
515,4763,0.0,6.5456978027316,6.5456978027316,Santa Comba,Alón (Santa María),1,PNOA-2024-GAL-515-4763-H29-NPC01.LAZ
546,4785,0.5699810131099748,5.971921372215326,6.541902385325301,Cerceda,Meirama (Santo André),2,PNOA-2024-GAL-546-4785-H29-NPC01.LAZ
500,4722,0.0,6.539775631513016,6.539775631513016,Porto do Son,Xuño (Santa Mariña),2,PNOA-2024-GAL-500-4722-H29-NPC01.LAZ
579,4784,0.0,6.537763742309104,6.537763742309104,Aranga,Vilarraso (San Lourenzo),1,PNOA-2024-GAL-579-4784-H29-NPC01.LAZ
488,4739,0.0,6.537411407697875,6.537411407697875,Carnota,Lira (Santa María),1,PNOA-2024-GAL-488-4739-H29-NPC01.LAZ
521,4745,0.0,6.53555349299438,6.53555349299438,Brión,Luaña (San Xulián),2,PNOA-2024-GAL-521-4745-H29-NPC01.LAZ
500,4728,0.0,6.5298811847640525,6.5298811847640525,Porto do Son,Baroña (San Pedro),1,PNOA-2024-GAL-500-4728-H29-NPC01.LAZ
543,4769,0.0,6.523712183927795,6.523712183927795,Tordoia,Numide (Santiago),2,PNOA-2024-GAL-543-4769-H29-NPC01.LAZ
581,4828,0.0,6.523247583213942,6.523247583213942,Cerdido,Cerdido (San Martiño),1,PNOA-2024-GAL-581-4828-H29-NPC01.LAZ
566,4825,0.0,6.522006317537739,6.522006317537739,Valdoviño,O Sequeiro (Santa María),1,PNOA-2024-GAL-566-4825-H29-NPC01.LAZ
509,4780,0.0,6.520620366481134,6.520620366481134,Cabana de Bergantiños,Anós (Santo Estevo),2,PNOA-2024-GAL-509-4780-H29-NPC01.LAZ
521,4786,0.0,6.514833913128613,6.514833913128613,Carballo,Goiáns (Santo Estevo),2,PNOA-2024-GAL-521-4786-H29-NPC01.LAZ
522,4789,0.0,6.513825899349985,6.513825899349985,Carballo,Oza (San Breixo),1,PNOA-2024-GAL-522-4789-H29-NPC01.LAZ
514,4761,2.1428349244563876,4.367832541950127,6.510667466406515,A Baña,A Riba (San Xoán),1,PNOA-2024-GAL-514-4761-H29-NPC01.LAZ
499,4722,0.0,6.504326067468494,6.504326067468494,Porto do Son,Xuño (Santa Mariña),1,PNOA-2024-GAL-499-4722-H29-NPC01.LAZ
518,4737,0.0,6.501506351023889,6.501506351023889,Rois,Augasantas (San Vicente),1,PNOA-2024-GAL-518-4737-H29-NPC01.LAZ
584,4840,0.24950200572563946,6.249885447575769,6.499387453301408,Cedeira,Régoa (Santa María),1,PNOA-2024-GAL-584-4840-H29-NPC01.LAZ
535,4787,0.0,6.496574392241995,6.496574392241995,A Laracha,Golmar (San Bieito),2,PNOA-2024-GAL-535-4787-H29-NPC01.LAZ
509,4753,0.0,6.490452244623775,6.490452244623775,Negreira,Campolongo (Santa Cruz),2,PNOA-2024-GAL-509-4753-H29-NPC01.LAZ
583,4778,0.0,6.479197977905725,6.479197977905725,Curtis,Foxados (Santa María),1,PNOA-2024-GAL-583-4778-H29-NPC01.LAZ
493,4770,2.912912016247653,3.5652088733218266,6.47812088956948,Vimianzo,Berdoias (San Pedro),1,PNOA-2024-GAL-493-4770-H29-NPC01.LAZ
531,4739,2.2543738205457053,4.217808599241683,6.472182419787388,Padrón,Cruces (Santa María),2,PNOA-2024-GAL-531-4739-H29-NPC01.LAZ
544,4780,0.0,6.465904880429513,6.465904880429513,Cerceda,Cerceda (San Martiño),2,PNOA-2024-GAL-544-4780-H29-NPC01.LAZ
579,4832,3.1902858349426593,3.269959801786843,6.4602456367295025,Cedeira,Esteiro (San Fiz),2,PNOA-2024-GAL-579-4832-H29-NPC01.LAZ
550,4781,0.0,6.459319565979284,6.459319565979284,Carral,Sumio (Santiago),2,PNOA-2024-GAL-550-4781-H29-NPC01.LAZ
549,4781,0.0,6.458045296241045,6.458045296241045,Carral,Sumio (Santiago),1,PNOA-2024-GAL-549-4781-H29-NPC01.LAZ
550,4740,0.0,6.4580213868859975,6.4580213868859975,Boqueixón,Pousada (San Lourenzo),1,PNOA-2024-GAL-550-4740-H29-NPC01.LAZ
522,4731,2.31133402016929,4.136261000207827,6.447595020377117,Dodro,Laíño (San Xián),2,PNOA-2024-GAL-522-4731-H29-NPC01.LAZ
550,4797,1.7309700403998065,4.714515140578312,6.445485180978118,Culleredo,Rutis (Santa María),1,PNOA-2024-GAL-550-4797-H29-NPC01.LAZ
542,4786,0.0,6.445342493661346,6.445342493661346,A Laracha,Soandres (San Pedro),1,PNOA-2024-GAL-542-4786-H29-NPC01.LAZ
568,4824,0.0,6.443427506253121,6.443427506253121,Valdoviño,O Sequeiro (Santa María),2,PNOA-2024-GAL-568-4824-H29-NPC01.LAZ
493,4734,0.0,6.44216017192357,6.44216017192357,Muros,Louro (Santiago),1,PNOA-2024-GAL-493-4734-H29-NPC01.LAZ
529,4737,1.7643777398511953,4.674121828163147,6.438499568014342,Padrón,Cruces (Santa María),1,PNOA-2024-GAL-529-4737-H29-NPC01.LAZ
518,4777,1.4276143577564815,5.007913737716375,6.435528095472857,Coristanco,Couso (San Miguel),1,PNOA-2024-GAL-518-4777-H29-NPC01.LAZ
518,4779,2.4552196014659398,3.97928898844419,6.43450858991013,Coristanco,Ferreira (Santa María),1,PNOA-2024-GAL-518-4779-H29-NPC01.LAZ
546,4745,0.0,6.428622239981373,6.428622239981373,Boqueixón,Vigo (Santa Baia),1,PNOA-2024-GAL-546-4745-H29-NPC01.LAZ
498,4757,0.0,6.427504121574119,6.427504121574119,Dumbría,Olveiroa (Santiago),1,PNOA-2024-GAL-498-4757-H29-NPC01.LAZ
543,4749,2.1090628670369385,4.317663397092387,6.426726264129325,Santiago de Compostela,Bando (Santa Eulalia),2,PNOA-2024-GAL-543-4749-H29-NPC01.LAZ
496,4719,0.0,6.426365666673965,6.426365666673965,Porto do Son,San Pedro de Muro (San Pedro),1,PNOA-2024-GAL-496-4719-H29-NPC01.LAZ
503,4749,0.0,6.425774963336767,6.425774963336767,Outes,Valadares (San Miguel),1,PNOA-2024-GAL-503-4749-H29-NPC01.LAZ
502,4775,2.9865320171267284,3.4389597346251275,6.425491751751856,Vimianzo,Tines (Santa Baia),2,PNOA-2024-GAL-502-4775-H29-NPC01.LAZ
560,4744,0.0,6.4235153659047555,6.4235153659047555,Touro,Cornado (Santiso),2,PNOA-2024-GAL-560-4744-H29-NPC01.LAZ
523,4760,0.0,6.42125232870911,6.42125232870911,A Baña,Cabanas (San Miguel),1,PNOA-2024-GAL-523-4760-H29-NPC01.LAZ
560,4770,0.0,6.420043788453411,6.420043788453411,Mesía,Xanceda (San Salvador),1,PNOA-2024-GAL-560-4770-H29-NPC01.LAZ
521,4769,0.0,6.417153640092061,6.417153640092061,Santa Comba,Xallas de Castriz (San Pedro),2,PNOA-2024-GAL-521-4769-H29-NPC01.LAZ
561,4747,0.0,6.413181581390234,6.413181581390234,Touro,Turces (Santa María),3,PNOA-2024-GAL-561-4747-H29-NPC01.LAZ
528,4778,0.0,6.41237316891776,6.41237316891776,Carballo,Rus (Santa María),1,PNOA-2024-GAL-528-4778-H29-NPC01.LAZ
542,4757,3.8487793881441164,2.5635731209163555,6.412352509060472,Santiago de Compostela,Nemenzo (Santa Cristina),2,PNOA-2024-GAL-542-4757-H29-NPC01.LAZ
519,4762,0.6574877597409858,5.7545393844285195,6.412027144169505,A Baña,Suevos (San Mamede),2,PNOA-2024-GAL-519-4762-H29-NPC01.LAZ
567,4817,0.8203595256080191,5.590123754037216,6.410483279645235,Neda,Neda (San Nicolás),2,PNOA-2024-GAL-567-4817-H29-NPC01.LAZ
537,4781,0.0,6.401144356783647,6.401144356783647,Cerceda,Rodís (San Martiño),1,PNOA-2024-GAL-537-4781-H29-NPC01.LAZ
565,4782,5.0698934198987295,1.3300542734664973,6.399947693365227,Cesuras,Mandaio (San Xiao),2,PNOA-2024-GAL-565-4782-H29-NPC01.LAZ
508,4729,0.0,6.399843571801281,6.399843571801281,Boiro,Cures (Santo André),2,PNOA-2024-GAL-508-4729-H29-NPC01.LAZ
579,4787,0.0,6.398832098875285,6.398832098875285,Aranga,Aranga (San Paio),1,PNOA-2024-GAL-579-4787-H29-NPC01.LAZ
553,4773,1.9388175413437991,4.456586743721772,6.395404285065571,Ordes,Vilamaior (Santiago),2,PNOA-2024-GAL-553-4773-H29-NPC01.LAZ
584,4751,0.9936661509967777,5.399762535960926,6.393428686957704,Melide,O Meire (San Pedro),2,PNOA-2024-GAL-584-4751-H29-NPC01.LAZ
556,4745,0.0,6.3901273733680615,6.3901273733680615,Touro,Fao (Santa Uxía),1,PNOA-2024-GAL-556-4745-H29-NPC01.LAZ
583,4789,0.0,6.383592928705441,6.383592928705441,Aranga,Cambás (San Pedro),1,PNOA-2024-GAL-583-4789-H29-NPC01.LAZ
552,4777,0.0,6.383018468576498,6.383018468576498,Ordes,Ardemil (San Pedro),1,PNOA-2024-GAL-552-4777-H29-NPC01.LAZ
586,4817,0.0,6.3823685108626105,6.3823685108626105,As Somozas,Recemel (Santa María),1,PNOA-2024-GAL-586-4817-H29-NPC01.LAZ
575,4794,0.0,6.378121686205371,6.378121686205371,Irixoa,Mántaras (Santa María),2,PNOA-2024-GAL-575-4794-H29-NPC01.LAZ
566,4777,6.191909631741355,0.18472188486055088,6.376631516601906,Cesuras,Borrifáns (San Pedro),1,PNOA-2024-GAL-566-4777-H29-NPC01.LAZ
584,4819,0.0,6.372096837558934,6.372096837558934,As Somozas,As Somozas (Santiago Seré),2,PNOA-2024-GAL-584-4819-H29-NPC01.LAZ
500,4720,0.7349344809224199,5.636760005585756,6.371694486508176,Ribeira,Oleiros (San Martiño),2,PNOA-2024-GAL-500-4720-H29-NPC01.LAZ
582,4828,0.0,6.3683210802070365,6.3683210802070365,Cerdido,Cerdido (San Martiño),2,PNOA-2024-GAL-582-4828-H29-NPC01.LAZ
584,4824,0.0,6.364174500326666,6.364174500326666,Moeche,Santa Cruz de Moeche (Santa Cruz),1,PNOA-2024-GAL-584-4824-H29-NPC01.LAZ
591,4829,6.360574112882951,0.0,6.360574112882951,Ortigueira,O Ermo (San Xulián),1,PNOA-2024-GAL-591-4829-H29-NPC01.LAZ
572,4803,0.0,6.359124333515811,6.359124333515811,Vilarmaior,Grandal (San Pedro),1,PNOA-2024-GAL-572-4803-H29-NPC01.LAZ
595,4809,6.354062939310744,0.0,6.354062939310744,As Pontes de García Rodríguez,O Aparral (Santa María),1,PNOA-2024-GAL-595-4809-H29-NPC01.LAZ
572,4799,0.0,6.349726407871506,6.349726407871506,Vilarmaior,Vilamateo (Santiago),1,PNOA-2024-GAL-572-4799-H29-NPC01.LAZ
495,4768,4.618419163219575,1.7302883286777877,6.348707491897363,Vimianzo,Castrelo (San Martiño),1,PNOA-2024-GAL-495-4768-H29-NPC01.LAZ
574,4767,0.0,6.347524166550817,6.347524166550817,Vilasantar,Présaras (San Pedro),3,PNOA-2024-GAL-574-4767-H29-NPC01.LAZ
519,4780,2.513576222017533,3.8338826965477923,6.347458918565325,Coristanco,Coristanco (San Paio),2,PNOA-2024-GAL-519-4780-H29-NPC01.LAZ
518,4762,0.0,6.343906257356304,6.343906257356304,Santa Comba,Ser (San Pedro),3,PNOA-2024-GAL-518-4762-H29-NPC01.LAZ
558,4742,0.0,6.343577508549525,6.343577508549525,Touro,Novefontes (Santiago),1,PNOA-2024-GAL-558-4742-H29-NPC01.LAZ
589,4831,6.340226844753878,0.0,6.340226844753878,Ortigueira,Mera de Arriba (Santa María),1,PNOA-2024-GAL-589-4831-H29-NPC01.LAZ
540,4762,0.5439163260785806,5.794763431694123,6.338679757772703,Trazo,Morlán (Santa María),2,PNOA-2024-GAL-540-4762-H29-NPC01.LAZ
570,4795,3.250843858133169,3.08531973749509,6.336163595628259,Paderne,Adragonte (Santiago),2,PNOA-2024-GAL-570-4795-H29-NPC01.LAZ
577,4747,0.0,6.329936702480549,6.329936702480549,Santiso,Pezobrés (Santo Estevo),1,PNOA-2024-GAL-577-4747-H29-NPC01.LAZ
578,4779,0.0,6.329300795999865,6.329300795999865,Curtis,Curtis (Santaia),1,PNOA-2024-GAL-578-4779-H29-NPC01.LAZ
535,4757,0.4456593233380069,5.881419567591181,6.327078890929188,Santiago de Compostela,Fecha (San Xoán),2,PNOA-2024-GAL-535-4757-H29-NPC01.LAZ
581,4770,0.0,6.324622426463107,6.324622426463107,Sobrado,Grixalba (San Xiao),1,PNOA-2024-GAL-581-4770-H29-NPC01.LAZ
522,4781,3.1187349973902325,3.1955030531502606,6.314238050540493,Coristanco,Traba (Santa María),1,PNOA-2024-GAL-522-4781-H29-NPC01.LAZ
530,4751,0.0,6.314162789843006,6.314162789843006,Ames,Ameixenda (Santa María),2,PNOA-2024-GAL-530-4751-H29-NPC01.LAZ
567,4795,5.403969548837156,0.9027937098389012,6.306763258676058,Paderne,Velouzás (San Salvador),2,PNOA-2024-GAL-567-4795-H29-NPC01.LAZ
527,4754,0.019577580048064543,6.286357486608782,6.305935066656847,A Baña,Troitosende (Santa María),1,PNOA-2024-GAL-527-4754-H29-NPC01.LAZ
560,4780,4.590348380731151,1.7120308133203452,6.302379194051497,Cesuras,Paderne (Santiago),3,PNOA-2024-GAL-560-4780-H29-NPC01.LAZ
567,4757,0.0,6.296548928339663,6.296548928339663,Arzúa,Viladavil (Santa María),1,PNOA-2024-GAL-567-4757-H29-NPC01.LAZ
526,4740,0.11492772262300792,6.181023049001103,6.295950771624112,Rois,Sorribas (San Tomé),2,PNOA-2024-GAL-526-4740-H29-NPC01.LAZ
552,4765,0.0,6.293339554296949,6.293339554296949,Oroso,Marzoa (San Martiño),1,PNOA-2024-GAL-552-4765-H29-NPC01.LAZ
539,4734,0.0,6.284473942113461,6.284473942113461,Teo,Teo (Santa María),1,PNOA-2024-GAL-539-4734-H29-NPC01.LAZ
522,4764,0.0,6.28442779846281,6.28442779846281,Santa Comba,Freixeiro (San Fins),1,PNOA-2024-GAL-522-4764-H29-NPC01.LAZ
541,4786,0.0,6.2791784531950094,6.2791784531950094,A Laracha,Soandres (San Pedro),1,PNOA-2024-GAL-541-4786-H29-NPC01.LAZ
587,4834,3.2463194794254284,3.027967290163815,6.274286769589244,Ortigueira,Mera de Arriba (Santa María),2,PNOA-2024-GAL-587-4834-H29-NPC01.LAZ
489,4755,0.0,6.272890375014962,6.272890375014962,Dumbría,Buxantes (San Pedro),1,PNOA-2024-GAL-489-4755-H29-NPC01.LAZ
541,4748,5.547914897765187,0.7208751661088102,6.268790063873997,Santiago de Compostela,Aríns (San Martiño),2,PNOA-2024-GAL-541-4748-H29-NPC01.LAZ
489,4751,0.0,6.267407735707978,6.267407735707978,Dumbría,O Ézaro (Santa Uxía),1,PNOA-2024-GAL-489-4751-H29-NPC01.LAZ
528,4791,0.0,6.265553837648183,6.265553837648183,Carballo,Vilela (San Miguel),1,PNOA-2024-GAL-528-4791-H29-NPC01.LAZ
571,4753,0.0,6.264163965209739,6.264163965209739,Arzúa,Rendal (Santa María),2,PNOA-2024-GAL-571-4753-H29-NPC01.LAZ
489,4750,0.0,6.262307011579159,6.262307011579159,Carnota,O Pindo (San Clemente),1,PNOA-2024-GAL-489-4750-H29-NPC01.LAZ
581,4772,0.0,6.2567806455574555,6.2567806455574555,Sobrado,Grixalba (San Xiao),1,PNOA-2024-GAL-581-4772-H29-NPC01.LAZ
586,4761,0.0,6.248851220093728,6.248851220093728,Toques,Paradela (San Paio),2,PNOA-2024-GAL-586-4761-H29-NPC01.LAZ
491,4761,0.0,6.247396693309373,6.247396693309373,Dumbría,Dumbría (Santa Baia),1,PNOA-2024-GAL-491-4761-H29-NPC01.LAZ
557,4774,0.0,6.245341939278222,6.245341939278222,Mesía,Olás (San Lourenzo),2,PNOA-2024-GAL-557-4774-H29-NPC01.LAZ
567,4753,0.7559773083411949,5.485914434557868,6.241891742899063,Arzúa,Arzúa (Santiago),3,PNOA-2024-GAL-567-4753-H29-NPC01.LAZ
541,4756,0.0016490472757325768,6.239173328593002,6.240822375868734,Santiago de Compostela,Nemenzo (Santa Cristina),1,PNOA-2024-GAL-541-4756-H29-NPC01.LAZ
571,4746,0.0,6.238129555952609,6.238129555952609,Santiso,Visantoña (San Xoán),1,PNOA-2024-GAL-571-4746-H29-NPC01.LAZ
529,4792,0.0,6.233993609780477,6.233993609780477,Carballo,Vilela (San Miguel),1,PNOA-2024-GAL-529-4792-H29-NPC01.LAZ
552,4775,0.04050549377253067,6.1932416156153955,6.233747109387926,Ordes,Buscás (San Paio),1,PNOA-2024-GAL-552-4775-H29-NPC01.LAZ
557,4751,0.0,6.2333546443572,6.2333546443572,Touro,San Fiz de Quión (San Fiz),1,PNOA-2024-GAL-557-4751-H29-NPC01.LAZ
561,4785,0.0,6.233283093872812,6.233283093872812,Abegondo,Cullergondo (Santa María),2,PNOA-2024-GAL-561-4785-H29-NPC01.LAZ
564,4827,0.0,6.224200625248356,6.224200625248356,Valdoviño,Meirás (San Vicente),1,PNOA-2024-GAL-564-4827-H29-NPC01.LAZ
553,4779,0.0,6.217608760824483,6.217608760824483,Abegondo,Vizoño (San Pedro),1,PNOA-2024-GAL-553-4779-H29-NPC01.LAZ
576,4826,0.0,6.215231234962991,6.215231234962991,San Sadurniño,Bardaos (Santa María),2,PNOA-2024-GAL-576-4826-H29-NPC01.LAZ
517,4748,0.0,6.21489267001105,6.21489267001105,Negreira,Liñaio (San Martiño),1,PNOA-2024-GAL-517-4748-H29-NPC01.LAZ
572,4827,0.0,6.2124414179036425,6.2124414179036425,Valdoviño,Loira (San Pedro),2,PNOA-2024-GAL-572-4827-H29-NPC01.LAZ
530,4753,0.0,6.2104966553118555,6.2104966553118555,Ames,Ameixenda (Santa María),1,PNOA-2024-GAL-530-4753-H29-NPC01.LAZ
577,4762,0.0,6.207970208993217,6.207970208993217,Boimorto,Rodieiros (San Simón),2,PNOA-2024-GAL-577-4762-H29-NPC01.LAZ
575,4785,0.0,6.205785409224986,6.205785409224986,Aranga,San Vicente de Fervenzas (San Vicente),3,PNOA-2024-GAL-575-4785-H29-NPC01.LAZ
565,4767,0.0,6.2021550753149555,6.2021550753149555,Mesía,Boado (Santiago),1,PNOA-2024-GAL-565-4767-H29-NPC01.LAZ
498,4759,0.0,6.200577949905042,6.200577949905042,Dumbría,Olveira (San Martiño),1,PNOA-2024-GAL-498-4759-H29-NPC01.LAZ
510,4728,0.0,6.200569497501173,6.200569497501173,Boiro,Macenda (San Xoán),1,PNOA-2024-GAL-510-4728-H29-NPC01.LAZ
515,4786,2.3606708302742168,3.83934073880602,6.200011569080237,Coristanco,Cereo (Santa María),1,PNOA-2024-GAL-515-4786-H29-NPC01.LAZ
564,4813,1.6873699025738023,4.5115072576697655,6.198877160243567,Fene,Maniños (San Salvador),2,PNOA-2024-GAL-564-4813-H29-NPC01.LAZ
575,4784,0.0,6.19172278169532,6.19172278169532,Aranga,San Vicente de Fervenzas (San Vicente),1,PNOA-2024-GAL-575-4784-H29-NPC01.LAZ
585,4771,0.0,6.186662325587812,6.186662325587812,Sobrado,Grixalba (San Xiao),1,PNOA-2024-GAL-585-4771-H29-NPC01.LAZ
587,4821,0.0,6.185638808745839,6.185638808745839,As Somozas,As Somozas (Santiago Seré),1,PNOA-2024-GAL-587-4821-H29-NPC01.LAZ
496,4767,2.946511474501944,3.238072884293537,6.184584358795481,Vimianzo,Baíñas (Santo Antoíño),1,PNOA-2024-GAL-496-4767-H29-NPC01.LAZ
544,4756,6.183054855978105,0.0,6.183054855978105,Santiago de Compostela,Marantes (San Vicente),1,PNOA-2024-GAL-544-4756-H29-NPC01.LAZ
539,4758,0.891222390045189,5.290037167050435,6.181259557095624,Santiago de Compostela,Busto (San Pedro),2,PNOA-2024-GAL-539-4758-H29-NPC01.LAZ
562,4756,0.3746616277936964,5.801930842873086,6.176592470666782,Arzúa,Dodro (Santa María),3,PNOA-2024-GAL-562-4756-H29-NPC01.LAZ
507,4735,0.16057076227003975,6.015357364279679,6.175928126549719,Noia,Argalo (Santa María),1,PNOA-2024-GAL-507-4735-H29-NPC01.LAZ
525,4754,0.0,6.175426873884566,6.175426873884566,A Baña,Fiopáns (San Pedro),1,PNOA-2024-GAL-525-4754-H29-NPC01.LAZ
539,4777,0.0,6.172073650164769,6.172073650164769,Cerceda,Rodís (San Martiño),1,PNOA-2024-GAL-539-4777-H29-NPC01.LAZ
494,4768,2.1071872533874876,4.064179584446443,6.17136683783393,Vimianzo,Berdoias (San Pedro),2,PNOA-2024-GAL-494-4768-H29-NPC01.LAZ
500,4732,0.0,6.171089606241011,6.171089606241011,Porto do Son,Noal (San Vicente),1,PNOA-2024-GAL-500-4732-H29-NPC01.LAZ
551,4779,1.7171575533306533,4.452352340948329,6.169509894278983,Mesía,Bruma (San Lourenzo),3,PNOA-2024-GAL-551-4779-H29-NPC01.LAZ
554,4760,0.0,6.167454124781672,6.167454124781672,Oroso,Os Ánxeles (San Mamede),1,PNOA-2024-GAL-554-4760-H29-NPC01.LAZ
569,4760,0.0334545044918717,6.115407011205773,6.148861515697644,Boimorto,Sendelle (Santa María),1,PNOA-2024-GAL-569-4760-H29-NPC01.LAZ
525,4772,0.0,6.146572091458498,6.146572091458498,Tordoia,Anxeriz (Santa Mariña),1,PNOA-2024-GAL-525-4772-H29-NPC01.LAZ
563,4750,1.0303943900093007,5.115278298244827,6.145672688254128,Arzúa,Branzá (Santa Locaia),1,PNOA-2024-GAL-563-4750-H29-NPC01.LAZ
584,4816,0.0,6.14101906680587,6.14101906680587,As Somozas,Recemel (Santa María),1,PNOA-2024-GAL-584-4816-H29-NPC01.LAZ
588,4824,0.0,6.1377595261008855,6.1377595261008855,As Somozas,As Enchousas (San Pedro),1,PNOA-2024-GAL-588-4824-H29-NPC01.LAZ
597,4829,6.1370207903462255,0.0,6.1370207903462255,Ortigueira,Devesos (San Sebastián),1,PNOA-2024-GAL-597-4829-H29-NPC01.LAZ
560,4777,2.296894030242842,3.8366518081562284,6.133545838399071,Cesuras,Filgueira de Traba (San Miguel),1,PNOA-2024-GAL-560-4777-H29-NPC01.LAZ
513,4769,0.0,6.128016884868522,6.128016884868522,Santa Comba,Santa Sabiña (San Xulián),1,PNOA-2024-GAL-513-4769-H29-NPC01.LAZ
565,4756,1.295675713749349,4.831134771445905,6.126810485195254,Arzúa,Burres (San Vicenzo),2,PNOA-2024-GAL-565-4756-H29-NPC01.LAZ
493,4771,1.4602909403476678,4.663620018250169,6.123910958597837,Vimianzo,Berdoias (San Pedro),2,PNOA-2024-GAL-493-4771-H29-NPC01.LAZ
540,4758,3.5394015467689703,2.5836861227732144,6.123087669542185,Santiago de Compostela,Busto (San Pedro),1,PNOA-2024-GAL-540-4758-H29-NPC01.LAZ
501,4726,0.0,6.122353358322689,6.122353358322689,Porto do Son,Ribasieira (San Fins),2,PNOA-2024-GAL-501-4726-H29-NPC01.LAZ
576,4801,2.027914521642013,4.093788099745735,6.121702621387748,Monfero,San Fiz de Monfero (San Fiz),1,PNOA-2024-GAL-576-4801-H29-NPC01.LAZ
590,4828,6.117932854832307,0.0,6.117932854832307,Ortigueira,Insua (San Xoán),1,PNOA-2024-GAL-590-4828-H29-NPC01.LAZ
585,4758,0.0,6.117792646367896,6.117792646367896,Toques,San Xiao do Monte (San Xiao),1,PNOA-2024-GAL-585-4758-H29-NPC01.LAZ
492,4776,1.3748891584480925,4.7408928993370845,6.115782057785177,Vimianzo,Carantoña (San Martiño),1,PNOA-2024-GAL-492-4776-H29-NPC01.LAZ
509,4748,0.0,6.112034068157923,6.112034068157923,Outes,Santo Ourente de Entíns (Santo Ourente),1,PNOA-2024-GAL-509-4748-H29-NPC01.LAZ
517,4749,0.0,6.110409579594803,6.110409579594803,Negreira,Liñaio (San Martiño),1,PNOA-2024-GAL-517-4749-H29-NPC01.LAZ
580,4774,0.0,6.099852395436451,6.099852395436451,Curtis,Foxados (Santa María),1,PNOA-2024-GAL-580-4774-H29-NPC01.LAZ
585,4755,0.0,6.098631008233799,6.098631008233799,Toques,Vilamor (Santo Estevo),1,PNOA-2024-GAL-585-4755-H29-NPC01.LAZ
565,4824,0.0,6.093131448446974,6.093131448446974,Valdoviño,O Sequeiro (Santa María),1,PNOA-2024-GAL-565-4824-H29-NPC01.LAZ
516,4732,0.0,6.087609947770767,6.087609947770767,Lousame,Fruíme (San Martiño),1,PNOA-2024-GAL-516-4732-H29-NPC01.LAZ
592,4823,6.082345982562435,0.0,6.082345982562435,As Pontes de García Rodríguez,O Deveso (Santa María),1,PNOA-2024-GAL-592-4823-H29-NPC01.LAZ
506,4782,0.0,6.081159140099009,6.081159140099009,Cabana de Bergantiños,Cesullas (Santo Estevo),2,PNOA-2024-GAL-506-4782-H29-NPC01.LAZ
519,4739,0.7350969353904995,5.3441465342051675,6.079243469595667,Rois,Ermedelo (San Martiño),1,PNOA-2024-GAL-519-4739-H29-NPC01.LAZ
519,4748,0.0,6.075078779290056,6.075078779290056,Brión,Viceso (Santa María),2,PNOA-2024-GAL-519-4748-H29-NPC01.LAZ
570,4828,0.0,6.074275440067141,6.074275440067141,Valdoviño,Valdoviño (Santalla),1,PNOA-2024-GAL-570-4828-H29-NPC01.LAZ
569,4757,5.079239541290271,0.9947832519127792,6.07402279320305,Arzúa,Viladavil (Santa María),3,PNOA-2024-GAL-569-4757-H29-NPC01.LAZ
511,4787,0.937682509912611,5.135450388662168,6.073132898574779,Cabana de Bergantiños,Corcoesto (San Pedro),1,PNOA-2024-GAL-511-4787-H29-NPC01.LAZ
591,4824,4.153949688237179,1.9171589895094614,6.071108677746641,Ortigueira,Insua (San Xoán),2,PNOA-2024-GAL-591-4824-H29-NPC01.LAZ
518,4726,5.377629592570671,0.6928004939787302,6.070430086549401,Rianxo,Asados (Santa María),1,PNOA-2024-GAL-518-4726-H29-NPC01.LAZ
532,4741,0.0,6.0680725405876474,6.0680725405876474,Teo,Calo (San Xoán),1,PNOA-2024-GAL-532-4741-H29-NPC01.LAZ
581,4838,0.0,6.068071758818156,6.068071758818156,Cedeira,Régoa (Santa María),1,PNOA-2024-GAL-581-4838-H29-NPC01.LAZ
515,4746,0.0,6.06637597077402,6.06637597077402,Brión,Cornanda (Santa María),1,PNOA-2024-GAL-515-4746-H29-NPC01.LAZ
582,4754,6.062438494820421,0.0,6.062438494820421,Melide,Abeancos (San Salvador),1,PNOA-2024-GAL-582-4754-H29-NPC01.LAZ
583,4756,0.0,6.058644995788236,6.058644995788236,Toques,Mangoeiro (San Tomé),1,PNOA-2024-GAL-583-4756-H29-NPC01.LAZ
566,4778,6.0566306031345185,0.0,6.0566306031345185,Cesuras,Borrifáns (San Pedro),1,PNOA-2024-GAL-566-4778-H29-NPC01.LAZ
583,4815,0.5146673256624166,5.541300125842643,6.055967451505059,As Somozas,Recemel (Santa María),2,PNOA-2024-GAL-583-4815-H29-NPC01.LAZ
522,4732,0.0,6.052277638018431,6.052277638018431,Rois,Buxán (San Xoán),2,PNOA-2024-GAL-522-4732-H29-NPC01.LAZ
504,4746,0.0,6.037814318251648,6.037814318251648,Outes,Outes (San Pedro),1,PNOA-2024-GAL-504-4746-H29-NPC01.LAZ
568,4758,0.0,6.030658369090359,6.030658369090359,Arzúa,Viladavil (Santa María),1,PNOA-2024-GAL-568-4758-H29-NPC01.LAZ
510,4754,0.0,6.025200421029263,6.025200421029263,Negreira,Alvite (San Tomé),1,PNOA-2024-GAL-510-4754-H29-NPC01.LAZ
580,4779,0.0,6.021476564562972,6.021476564562972,Curtis,Curtis (Santaia),1,PNOA-2024-GAL-580-4779-H29-NPC01.LAZ
555,4784,0.0,6.014758466105482,6.014758466105482,Abegondo,Montouto (Santa Cristina),1,PNOA-2024-GAL-555-4784-H29-NPC01.LAZ
564,4772,0.0,6.009558084601231,6.009558084601231,Mesía,Albixoi (Santa Mariña),1,PNOA-2024-GAL-564-4772-H29-NPC01.LAZ
568,4773,0.0,5.9965037954315905,5.9965037954315905,Mesía,Cumbraos (Santa María),3,PNOA-2024-GAL-568-4773-H29-NPC01.LAZ
525,4737,2.370997922628405,3.624868236914251,5.995866159542656,Rois,Rois (San Mamede),1,PNOA-2024-GAL-525-4737-H29-NPC01.LAZ
583,4751,5.046171420008319,0.9494770683335941,5.995648488341913,Melide,Furelos (San Xoán),3,PNOA-2024-GAL-583-4751-H29-NPC01.LAZ
480,4756,0.0,5.995046670988979,5.995046670988979,Fisterra,Sardiñeiro (San Xoán),1,PNOA-2024-GAL-480-4756-H29-NPC01.LAZ
520,4733,2.6578898657866112,3.334453642585227,5.992343508371839,Rois,Buxán (San Xoán),1,PNOA-2024-GAL-520-4733-H29-NPC01.LAZ
582,4764,0.0,5.98786089175365,5.98786089175365,Sobrado,Codesoso (San Miguel),2,PNOA-2024-GAL-582-4764-H29-NPC01.LAZ
524,4744,0.0,5.987333126992658,5.987333126992658,Brión,Os Ánxeles (Santa María),2,PNOA-2024-GAL-524-4744-H29-NPC01.LAZ
488,4749,0.0,5.986358694992082,5.986358694992082,Carnota,O Pindo (San Clemente),1,PNOA-2024-GAL-488-4749-H29-NPC01.LAZ
577,4799,1.7092028921523617,4.273024180006129,5.982227072158491,Monfero,San Fiz de Monfero (San Fiz),1,PNOA-2024-GAL-577-4799-H29-NPC01.LAZ
520,4776,1.0969005544336417,4.884244304996981,5.981144859430623,Coristanco,Seavia (San Mamede),1,PNOA-2024-GAL-520-4776-H29-NPC01.LAZ
550,4782,0.0,5.980803142823195,5.980803142823195,Carral,Sumio (Santiago),1,PNOA-2024-GAL-550-4782-H29-NPC01.LAZ
576,4787,0.0,5.97952424507486,5.97952424507486,Aranga,Muniferral (San Cristovo),1,PNOA-2024-GAL-576-4787-H29-NPC01.LAZ
522,4744,0.03886019715256897,5.934592838844542,5.97345303599711,Brión,Luaña (San Xulián),2,PNOA-2024-GAL-522-4744-H29-NPC01.LAZ
544,4738,0.0,5.970019245440002,5.970019245440002,Vedra,San Pedro de Vilanova (San Pedro),2,PNOA-2024-GAL-544-4738-H29-NPC01.LAZ
511,4782,0.3884606499022874,5.573742676480725,5.962203326383013,Cabana de Bergantiños,A Silvarredonda (San Pedro),2,PNOA-2024-GAL-511-4782-H29-NPC01.LAZ
574,4792,0.0,5.958941485081503,5.958941485081503,Irixoa,Mántaras (Santa María),1,PNOA-2024-GAL-574-4792-H29-NPC01.LAZ
575,4798,0.0,5.958742150153255,5.958742150153255,Monfero,San Fiz de Monfero (San Fiz),1,PNOA-2024-GAL-575-4798-H29-NPC01.LAZ
605,4848,0.0,5.958615135504692,5.958615135504692,Mañón,Bares (Santa María),1,PNOA-2024-GAL-605-4848-H29-NPC01.LAZ
515,4734,0.0,5.953998839649816,5.953998839649816,Lousame,Vilacova (Santa Eulalia),1,PNOA-2024-GAL-515-4734-H29-NPC01.LAZ
546,4755,0.0,5.952818950158418,5.952818950158418,Santiago de Compostela,O Carballal (San Xulián),3,PNOA-2024-GAL-546-4755-H29-NPC01.LAZ
500,4773,2.8155086250299592,3.135982089230705,5.951490714260665,Vimianzo,Salto (Santa María),1,PNOA-2024-GAL-500-4773-H29-NPC01.LAZ
544,4768,0.0,5.946273838400911,5.946273838400911,Ordes,Parada (Santa Mariña),2,PNOA-2024-GAL-544-4768-H29-NPC01.LAZ
581,4832,0.0,5.945147078961078,5.945147078961078,Cerdido,Cerdido (San Martiño),1,PNOA-2024-GAL-581-4832-H29-NPC01.LAZ
578,4821,0.0,5.943970922967864,5.943970922967864,San Sadurniño,Lamas (San Xiao),2,PNOA-2024-GAL-578-4821-H29-NPC01.LAZ
543,4775,0.8812287371314549,5.060240784518212,5.941469521649666,Ordes,Lesta (Santo André),1,PNOA-2024-GAL-543-4775-H29-NPC01.LAZ
541,4771,0.0,5.940799183877865,5.940799183877865,Tordoia,Gorgullos (Santaia),1,PNOA-2024-GAL-541-4771-H29-NPC01.LAZ
553,4741,0.0,5.939334637881742,5.939334637881742,Boqueixón,Oural (Santa María),2,PNOA-2024-GAL-553-4741-H29-NPC01.LAZ
509,4747,0.0,5.937804523010859,5.937804523010859,Outes,Santo Ourente de Entíns (Santo Ourente),1,PNOA-2024-GAL-509-4747-H29-NPC01.LAZ
529,4738,1.2702773323427183,4.666813964451435,5.9370912967941525,Padrón,Cruces (Santa María),1,PNOA-2024-GAL-529-4738-H29-NPC01.LAZ
523,4744,0.0,5.936403578823311,5.936403578823311,Brión,Boullón (San Miguel),2,PNOA-2024-GAL-523-4744-H29-NPC01.LAZ
571,4777,0.0,5.926126095269653,5.926126095269653,Curtis,Fisteus (Santa María),1,PNOA-2024-GAL-571-4777-H29-NPC01.LAZ
572,4760,1.3829541073457152,4.539997147454251,5.922951254799966,Melide,Grobas (Santa María),1,PNOA-2024-GAL-572-4760-H29-NPC01.LAZ
499,4773,3.782190787279899,2.139471495041662,5.921662282321561,Vimianzo,Salto (Santa María),1,PNOA-2024-GAL-499-4773-H29-NPC01.LAZ
575,4773,0.0,5.919792348103595,5.919792348103595,Vilasantar,San Vicenzo de Curtis (San Vicenzo),1,PNOA-2024-GAL-575-4773-H29-NPC01.LAZ
526,4741,0.0,5.911094762941678,5.911094762941678,Brión,Bastavales (San Xulián),1,PNOA-2024-GAL-526-4741-H29-NPC01.LAZ
573,4816,0.0,5.905449821238275,5.905449821238275,San Sadurniño,Naraío (Santa María),1,PNOA-2024-GAL-573-4816-H29-NPC01.LAZ
593,4828,5.900405093015036,0.0,5.900405093015036,Ortigueira,As Neves (Santa María),1,PNOA-2024-GAL-593-4828-H29-NPC01.LAZ
502,4717,0.0,5.898771684217433,5.898771684217433,A Pobra do Caramiñal,O Caramiñal (Santa María a Antiga),2,PNOA-2024-GAL-502-4717-H29-NPC01.LAZ
565,4747,0.8826381065469097,5.0153208805693765,5.8979589871162865,Arzúa,Dombodán (San Cristovo),1,PNOA-2024-GAL-565-4747-H29-NPC01.LAZ
569,4783,2.4370147931805297,3.453251579515548,5.890266372696077,Oza dos Ríos,Rodeiro (Santa María),2,PNOA-2024-GAL-569-4783-H29-NPC01.LAZ
565,4772,0.0,5.8888006465621165,5.8888006465621165,Mesía,Albixoi (Santa Mariña),1,PNOA-2024-GAL-565-4772-H29-NPC01.LAZ
543,4751,4.1329834703501,1.755440575277077,5.888424045627176,Santiago de Compostela,A Enfesta (San Cristovo),2,PNOA-2024-GAL-543-4751-H29-NPC01.LAZ
506,4748,0.0,5.876326210535985,5.876326210535985,Outes,Matasueiro (San Lourenzo),1,PNOA-2024-GAL-506-4748-H29-NPC01.LAZ
513,4757,0.0,5.876043659064267,5.876043659064267,Negreira,Bugallido (San Pedro),2,PNOA-2024-GAL-513-4757-H29-NPC01.LAZ
573,4784,0.0,5.873321350368553,5.873321350368553,Aranga,San Vicente de Fervenzas (San Vicente),1,PNOA-2024-GAL-573-4784-H29-NPC01.LAZ
543,4746,0.0,5.872493002948951,5.872493002948951,Boqueixón,Vigo (Santa Baia),1,PNOA-2024-GAL-543-4746-H29-NPC01.LAZ
535,4749,0.0,5.867020590869607,5.867020590869607,Santiago de Compostela,San Paio (Santiago),2,PNOA-2024-GAL-535-4749-H29-NPC01.LAZ
591,4830,4.4328076515854065,1.4263587699503495,5.859166421535756,Ortigueira,O Ermo (San Xulián),1,PNOA-2024-GAL-591-4830-H29-NPC01.LAZ
553,4777,0.0,5.856989519954358,5.856989519954358,Ordes,Vilamaior (Santiago),1,PNOA-2024-GAL-553-4777-H29-NPC01.LAZ
533,4784,0.0,5.8561904527977315,5.8561904527977315,A Laracha,Montemaior (Santa María Madanela),3,PNOA-2024-GAL-533-4784-H29-NPC01.LAZ
501,4740,0.0,5.851026364136112,5.851026364136112,Muros,Esteiro (Santa Mariña),1,PNOA-2024-GAL-501-4740-H29-NPC01.LAZ
512,4743,5.849884891092156,0.0,5.849884891092156,Noia,Roo (Santa María),1,PNOA-2024-GAL-512-4743-H29-NPC01.LAZ
573,4826,0.0,5.844389873085763,5.844389873085763,San Sadurniño,Santa Mariña do Monte (Santa Mariña),1,PNOA-2024-GAL-573-4826-H29-NPC01.LAZ
581,4829,0.0,5.8415679005230245,5.8415679005230245,Cerdido,Cerdido (San Martiño),1,PNOA-2024-GAL-581-4829-H29-NPC01.LAZ
572,4791,0.0,5.840792076903973,5.840792076903973,Irixoa,Coruxou (San Salvador),1,PNOA-2024-GAL-572-4791-H29-NPC01.LAZ
518,4731,0.07617005204294112,5.759136887988903,5.835306940031844,Rianxo,O Araño (Santa Baia),2,PNOA-2024-GAL-518-4731-H29-NPC01.LAZ
513,4748,0.0,5.832780478821741,5.832780478821741,Negreira,Arzón (San Cristovo),1,PNOA-2024-GAL-513-4748-H29-NPC01.LAZ
582,4818,0.0,5.829717746902805,5.829717746902805,As Somozas,Recemel (Santa María),2,PNOA-2024-GAL-582-4818-H29-NPC01.LAZ
601,4829,0.0,5.819916116931878,5.819916116931878,Mañón,As Grañas do Sor (San Mamede),1,PNOA-2024-GAL-601-4829-H29-NPC01.LAZ
522,4768,0.0,5.819346082578895,5.819346082578895,Santa Comba,Vilamaior (Santa María),1,PNOA-2024-GAL-522-4768-H29-NPC01.LAZ
580,4826,0.0,5.816513199608286,5.816513199608286,Moeche,Abade (Santiago),1,PNOA-2024-GAL-580-4826-H29-NPC01.LAZ
512,4720,5.751950812775602,0.06168713181426919,5.813637944589871,Boiro,Abanqueiro (San Cristovo),1,PNOA-2024-GAL-512-4720-H29-NPC01.LAZ
583,4806,5.812259271661729,0.0,5.812259271661729,As Pontes de García Rodríguez,San Pedro de Eume (San Pedro),1,PNOA-2024-GAL-583-4806-H29-NPC01.LAZ
491,4775,4.14234252305657,1.6659588148924227,5.8083013379489925,Vimianzo,Carnés (San Cristovo),2,PNOA-2024-GAL-491-4775-H29-NPC01.LAZ
564,4825,0.0,5.806139796312782,5.806139796312782,Valdoviño,Meirás (San Vicente),1,PNOA-2024-GAL-564-4825-H29-NPC01.LAZ
552,4767,0.3703172787639048,5.4353324383328685,5.805649717096773,Ordes,Barbeiros (Santa María),1,PNOA-2024-GAL-552-4767-H29-NPC01.LAZ
538,4761,5.803814270882367,0.0,5.803814270882367,Trazo,Vilouchada (San Vicenzo),1,PNOA-2024-GAL-538-4761-H29-NPC01.LAZ
499,4730,0.0,5.798038547165929,5.798038547165929,Porto do Son,Noal (San Vicente),1,PNOA-2024-GAL-499-4730-H29-NPC01.LAZ
488,4776,0.0,5.798019192191838,5.798019192191838,Camariñas,Xaviña (Santa María),2,PNOA-2024-GAL-488-4776-H29-NPC01.LAZ
486,4764,0.0,5.796901597630768,5.796901597630768,Dumbría,Salgueiros (San Mamede),1,PNOA-2024-GAL-486-4764-H29-NPC01.LAZ
595,4811,5.79513816343326,0.0,5.79513816343326,As Pontes de García Rodríguez,As Pontes de García Rodríguez (Santa María),1,PNOA-2024-GAL-595-4811-H29-NPC01.LAZ
581,4825,0.0,5.789665116020021,5.789665116020021,Moeche,Labacengos (Santa María),2,PNOA-2024-GAL-581-4825-H29-NPC01.LAZ
517,4779,0.0,5.788986346630905,5.788986346630905,Coristanco,Ferreira (Santa María),1,PNOA-2024-GAL-517-4779-H29-NPC01.LAZ
526,4748,0.0,5.788474908462752,5.788474908462752,Ames,Trasmonte (Santa María),2,PNOA-2024-GAL-526-4748-H29-NPC01.LAZ
510,4732,0.7453684395753463,5.0423070798973395,5.787675519472685,Lousame,Tállara (San Pedro),1,PNOA-2024-GAL-510-4732-H29-NPC01.LAZ
599,4844,5.771325478745915,0.0,5.771325478745915,Ortigueira,Loiba (San Xulián),2,PNOA-2024-GAL-599-4844-H29-NPC01.LAZ
515,4767,0.0,5.768269720711682,5.768269720711682,Santa Comba,Santa Comba (San Pedro),1,PNOA-2024-GAL-515-4767-H29-NPC01.LAZ
493,4769,1.2292644126098575,4.538416897148205,5.767681309758062,Vimianzo,Berdoias (San Pedro),1,PNOA-2024-GAL-493-4769-H29-NPC01.LAZ
477,4752,0.0,5.7583429295769974,5.7583429295769974,Fisterra,San Martiño de Duio (San Martiño),2,PNOA-2024-GAL-477-4752-H29-NPC01.LAZ
569,4819,2.43566659494747,3.3220362919696416,5.757702886917111,Neda,Santa María de Neda (Santa María),1,PNOA-2024-GAL-569-4819-H29-NPC01.LAZ
598,4837,5.752065099408403,0.0,5.752065099408403,Ortigueira,San Salvador de Couzadoiro (San Salvador),1,PNOA-2024-GAL-598-4837-H29-NPC01.LAZ
543,4793,2.9316554848374783,2.819027398168601,5.750682883006079,Arteixo,Morás (Santo Estevo),1,PNOA-2024-GAL-543-4793-H29-NPC01.LAZ
551,4764,1.567644002529017,4.179891429547956,5.7475354320769725,Ordes,Beán (Santa María),1,PNOA-2024-GAL-551-4764-H29-NPC01.LAZ
563,4770,0.0,5.7440116728400525,5.7440116728400525,Mesía,Albixoi (Santa Mariña),1,PNOA-2024-GAL-563-4770-H29-NPC01.LAZ
558,4755,0.0,5.73608045337809,5.73608045337809,Arzúa,Oíns (San Cosme),1,PNOA-2024-GAL-558-4755-H29-NPC01.LAZ
583,4835,0.0,5.735045646012432,5.735045646012432,Cedeira,Montoxo (San Xiao),1,PNOA-2024-GAL-583-4835-H29-NPC01.LAZ
584,4797,1.3759457468809833,4.353969122631597,5.72991486951258,Monfero,O Val de Xestoso (San Pedro),1,PNOA-2024-GAL-584-4797-H29-NPC01.LAZ
552,4759,0.0,5.725322878437437,5.725322878437437,Oroso,Cardama (Santa María),2,PNOA-2024-GAL-552-4759-H29-NPC01.LAZ
542,4752,0.3164973839596786,5.4012445655713845,5.717741949531063,Santiago de Compostela,A Enfesta (San Cristovo),1,PNOA-2024-GAL-542-4752-H29-NPC01.LAZ
574,4791,0.0,5.713458065326461,5.713458065326461,Irixoa,Churío (San Martiño),1,PNOA-2024-GAL-574-4791-H29-NPC01.LAZ
559,4744,0.0,5.710794791356403,5.710794791356403,Touro,Novefontes (Santiago),2,PNOA-2024-GAL-559-4744-H29-NPC01.LAZ
515,4755,0.0,5.710709542384429,5.710709542384429,A Baña,Corneira (San Cristovo),1,PNOA-2024-GAL-515-4755-H29-NPC01.LAZ
515,4791,0.0,5.705501131898153,5.705501131898153,Ponteceso,Pazos (San Salvador),1,PNOA-2024-GAL-515-4791-H29-NPC01.LAZ
585,4760,0.0,5.704604228963235,5.704604228963235,Toques,Paradela (San Paio),1,PNOA-2024-GAL-585-4760-H29-NPC01.LAZ
578,4800,2.7491937817008254,2.953912634013092,5.7031064157139175,Monfero,San Fiz de Monfero (San Fiz),1,PNOA-2024-GAL-578-4800-H29-NPC01.LAZ
597,4830,5.698989594201791,0.0,5.698989594201791,Ortigueira,Devesos (San Sebastián),1,PNOA-2024-GAL-597-4830-H29-NPC01.LAZ
507,4752,0.0,5.69334191153196,5.69334191153196,Negreira,Campolongo (Santa Cruz),1,PNOA-2024-GAL-507-4752-H29-NPC01.LAZ
562,4766,3.900779129444666,1.7922994749798369,5.693078604424503,Frades,Céltigos (San Xulián),2,PNOA-2024-GAL-562-4766-H29-NPC01.LAZ
509,4751,0.0,5.69284833193735,5.69284833193735,Outes,Santo Ourente de Entíns (Santo Ourente),2,PNOA-2024-GAL-509-4751-H29-NPC01.LAZ
568,4797,1.1714841220910974,4.518246021107708,5.689730143198806,Miño,Callobre (San Xoán),2,PNOA-2024-GAL-568-4797-H29-NPC01.LAZ
558,4813,2.8437854212666434,2.8437340070377597,5.6875194283044035,Mugardos,Mugardos (San Xulián),1,PNOA-2024-GAL-558-4813-H29-NPC01.LAZ
576,4789,0.0,5.687312773439221,5.687312773439221,Aranga,Muniferral (San Cristovo),2,PNOA-2024-GAL-576-4789-H29-NPC01.LAZ
591,4825,5.678844114928483,0.0,5.678844114928483,Ortigueira,Insua (San Xoán),1,PNOA-2024-GAL-591-4825-H29-NPC01.LAZ
592,4816,5.6775520404154385,0.0,5.6775520404154385,As Pontes de García Rodríguez,As Pontes de García Rodríguez (Santa María),1,PNOA-2024-GAL-592-4816-H29-NPC01.LAZ
580,4765,0.0,5.67192223295309,5.67192223295309,Sobrado,A Porta (San Pedro),1,PNOA-2024-GAL-580-4765-H29-NPC01.LAZ
510,4729,0.0,5.6699885435451485,5.6699885435451485,Boiro,Macenda (San Xoán),2,PNOA-2024-GAL-510-4729-H29-NPC01.LAZ
579,4831,0.0,5.667837029120898,5.667837029120898,Cerdido,Cerdido (San Martiño),1,PNOA-2024-GAL-579-4831-H29-NPC01.LAZ
525,4788,0.0,5.667127256621473,5.667127256621473,Carballo,Oza (San Breixo),2,PNOA-2024-GAL-525-4788-H29-NPC01.LAZ
583,4770,0.0,5.666815912333832,5.666815912333832,Sobrado,Grixalba (San Xiao),1,PNOA-2024-GAL-583-4770-H29-NPC01.LAZ
517,4735,0.0,5.666321092750054,5.666321092750054,Lousame,Vilacova (Santa Eulalia),1,PNOA-2024-GAL-517-4735-H29-NPC01.LAZ
488,4746,0.0,5.662183517979351,5.662183517979351,Carnota,O Pindo (San Clemente),2,PNOA-2024-GAL-488-4746-H29-NPC01.LAZ
569,4745,0.0,5.657912449793647,5.657912449793647,Santiso,Beigondo (San Cosme),1,PNOA-2024-GAL-569-4745-H29-NPC01.LAZ
503,4772,3.7912450626133314,1.8632665726034143,5.654511635216746,Vimianzo,Treos (San Miguel),1,PNOA-2024-GAL-503-4772-H29-NPC01.LAZ
526,4783,0.0,5.651139033031791,5.651139033031791,Carballo,Ardaña (Santa María),2,PNOA-2024-GAL-526-4783-H29-NPC01.LAZ
584,4823,0.0,5.648606929440696,5.648606929440696,Moeche,Santa Cruz de Moeche (Santa Cruz),1,PNOA-2024-GAL-584-4823-H29-NPC01.LAZ
512,4742,0.7678268913428048,4.877099335992453,5.644926227335258,Noia,Roo (Santa María),1,PNOA-2024-GAL-512-4742-H29-NPC01.LAZ
557,4752,0.0,5.643111757025368,5.643111757025368,Touro,San Fiz de Quión (San Fiz),1,PNOA-2024-GAL-557-4752-H29-NPC01.LAZ
558,4757,1.811350438203703,3.82598908745116,5.637339525654863,Arzúa,Oíns (San Cosme),1,PNOA-2024-GAL-558-4757-H29-NPC01.LAZ
514,4753,0.0,5.634272075996575,5.634272075996575,Negreira,A Pena (San Mamede),1,PNOA-2024-GAL-514-4753-H29-NPC01.LAZ
583,4790,0.0,5.633775147697296,5.633775147697296,Aranga,Cambás (San Pedro),1,PNOA-2024-GAL-583-4790-H29-NPC01.LAZ
511,4744,0.0,5.632675270333608,5.632675270333608,Outes,Cando (San Tirso),1,PNOA-2024-GAL-511-4744-H29-NPC01.LAZ
579,4790,0.0,5.63239657171577,5.63239657171577,Aranga,Aranga (San Paio),1,PNOA-2024-GAL-579-4790-H29-NPC01.LAZ
517,4736,0.0,5.629591611267018,5.629591611267018,Rois,Augasantas (San Vicente),2,PNOA-2024-GAL-517-4736-H29-NPC01.LAZ
573,4752,2.0227754914758043,3.6040573376664007,5.626832829142205,Arzúa,Vilantime (San Pedro),2,PNOA-2024-GAL-573-4752-H29-NPC01.LAZ
520,4748,0.0,5.626780480270639,5.626780480270639,Brión,Viceso (Santa María),1,PNOA-2024-GAL-520-4748-H29-NPC01.LAZ
566,4814,0.0,5.620657617414835,5.620657617414835,Fene,Perlío (Santo Estevo),2,PNOA-2024-GAL-566-4814-H29-NPC01.LAZ
573,4822,0.0,5.619118913652596,5.619118913652596,San Sadurniño,San Sadurniño (Santa María),1,PNOA-2024-GAL-573-4822-H29-NPC01.LAZ
543,4750,1.3688412946566122,4.250225829799557,5.619067124456169,Santiago de Compostela,Bando (Santa Eulalia),2,PNOA-2024-GAL-543-4750-H29-NPC01.LAZ
531,4747,0.19857839436108876,5.4202385204742916,5.618816914835381,Santiago de Compostela,Villestro (Santa María),2,PNOA-2024-GAL-531-4747-H29-NPC01.LAZ
490,4759,0.0,5.614594360033252,5.614594360033252,Dumbría,Buxantes (San Pedro),1,PNOA-2024-GAL-490-4759-H29-NPC01.LAZ
589,4812,5.608145809377549,0.0,5.608145809377549,As Pontes de García Rodríguez,Vilavella (Santa María),1,PNOA-2024-GAL-589-4812-H29-NPC01.LAZ
603,4836,0.0,5.60761342909046,5.60761342909046,Mañón,Mañón (Santa María),1,PNOA-2024-GAL-603-4836-H29-NPC01.LAZ
569,4756,1.1806148268352568,4.424545790224328,5.6051606170595845,Arzúa,Viladavil (Santa María),2,PNOA-2024-GAL-569-4756-H29-NPC01.LAZ
552,4783,0.0,5.6013475381731155,5.6013475381731155,Carral,Beira (Santa Mariña),1,PNOA-2024-GAL-552-4783-H29-NPC01.LAZ
519,4755,0.0,5.592507610740999,5.592507610740999,A Baña,Barcala (San Xoán),1,PNOA-2024-GAL-519-4755-H29-NPC01.LAZ
592,4821,5.589271672502529,0.0,5.589271672502529,As Pontes de García Rodríguez,O Deveso (Santa María),1,PNOA-2024-GAL-592-4821-H29-NPC01.LAZ
576,4805,5.586002176597923,0.0,5.586002176597923,Monfero,Queixeiro (San Xurxo),1,PNOA-2024-GAL-576-4805-H29-NPC01.LAZ
531,4740,0.0,5.583463775904403,5.583463775904403,Teo,Calo (San Xoán),1,PNOA-2024-GAL-531-4740-H29-NPC01.LAZ
578,4787,0.0,5.582085747423358,5.582085747423358,Aranga,Muniferral (San Cristovo),1,PNOA-2024-GAL-578-4787-H29-NPC01.LAZ
560,4785,0.0,5.580066733100866,5.580066733100866,Abegondo,Cullergondo (Santa María),2,PNOA-2024-GAL-560-4785-H29-NPC01.LAZ
549,4780,1.4887607908238483,4.090655453594504,5.579416244418352,Carral,Sumio (Santiago),2,PNOA-2024-GAL-549-4780-H29-NPC01.LAZ
573,4834,0.0,5.577869363789606,5.577869363789606,Valdoviño,Pantín (Santiago),1,PNOA-2024-GAL-573-4834-H29-NPC01.LAZ
564,4776,3.12138409509403,2.4531405421724086,5.574524637266439,Cesuras,Borrifáns (San Pedro),2,PNOA-2024-GAL-564-4776-H29-NPC01.LAZ
566,4768,0.0,5.56998210606471,5.56998210606471,Mesía,Castro (San Sebastián),2,PNOA-2024-GAL-566-4768-H29-NPC01.LAZ
594,4808,5.566529295315581,0.0,5.566529295315581,As Pontes de García Rodríguez,O Aparral (Santa María),1,PNOA-2024-GAL-594-4808-H29-NPC01.LAZ
499,4728,0.0,5.560978871162776,5.560978871162776,Porto do Son,Baroña (San Pedro),1,PNOA-2024-GAL-499-4728-H29-NPC01.LAZ
513,4794,0.0,5.5492568663188875,5.5492568663188875,Ponteceso,Cores (San Martiño),1,PNOA-2024-GAL-513-4794-H29-NPC01.LAZ
522,4784,1.7402289366282213,3.807228628798213,5.547457565426434,Coristanco,Oca (San Martiño),2,PNOA-2024-GAL-522-4784-H29-NPC01.LAZ
568,4768,0.20208656129545474,5.342173374756192,5.544259936051647,Vilasantar,Mezonzo (Santa María),3,PNOA-2024-GAL-568-4768-H29-NPC01.LAZ
494,4716,0.12064119701094186,5.42023651943882,5.540877716449762,Ribeira,Corrubedo (Santa María),1,PNOA-2024-GAL-494-4716-H29-NPC01.LAZ
504,4747,0.0,5.53986309083488,5.53986309083488,Outes,Matasueiro (San Lourenzo),2,PNOA-2024-GAL-504-4747-H29-NPC01.LAZ
510,4762,0.0,5.535944382192847,5.535944382192847,Santa Comba,Mallón (San Cristovo),1,PNOA-2024-GAL-510-4762-H29-NPC01.LAZ
511,4727,0.18186467919524352,5.353235062717575,5.535099741912818,Boiro,Cespón (San Vicenzo),2,PNOA-2024-GAL-511-4727-H29-NPC01.LAZ
518,4766,0.0,5.533723008912304,5.533723008912304,Santa Comba,Montouto (Santa María),1,PNOA-2024-GAL-518-4766-H29-NPC01.LAZ
531,4735,0.03578864495861356,5.4960648939466115,5.531853538905225,Padrón,Carcacia (San Pedro),1,PNOA-2024-GAL-531-4735-H29-NPC01.LAZ
553,4748,0.0,5.529268871633802,5.529268871633802,Touro,Loxo (Santa María),2,PNOA-2024-GAL-553-4748-H29-NPC01.LAZ
519,4727,2.419797445308763,3.109359537877459,5.529156983186223,Rianxo,Asados (Santa María),2,PNOA-2024-GAL-519-4727-H29-NPC01.LAZ
538,4770,0.0,5.524175383038894,5.524175383038894,Tordoia,Gorgullos (Santaia),1,PNOA-2024-GAL-538-4770-H29-NPC01.LAZ
536,4762,0.1353595467578873,5.384936635290838,5.5202961820487255,Trazo,Xavestre (San Cristovo),2,PNOA-2024-GAL-536-4762-H29-NPC01.LAZ
536,4735,0.0,5.519383565649791,5.519383565649791,Teo,Reis (San Cristovo),1,PNOA-2024-GAL-536-4735-H29-NPC01.LAZ
602,4836,0.0,5.518416681240595,5.518416681240595,Mañón,Mañón (Santa María),1,PNOA-2024-GAL-602-4836-H29-NPC01.LAZ
583,4827,0.0,5.508137626180443,5.508137626180443,Moeche,Labacengos (Santa María),2,PNOA-2024-GAL-583-4827-H29-NPC01.LAZ
538,4760,1.342763217183442,4.165321511942267,5.508084729125709,Trazo,Vilouchada (San Vicenzo),1,PNOA-2024-GAL-538-4760-H29-NPC01.LAZ
526,4773,0.0,5.505010869414665,5.505010869414665,Tordoia,Anxeriz (Santa Mariña),1,PNOA-2024-GAL-526-4773-H29-NPC01.LAZ
601,4834,0.0,5.504628170233278,5.504628170233278,Mañón,Mañón (Santa María),1,PNOA-2024-GAL-601-4834-H29-NPC01.LAZ
592,4837,0.052159528323388674,5.4521267848157935,5.504286313139183,Ortigueira,Cuíña (Santiago),2,PNOA-2024-GAL-592-4837-H29-NPC01.LAZ
494,4735,0.0,5.5037231055676825,5.5037231055676825,Muros,Louro (Santiago),1,PNOA-2024-GAL-494-4735-H29-NPC01.LAZ
511,4733,0.0,5.500454859690908,5.500454859690908,Lousame,Tállara (San Pedro),1,PNOA-2024-GAL-511-4733-H29-NPC01.LAZ
514,4728,0.0,5.497811165230699,5.497811165230699,Boiro,Bealo (San Pedro),1,PNOA-2024-GAL-514-4728-H29-NPC01.LAZ
549,4773,0.82586767754314,4.669955350644819,5.495823028187959,Ordes,Buscás (San Paio),2,PNOA-2024-GAL-549-4773-H29-NPC01.LAZ
513,4781,0.0,5.495331683270523,5.495331683270523,Cabana de Bergantiños,Riobó (San Martiño),2,PNOA-2024-GAL-513-4781-H29-NPC01.LAZ
498,4718,0.0,5.49227707277621,5.49227707277621,Porto do Son,San Pedro de Muro (San Pedro),1,PNOA-2024-GAL-498-4718-H29-NPC01.LAZ
501,4719,5.491716456612922,0.0,5.491716456612922,Ribeira,Oleiros (San Martiño),1,PNOA-2024-GAL-501-4719-H29-NPC01.LAZ
533,4738,0.0,5.489332573802809,5.489332573802809,Teo,Luou (Santa María),1,PNOA-2024-GAL-533-4738-H29-NPC01.LAZ
520,4769,0.0,5.487524428927632,5.487524428927632,Santa Comba,Xallas de Castriz (San Pedro),1,PNOA-2024-GAL-520-4769-H29-NPC01.LAZ
578,4782,0.0,5.4848064341637555,5.4848064341637555,Aranga,Vilarraso (San Lourenzo),1,PNOA-2024-GAL-578-4782-H29-NPC01.LAZ
562,4775,0.0,5.473991520402521,5.473991520402521,Mesía,Bascoi (Santiago),1,PNOA-2024-GAL-562-4775-H29-NPC01.LAZ
547,4762,0.0,5.465335609588648,5.465335609588648,Oroso,Deixebre (Santa María),2,PNOA-2024-GAL-547-4762-H29-NPC01.LAZ
507,4720,0.0,5.457803774078025,5.457803774078025,A Pobra do Caramiñal,Posmarcos (Santo Isidro),2,PNOA-2024-GAL-507-4720-H29-NPC01.LAZ
517,4756,0.0,5.455654190823392,5.455654190823392,A Baña,Ordoeste (Santa María),1,PNOA-2024-GAL-517-4756-H29-NPC01.LAZ
506,4724,0.6807411998587698,4.774248168793353,5.4549893686521225,Boiro,Boiro (Santa Baia),1,PNOA-2024-GAL-506-4724-H29-NPC01.LAZ
583,4830,0.0,5.452011237368873,5.452011237368873,Cerdido,A Barqueira (Santo Antonio),1,PNOA-2024-GAL-583-4830-H29-NPC01.LAZ
588,4832,5.450890215223844,0.0,5.450890215223844,Ortigueira,Mera de Arriba (Santa María),1,PNOA-2024-GAL-588-4832-H29-NPC01.LAZ
594,4827,1.632679320816549,3.812883190662049,5.445562511478598,Ortigueira,As Neves (Santa María),1,PNOA-2024-GAL-594-4827-H29-NPC01.LAZ
489,4762,0.0,5.445119369831838,5.445119369831838,Dumbría,Dumbría (Santa Baia),1,PNOA-2024-GAL-489-4762-H29-NPC01.LAZ
600,4825,0.0,5.4433954833727345,5.4433954833727345,Mañón,As Grañas do Sor (San Mamede),1,PNOA-2024-GAL-600-4825-H29-NPC01.LAZ
504,4786,3.0157850226674046,2.4274589026678637,5.443243925335269,Cabana de Bergantiños,Cánduas (San Martiño),1,PNOA-2024-GAL-504-4786-H29-NPC01.LAZ
500,4724,0.0,5.441849872396791,5.441849872396791,Porto do Son,Ribasieira (San Fins),1,PNOA-2024-GAL-500-4724-H29-NPC01.LAZ
535,4777,0.0,5.4405902768586705,5.4405902768586705,Cerceda,Rodís (San Martiño),1,PNOA-2024-GAL-535-4777-H29-NPC01.LAZ
583,4841,0.0874477714823638,5.352516968208471,5.439964739690835,Cedeira,Régoa (Santa María),1,PNOA-2024-GAL-583-4841-H29-NPC01.LAZ
542,4753,1.83990057337778,3.5992372292573807,5.439137802635161,Santiago de Compostela,A Enfesta (San Cristovo),1,PNOA-2024-GAL-542-4753-H29-NPC01.LAZ
582,4777,0.0,5.432535014581687,5.432535014581687,Curtis,Foxados (Santa María),1,PNOA-2024-GAL-582-4777-H29-NPC01.LAZ
573,4756,3.4814710901538977,1.9508978601766773,5.432368950330575,Melide,Golán (San Xoán),1,PNOA-2024-GAL-573-4756-H29-NPC01.LAZ
584,4826,0.0,5.430589489364199,5.430589489364199,Moeche,Labacengos (Santa María),1,PNOA-2024-GAL-584-4826-H29-NPC01.LAZ
554,4741,0.0,5.426280261096187,5.426280261096187,Touro,Bendaña (Santa María),3,PNOA-2024-GAL-554-4741-H29-NPC01.LAZ
509,4759,0.0,5.421193531383901,5.421193531383901,Santa Comba,Fontecada (San Martiño),1,PNOA-2024-GAL-509-4759-H29-NPC01.LAZ
513,4767,0.0,5.41903622946179,5.41903622946179,Santa Comba,Arantón (San Vicente),1,PNOA-2024-GAL-513-4767-H29-NPC01.LAZ
496,4741,0.0,5.417686809757072,5.417686809757072,Muros,Sestaio (San Miguel),1,PNOA-2024-GAL-496-4741-H29-NPC01.LAZ
542,4784,1.1358978285832044,4.279997055716413,5.415894884299617,Cerceda,Cerceda (San Martiño),2,PNOA-2024-GAL-542-4784-H29-NPC01.LAZ
544,4797,3.9938528806717755,1.4171310103856558,5.410983891057431,A Coruña,Elviña (San Vicenzo),2,PNOA-2024-GAL-544-4797-H29-NPC01.LAZ
497,4783,0.0,5.40833645647884,5.40833645647884,Laxe,Traba (Santiago),1,PNOA-2024-GAL-497-4783-H29-NPC01.LAZ
603,4839,0.0,5.408221144529288,5.408221144529288,Mañón,As Ribeiras do Sor (San Cristovo),1,PNOA-2024-GAL-603-4839-H29-NPC01.LAZ
518,4748,0.0,5.402663851915561,5.402663851915561,Negreira,Liñaio (San Martiño),1,PNOA-2024-GAL-518-4748-H29-NPC01.LAZ
575,4781,2.7737594643905963,2.627295242368148,5.401054706758744,Oza dos Ríos,Rodeiro (Santa María),1,PNOA-2024-GAL-575-4781-H29-NPC01.LAZ
589,4832,5.399667504343746,0.0,5.399667504343746,Ortigueira,Mera de Arriba (Santa María),1,PNOA-2024-GAL-589-4832-H29-NPC01.LAZ
577,4800,1.4728715120610216,3.9194101875746314,5.392281699635653,Monfero,San Fiz de Monfero (San Fiz),1,PNOA-2024-GAL-577-4800-H29-NPC01.LAZ
548,4764,0.0,5.391941111302743,5.391941111302743,Oroso,Deixebre (Santa María),1,PNOA-2024-GAL-548-4764-H29-NPC01.LAZ
522,4749,0.0,5.391659842197361,5.391659842197361,Ames,Agrón (San Lourenzo),2,PNOA-2024-GAL-522-4749-H29-NPC01.LAZ
546,4791,3.3826597162264447,1.9988460128567116,5.381505729083156,Culleredo,Ledoño (San Pedro),2,PNOA-2024-GAL-546-4791-H29-NPC01.LAZ
515,4733,0.0,5.373269236382,5.373269236382,Lousame,Fruíme (San Martiño),2,PNOA-2024-GAL-515-4733-H29-NPC01.LAZ
529,4774,0.0,5.372316866939141,5.372316866939141,Carballo,Rus (Santa María),1,PNOA-2024-GAL-529-4774-H29-NPC01.LAZ
570,4763,3.3632412993807788,2.0056275863593505,5.368868885740129,Boimorto,Boimorto (Santiago),3,PNOA-2024-GAL-570-4763-H29-NPC01.LAZ
521,4762,0.0,5.3633521742287265,5.3633521742287265,Santa Comba,Freixeiro (San Fins),1,PNOA-2024-GAL-521-4762-H29-NPC01.LAZ
579,4804,1.9185458826101014,3.426725395260994,5.345271277871095,Monfero,San Fiz de Monfero (San Fiz),1,PNOA-2024-GAL-579-4804-H29-NPC01.LAZ
559,4764,1.9015170069488918,3.4433157776162866,5.344832784565178,Frades,Aiazo (San Pedro),1,PNOA-2024-GAL-559-4764-H29-NPC01.LAZ
549,4764,0.9353368955639356,4.408321369318598,5.343658264882533,Ordes,Beán (Santa María),1,PNOA-2024-GAL-549-4764-H29-NPC01.LAZ
557,4781,0.0,5.338650097102564,5.338650097102564,Abegondo,Vilacova (San Tomé),1,PNOA-2024-GAL-557-4781-H29-NPC01.LAZ
575,4749,0.0,5.336390155287789,5.336390155287789,Santiso,Pezobre (San Cristovo),1,PNOA-2024-GAL-575-4749-H29-NPC01.LAZ
578,4774,0.0,5.335862301634294,5.335862301634294,Curtis,Curtis (Santaia),1,PNOA-2024-GAL-578-4774-H29-NPC01.LAZ
545,4798,0.0,5.335547949008752,5.335547949008752,A Coruña,Elviña (San Vicenzo),1,PNOA-2024-GAL-545-4798-H29-NPC01.LAZ
517,4738,0.0,5.3323028902932625,5.3323028902932625,Lousame,Vilacova (Santa Eulalia),1,PNOA-2024-GAL-517-4738-H29-NPC01.LAZ
581,4783,0.0,5.3305429545939935,5.3305429545939935,Aranga,Vilarraso (San Lourenzo),1,PNOA-2024-GAL-581-4783-H29-NPC01.LAZ
581,4789,0.0,5.329196308700782,5.329196308700782,Aranga,Cambás (San Pedro),1,PNOA-2024-GAL-581-4789-H29-NPC01.LAZ
580,4777,0.0,5.326865968370111,5.326865968370111,Curtis,Foxados (Santa María),1,PNOA-2024-GAL-580-4777-H29-NPC01.LAZ
577,4810,0.7887838043503597,4.5350315789616396,5.323815383311999,A Capela,Capela (Santiago),1,PNOA-2024-GAL-577-4810-H29-NPC01.LAZ
497,4768,1.8657311119522235,3.450746130586679,5.316477242538903,Vimianzo,Cambeda (San Xoán),1,PNOA-2024-GAL-497-4768-H29-NPC01.LAZ
577,4767,0.0,5.313783594991938,5.313783594991938,Vilasantar,Vilariño (Santa María),1,PNOA-2024-GAL-577-4767-H29-NPC01.LAZ
583,4788,0.0,5.313117082383073,5.313117082383073,Aranga,Cambás (San Pedro),2,PNOA-2024-GAL-583-4788-H29-NPC01.LAZ
564,4756,0.0,5.307610775723529,5.307610775723529,Arzúa,San Martiño de Calvos de Sobrecamiño (San Martiño),4,PNOA-2024-GAL-564-4756-H29-NPC01.LAZ
574,4758,3.2698890025938816,2.0334885439044323,5.303377546498314,Melide,Orois (Santa Cristina),1,PNOA-2024-GAL-574-4758-H29-NPC01.LAZ
568,4754,0.013533721207351919,5.285312451788062,5.298846172995415,Arzúa,Santa María da Arzúa (Santa María),2,PNOA-2024-GAL-568-4754-H29-NPC01.LAZ
589,4836,5.242183761056616,0.05598200030150987,5.298165761358126,Ortigueira,San Claudio (Santa María),2,PNOA-2024-GAL-589-4836-H29-NPC01.LAZ
557,4779,0.9376731012255075,4.3596654146758596,5.297338515901367,Cesuras,Loureda (Santo Estevo),2,PNOA-2024-GAL-557-4779-H29-NPC01.LAZ
589,4833,5.296819884824532,0.0,5.296819884824532,Ortigueira,Mera de Arriba (Santa María),1,PNOA-2024-GAL-589-4833-H29-NPC01.LAZ
521,4785,0.1978872516501385,5.098734586228719,5.296621837878858,Carballo,Sísamo (Santiago),2,PNOA-2024-GAL-521-4785-H29-NPC01.LAZ
546,4800,0.1079001099247548,5.182478117521104,5.290378227445858,A Coruña,San Cristovo das Viñas (San Cristovo),1,PNOA-2024-GAL-546-4800-H29-NPC01.LAZ
518,4772,0.0,5.288254238509847,5.288254238509847,Santa Comba,Xallas de Castriz (San Pedro),1,PNOA-2024-GAL-518-4772-H29-NPC01.LAZ
578,4790,0.0,5.2865721658966685,5.2865721658966685,Aranga,Aranga (San Paio),1,PNOA-2024-GAL-578-4790-H29-NPC01.LAZ
524,4743,0.0,5.283423496030508,5.283423496030508,Brión,Bastavales (San Xulián),2,PNOA-2024-GAL-524-4743-H29-NPC01.LAZ
566,4763,0.549748875664609,4.732771214592681,5.2825200902572895,Boimorto,Buazo (Santa María),2,PNOA-2024-GAL-566-4763-H29-NPC01.LAZ
541,4764,1.1951689216102352,4.085189802588166,5.280358724198401,Trazo,Campo (San Xoán),2,PNOA-2024-GAL-541-4764-H29-NPC01.LAZ
516,4767,0.0,5.278966588031811,5.278966588031811,Santa Comba,Montouto (Santa María),2,PNOA-2024-GAL-516-4767-H29-NPC01.LAZ
520,4785,1.3586642332815315,3.9200593417864398,5.278723575067971,Carballo,Sísamo (Santiago),3,PNOA-2024-GAL-520-4785-H29-NPC01.LAZ
600,4819,5.275722777579613,0.0,5.275722777579613,As Pontes de García Rodríguez,O Freixo (San Xoán),1,PNOA-2024-GAL-600-4819-H29-NPC01.LAZ
528,4789,0.0,5.270697549550292,5.270697549550292,A Laracha,Lemaio (Santa María),1,PNOA-2024-GAL-528-4789-H29-NPC01.LAZ
584,4756,0.0,5.266945401264944,5.266945401264944,Toques,Vilamor (Santo Estevo),1,PNOA-2024-GAL-584-4756-H29-NPC01.LAZ
602,4843,0.0035288844633741654,5.26224517580835,5.265774060271724,Mañón,Mogor (Santa María),2,PNOA-2024-GAL-602-4843-H29-NPC01.LAZ
523,4778,0.878666490417441,4.38574443444728,5.264410924864721,Coristanco,Erbecedo (San Salvador),1,PNOA-2024-GAL-523-4778-H29-NPC01.LAZ
591,4815,5.259852262204317,0.0,5.259852262204317,As Pontes de García Rodríguez,As Pontes de García Rodríguez (Santa María),1,PNOA-2024-GAL-591-4815-H29-NPC01.LAZ
519,4743,0.9397088109928683,4.318111490989461,5.257820301982329,Brión,Luaña (San Xulián),2,PNOA-2024-GAL-519-4743-H29-NPC01.LAZ
488,4778,0.0,5.255918745820539,5.255918745820539,Camariñas,Xaviña (Santa María),2,PNOA-2024-GAL-488-4778-H29-NPC01.LAZ
553,4768,2.3269308714540817,2.9236540526674575,5.250584924121539,Ordes,Barbeiros (Santa María),2,PNOA-2024-GAL-553-4768-H29-NPC01.LAZ
537,4756,2.813174325349581,2.4274154376141848,5.240589762963766,Trazo,Chaián (Santa María),1,PNOA-2024-GAL-537-4756-H29-NPC01.LAZ
574,4793,0.0,5.240337445768252,5.240337445768252,Irixoa,Mántaras (Santa María),1,PNOA-2024-GAL-574-4793-H29-NPC01.LAZ
585,4823,0.0,5.238856567003217,5.238856567003217,Moeche,Santa Cruz de Moeche (Santa Cruz),1,PNOA-2024-GAL-585-4823-H29-NPC01.LAZ
555,4772,0.0,5.235691767428175,5.235691767428175,Mesía,Olás (San Lourenzo),1,PNOA-2024-GAL-555-4772-H29-NPC01.LAZ
571,4827,0.0,5.235449049388272,5.235449049388272,Valdoviño,Valdoviño (Santalla),1,PNOA-2024-GAL-571-4827-H29-NPC01.LAZ
582,4753,5.230712303743946,0.0,5.230712303743946,Melide,Melide (San Pedro),3,PNOA-2024-GAL-582-4753-H29-NPC01.LAZ
528,4774,0.0,5.230514335033691,5.230514335033691,Tordoia,Anxeriz (Santa Mariña),1,PNOA-2024-GAL-528-4774-H29-NPC01.LAZ
491,4754,0.0,5.222671745384133,5.222671745384133,Dumbría,O Ézaro (Santa Uxía),1,PNOA-2024-GAL-491-4754-H29-NPC01.LAZ
509,4754,0.0,5.221017921634868,5.221017921634868,Negreira,Alvite (San Tomé),1,PNOA-2024-GAL-509-4754-H29-NPC01.LAZ
538,4774,4.893752882219523,0.32704378973804643,5.22079667195757,Cerceda,Xesteda (Santa Comba),2,PNOA-2024-GAL-538-4774-H29-NPC01.LAZ
532,4764,1.7102499882195905,3.4921709076366882,5.202420895856279,Trazo,Benza (San Pedro),1,PNOA-2024-GAL-532-4764-H29-NPC01.LAZ
498,4761,0.0,5.202163302433208,5.202163302433208,Dumbría,Olveira (San Martiño),1,PNOA-2024-GAL-498-4761-H29-NPC01.LAZ
499,4726,0.0,5.2016221706442645,5.2016221706442645,Porto do Son,Baroña (San Pedro),2,PNOA-2024-GAL-499-4726-H29-NPC01.LAZ
595,4817,5.194824760238085,0.0,5.194824760238085,As Pontes de García Rodríguez,Somede (San Mamede),1,PNOA-2024-GAL-595-4817-H29-NPC01.LAZ
523,4788,0.0,5.188098373204131,5.188098373204131,Carballo,Oza (San Breixo),1,PNOA-2024-GAL-523-4788-H29-NPC01.LAZ
504,4745,0.0,5.178228306111956,5.178228306111956,Outes,Outes (San Pedro),1,PNOA-2024-GAL-504-4745-H29-NPC01.LAZ
518,4735,0.0,5.167950104139431,5.167950104139431,Rois,Augasantas (San Vicente),1,PNOA-2024-GAL-518-4735-H29-NPC01.LAZ
557,4764,2.5693731719846444,2.597927358837636,5.16730053082228,Frades,Aiazo (San Pedro),1,PNOA-2024-GAL-557-4764-H29-NPC01.LAZ
573,4823,0.0,5.165832225961085,5.165832225961085,San Sadurniño,San Sadurniño (Santa María),1,PNOA-2024-GAL-573-4823-H29-NPC01.LAZ
554,4739,0.0,5.16204250309032,5.16204250309032,Boqueixón,Ledesma (San Salvador),1,PNOA-2024-GAL-554-4739-H29-NPC01.LAZ
548,4786,0.0,5.161837421464948,5.161837421464948,Carral,Paleo (Santo Estevo),3,PNOA-2024-GAL-548-4786-H29-NPC01.LAZ
518,4750,0.0,5.160221329545627,5.160221329545627,Negreira,Campelo (San Fins),2,PNOA-2024-GAL-518-4750-H29-NPC01.LAZ
547,4749,5.159659151312329,0.0,5.159659151312329,Santiago de Compostela,Sabugueira (San Paio),1,PNOA-2024-GAL-547-4749-H29-NPC01.LAZ
601,4841,5.1572834085329875,0.0,5.1572834085329875,Ortigueira,Loiba (San Xulián),2,PNOA-2024-GAL-601-4841-H29-NPC01.LAZ
563,4813,0.8817373187057888,4.27044441890759,5.152181737613379,Mugardos,Franza (Santiago),1,PNOA-2024-GAL-563-4813-H29-NPC01.LAZ
598,4821,5.151264994265115,0.0,5.151264994265115,As Pontes de García Rodríguez,O Freixo (San Xoán),1,PNOA-2024-GAL-598-4821-H29-NPC01.LAZ
575,4763,2.004921246359078,3.138756417382236,5.143677663741315,Sobrado,Carelle (San Lourenzo),2,PNOA-2024-GAL-575-4763-H29-NPC01.LAZ
599,4839,5.141148598383834,0.0,5.141148598383834,Ortigueira,San Salvador de Couzadoiro (San Salvador),1,PNOA-2024-GAL-599-4839-H29-NPC01.LAZ
538,4792,5.140629318715187,0.0,5.140629318715187,Arteixo,Lañas (Santa María),3,PNOA-2024-GAL-538-4792-H29-NPC01.LAZ
554,4769,0.8250717980634574,4.3128975591640035,5.137969357227461,Ordes,Barbeiros (Santa María),1,PNOA-2024-GAL-554-4769-H29-NPC01.LAZ
500,4725,0.0,5.133867572490171,5.133867572490171,Porto do Son,Ribasieira (San Fins),1,PNOA-2024-GAL-500-4725-H29-NPC01.LAZ
539,4785,0.0,5.13313162534495,5.13313162534495,A Laracha,Soandres (San Pedro),1,PNOA-2024-GAL-539-4785-H29-NPC01.LAZ
492,4747,0.0,5.12874146648565,5.12874146648565,Carnota,San Mamede de Carnota (San Mamede),1,PNOA-2024-GAL-492-4747-H29-NPC01.LAZ
574,4754,1.2338369183095126,3.8944064175070254,5.1282433358165385,Arzúa,Figueiroa (San Paio),1,PNOA-2024-GAL-574-4754-H29-NPC01.LAZ
566,4782,2.8920348797082336,2.234020852566951,5.1260557322751845,Oza dos Ríos,A Regueira (Santa María),2,PNOA-2024-GAL-566-4782-H29-NPC01.LAZ
534,4792,1.0321013490881585,4.085193574877583,5.1172949239657415,Arteixo,Monteagudo (San Tomé),1,PNOA-2024-GAL-534-4792-H29-NPC01.LAZ
577,4787,0.0,5.1163343009515,5.1163343009515,Aranga,Muniferral (San Cristovo),1,PNOA-2024-GAL-577-4787-H29-NPC01.LAZ
592,4822,5.11191280116714,0.0,5.11191280116714,As Pontes de García Rodríguez,O Deveso (Santa María),1,PNOA-2024-GAL-592-4822-H29-NPC01.LAZ
523,4773,3.7949309866787995,1.3167200658905935,5.111651052569393,Coristanco,Erbecedo (San Salvador),1,PNOA-2024-GAL-523-4773-H29-NPC01.LAZ
541,4739,0.0,5.111029248464401,5.111029248464401,Vedra,San Fins de Sales (San Fins),1,PNOA-2024-GAL-541-4739-H29-NPC01.LAZ
525,4773,0.0,5.1095871320207875,5.1095871320207875,Tordoia,Anxeriz (Santa Mariña),1,PNOA-2024-GAL-525-4773-H29-NPC01.LAZ
477,4756,0.0,5.104930496824753,5.104930496824753,Fisterra,Duio (San Vicezo),1,PNOA-2024-GAL-477-4756-H29-NPC01.LAZ
567,4823,0.0,5.1040416612749375,5.1040416612749375,Valdoviño,O Sequeiro (Santa María),1,PNOA-2024-GAL-567-4823-H29-NPC01.LAZ
571,4757,2.970657729254307,2.1321671476434494,5.102824876897756,Melide,Baltar (Santiago),2,PNOA-2024-GAL-571-4757-H29-NPC01.LAZ
583,4828,0.0,5.1023835603115915,5.1023835603115915,Cerdido,A Barqueira (Santo Antonio),1,PNOA-2024-GAL-583-4828-H29-NPC01.LAZ
579,4775,0.0,5.101651678498428,5.101651678498428,Curtis,Foxados (Santa María),1,PNOA-2024-GAL-579-4775-H29-NPC01.LAZ
540,4760,2.0949415364333466,3.0013264825212462,5.096268018954593,Trazo,Berreo (San Mamede),2,PNOA-2024-GAL-540-4760-H29-NPC01.LAZ
517,4734,0.0,5.095504028777895,5.095504028777895,Lousame,Fruíme (San Martiño),1,PNOA-2024-GAL-517-4734-H29-NPC01.LAZ
584,4794,5.09164605614132,0.0,5.09164605614132,Monfero,O Val de Xestoso (San Pedro),1,PNOA-2024-GAL-584-4794-H29-NPC01.LAZ
583,4823,0.0,5.085886341676649,5.085886341676649,Moeche,Santa Cruz de Moeche (Santa Cruz),1,PNOA-2024-GAL-583-4823-H29-NPC01.LAZ
521,4766,0.0,5.0847094335122165,5.0847094335122165,Santa Comba,Freixeiro (San Fins),1,PNOA-2024-GAL-521-4766-H29-NPC01.LAZ
583,4764,0.0,5.0838564590284605,5.0838564590284605,Sobrado,Codesoso (San Miguel),1,PNOA-2024-GAL-583-4764-H29-NPC01.LAZ
578,4820,0.0,5.083439813085608,5.083439813085608,San Sadurniño,Ferreira (San Paio),1,PNOA-2024-GAL-578-4820-H29-NPC01.LAZ
537,4752,0.0,5.081658094611014,5.081658094611014,Santiago de Compostela,San Caetano (Santiago),3,PNOA-2024-GAL-537-4752-H29-NPC01.LAZ
507,4741,0.0,5.078702954879673,5.078702954879673,Outes,San Cosme de Outeiro (San Cosme),1,PNOA-2024-GAL-507-4741-H29-NPC01.LAZ
492,4772,0.06471230082885487,5.009755806752115,5.07446810758097,Vimianzo,Carnés (San Cristovo),1,PNOA-2024-GAL-492-4772-H29-NPC01.LAZ
539,4767,1.5758983220174927,3.4919852078209095,5.067883529838403,Trazo,Campo (San Xoán),1,PNOA-2024-GAL-539-4767-H29-NPC01.LAZ
586,4801,0.0,5.067046028191729,5.067046028191729,Monfero,O Alto de Xestoso (Santa María),1,PNOA-2024-GAL-586-4801-H29-NPC01.LAZ
533,4753,2.543645321998871,2.5230556988843746,5.0667010208832455,Santiago de Compostela,Figueiras (Santa María),2,PNOA-2024-GAL-533-4753-H29-NPC01.LAZ
545,4772,0.2202705781585242,4.845523262222294,5.065793840380818,Ordes,Parada (Santa Mariña),2,PNOA-2024-GAL-545-4772-H29-NPC01.LAZ
515,4730,0.27536856122632947,4.789452129490449,5.064820690716779,Lousame,Fruíme (San Martiño),2,PNOA-2024-GAL-515-4730-H29-NPC01.LAZ
574,4752,2.5450474719501197,2.51489387198754,5.05994134393766,Arzúa,Boente (Santiago),2,PNOA-2024-GAL-574-4752-H29-NPC01.LAZ
505,4718,0.0,5.056916745853383,5.056916745853383,A Pobra do Caramiñal,Posmarcos (Santo Isidro),3,PNOA-2024-GAL-505-4718-H29-NPC01.LAZ
577,4790,0.0,5.0533824146593425,5.0533824146593425,Aranga,Aranga (San Paio),2,PNOA-2024-GAL-577-4790-H29-NPC01.LAZ
575,4774,0.0,5.051066865613481,5.051066865613481,Vilasantar,San Vicenzo de Curtis (San Vicenzo),1,PNOA-2024-GAL-575-4774-H29-NPC01.LAZ
535,4785,0.0,5.0498567018694445,5.0498567018694445,A Laracha,Soutullo (Santa María),2,PNOA-2024-GAL-535-4785-H29-NPC01.LAZ
510,4764,0.0,5.048242292502396,5.048242292502396,Santa Comba,Mallón (San Cristovo),1,PNOA-2024-GAL-510-4764-H29-NPC01.LAZ
542,4751,1.8495786737913174,3.1980091524432823,5.0475878262346,Santiago de Compostela,A Enfesta (San Cristovo),1,PNOA-2024-GAL-542-4751-H29-NPC01.LAZ
583,4787,0.0,5.044786018616647,5.044786018616647,Aranga,Aranga (San Paio),1,PNOA-2024-GAL-583-4787-H29-NPC01.LAZ
602,4833,0.0,5.042604193422284,5.042604193422284,Mañón,Mañón (Santa María),1,PNOA-2024-GAL-602-4833-H29-NPC01.LAZ
509,4791,0.0,5.039351468775444,5.039351468775444,Ponteceso,Nemeño (San Tomé),2,PNOA-2024-GAL-509-4791-H29-NPC01.LAZ
523,4781,0.684762224349933,4.347488553527761,5.032250777877694,Coristanco,Traba (Santa María),3,PNOA-2024-GAL-523-4781-H29-NPC01.LAZ
514,4724,5.031839967185351,0.0,5.031839967185351,Rianxo,Taragoña (San Salvador),1,PNOA-2024-GAL-514-4724-H29-NPC01.LAZ
527,4795,0.0,5.029779777866024,5.029779777866024,Carballo,Lema (San Cristovo),1,PNOA-2024-GAL-527-4795-H29-NPC01.LAZ
601,4832,0.0,5.028730280799429,5.028730280799429,Mañón,Mañón (Santa María),1,PNOA-2024-GAL-601-4832-H29-NPC01.LAZ
593,4809,5.027890288116969,0.0,5.027890288116969,As Pontes de García Rodríguez,As Pontes de García Rodríguez (Santa María),1,PNOA-2024-GAL-593-4809-H29-NPC01.LAZ
533,4734,2.4923589189254,2.5344347445158704,5.02679366344127,Padrón,Carcacia (San Pedro),1,PNOA-2024-GAL-533-4734-H29-NPC01.LAZ
566,4797,0.9729236329170019,4.0532391041115385,5.026162737028541,Paderne,Velouzás (San Salvador),2,PNOA-2024-GAL-566-4797-H29-NPC01.LAZ
595,4826,1.084625749576738,3.93855140339583,5.023177152972568,Ortigueira,As Neves (Santa María),1,PNOA-2024-GAL-595-4826-H29-NPC01.LAZ
572,4759,4.6518775503259615,0.3710335143980116,5.022911064723973,Melide,Grobas (Santa María),2,PNOA-2024-GAL-572-4759-H29-NPC01.LAZ
584,4803,0.959662299429953,4.060525533975998,5.02018783340595,Monfero,San Fiz de Monfero (San Fiz),1,PNOA-2024-GAL-584-4803-H29-NPC01.LAZ
531,4790,0.0,5.014532156844634,5.014532156844634,A Laracha,Cabovilaño (San Román),1,PNOA-2024-GAL-531-4790-H29-NPC01.LAZ
515,4742,0.0,5.006527744224833,5.006527744224833,Lousame,Toxos Outos (San Xusto),1,PNOA-2024-GAL-515-4742-H29-NPC01.LAZ
575,4764,0.0,5.006058781962297,5.006058781962297,Sobrado,Carelle (San Lourenzo),1,PNOA-2024-GAL-575-4764-H29-NPC01.LAZ
492,4735,0.0,5.004260577358058,5.004260577358058,Muros,Louro (Santiago),1,PNOA-2024-GAL-492-4735-H29-NPC01.LAZ
575,4824,0.0,5.00246193320264,5.00246193320264,San Sadurniño,Lamas (San Xiao),1,PNOA-2024-GAL-575-4824-H29-NPC01.LAZ
585,4832,0.0,4.996951878769678,4.996951878769678,Cerdido,A Barqueira (Santo Antonio),1,PNOA-2024-GAL-585-4832-H29-NPC01.LAZ
546,4789,3.0455682691882657,1.9513785735300844,4.99694684271835,Culleredo,Celas (Santa María),2,PNOA-2024-GAL-546-4789-H29-NPC01.LAZ
585,4752,3.7952286635244787,1.201656535080633,4.996885198605112,Melide,O Meire (San Pedro),2,PNOA-2024-GAL-585-4752-H29-NPC01.LAZ
534,4753,4.996796178570468,0.0,4.996796178570468,Santiago de Compostela,A Peregrina (Santa María),2,PNOA-2024-GAL-534-4753-H29-NPC01.LAZ
546,4762,0.0,4.9927406779691,4.9927406779691,Oroso,Oroso (San Martiño),3,PNOA-2024-GAL-546-4762-H29-NPC01.LAZ
521,4741,2.4236539064260265,2.5690560256431407,4.992709932069167,Rois,Ermedelo (San Martiño),2,PNOA-2024-GAL-521-4741-H29-NPC01.LAZ
561,4777,0.0,4.990075634580147,4.990075634580147,Mesía,Mesía (San Cristovo),1,PNOA-2024-GAL-561-4777-H29-NPC01.LAZ
584,4752,0.14635236741698143,4.841444249232021,4.987796616649002,Toques,San Martiño de Oleiros (San Martiño),2,PNOA-2024-GAL-584-4752-H29-NPC01.LAZ
569,4801,0.0,4.987411312492556,4.987411312492556,Vilarmaior,Vilarmaior (San Pedro),1,PNOA-2024-GAL-569-4801-H29-NPC01.LAZ
585,4816,0.0,4.985624553667558,4.985624553667558,As Somozas,Recemel (Santa María),1,PNOA-2024-GAL-585-4816-H29-NPC01.LAZ
500,4774,4.852979202754069,0.13142858499595075,4.98440778775002,Vimianzo,Salto (Santa María),1,PNOA-2024-GAL-500-4774-H29-NPC01.LAZ
585,4828,0.0,4.981365901503262,4.981365901503262,Cerdido,A Barqueira (Santo Antonio),1,PNOA-2024-GAL-585-4828-H29-NPC01.LAZ
582,4811,0.1565431747412584,4.823398559406346,4.979941734147604,As Pontes de García Rodríguez,Goente (San Martiño),1,PNOA-2024-GAL-582-4811-H29-NPC01.LAZ
523,4748,0.7005787749225226,4.273858151006284,4.974436925928806,Ames,Agrón (San Lourenzo),1,PNOA-2024-GAL-523-4748-H29-NPC01.LAZ
506,4731,4.970534641874829,0.0,4.970534641874829,Lousame,Camboño (San Xoán),1,PNOA-2024-GAL-506-4731-H29-NPC01.LAZ
571,4814,1.2470663901183954,3.723087786165264,4.97015417628366,Fene,Sillobre (Santa Mariña),2,PNOA-2024-GAL-571-4814-H29-NPC01.LAZ
525,4741,0.0,4.9698194736781725,4.9698194736781725,Brión,Bastavales (San Xulián),1,PNOA-2024-GAL-525-4741-H29-NPC01.LAZ
598,4832,4.964349742661447,0.0,4.964349742661447,Ortigueira,Devesos (San Sebastián),2,PNOA-2024-GAL-598-4832-H29-NPC01.LAZ
566,4765,0.0,4.961385555116565,4.961385555116565,Mesía,Boado (Santiago),1,PNOA-2024-GAL-566-4765-H29-NPC01.LAZ
579,4835,3.0429196672234786,1.911905114422776,4.954824781646255,Cedeira,San Román de Montoxo (San Román),2,PNOA-2024-GAL-579-4835-H29-NPC01.LAZ
510,4790,0.0,4.954022991653915,4.954022991653915,Ponteceso,Tella (Santo Eleuterio),1,PNOA-2024-GAL-510-4790-H29-NPC01.LAZ
565,4763,0.015135296729403626,4.93024729822909,4.9453825949584935,Boimorto,Brates (San Pedro),1,PNOA-2024-GAL-565-4763-H29-NPC01.LAZ
571,4795,0.0,4.944671439040475,4.944671439040475,Irixoa,Ambroa (San Tirso),1,PNOA-2024-GAL-571-4795-H29-NPC01.LAZ
497,4712,3.404286945508315,1.5394102875783742,4.94369723308669,Ribeira,Carreira (San Paio),1,PNOA-2024-GAL-497-4712-H29-NPC01.LAZ
575,4822,0.0,4.939098231386899,4.939098231386899,San Sadurniño,San Sadurniño (Santa María),1,PNOA-2024-GAL-575-4822-H29-NPC01.LAZ
578,4801,0.0,4.934727336394689,4.934727336394689,Monfero,San Fiz de Monfero (San Fiz),1,PNOA-2024-GAL-578-4801-H29-NPC01.LAZ
553,4762,0.0,4.932196503436639,4.932196503436639,Oroso,Calvente (San Xoán),1,PNOA-2024-GAL-553-4762-H29-NPC01.LAZ
557,4766,0.2669528055438381,4.663961603402079,4.930914408945917,Frades,Frades (San Martiño),2,PNOA-2024-GAL-557-4766-H29-NPC01.LAZ
538,4782,0.0,4.930172149651732,4.930172149651732,A Laracha,Montemaior (Santa María Madanela),1,PNOA-2024-GAL-538-4782-H29-NPC01.LAZ
570,4773,0.0,4.929394665693646,4.929394665693646,Curtis,Fisteus (Santa María),2,PNOA-2024-GAL-570-4773-H29-NPC01.LAZ
502,4769,1.376238151253776,3.551064616261526,4.927302767515302,Vimianzo,Treos (San Miguel),1,PNOA-2024-GAL-502-4769-H29-NPC01.LAZ
548,4741,0.0,4.919418821702038,4.919418821702038,Boqueixón,Boqueixón (San Vicente),1,PNOA-2024-GAL-548-4741-H29-NPC01.LAZ
498,4783,0.0,4.918713218079119,4.918713218079119,Laxe,Soesto (Santo Estevo),1,PNOA-2024-GAL-498-4783-H29-NPC01.LAZ
579,4779,0.0,4.915010229386051,4.915010229386051,Curtis,Curtis (Santaia),1,PNOA-2024-GAL-579-4779-H29-NPC01.LAZ
541,4800,0.5664797743139878,4.346931219146452,4.91341099346044,Arteixo,Suevos (San Martiño),1,PNOA-2024-GAL-541-4800-H29-NPC01.LAZ
570,4771,0.0,4.91299553645994,4.91299553645994,Vilasantar,Mezonzo (Santa María),1,PNOA-2024-GAL-570-4771-H29-NPC01.LAZ
582,4824,0.0,4.90578872542737,4.90578872542737,Moeche,Labacengos (Santa María),1,PNOA-2024-GAL-582-4824-H29-NPC01.LAZ
583,4769,0.0,4.901598766774667,4.901598766774667,Sobrado,Cumbraos (San Xiao),1,PNOA-2024-GAL-583-4769-H29-NPC01.LAZ
506,4789,0.0,4.8980744139901615,4.8980744139901615,Ponteceso,Cospindo (San Tirso),1,PNOA-2024-GAL-506-4789-H29-NPC01.LAZ
537,4760,4.208548560223969,0.679302056512114,4.887850616736083,Trazo,Vilouchada (San Vicenzo),1,PNOA-2024-GAL-537-4760-H29-NPC01.LAZ
526,4778,0.0,4.877155037627829,4.877155037627829,Carballo,Rus (Santa María),2,PNOA-2024-GAL-526-4778-H29-NPC01.LAZ
596,4833,4.874476195720962,0.0,4.874476195720962,Ortigueira,Devesos (San Sebastián),2,PNOA-2024-GAL-596-4833-H29-NPC01.LAZ
560,4757,0.0,4.869915999510036,4.869915999510036,Arzúa,Oíns (San Cosme),1,PNOA-2024-GAL-560-4757-H29-NPC01.LAZ
547,4739,0.0,4.86906197402724,4.86906197402724,Boqueixón,Boqueixón (San Vicente),2,PNOA-2024-GAL-547-4739-H29-NPC01.LAZ
585,4749,4.86673573738885,0.0,4.86673573738885,Melide,O Leboreiro (Santa María),1,PNOA-2024-GAL-585-4749-H29-NPC01.LAZ
568,4801,0.0,4.860024955506462,4.860024955506462,Vilarmaior,Vilarmaior (San Pedro),1,PNOA-2024-GAL-568-4801-H29-NPC01.LAZ
519,4770,0.0,4.85929067355986,4.85929067355986,Santa Comba,Xallas de Castriz (San Pedro),1,PNOA-2024-GAL-519-4770-H29-NPC01.LAZ
510,4791,0.0,4.857337066481779,4.857337066481779,Ponteceso,Cores (San Martiño),1,PNOA-2024-GAL-510-4791-H29-NPC01.LAZ
556,4778,0.0,4.8511444723671655,4.8511444723671655,Mesía,Visantoña (San Martiño),1,PNOA-2024-GAL-556-4778-H29-NPC01.LAZ
547,4775,0.0,4.8479624892768705,4.8479624892768705,Ordes,Mercurín (San Clemente),1,PNOA-2024-GAL-547-4775-H29-NPC01.LAZ
578,4808,0.0,4.845221570411379,4.845221570411379,A Capela,Capela (Santiago),1,PNOA-2024-GAL-578-4808-H29-NPC01.LAZ
501,4725,0.0,4.8446762430936765,4.8446762430936765,Porto do Son,Ribasieira (San Fins),1,PNOA-2024-GAL-501-4725-H29-NPC01.LAZ
513,4747,0.0,4.841428259265241,4.841428259265241,Negreira,Arzón (San Cristovo),1,PNOA-2024-GAL-513-4747-H29-NPC01.LAZ
576,4749,0.0,4.8410818762710175,4.8410818762710175,Santiso,Liñares (Santiago),1,PNOA-2024-GAL-576-4749-H29-NPC01.LAZ
592,4828,4.836706860968104,0.0,4.836706860968104,Ortigueira,O Ermo (San Xulián),2,PNOA-2024-GAL-592-4828-H29-NPC01.LAZ
521,4724,0.566876802233738,4.268021179871989,4.834897982105727,Rianxo,Isorna (Santa María),1,PNOA-2024-GAL-521-4724-H29-NPC01.LAZ
504,4731,0.0,4.834075623694415,4.834075623694415,Porto do Son,Nebra (Santa María),1,PNOA-2024-GAL-504-4731-H29-NPC01.LAZ
562,4771,0.0,4.8257054781007,4.8257054781007,Mesía,Xanceda (San Salvador),1,PNOA-2024-GAL-562-4771-H29-NPC01.LAZ
585,4764,0.0,4.811123395325562,4.811123395325562,Sobrado,Codesoso (San Miguel),2,PNOA-2024-GAL-585-4764-H29-NPC01.LAZ
602,4844,0.0,4.803034451686902,4.803034451686902,Mañón,Mogor (Santa María),2,PNOA-2024-GAL-602-4844-H29-NPC01.LAZ
581,4819,0.0,4.799303360410196,4.799303360410196,San Sadurniño,Ferreira (San Paio),1,PNOA-2024-GAL-581-4819-H29-NPC01.LAZ
591,4812,0.2576544760742942,4.539301863774692,4.796956339848986,As Pontes de García Rodríguez,As Pontes de García Rodríguez (Santa María),2,PNOA-2024-GAL-591-4812-H29-NPC01.LAZ
488,4762,0.0,4.793610627882782,4.793610627882782,Dumbría,Salgueiros (San Mamede),1,PNOA-2024-GAL-488-4762-H29-NPC01.LAZ
581,4761,0.0,4.791673644665163,4.791673644665163,Toques,A Capela (Santa María),1,PNOA-2024-GAL-581-4761-H29-NPC01.LAZ
584,4790,0.0,4.791147443174982,4.791147443174982,Aranga,Cambás (San Pedro),1,PNOA-2024-GAL-584-4790-H29-NPC01.LAZ
562,4772,0.0,4.789352173148983,4.789352173148983,Mesía,Xanceda (San Salvador),2,PNOA-2024-GAL-562-4772-H29-NPC01.LAZ
572,4774,0.0,4.7863010492841465,4.7863010492841465,Curtis,Fisteus (Santa María),1,PNOA-2024-GAL-572-4774-H29-NPC01.LAZ
582,4830,0.0,4.7765393104161635,4.7765393104161635,Cerdido,Cerdido (San Martiño),1,PNOA-2024-GAL-582-4830-H29-NPC01.LAZ
574,4759,4.774674556378757,0.0,4.774674556378757,Melide,Orois (Santa Cristina),1,PNOA-2024-GAL-574-4759-H29-NPC01.LAZ
533,4749,0.8155516297447504,3.9587968527678377,4.774348482512588,Santiago de Compostela,Figueiras (Santa María),2,PNOA-2024-GAL-533-4749-H29-NPC01.LAZ
520,4758,1.0466144874662069,3.7251244693221497,4.771738956788356,A Baña,O Barro (Santa Mariña),2,PNOA-2024-GAL-520-4758-H29-NPC01.LAZ
559,4786,0.0,4.767254233978383,4.767254233978383,Abegondo,Meangos (Santiago),1,PNOA-2024-GAL-559-4786-H29-NPC01.LAZ
504,4743,0.0,4.765353762991504,4.765353762991504,Outes,Roo (San Xoán),2,PNOA-2024-GAL-504-4743-H29-NPC01.LAZ
557,4785,0.0,4.763710539694612,4.763710539694612,Abegondo,Cabanas (San Xián),3,PNOA-2024-GAL-557-4785-H29-NPC01.LAZ
544,4791,2.3145393035088677,2.449167156133082,4.76370645964195,Arteixo,Loureda (Santa María),2,PNOA-2024-GAL-544-4791-H29-NPC01.LAZ
512,4761,0.0,4.762625508396381,4.762625508396381,Santa Comba,Fontecada (San Martiño),2,PNOA-2024-GAL-512-4761-H29-NPC01.LAZ
580,4780,0.0,4.762342134061112,4.762342134061112,Curtis,Curtis (Santaia),1,PNOA-2024-GAL-580-4780-H29-NPC01.LAZ
501,4711,0.037059256792545646,4.721954407043548,4.759013663836094,Ribeira,Ribeira (Santa Uxía),1,PNOA-2024-GAL-501-4711-H29-NPC01.LAZ
599,4827,0.0,4.757470517414606,4.757470517414606,Mañón,As Grañas do Sor (San Mamede),1,PNOA-2024-GAL-599-4827-H29-NPC01.LAZ
536,4782,0.0,4.756523031948478,4.756523031948478,A Laracha,Montemaior (Santa María Madanela),1,PNOA-2024-GAL-536-4782-H29-NPC01.LAZ
538,4740,0.0,4.755171821996672,4.755171821996672,Teo,Oza (Santa Baia),1,PNOA-2024-GAL-538-4740-H29-NPC01.LAZ
524,4792,0.0,4.753825180226098,4.753825180226098,Carballo,Lema (San Cristovo),2,PNOA-2024-GAL-524-4792-H29-NPC01.LAZ
527,4781,0.0,4.753491540093943,4.753491540093943,Carballo,Ardaña (Santa María),2,PNOA-2024-GAL-527-4781-H29-NPC01.LAZ
559,4757,1.0097420842725415,3.7336303764733816,4.743372460745923,Arzúa,Oíns (San Cosme),1,PNOA-2024-GAL-559-4757-H29-NPC01.LAZ
571,4755,1.308077966954065,3.4346581285903577,4.742736095544423,Arzúa,Rendal (Santa María),1,PNOA-2024-GAL-571-4755-H29-NPC01.LAZ
494,4736,0.0,4.734786032750518,4.734786032750518,Muros,Muros (San Pedro),1,PNOA-2024-GAL-494-4736-H29-NPC01.LAZ
556,4762,0.0,4.731945176499938,4.731945176499938,Oroso,Pasarelos (San Román),1,PNOA-2024-GAL-556-4762-H29-NPC01.LAZ
535,4754,2.164171999028915,2.5666936159961,4.7308656150250155,Santiago de Compostela,Grixoa (Santa María),1,PNOA-2024-GAL-535-4754-H29-NPC01.LAZ
549,4785,3.6007114410979835,1.1291266716529418,4.729838112750925,Cerceda,As Encrobas (San Román),2,PNOA-2024-GAL-549-4785-H29-NPC01.LAZ
509,4742,0.0,4.727773633813835,4.727773633813835,Outes,Tarás (San Xián),2,PNOA-2024-GAL-509-4742-H29-NPC01.LAZ
539,4766,1.71186592243969,3.0134596390576442,4.725325561497334,Trazo,Campo (San Xoán),1,PNOA-2024-GAL-539-4766-H29-NPC01.LAZ
521,4778,0.01844893762721028,4.696496879715998,4.7149458173432075,Coristanco,Seavia (San Mamede),1,PNOA-2024-GAL-521-4778-H29-NPC01.LAZ
501,4716,4.647613950073298,0.05890253742240476,4.706516487495703,Ribeira,Palmeira (San Pedro),1,PNOA-2024-GAL-501-4716-H29-NPC01.LAZ
521,4732,0.21210399137121122,4.4942140708520695,4.70631806222328,Rois,Buxán (San Xoán),1,PNOA-2024-GAL-521-4732-H29-NPC01.LAZ
579,4821,0.0,4.704179591358957,4.704179591358957,Moeche,San Xurxo de Moeche (San Xurxo),2,PNOA-2024-GAL-579-4821-H29-NPC01.LAZ
562,4774,0.0,4.703807388938616,4.703807388938616,Mesía,Bascoi (Santiago),1,PNOA-2024-GAL-562-4774-H29-NPC01.LAZ
580,4792,0.0,4.7018900721724926,4.7018900721724926,Irixoa,Verís (Santa María),1,PNOA-2024-GAL-580-4792-H29-NPC01.LAZ
501,4723,0.0,4.692947665693758,4.692947665693758,Porto do Son,Xuño (Santa Mariña),2,PNOA-2024-GAL-501-4723-H29-NPC01.LAZ
516,4788,0.0,4.688279406772044,4.688279406772044,Ponteceso,Xornes (San Xoán),1,PNOA-2024-GAL-516-4788-H29-NPC01.LAZ
563,4774,0.0,4.686908412126991,4.686908412126991,Mesía,Bascoi (Santiago),1,PNOA-2024-GAL-563-4774-H29-NPC01.LAZ
580,4786,0.0,4.686337555504331,4.686337555504331,Aranga,Aranga (San Paio),1,PNOA-2024-GAL-580-4786-H29-NPC01.LAZ
603,4837,0.0,4.677596506366379,4.677596506366379,Mañón,Mañón (Santa María),1,PNOA-2024-GAL-603-4837-H29-NPC01.LAZ
543,4772,0.3801061717083004,4.295117714932414,4.6752238866407145,Tordoia,Gorgullos (Santaia),2,PNOA-2024-GAL-543-4772-H29-NPC01.LAZ
570,4770,0.0,4.673392747448123,4.673392747448123,Vilasantar,Mezonzo (Santa María),1,PNOA-2024-GAL-570-4770-H29-NPC01.LAZ
589,4834,3.4610577911413785,1.2088703286322382,4.669928119773616,Ortigueira,San Claudio (Santa María),1,PNOA-2024-GAL-589-4834-H29-NPC01.LAZ
598,4824,0.0,4.668086066462104,4.668086066462104,Mañón,As Grañas do Sor (San Mamede),1,PNOA-2024-GAL-598-4824-H29-NPC01.LAZ
572,4828,0.0,4.665017931750798,4.665017931750798,Valdoviño,Loira (San Pedro),1,PNOA-2024-GAL-572-4828-H29-NPC01.LAZ
570,4799,0.0,4.664473555202764,4.664473555202764,Vilarmaior,Goimil (San Cristovo),3,PNOA-2024-GAL-570-4799-H29-NPC01.LAZ
572,4756,1.519712392084747,3.1442093948114804,4.6639217868962275,Melide,Golán (San Xoán),1,PNOA-2024-GAL-572-4756-H29-NPC01.LAZ
570,4756,0.0,4.660421427584761,4.660421427584761,Arzúa,Rendal (Santa María),1,PNOA-2024-GAL-570-4756-H29-NPC01.LAZ
534,4750,0.5067117307343743,4.145422761288261,4.652134492022635,Santiago de Compostela,Figueiras (Santa María),1,PNOA-2024-GAL-534-4750-H29-NPC01.LAZ
551,4781,0.0,4.651545526468247,4.651545526468247,Carral,Beira (Santa Mariña),2,PNOA-2024-GAL-551-4781-H29-NPC01.LAZ
546,4802,1.1304993387950037,3.518294396396101,4.648793735191105,A Coruña,Visma (San Pedro),1,PNOA-2024-GAL-546-4802-H29-NPC01.LAZ
566,4755,0.3172652066243255,4.331485290649265,4.648750497273591,Arzúa,Santa María da Arzúa (Santa María),2,PNOA-2024-GAL-566-4755-H29-NPC01.LAZ
487,4780,0.0,4.648312774964632,4.648312774964632,Camariñas,Xaviña (Santa María),1,PNOA-2024-GAL-487-4780-H29-NPC01.LAZ
496,4743,0.0,4.645177298828098,4.645177298828098,Muros,Torea (San Xián),1,PNOA-2024-GAL-496-4743-H29-NPC01.LAZ
511,4765,0.0,4.6450758234493765,4.6450758234493765,Santa Comba,Mallón (San Cristovo),2,PNOA-2024-GAL-511-4765-H29-NPC01.LAZ
602,4842,4.644961448228683,0.0,4.644961448228683,Ortigueira,Loiba (San Xulián),1,PNOA-2024-GAL-602-4842-H29-NPC01.LAZ
518,4769,0.0,4.642468896986497,4.642468896986497,Santa Comba,Xallas de Castriz (San Pedro),1,PNOA-2024-GAL-518-4769-H29-NPC01.LAZ
575,4826,0.0,4.641472141462447,4.641472141462447,San Sadurniño,Santa Mariña do Monte (Santa Mariña),1,PNOA-2024-GAL-575-4826-H29-NPC01.LAZ
497,4777,1.968682155052575,2.6674377936409193,4.636119948693494,Vimianzo,Calo (San Xoán),2,PNOA-2024-GAL-497-4777-H29-NPC01.LAZ
507,4742,0.0,4.633657348651371,4.633657348651371,Outes,San Cosme de Outeiro (San Cosme),2,PNOA-2024-GAL-507-4742-H29-NPC01.LAZ
571,4754,2.519555738068104,2.107085206043111,4.626640944111215,Arzúa,Rendal (Santa María),2,PNOA-2024-GAL-571-4754-H29-NPC01.LAZ
574,4798,0.0,4.619251045533205,4.619251045533205,Monfero,San Fiz de Monfero (San Fiz),1,PNOA-2024-GAL-574-4798-H29-NPC01.LAZ
519,4741,0.8590682842565132,3.7555844963720038,4.614652780628517,Rois,Ermedelo (San Martiño),1,PNOA-2024-GAL-519-4741-H29-NPC01.LAZ
578,4838,2.1392221166391114,2.474537007523603,4.613759124162714,Cedeira,Cervo (Santalla),2,PNOA-2024-GAL-578-4838-H29-NPC01.LAZ
559,4769,1.838602939993495,2.7708923951387465,4.609495335132241,Frades,Papucín (Santa María),1,PNOA-2024-GAL-559-4769-H29-NPC01.LAZ
573,4770,0.0,4.6085140478223305,4.6085140478223305,Vilasantar,Armental (San Martiño),1,PNOA-2024-GAL-573-4770-H29-NPC01.LAZ
520,4789,0.0,4.606984803418215,4.606984803418215,Carballo,Cances (San Martiño),1,PNOA-2024-GAL-520-4789-H29-NPC01.LAZ
568,4761,0.0,4.603999809456663,4.603999809456663,Boimorto,Sendelle (Santa María),1,PNOA-2024-GAL-568-4761-H29-NPC01.LAZ
583,4816,0.0,4.596146866315808,4.596146866315808,As Somozas,Recemel (Santa María),1,PNOA-2024-GAL-583-4816-H29-NPC01.LAZ
588,4807,4.594314125853203,0.0,4.594314125853203,As Pontes de García Rodríguez,Bermui (Santiago),1,PNOA-2024-GAL-588-4807-H29-NPC01.LAZ
491,4747,0.0,4.591530774456817,4.591530774456817,Carnota,San Mamede de Carnota (San Mamede),1,PNOA-2024-GAL-491-4747-H29-NPC01.LAZ
564,4748,0.9357185720217178,3.6542710058287815,4.589989577850499,Arzúa,Branzá (Santa Locaia),3,PNOA-2024-GAL-564-4748-H29-NPC01.LAZ
567,4774,0.0,4.584051987712825,4.584051987712825,Mesía,Cabrui (San Martiño),1,PNOA-2024-GAL-567-4774-H29-NPC01.LAZ
511,4778,0.4017222847711457,4.174312760328744,4.57603504509989,Cabana de Bergantiños,Nantón (San Pedro),1,PNOA-2024-GAL-511-4778-H29-NPC01.LAZ
545,4799,0.0,4.572240966284676,4.572240966284676,Arteixo,Pastoriza (Santa María),3,PNOA-2024-GAL-545-4799-H29-NPC01.LAZ
512,4784,0.5453765178347408,4.025643587518307,4.571020105353048,Cabana de Bergantiños,Corcoesto (San Pedro),1,PNOA-2024-GAL-512-4784-H29-NPC01.LAZ
493,4768,1.1696136411413207,3.39660358301277,4.566217224154091,Vimianzo,Berdoias (San Pedro),1,PNOA-2024-GAL-493-4768-H29-NPC01.LAZ
551,4744,0.0,4.563786683103457,4.563786683103457,Touro,Prevediños (Santiago),1,PNOA-2024-GAL-551-4744-H29-NPC01.LAZ
508,4748,0.0,4.5635478834484715,4.5635478834484715,Outes,Santo Ourente de Entíns (Santo Ourente),1,PNOA-2024-GAL-508-4748-H29-NPC01.LAZ
549,4737,0.6162304476320836,3.9413481644759627,4.557578612108046,Vedra,A Ponte Ulla (Santa María Madanela),1,PNOA-2024-GAL-549-4737-H29-NPC01.LAZ
516,4723,4.5546039652544215,0.0,4.5546039652544215,Rianxo,Rianxo (Santa Comba),2,PNOA-2024-GAL-516-4723-H29-NPC01.LAZ
538,4787,0.0,4.553652177001367,4.553652177001367,A Laracha,Coiro (San Xián),2,PNOA-2024-GAL-538-4787-H29-NPC01.LAZ
485,4763,0.0,4.549224257522598,4.549224257522598,Dumbría,Salgueiros (San Mamede),1,PNOA-2024-GAL-485-4763-H29-NPC01.LAZ
550,4787,0.14657906286377462,4.401774055368301,4.548353118232075,Culleredo,Castelo (Santiago),2,PNOA-2024-GAL-550-4787-H29-NPC01.LAZ
569,4773,0.0,4.545097906551776,4.545097906551776,Vilasantar,Barbeito (San Salvador),1,PNOA-2024-GAL-569-4773-H29-NPC01.LAZ
581,4769,0.0,4.542853607756302,4.542853607756302,Sobrado,Cumbraos (San Xiao),1,PNOA-2024-GAL-581-4769-H29-NPC01.LAZ
548,4762,0.0,4.54087868111199,4.54087868111199,Ordes,Beán (Santa María),1,PNOA-2024-GAL-548-4762-H29-NPC01.LAZ
543,4758,0.046384788977624006,4.491640722421613,4.538025511399237,Santiago de Compostela,Marantes (San Vicente),2,PNOA-2024-GAL-543-4758-H29-NPC01.LAZ
580,4800,3.894982301626779,0.6425645176186461,4.537546819245425,Monfero,San Fiz de Monfero (San Fiz),1,PNOA-2024-GAL-580-4800-H29-NPC01.LAZ
521,4788,0.0,4.534966228175052,4.534966228175052,Carballo,Cances (San Martiño),2,PNOA-2024-GAL-521-4788-H29-NPC01.LAZ
595,4834,4.533794854920839,0.0,4.533794854920839,Ortigueira,Devesos (San Sebastián),2,PNOA-2024-GAL-595-4834-H29-NPC01.LAZ
550,4765,0.0,4.533308400949585,4.533308400949585,Ordes,Pereira (Santaia),3,PNOA-2024-GAL-550-4765-H29-NPC01.LAZ
543,4787,0.0,4.532798020075143,4.532798020075143,A Laracha,Soandres (San Pedro),1,PNOA-2024-GAL-543-4787-H29-NPC01.LAZ
559,4775,0.0,4.531138024192454,4.531138024192454,Mesía,Mesía (San Cristovo),1,PNOA-2024-GAL-559-4775-H29-NPC01.LAZ
494,4766,1.9244562200409114,2.5963632941919395,4.520819514232851,Dumbría,Olveira (San Martiño),3,PNOA-2024-GAL-494-4766-H29-NPC01.LAZ
580,4788,0.0,4.518343783016605,4.518343783016605,Aranga,Aranga (San Paio),1,PNOA-2024-GAL-580-4788-H29-NPC01.LAZ
509,4788,0.0,4.51437601998601,4.51437601998601,Ponteceso,Tella (Santo Eleuterio),1,PNOA-2024-GAL-509-4788-H29-NPC01.LAZ
587,4764,0.0,4.510067570621686,4.510067570621686,Toques,Santa Mariña de Brañas (Santa Mariña),1,PNOA-2024-GAL-587-4764-H29-NPC01.LAZ
583,4824,0.0,4.501738713289194,4.501738713289194,Moeche,Santa Cruz de Moeche (Santa Cruz),1,PNOA-2024-GAL-583-4824-H29-NPC01.LAZ
517,4764,0.0,4.500877148950984,4.500877148950984,Santa Comba,Montouto (Santa María),2,PNOA-2024-GAL-517-4764-H29-NPC01.LAZ
491,4766,0.0,4.4932605020057075,4.4932605020057075,Dumbría,Berdeogás (Santiago),1,PNOA-2024-GAL-491-4766-H29-NPC01.LAZ
513,4746,0.0,4.491337137874037,4.491337137874037,Negreira,Lueiro (Santa Baia),1,PNOA-2024-GAL-513-4746-H29-NPC01.LAZ
569,4815,0.0,4.4879467064625205,4.4879467064625205,Fene,Sillobre (Santa Mariña),1,PNOA-2024-GAL-569-4815-H29-NPC01.LAZ
513,4721,4.487682669129589,0.0,4.487682669129589,Boiro,Abanqueiro (San Cristovo),1,PNOA-2024-GAL-513-4721-H29-NPC01.LAZ
570,4774,0.0,4.481355392384713,4.481355392384713,Curtis,Fisteus (Santa María),2,PNOA-2024-GAL-570-4774-H29-NPC01.LAZ
585,4797,1.0844211465472577,3.3937723838882716,4.478193530435529,Monfero,O Val de Xestoso (San Pedro),2,PNOA-2024-GAL-585-4797-H29-NPC01.LAZ
590,4824,0.02967720630330284,4.446915998005877,4.47659320430918,As Somozas,Seixas (Santa María),3,PNOA-2024-GAL-590-4824-H29-NPC01.LAZ
510,4753,0.0,4.471245226175396,4.471245226175396,Negreira,Alvite (San Tomé),1,PNOA-2024-GAL-510-4753-H29-NPC01.LAZ
579,4836,2.1489833404850516,2.320690136134958,4.4696734766200095,Cedeira,Régoa (Santa María),2,PNOA-2024-GAL-579-4836-H29-NPC01.LAZ
514,4748,0.0,4.458380537736224,4.458380537736224,Negreira,Arzón (San Cristovo),1,PNOA-2024-GAL-514-4748-H29-NPC01.LAZ
583,4799,0.0,4.4556761224046255,4.4556761224046255,Monfero,O Val de Xestoso (San Pedro),1,PNOA-2024-GAL-583-4799-H29-NPC01.LAZ
594,4840,1.315902373778121,3.1362246430054044,4.452127016783526,Ortigueira,Ladrido (Santalla),1,PNOA-2024-GAL-594-4840-H29-NPC01.LAZ
537,4782,0.0,4.446648994371253,4.446648994371253,A Laracha,Montemaior (Santa María Madanela),1,PNOA-2024-GAL-537-4782-H29-NPC01.LAZ
495,4717,0.0,4.443778028614063,4.443778028614063,Porto do Son,San Pedro de Muro (San Pedro),1,PNOA-2024-GAL-495-4717-H29-NPC01.LAZ
530,4786,0.0,4.443072862275778,4.443072862275778,A Laracha,Vilaño (Santiago),1,PNOA-2024-GAL-530-4786-H29-NPC01.LAZ
515,4788,0.0,4.442616989543461,4.442616989543461,Ponteceso,Xornes (San Xoán),1,PNOA-2024-GAL-515-4788-H29-NPC01.LAZ
601,4845,0.6946442263380943,3.7476932122486373,4.442337438586732,Ortigueira,Loiba (San Xulián),1,PNOA-2024-GAL-601-4845-H29-NPC01.LAZ
546,4764,0.0,4.43735032668877,4.43735032668877,Oroso,Trasmonte (Santo Estevo),2,PNOA-2024-GAL-546-4764-H29-NPC01.LAZ
498,4784,0.0,4.434662660697652,4.434662660697652,Laxe,Soesto (Santo Estevo),1,PNOA-2024-GAL-498-4784-H29-NPC01.LAZ
526,4752,0.0,4.424931099493978,4.424931099493978,Ames,Ames (San Tomé),2,PNOA-2024-GAL-526-4752-H29-NPC01.LAZ
545,4739,0.0,4.422639365248139,4.422639365248139,Vedra,San Pedro de Vilanova (San Pedro),1,PNOA-2024-GAL-545-4739-H29-NPC01.LAZ
513,4728,2.9675396518980555,1.4518301104811846,4.41936976237924,Boiro,Bealo (San Pedro),1,PNOA-2024-GAL-513-4728-H29-NPC01.LAZ
554,4745,0.0,4.417385863785808,4.417385863785808,Touro,San Pedro de Ribeira (San Pedro),1,PNOA-2024-GAL-554-4745-H29-NPC01.LAZ
547,4752,0.0,4.416466615162984,4.416466615162984,Santiago de Compostela,Sabugueira (San Paio),1,PNOA-2024-GAL-547-4752-H29-NPC01.LAZ
594,4837,4.4164215932952695,0.0,4.4164215932952695,Ortigueira,Cuíña (Santiago),2,PNOA-2024-GAL-594-4837-H29-NPC01.LAZ
600,4828,0.0,4.411933083044761,4.411933083044761,Mañón,As Grañas do Sor (San Mamede),1,PNOA-2024-GAL-600-4828-H29-NPC01.LAZ
577,4832,1.0849157415436643,3.325299187199707,4.410214928743372,Cedeira,Esteiro (San Fiz),1,PNOA-2024-GAL-577-4832-H29-NPC01.LAZ
508,4763,0.0,4.409848467921398,4.409848467921398,Santa Comba,Mallón (San Cristovo),2,PNOA-2024-GAL-508-4763-H29-NPC01.LAZ
514,4737,0.0,4.407300802550306,4.407300802550306,Lousame,Lesende (San Martiño),2,PNOA-2024-GAL-514-4737-H29-NPC01.LAZ
580,4789,0.0,4.405081833075767,4.405081833075767,Aranga,Aranga (San Paio),1,PNOA-2024-GAL-580-4789-H29-NPC01.LAZ
590,4818,1.8210894617566387,2.582473387927231,4.40356284968387,As Somozas,Seixas (Santa María),2,PNOA-2024-GAL-590-4818-H29-NPC01.LAZ
595,4841,2.1622604118009336,2.2406012988879667,4.4028617106889,Ortigueira,Espasante (San Xoán),1,PNOA-2024-GAL-595-4841-H29-NPC01.LAZ
504,4738,0.0,4.402091917186371,4.402091917186371,Outes,O Freixo de Sabardes (San Xoán),1,PNOA-2024-GAL-504-4738-H29-NPC01.LAZ
569,4771,0.0,4.398284842281506,4.398284842281506,Vilasantar,Barbeito (San Salvador),1,PNOA-2024-GAL-569-4771-H29-NPC01.LAZ
505,4745,0.0,4.396298861684962,4.396298861684962,Outes,Outes (San Pedro),1,PNOA-2024-GAL-505-4745-H29-NPC01.LAZ
593,4831,4.374853729921053,0.0,4.374853729921053,Ortigueira,Devesos (San Sebastián),1,PNOA-2024-GAL-593-4831-H29-NPC01.LAZ
506,4730,4.373641792863528,0.0,4.373641792863528,Lousame,Camboño (San Xoán),3,PNOA-2024-GAL-506-4730-H29-NPC01.LAZ
543,4768,0.0,4.366058487184438,4.366058487184438,Tordoia,Numide (Santiago),2,PNOA-2024-GAL-543-4768-H29-NPC01.LAZ
488,4757,0.0,4.362875608765641,4.362875608765641,Dumbría,Buxantes (San Pedro),1,PNOA-2024-GAL-488-4757-H29-NPC01.LAZ
585,4810,4.360933230506474,0.0,4.360933230506474,As Pontes de García Rodríguez,A Faeira (San Pedro),2,PNOA-2024-GAL-585-4810-H29-NPC01.LAZ
579,4800,0.27150415191514926,4.086170429645616,4.357674581560765,Monfero,San Fiz de Monfero (San Fiz),1,PNOA-2024-GAL-579-4800-H29-NPC01.LAZ
535,4750,4.351801606321404,0.0,4.351801606321404,Santiago de Compostela,Figueiras (Santa María),2,PNOA-2024-GAL-535-4750-H29-NPC01.LAZ
572,4753,0.0,4.349165654624577,4.349165654624577,Arzúa,A Castañeda (Santa María),1,PNOA-2024-GAL-572-4753-H29-NPC01.LAZ
572,4831,0.0,4.348436787928852,4.348436787928852,Valdoviño,Pantín (Santiago),1,PNOA-2024-GAL-572-4831-H29-NPC01.LAZ
574,4747,0.0,4.3460222130184105,4.3460222130184105,Santiso,Ribadulla (San Vicenzo),1,PNOA-2024-GAL-574-4747-H29-NPC01.LAZ
585,4805,4.333458690696257,0.0,4.333458690696257,As Pontes de García Rodríguez,A Faeira (San Pedro),2,PNOA-2024-GAL-585-4805-H29-NPC01.LAZ
523,4754,0.0,4.33323011509393,4.33323011509393,A Baña,Fiopáns (San Pedro),1,PNOA-2024-GAL-523-4754-H29-NPC01.LAZ
516,4744,0.0,4.332094160763774,4.332094160763774,Brión,Cornanda (Santa María),1,PNOA-2024-GAL-516-4744-H29-NPC01.LAZ
577,4766,0.0,4.330673552835976,4.330673552835976,Sobrado,A Porta (San Pedro),2,PNOA-2024-GAL-577-4766-H29-NPC01.LAZ
520,4750,0.0,4.32319176034226,4.32319176034226,Negreira,Negreira (San Xián),2,PNOA-2024-GAL-520-4750-H29-NPC01.LAZ
488,4745,0.0,4.320765855281292,4.320765855281292,Carnota,San Mamede de Carnota (San Mamede),1,PNOA-2024-GAL-488-4745-H29-NPC01.LAZ
583,4795,4.320655926370068,0.0,4.320655926370068,Monfero,O Val de Xestoso (San Pedro),1,PNOA-2024-GAL-583-4795-H29-NPC01.LAZ
494,4714,1.4531834274597955,2.8622961969007954,4.315479624360591,Ribeira,Corrubedo (Santa María),1,PNOA-2024-GAL-494-4714-H29-NPC01.LAZ
515,4738,0.0,4.314553233453702,4.314553233453702,Lousame,Lesende (San Martiño),1,PNOA-2024-GAL-515-4738-H29-NPC01.LAZ
482,4754,0.0,4.314210199269276,4.314210199269276,Corcubión,Redonda (San Pedro),1,PNOA-2024-GAL-482-4754-H29-NPC01.LAZ
558,4812,2.2200722194523896,2.0922330463071663,4.312305265759556,Mugardos,Mugardos (San Xulián),1,PNOA-2024-GAL-558-4812-H29-NPC01.LAZ
584,4825,0.0,4.308090612686243,4.308090612686243,Moeche,Labacengos (Santa María),1,PNOA-2024-GAL-584-4825-H29-NPC01.LAZ
586,4757,0.0,4.298056022343996,4.298056022343996,Toques,Vilamor (Santo Estevo),1,PNOA-2024-GAL-586-4757-H29-NPC01.LAZ
564,4752,1.2457622413941645,3.0515507217644053,4.29731296315857,Arzúa,Burres (San Vicenzo),1,PNOA-2024-GAL-564-4752-H29-NPC01.LAZ
508,4735,0.24471802231649295,4.052470623118065,4.2971886454345585,Noia,Argalo (Santa María),1,PNOA-2024-GAL-508-4735-H29-NPC01.LAZ
587,4801,1.7795998881514583,2.516718985217059,4.296318873368517,Monfero,O Alto de Xestoso (Santa María),1,PNOA-2024-GAL-587-4801-H29-NPC01.LAZ
587,4818,0.0,4.2932995259883,4.2932995259883,As Somozas,Recemel (Santa María),1,PNOA-2024-GAL-587-4818-H29-NPC01.LAZ
543,4791,0.0,4.292797491160743,4.292797491160743,Arteixo,Loureda (Santa María),1,PNOA-2024-GAL-543-4791-H29-NPC01.LAZ
508,4734,0.0,4.287542048380562,4.287542048380562,Noia,Argalo (Santa María),1,PNOA-2024-GAL-508-4734-H29-NPC01.LAZ
552,4796,1.168455381598008,3.118221641293266,4.286677022891274,Cambre,Cambre (Santa María),4,PNOA-2024-GAL-552-4796-H29-NPC01.LAZ
547,4740,0.0,4.286214020850598,4.286214020850598,Boqueixón,Boqueixón (San Vicente),2,PNOA-2024-GAL-547-4740-H29-NPC01.LAZ
511,4781,2.021060060274257,2.2641177793599176,4.285177839634175,Cabana de Bergantiños,Riobó (San Martiño),1,PNOA-2024-GAL-511-4781-H29-NPC01.LAZ
576,4748,0.0,4.284711310550783,4.284711310550783,Santiso,Novela (Santa María),1,PNOA-2024-GAL-576-4748-H29-NPC01.LAZ
582,4761,0.0,4.284355824330964,4.284355824330964,Toques,A Capela (Santa María),1,PNOA-2024-GAL-582-4761-H29-NPC01.LAZ
544,4777,0.9853596102052082,3.297689982402743,4.283049592607951,Ordes,Mercurín (San Clemente),1,PNOA-2024-GAL-544-4777-H29-NPC01.LAZ
575,4796,0.0,4.282783606251075,4.282783606251075,Irixoa,Viña (Santaia),1,PNOA-2024-GAL-575-4796-H29-NPC01.LAZ
522,4736,0.0,4.275723597078694,4.275723597078694,Rois,Buxán (San Xoán),1,PNOA-2024-GAL-522-4736-H29-NPC01.LAZ
569,4746,0.0,4.266855106255096,4.266855106255096,Santiso,Beigondo (San Cosme),1,PNOA-2024-GAL-569-4746-H29-NPC01.LAZ
498,4713,0.9353977714943085,3.330040723255017,4.265438494749326,Ribeira,Artes (San Xián),2,PNOA-2024-GAL-498-4713-H29-NPC01.LAZ
589,4818,4.265171084824065,0.0,4.265171084824065,As Pontes de García Rodríguez,Vilavella (Santa María),2,PNOA-2024-GAL-589-4818-H29-NPC01.LAZ
568,4825,0.0,4.264463768072655,4.264463768072655,Valdoviño,Lago (Santiago),2,PNOA-2024-GAL-568-4825-H29-NPC01.LAZ
583,4794,4.261833247799725,0.0,4.261833247799725,Monfero,O Val de Xestoso (San Pedro),1,PNOA-2024-GAL-583-4794-H29-NPC01.LAZ
537,4779,1.8994750865816945,2.3576659294407145,4.257141016022409,Cerceda,Rodís (San Martiño),1,PNOA-2024-GAL-537-4779-H29-NPC01.LAZ
574,4768,0.0,4.2530453784631135,4.2530453784631135,Vilasantar,Vilariño (Santa María),3,PNOA-2024-GAL-574-4768-H29-NPC01.LAZ
492,4740,0.0,4.251944124299618,4.251944124299618,Carnota,Santa Comba de Carnota (Santa Comba),1,PNOA-2024-GAL-492-4740-H29-NPC01.LAZ
577,4803,0.0,4.245147210458669,4.245147210458669,Monfero,San Fiz de Monfero (San Fiz),1,PNOA-2024-GAL-577-4803-H29-NPC01.LAZ
580,4837,0.0,4.240768350762131,4.240768350762131,Cedeira,Régoa (Santa María),1,PNOA-2024-GAL-580-4837-H29-NPC01.LAZ
515,4749,0.0,4.240332881079793,4.240332881079793,Negreira,Liñaio (San Martiño),2,PNOA-2024-GAL-515-4749-H29-NPC01.LAZ
548,4756,0.0,4.237045128991282,4.237045128991282,Santiago de Compostela,Cesar (Santa María),1,PNOA-2024-GAL-548-4756-H29-NPC01.LAZ
522,4773,0.0,4.233860123954898,4.233860123954898,Coristanco,Erbecedo (San Salvador),1,PNOA-2024-GAL-522-4773-H29-NPC01.LAZ
584,4828,0.0,4.23169366517042,4.23169366517042,Cerdido,A Barqueira (Santo Antonio),1,PNOA-2024-GAL-584-4828-H29-NPC01.LAZ
594,4825,4.231348956206873,0.0,4.231348956206873,As Pontes de García Rodríguez,O Freixo (San Xoán),1,PNOA-2024-GAL-594-4825-H29-NPC01.LAZ
534,4758,0.0,4.224991979338043,4.224991979338043,Santiago de Compostela,Fecha (San Xoán),1,PNOA-2024-GAL-534-4758-H29-NPC01.LAZ
598,4823,4.222607766257961,0.0,4.222607766257961,As Pontes de García Rodríguez,O Freixo (San Xoán),1,PNOA-2024-GAL-598-4823-H29-NPC01.LAZ
568,4749,1.8925424132636863,2.328351383766386,4.220893797030072,Arzúa,Maroxo (Santa María),1,PNOA-2024-GAL-568-4749-H29-NPC01.LAZ
571,4828,0.0,4.220221467719136,4.220221467719136,Valdoviño,Valdoviño (Santalla),1,PNOA-2024-GAL-571-4828-H29-NPC01.LAZ
523,4735,0.0,4.219916519163312,4.219916519163312,Rois,Rois (San Mamede),2,PNOA-2024-GAL-523-4735-H29-NPC01.LAZ
542,4772,0.9890801621229734,3.2290127044735266,4.2180928665965,Ordes,Lesta (Santo André),2,PNOA-2024-GAL-542-4772-H29-NPC01.LAZ
587,4817,0.0,4.217898713177534,4.217898713177534,As Somozas,Recemel (Santa María),1,PNOA-2024-GAL-587-4817-H29-NPC01.LAZ
594,4831,4.2175902964666045,0.0,4.2175902964666045,Ortigueira,Devesos (San Sebastián),1,PNOA-2024-GAL-594-4831-H29-NPC01.LAZ
581,4810,1.965465942063735,2.2518777800638006,4.217343722127536,As Pontes de García Rodríguez,Goente (San Martiño),1,PNOA-2024-GAL-581-4810-H29-NPC01.LAZ
492,4759,0.0,4.215455952945618,4.215455952945618,Dumbría,Dumbría (Santa Baia),1,PNOA-2024-GAL-492-4759-H29-NPC01.LAZ
575,4805,0.0,4.215429742566935,4.215429742566935,Monfero,Queixeiro (San Xurxo),1,PNOA-2024-GAL-575-4805-H29-NPC01.LAZ
569,4780,2.0927966053140987,2.1218152387866818,4.21461184410078,Cesuras,Trasanquelos (San Salvador),1,PNOA-2024-GAL-569-4780-H29-NPC01.LAZ
527,4785,0.0,4.210577887842975,4.210577887842975,Carballo,Berdillo (San Lourenzo),1,PNOA-2024-GAL-527-4785-H29-NPC01.LAZ
502,4745,0.0,4.201819749268926,4.201819749268926,Outes,Valadares (San Miguel),2,PNOA-2024-GAL-502-4745-H29-NPC01.LAZ
587,4808,4.200900717476554,0.0,4.200900717476554,As Pontes de García Rodríguez,Ribadeume (Santa María),1,PNOA-2024-GAL-587-4808-H29-NPC01.LAZ
594,4833,4.19588179356958,0.0,4.19588179356958,Ortigueira,Os Freires (San Paulo),2,PNOA-2024-GAL-594-4833-H29-NPC01.LAZ
575,4799,2.5428328131338676,1.6524395875952642,4.195272400729132,Monfero,San Fiz de Monfero (San Fiz),1,PNOA-2024-GAL-575-4799-H29-NPC01.LAZ
507,4738,2.593693392010186,1.6001916110994017,4.193885003109588,Noia,Boa (San Pedro),2,PNOA-2024-GAL-507-4738-H29-NPC01.LAZ
584,4779,0.0,4.188701160183579,4.188701160183579,Curtis,Foxados (Santa María),1,PNOA-2024-GAL-584-4779-H29-NPC01.LAZ
600,4827,0.0,4.187303660860868,4.187303660860868,Mañón,As Grañas do Sor (San Mamede),1,PNOA-2024-GAL-600-4827-H29-NPC01.LAZ
573,4801,0.08085307484188639,4.104569608889122,4.185422683731009,Vilarmaior,Torres (San Xorxe),2,PNOA-2024-GAL-573-4801-H29-NPC01.LAZ
575,4771,0.0,4.184045432780734,4.184045432780734,Vilasantar,San Vicenzo de Curtis (San Vicenzo),1,PNOA-2024-GAL-575-4771-H29-NPC01.LAZ
570,4753,3.0039848426937175,1.1793823143782387,4.183367157071956,Arzúa,Rendal (Santa María),2,PNOA-2024-GAL-570-4753-H29-NPC01.LAZ
553,4763,0.0,4.181886625142271,4.181886625142271,Oroso,Calvente (San Xoán),1,PNOA-2024-GAL-553-4763-H29-NPC01.LAZ
587,4838,3.0661137232403908,1.1071598714400386,4.173273594680429,Ortigueira,Veiga (Santo Adrao),1,PNOA-2024-GAL-587-4838-H29-NPC01.LAZ
505,4717,0.0,4.169585342021469,4.169585342021469,A Pobra do Caramiñal,O Caramiñal (Santa María a Antiga),3,PNOA-2024-GAL-505-4717-H29-NPC01.LAZ
547,4760,0.0,4.168187123011901,4.168187123011901,Oroso,Vilarromaris (San Tomé),2,PNOA-2024-GAL-547-4760-H29-NPC01.LAZ
539,4751,0.7953807217093619,3.372736288614856,4.168117010324218,Santiago de Compostela,San Caetano (Santiago),2,PNOA-2024-GAL-539-4751-H29-NPC01.LAZ
548,4778,0.12484274796183119,4.038057546708439,4.16290029467027,Ordes,Ardemil (San Pedro),1,PNOA-2024-GAL-548-4778-H29-NPC01.LAZ
526,4732,0.13401878405018805,4.019349061944466,4.153367845994653,Dodro,Dodro (Santa María),2,PNOA-2024-GAL-526-4732-H29-NPC01.LAZ
541,4737,0.0,4.151965886338882,4.151965886338882,Teo,Baamonde (Santa María),2,PNOA-2024-GAL-541-4737-H29-NPC01.LAZ
517,4728,1.4967609427642852,2.6503199670924578,4.147080909856743,Rianxo,O Araño (Santa Baia),1,PNOA-2024-GAL-517-4728-H29-NPC01.LAZ
539,4761,0.0,4.144930169394048,4.144930169394048,Trazo,Vilouchada (San Vicenzo),1,PNOA-2024-GAL-539-4761-H29-NPC01.LAZ
580,4748,0.0,4.142282802155808,4.142282802155808,Santiso,Niñodaguia (San Paio),3,PNOA-2024-GAL-580-4748-H29-NPC01.LAZ
548,4738,0.0,4.141721107388611,4.141721107388611,Boqueixón,Codeso (Santaia),2,PNOA-2024-GAL-548-4738-H29-NPC01.LAZ
539,4790,0.0,4.13749748395398,4.13749748395398,A Laracha,Erboedo (Santa María),1,PNOA-2024-GAL-539-4790-H29-NPC01.LAZ
521,4739,0.8025371167439218,3.3286135752314903,4.131150691975412,Rois,Augasantas (San Vicente),1,PNOA-2024-GAL-521-4739-H29-NPC01.LAZ
571,4766,0.7318536573402761,3.3987954164025034,4.130649073742779,Boimorto,Andavao (San Martiño),1,PNOA-2024-GAL-571-4766-H29-NPC01.LAZ
551,4745,0.0,4.123594209898991,4.123594209898991,Touro,Prevediños (Santiago),1,PNOA-2024-GAL-551-4745-H29-NPC01.LAZ
517,4781,2.811264702953519,1.3098787990588032,4.121143502012322,Coristanco,Santa Baia de Castro (Santa Baia),2,PNOA-2024-GAL-517-4781-H29-NPC01.LAZ
498,4777,3.6955215063323403,0.42516868740080666,4.120690193733147,Vimianzo,Salto (Santa María),2,PNOA-2024-GAL-498-4777-H29-NPC01.LAZ
533,4756,0.058158472147397444,4.060285865447912,4.118444337595309,Santiago de Compostela,Fecha (San Xoán),1,PNOA-2024-GAL-533-4756-H29-NPC01.LAZ
515,4744,0.0,4.115672827204239,4.115672827204239,Brión,Cornanda (Santa María),2,PNOA-2024-GAL-515-4744-H29-NPC01.LAZ
516,4734,2.9363580256082598,1.1780791173685148,4.114437142976774,Lousame,Fruíme (San Martiño),1,PNOA-2024-GAL-516-4734-H29-NPC01.LAZ
534,4735,0.026037202896850555,4.087090935009358,4.113128137906209,Teo,Reis (San Cristovo),2,PNOA-2024-GAL-534-4735-H29-NPC01.LAZ
495,4776,1.3894186873765877,2.7229601836879747,4.112378871064562,Vimianzo,Vimianzo (San Vicenzo),2,PNOA-2024-GAL-495-4776-H29-NPC01.LAZ
578,4817,0.0,4.102460678906148,4.102460678906148,San Sadurniño,Igrexafeita (Santa María),1,PNOA-2024-GAL-578-4817-H29-NPC01.LAZ
534,4762,0.31682289900511557,3.7852598662412094,4.102082765246325,Trazo,Xavestre (San Cristovo),1,PNOA-2024-GAL-534-4762-H29-NPC01.LAZ
602,4840,0.0,4.098908459210736,4.098908459210736,Mañón,As Ribeiras do Sor (San Cristovo),1,PNOA-2024-GAL-602-4840-H29-NPC01.LAZ
568,4787,1.0023056803675143,3.095386279243923,4.097691959611438,Oza dos Ríos,Reboredo (Santiago),2,PNOA-2024-GAL-568-4787-H29-NPC01.LAZ
582,4782,0.0,4.094912635333341,4.094912635333341,Aranga,Aranga (San Paio),1,PNOA-2024-GAL-582-4782-H29-NPC01.LAZ
504,4770,0.5627962896019565,3.528031616922899,4.090827906524855,Vimianzo,Treos (San Miguel),1,PNOA-2024-GAL-504-4770-H29-NPC01.LAZ
583,4792,0.0,4.086624734704993,4.086624734704993,Aranga,Cambás (San Pedro),1,PNOA-2024-GAL-583-4792-H29-NPC01.LAZ
545,4780,4.080614115990136,0.0,4.080614115990136,Cerceda,Cerceda (San Martiño),2,PNOA-2024-GAL-545-4780-H29-NPC01.LAZ
499,4764,2.250030332631206,1.8286588501799468,4.078689182811153,Vimianzo,Baíñas (Santo Antoíño),1,PNOA-2024-GAL-499-4764-H29-NPC01.LAZ
517,4791,0.0,4.077917544215806,4.077917544215806,Ponteceso,Xornes (San Xoán),1,PNOA-2024-GAL-517-4791-H29-NPC01.LAZ
570,4785,2.1986084373674775,1.879000130499272,4.07760856786675,Oza dos Ríos,Bandoxa (San Martiño),1,PNOA-2024-GAL-570-4785-H29-NPC01.LAZ
512,4737,0.977516286626331,3.0998083240143783,4.0773246106407095,Lousame,Lousame (San Xoán),1,PNOA-2024-GAL-512-4737-H29-NPC01.LAZ
576,4804,1.1109200775213341,2.9658905921067036,4.0768106696280375,Monfero,Queixeiro (San Xurxo),1,PNOA-2024-GAL-576-4804-H29-NPC01.LAZ
513,4743,0.3535328060362477,3.7206446912736397,4.074177497309887,Noia,Roo (Santa María),1,PNOA-2024-GAL-513-4743-H29-NPC01.LAZ
576,4745,0.0,4.067837382751134,4.067837382751134,Santiso,Santiso (Santa María),2,PNOA-2024-GAL-576-4745-H29-NPC01.LAZ
501,4774,0.0,4.066721280645878,4.066721280645878,Vimianzo,Tines (Santa Baia),1,PNOA-2024-GAL-501-4774-H29-NPC01.LAZ
501,4778,2.0585395859784534,2.006580546272009,4.065120132250462,Vimianzo,Bamiro (San Amedio)),2,PNOA-2024-GAL-501-4778-H29-NPC01.LAZ
580,4810,0.0,4.064974397660235,4.064974397660235,A Capela,Capela (Santiago),1,PNOA-2024-GAL-580-4810-H29-NPC01.LAZ
491,4753,0.0,4.063790627548105,4.063790627548105,Dumbría,O Ézaro (Santa Uxía),1,PNOA-2024-GAL-491-4753-H29-NPC01.LAZ
560,4750,0.0,4.0628344062021,4.0628344062021,Touro,San Fiz de Quión (San Fiz),2,PNOA-2024-GAL-560-4750-H29-NPC01.LAZ
526,4755,0.0,4.058357731188324,4.058357731188324,A Baña,Troitosende (Santa María),1,PNOA-2024-GAL-526-4755-H29-NPC01.LAZ
565,4811,0.0,4.057626386682113,4.057626386682113,Fene,Maniños (San Salvador),1,PNOA-2024-GAL-565-4811-H29-NPC01.LAZ
560,4765,1.8323885080998858,2.22244526481444,4.054833772914326,Frades,Gafoi (Santa Mariña),1,PNOA-2024-GAL-560-4765-H29-NPC01.LAZ
503,4784,0.03698240815481345,4.017366355016059,4.054348763170872,Cabana de Bergantiños,Cánduas (San Martiño),1,PNOA-2024-GAL-503-4784-H29-NPC01.LAZ
564,4757,1.4965606240991716,2.5553327906488867,4.051893414748058,Arzúa,San Martiño de Calvos de Sobrecamiño (San Martiño),1,PNOA-2024-GAL-564-4757-H29-NPC01.LAZ
505,4728,0.0,4.05086591223615,4.05086591223615,Boiro,Cures (Santo André),1,PNOA-2024-GAL-505-4728-H29-NPC01.LAZ
578,4803,0.8824763608735245,3.166540459024015,4.04901681989754,Monfero,San Fiz de Monfero (San Fiz),1,PNOA-2024-GAL-578-4803-H29-NPC01.LAZ
550,4745,0.0,4.047413097989975,4.047413097989975,Touro,Prevediños (Santiago),1,PNOA-2024-GAL-550-4745-H29-NPC01.LAZ
572,4824,0.0,4.046120882176017,4.046120882176017,San Sadurniño,Santa Mariña do Monte (Santa Mariña),1,PNOA-2024-GAL-572-4824-H29-NPC01.LAZ
501,4729,0.0,4.0437834221745925,4.0437834221745925,Porto do Son,Nebra (Santa María),2,PNOA-2024-GAL-501-4729-H29-NPC01.LAZ
522,4725,4.043358359994747,0.0,4.043358359994747,Rianxo,Isorna (Santa María),1,PNOA-2024-GAL-522-4725-H29-NPC01.LAZ
497,4739,0.0,4.042524137483192,4.042524137483192,Muros,Abelleira (Santo Estevo),1,PNOA-2024-GAL-497-4739-H29-NPC01.LAZ
583,4820,0.0,4.0394317004245215,4.0394317004245215,As Somozas,As Somozas (Santiago Seré),1,PNOA-2024-GAL-583-4820-H29-NPC01.LAZ
526,4733,1.167891244961022,2.867343719983469,4.0352349649444905,Padrón,Padrón (Santiago),1,PNOA-2024-GAL-526-4733-H29-NPC01.LAZ
550,4738,0.0,4.034676081788755,4.034676081788755,Boqueixón,Donas (San Pedro),1,PNOA-2024-GAL-550-4738-H29-NPC01.LAZ
506,4745,0.0,4.033012630201686,4.033012630201686,Outes,Outes (San Pedro),1,PNOA-2024-GAL-506-4745-H29-NPC01.LAZ
558,4767,2.088166637861641,1.9421715456695212,4.030338183531162,Frades,Papucín (Santa María),2,PNOA-2024-GAL-558-4767-H29-NPC01.LAZ
561,4776,0.0,4.027647144838215,4.027647144838215,Mesía,Mesía (San Cristovo),1,PNOA-2024-GAL-561-4776-H29-NPC01.LAZ
523,4733,0.0,4.027265353629744,4.027265353629744,Rois,Rois (San Mamede),2,PNOA-2024-GAL-523-4733-H29-NPC01.LAZ
576,4788,0.0,4.025414003580002,4.025414003580002,Aranga,Muniferral (San Cristovo),1,PNOA-2024-GAL-576-4788-H29-NPC01.LAZ
582,4771,0.0,4.020145763609197,4.020145763609197,Sobrado,Grixalba (San Xiao),1,PNOA-2024-GAL-582-4771-H29-NPC01.LAZ
544,4779,0.0,4.019312667863506,4.019312667863506,Cerceda,Queixas (Santa María),1,PNOA-2024-GAL-544-4779-H29-NPC01.LAZ
508,4779,0.0,4.0185204267731836,4.0185204267731836,Cabana de Bergantiños,Anós (Santo Estevo),1,PNOA-2024-GAL-508-4779-H29-NPC01.LAZ
511,4773,0.0,4.016793412377035,4.016793412377035,Santa Comba,Santa Sabiña (San Xulián),1,PNOA-2024-GAL-511-4773-H29-NPC01.LAZ
592,4827,2.0531702096935094,1.9624768642608799,4.015647073954389,Ortigueira,Insua (San Xoán),2,PNOA-2024-GAL-592-4827-H29-NPC01.LAZ
586,4810,3.3320951077746415,0.6830105972531147,4.015105705027756,As Pontes de García Rodríguez,Ribadeume (Santa María),3,PNOA-2024-GAL-586-4810-H29-NPC01.LAZ
585,4807,4.007656523401837,0.0,4.007656523401837,As Pontes de García Rodríguez,A Faeira (San Pedro),1,PNOA-2024-GAL-585-4807-H29-NPC01.LAZ
567,4760,1.7549397208232074,2.2521818936000964,4.007121614423304,Boimorto,Sendelle (Santa María),2,PNOA-2024-GAL-567-4760-H29-NPC01.LAZ
499,4761,0.0,3.997924457292955,3.997924457292955,Dumbría,Olveira (San Martiño),1,PNOA-2024-GAL-499-4761-H29-NPC01.LAZ
537,4780,0.0,3.995157956517448,3.995157956517448,Cerceda,Rodís (San Martiño),1,PNOA-2024-GAL-537-4780-H29-NPC01.LAZ
559,4745,0.0,3.992136075944061,3.992136075944061,Touro,Cornado (Santiso),1,PNOA-2024-GAL-559-4745-H29-NPC01.LAZ
500,4781,0.0,3.991209997263463,3.991209997263463,Laxe,Sarces (San Amedio),1,PNOA-2024-GAL-500-4781-H29-NPC01.LAZ
517,4742,0.0,3.9878294812959725,3.9878294812959725,Lousame,Toxos Outos (San Xusto),1,PNOA-2024-GAL-517-4742-H29-NPC01.LAZ
580,4767,0.0,3.9867039268123747,3.9867039268123747,Sobrado,A Porta (San Pedro),2,PNOA-2024-GAL-580-4767-H29-NPC01.LAZ
501,4744,0.0,3.9842491342616126,3.9842491342616126,Outes,Valadares (San Miguel),1,PNOA-2024-GAL-501-4744-H29-NPC01.LAZ
514,4789,0.0,3.982188260586608,3.982188260586608,Ponteceso,Pazos (San Salvador),1,PNOA-2024-GAL-514-4789-H29-NPC01.LAZ
534,4736,0.0,3.9808784842893443,3.9808784842893443,Teo,Rarís (San Miguel),2,PNOA-2024-GAL-534-4736-H29-NPC01.LAZ
501,4743,0.0,3.973708844632718,3.973708844632718,Muros,Esteiro (Santa Mariña),1,PNOA-2024-GAL-501-4743-H29-NPC01.LAZ
509,4750,0.0,3.9725320004801543,3.9725320004801543,Outes,Santo Ourente de Entíns (Santo Ourente),1,PNOA-2024-GAL-509-4750-H29-NPC01.LAZ
511,4757,0.0,3.972374293637075,3.972374293637075,Negreira,Bugallido (San Pedro),1,PNOA-2024-GAL-511-4757-H29-NPC01.LAZ
516,4755,1.4266399205844147,2.539198106685538,3.9658380272699527,A Baña,Ordoeste (Santa María),2,PNOA-2024-GAL-516-4755-H29-NPC01.LAZ
484,4753,0.0422339329473406,3.9235190711790606,3.9657530041264013,Corcubión,Redonda (San Pedro),1,PNOA-2024-GAL-484-4753-H29-NPC01.LAZ
590,4827,3.9633387071868262,0.0,3.9633387071868262,Ortigueira,Insua (San Xoán),1,PNOA-2024-GAL-590-4827-H29-NPC01.LAZ
563,4769,0.0,3.9595115928263525,3.9595115928263525,Mesía,Lanzá (San Mamede),2,PNOA-2024-GAL-563-4769-H29-NPC01.LAZ
520,4744,0.6767426392747202,3.2816930648778966,3.958435704152617,Rois,Urdilde (Santa María),2,PNOA-2024-GAL-520-4744-H29-NPC01.LAZ
510,4768,0.0,3.95662788383909,3.95662788383909,Santa Comba,Cícere (San Pedro),1,PNOA-2024-GAL-510-4768-H29-NPC01.LAZ
591,4828,3.9560517356554272,0.0,3.9560517356554272,Ortigueira,Insua (San Xoán),2,PNOA-2024-GAL-591-4828-H29-NPC01.LAZ
478,4757,0.0,3.955594473255974,3.955594473255974,Fisterra,Sardiñeiro (San Xoán),1,PNOA-2024-GAL-478-4757-H29-NPC01.LAZ
582,4784,0.0,3.9548570069700917,3.9548570069700917,Aranga,Aranga (San Paio),1,PNOA-2024-GAL-582-4784-H29-NPC01.LAZ
586,4760,0.0,3.9521615440537103,3.9521615440537103,Toques,Paradela (San Paio),1,PNOA-2024-GAL-586-4760-H29-NPC01.LAZ
562,4744,0.0,3.949210536124893,3.949210536124893,Touro,Calvos de Socamiño (San Martiño),1,PNOA-2024-GAL-562-4744-H29-NPC01.LAZ
593,4808,3.945526692015966,0.0,3.945526692015966,As Pontes de García Rodríguez,O Aparral (Santa María),2,PNOA-2024-GAL-593-4808-H29-NPC01.LAZ
516,4740,0.0,3.942233889048414,3.942233889048414,Lousame,Toxos Outos (San Xusto),1,PNOA-2024-GAL-516-4740-H29-NPC01.LAZ
512,4759,0.0,3.9386010070057855,3.9386010070057855,Santa Comba,Fontecada (San Martiño),1,PNOA-2024-GAL-512-4759-H29-NPC01.LAZ
566,4811,0.0,3.9374204654972678,3.9374204654972678,Fene,Maniños (San Salvador),2,PNOA-2024-GAL-566-4811-H29-NPC01.LAZ
508,4764,0.0,3.932692789957719,3.932692789957719,Santa Comba,Grixoa (San Xoán),1,PNOA-2024-GAL-508-4764-H29-NPC01.LAZ
519,4752,0.0,3.9306051217755584,3.9306051217755584,Negreira,Zas (San Mamede),1,PNOA-2024-GAL-519-4752-H29-NPC01.LAZ
531,4738,0.0,3.9248579945741406,3.9248579945741406,Teo,Lampai (Santa María),1,PNOA-2024-GAL-531-4738-H29-NPC01.LAZ
539,4791,3.921577525969939,0.0,3.921577525969939,Arteixo,Larín (Santo Estevo),2,PNOA-2024-GAL-539-4791-H29-NPC01.LAZ
512,4776,1.5687963814707424,2.3485322285807793,3.9173286100515217,Coristanco,Cuns (San Vicenzo),1,PNOA-2024-GAL-512-4776-H29-NPC01.LAZ
532,4783,0.0,3.9127995133356515,3.9127995133356515,Carballo,Sofán (San Salvador),1,PNOA-2024-GAL-532-4783-H29-NPC01.LAZ
527,4786,0.0,3.910596099088455,3.910596099088455,Carballo,Bértoa (Santa María),1,PNOA-2024-GAL-527-4786-H29-NPC01.LAZ
509,4746,0.0,3.90978478318014,3.90978478318014,Outes,Santo Ourente de Entíns (Santo Ourente),1,PNOA-2024-GAL-509-4746-H29-NPC01.LAZ
579,4773,0.0,3.901687830340267,3.901687830340267,Curtis,Foxados (Santa María),2,PNOA-2024-GAL-579-4773-H29-NPC01.LAZ
596,4810,3.8972662298551937,0.0,3.8972662298551937,As Pontes de García Rodríguez,O Aparral (Santa María),1,PNOA-2024-GAL-596-4810-H29-NPC01.LAZ
524,4747,0.0,3.8933201339301426,3.8933201339301426,Brión,Brión (San Fins),1,PNOA-2024-GAL-524-4747-H29-NPC01.LAZ
571,4830,0.0,3.89220267427395,3.89220267427395,Valdoviño,Pantín (Santiago),1,PNOA-2024-GAL-571-4830-H29-NPC01.LAZ
548,4798,0.11205723883489796,3.775016643393906,3.8870738822288042,A Coruña,Elviña (San Vicenzo),1,PNOA-2024-GAL-548-4798-H29-NPC01.LAZ
510,4783,0.9806741737649699,2.9017036817258792,3.8823778554908492,Cabana de Bergantiños,A Silvarredonda (San Pedro),1,PNOA-2024-GAL-510-4783-H29-NPC01.LAZ
544,4740,0.0,3.8818982591858915,3.8818982591858915,Boqueixón,Lestedo (Santa María),1,PNOA-2024-GAL-544-4740-H29-NPC01.LAZ
524,4777,0.0,3.878927526729221,3.878927526729221,Coristanco,Erbecedo (San Salvador),2,PNOA-2024-GAL-524-4777-H29-NPC01.LAZ
508,4786,3.5012820918082963,0.37691552185288807,3.878197613661184,Cabana de Bergantiños,Cesullas (Santo Estevo),3,PNOA-2024-GAL-508-4786-H29-NPC01.LAZ
522,4752,0.0,3.8750203251284634,3.8750203251284634,Negreira,Negreira (San Xián),3,PNOA-2024-GAL-522-4752-H29-NPC01.LAZ
530,4792,0.0,3.8746485705305775,3.8746485705305775,A Laracha,Lendo (San Xián),1,PNOA-2024-GAL-530-4792-H29-NPC01.LAZ
513,4789,0.0,3.8744455180537427,3.8744455180537427,Ponteceso,Tallo (Santo André),2,PNOA-2024-GAL-513-4789-H29-NPC01.LAZ
552,4747,0.0,3.8736135085765606,3.8736135085765606,Touro,Loxo (Santa María),1,PNOA-2024-GAL-552-4747-H29-NPC01.LAZ
541,4761,0.0,3.870644684291985,3.870644684291985,Trazo,Berreo (San Mamede),1,PNOA-2024-GAL-541-4761-H29-NPC01.LAZ
561,4788,0.0,3.870621866267096,3.870621866267096,Abegondo,Cos (Santo Estevo),1,PNOA-2024-GAL-561-4788-H29-NPC01.LAZ
569,4812,0.22308304298850104,3.647449575486799,3.8705326184753,Fene,Magalofes (San Xurxo),1,PNOA-2024-GAL-569-4812-H29-NPC01.LAZ
543,4789,0.0,3.869310382383653,3.869310382383653,A Laracha,Soandres (San Pedro),1,PNOA-2024-GAL-543-4789-H29-NPC01.LAZ
574,4833,0.0,3.8684912860734304,3.8684912860734304,Valdoviño,Vilarrube (San Martiño),1,PNOA-2024-GAL-574-4833-H29-NPC01.LAZ
507,4728,0.0,3.864485741108573,3.864485741108573,Boiro,Cures (Santo André),1,PNOA-2024-GAL-507-4728-H29-NPC01.LAZ
549,4745,0.0,3.8569580166711566,3.8569580166711566,Touro,Prevediños (Santiago),1,PNOA-2024-GAL-549-4745-H29-NPC01.LAZ
582,4819,0.0,3.856345487244134,3.856345487244134,San Sadurniño,Igrexafeita (Santa María),1,PNOA-2024-GAL-582-4819-H29-NPC01.LAZ
503,4748,0.0,3.855368072258035,3.855368072258035,Outes,Valadares (San Miguel),1,PNOA-2024-GAL-503-4748-H29-NPC01.LAZ
591,4838,3.0430069813202643,0.8123363714522632,3.8553433527725276,Ortigueira,Luama (San Martiño),2,PNOA-2024-GAL-591-4838-H29-NPC01.LAZ
510,4740,0.0,3.8506972567667725,3.8506972567667725,Noia,Roo (Santa María),1,PNOA-2024-GAL-510-4740-H29-NPC01.LAZ
559,4750,0.0,3.8494078223758765,3.8494078223758765,Touro,San Fiz de Quión (San Fiz),1,PNOA-2024-GAL-559-4750-H29-NPC01.LAZ
577,4804,0.09539853920562212,3.7513354243733215,3.8467339635789437,Monfero,San Fiz de Monfero (San Fiz),1,PNOA-2024-GAL-577-4804-H29-NPC01.LAZ
577,4808,0.4941071368839668,3.34859788240598,3.842705019289947,A Capela,Capela (Santiago),1,PNOA-2024-GAL-577-4808-H29-NPC01.LAZ
590,4822,0.0,3.8411487559782014,3.8411487559782014,As Somozas,Seixas (Santa María),1,PNOA-2024-GAL-590-4822-H29-NPC01.LAZ
600,4824,0.0,3.8397663156985984,3.8397663156985984,Mañón,As Grañas do Sor (San Mamede),1,PNOA-2024-GAL-600-4824-H29-NPC01.LAZ
499,4720,0.0,3.8395198667811674,3.8395198667811674,Porto do Son,Xuño (Santa Mariña),1,PNOA-2024-GAL-499-4720-H29-NPC01.LAZ
580,4835,0.0,3.8376313304316607,3.8376313304316607,Cedeira,San Román de Montoxo (San Román),1,PNOA-2024-GAL-580-4835-H29-NPC01.LAZ
568,4765,0.0,3.8363965430502818,3.8363965430502818,Boimorto,Arceo (San Vicenzo),1,PNOA-2024-GAL-568-4765-H29-NPC01.LAZ
525,4732,0.0,3.8343472852472673,3.8343472852472673,Dodro,Laíño (San Xián),2,PNOA-2024-GAL-525-4732-H29-NPC01.LAZ
528,4752,0.0,3.832016628109236,3.832016628109236,Ames,Ames (San Tomé),2,PNOA-2024-GAL-528-4752-H29-NPC01.LAZ
538,4775,0.0,3.8315857319433557,3.8315857319433557,Tordoia,Bardaos (Santa María),1,PNOA-2024-GAL-538-4775-H29-NPC01.LAZ
558,4772,0.5899575850487426,3.241316424609852,3.8312740096585944,Frades,Abellá (Santo Estevo),2,PNOA-2024-GAL-558-4772-H29-NPC01.LAZ
563,4759,1.2913522470506689,2.539392695133594,3.830744942184263,Arzúa,San Martiño de Calvos de Sobrecamiño (San Martiño),1,PNOA-2024-GAL-563-4759-H29-NPC01.LAZ
558,4794,0.0,3.828756809371471,3.828756809371471,Bergondo,Guísamo (Santa María),2,PNOA-2024-GAL-558-4794-H29-NPC01.LAZ
571,4774,0.0,3.8286489906880252,3.8286489906880252,Curtis,Fisteus (Santa María),1,PNOA-2024-GAL-571-4774-H29-NPC01.LAZ
569,4762,3.8266658763993213,0.0,3.8266658763993213,Boimorto,Cardeiro (San Pedro),2,PNOA-2024-GAL-569-4762-H29-NPC01.LAZ
581,4781,0.0,3.8234388615944312,3.8234388615944312,Curtis,Foxados (Santa María),1,PNOA-2024-GAL-581-4781-H29-NPC01.LAZ
575,4747,0.0,3.8170982586885214,3.8170982586885214,Santiso,Belmil (San Pedro),1,PNOA-2024-GAL-575-4747-H29-NPC01.LAZ
571,4794,0.0,3.8159393172151397,3.8159393172151397,Paderne,San Xulián de Vigo (San Xulián),2,PNOA-2024-GAL-571-4794-H29-NPC01.LAZ
579,4762,0.0,3.81449258944048,3.81449258944048,Sobrado,Nogueira (San Xurxo),1,PNOA-2024-GAL-579-4762-H29-NPC01.LAZ
586,4766,0.0,3.8137568874161465,3.8137568874161465,Sobrado,Roade (Santo André),1,PNOA-2024-GAL-586-4766-H29-NPC01.LAZ
489,4744,0.0,3.812416984035085,3.812416984035085,Carnota,San Mamede de Carnota (San Mamede),1,PNOA-2024-GAL-489-4744-H29-NPC01.LAZ
558,4746,0.0,3.811443193298052,3.811443193298052,Touro,Fao (Santa Uxía),1,PNOA-2024-GAL-558-4746-H29-NPC01.LAZ
563,4761,0.0,3.8112955856553503,3.8112955856553503,Arzúa,Campo (Santo Estevo),1,PNOA-2024-GAL-563-4761-H29-NPC01.LAZ
564,4759,0.0,3.8072151979442204,3.8072151979442204,Arzúa,San Martiño de Calvos de Sobrecamiño (San Martiño),1,PNOA-2024-GAL-564-4759-H29-NPC01.LAZ
502,4728,0.0,3.8060537830309467,3.8060537830309467,Porto do Son,Noal (San Vicente),1,PNOA-2024-GAL-502-4728-H29-NPC01.LAZ
545,4790,3.8049392296182507,0.0,3.8049392296182507,Culleredo,Veiga (San Silvestre),1,PNOA-2024-GAL-545-4790-H29-NPC01.LAZ
517,4739,3.801434280683847,0.0,3.801434280683847,Lousame,Lesende (San Martiño),2,PNOA-2024-GAL-517-4739-H29-NPC01.LAZ
582,4794,0.0,3.792121081562488,3.792121081562488,Monfero,O Val de Xestoso (San Pedro),1,PNOA-2024-GAL-582-4794-H29-NPC01.LAZ
494,4758,0.0,3.7919919593646463,3.7919919593646463,Dumbría,Olveira (San Martiño),2,PNOA-2024-GAL-494-4758-H29-NPC01.LAZ
598,4820,3.7916614831321116,0.0,3.7916614831321116,As Pontes de García Rodríguez,O Freixo (San Xoán),1,PNOA-2024-GAL-598-4820-H29-NPC01.LAZ
524,4788,0.0,3.7864161177431246,3.7864161177431246,Carballo,Oza (San Breixo),3,PNOA-2024-GAL-524-4788-H29-NPC01.LAZ
511,4789,0.0,3.786232320944774,3.786232320944774,Ponteceso,Tallo (Santo André),1,PNOA-2024-GAL-511-4789-H29-NPC01.LAZ
579,4840,0.16453304229631788,3.6205213462320067,3.7850543885283248,Cedeira,Cervo (Santalla),1,PNOA-2024-GAL-579-4840-H29-NPC01.LAZ
565,4796,1.088940779688194,2.6909459174443944,3.7798866971325884,Paderne,Souto (Santa María),2,PNOA-2024-GAL-565-4796-H29-NPC01.LAZ
523,4742,1.4961421166798452,2.2767325827730596,3.7728746994529048,Rois,Urdilde (Santa María),1,PNOA-2024-GAL-523-4742-H29-NPC01.LAZ
596,4827,3.772780286465637,0.0,3.772780286465637,Ortigueira,As Neves (Santa María),1,PNOA-2024-GAL-596-4827-H29-NPC01.LAZ
523,4734,0.652058445668232,3.1169098788368808,3.7689683245051127,Rois,Rois (San Mamede),2,PNOA-2024-GAL-523-4734-H29-NPC01.LAZ
574,4828,0.0,3.7665515761353174,3.7665515761353174,Valdoviño,Loira (San Pedro),1,PNOA-2024-GAL-574-4828-H29-NPC01.LAZ
599,4829,0.0,3.765543664982153,3.765543664982153,Mañón,As Grañas do Sor (San Mamede),1,PNOA-2024-GAL-599-4829-H29-NPC01.LAZ
521,4733,0.0,3.761321964042001,3.761321964042001,Rois,Buxán (San Xoán),1,PNOA-2024-GAL-521-4733-H29-NPC01.LAZ
491,4778,0.9189135269493401,2.8402904507566262,3.7592039777059663,Camariñas,A Ponte do Porto (San Pedro),2,PNOA-2024-GAL-491-4778-H29-NPC01.LAZ
500,4727,0.0,3.7570155520312034,3.7570155520312034,Porto do Son,Baroña (San Pedro),1,PNOA-2024-GAL-500-4727-H29-NPC01.LAZ
516,4770,0.0,3.7488542762133794,3.7488542762133794,Santa Comba,San Salvador de Padreiro (San Salvador),1,PNOA-2024-GAL-516-4770-H29-NPC01.LAZ
552,4757,0.0,3.7470139125858193,3.7470139125858193,Oroso,Cardama (Santa María),1,PNOA-2024-GAL-552-4757-H29-NPC01.LAZ
512,4768,0.0,3.746140384930322,3.746140384930322,Santa Comba,Arantón (San Vicente),2,PNOA-2024-GAL-512-4768-H29-NPC01.LAZ
593,4826,3.7458769281348223,0.0,3.7458769281348223,Ortigueira,As Neves (Santa María),1,PNOA-2024-GAL-593-4826-H29-NPC01.LAZ
586,4823,0.0,3.742253624306219,3.742253624306219,As Somozas,As Somozas (Santiago Seré),2,PNOA-2024-GAL-586-4823-H29-NPC01.LAZ
514,4732,0.0,3.7351083231721685,3.7351083231721685,Lousame,Fruíme (San Martiño),1,PNOA-2024-GAL-514-4732-H29-NPC01.LAZ
531,4733,1.3678018071418578,2.3672749517444913,3.735076758886349,Padrón,Carcacia (San Pedro),1,PNOA-2024-GAL-531-4733-H29-NPC01.LAZ
578,4795,0.0,3.7346154413436063,3.7346154413436063,Monfero,Santa Xiá de Monfero (Santa Xiá),2,PNOA-2024-GAL-578-4795-H29-NPC01.LAZ
572,4805,0.0620596676336289,3.670130812807037,3.732190480440666,Vilarmaior,Grandal (San Pedro),2,PNOA-2024-GAL-572-4805-H29-NPC01.LAZ
594,4839,3.729457698070096,0.0,3.729457698070096,Ortigueira,O Mosteiro (San Xoán),2,PNOA-2024-GAL-594-4839-H29-NPC01.LAZ
572,4815,0.0,3.7284848562005917,3.7284848562005917,Neda,Viladonelle (Santo André),1,PNOA-2024-GAL-572-4815-H29-NPC01.LAZ
559,4766,2.999092634151048,0.7288564740866492,3.7279491082376977,Frades,Frades (San Martiño),2,PNOA-2024-GAL-559-4766-H29-NPC01.LAZ
578,4776,0.0,3.7245091234390864,3.7245091234390864,Curtis,Curtis (Santaia),2,PNOA-2024-GAL-578-4776-H29-NPC01.LAZ
586,4774,0.0,3.723576786464083,3.723576786464083,Sobrado,Grixalba (San Xiao),1,PNOA-2024-GAL-586-4774-H29-NPC01.LAZ
561,4759,0.9241279624285438,2.7950512921545947,3.7191792545831386,Arzúa,Campo (Santo Estevo),2,PNOA-2024-GAL-561-4759-H29-NPC01.LAZ
581,4784,0.0,3.7190406619804257,3.7190406619804257,Aranga,Vilarraso (San Lourenzo),1,PNOA-2024-GAL-581-4784-H29-NPC01.LAZ
498,4744,0.0,3.7168838423660713,3.7168838423660713,Muros,Torea (San Xián),1,PNOA-2024-GAL-498-4744-H29-NPC01.LAZ
590,4820,0.0,3.7163067250881223,3.7163067250881223,As Somozas,Seixas (Santa María),1,PNOA-2024-GAL-590-4820-H29-NPC01.LAZ
578,4805,1.321853537181539,2.3939274137221536,3.7157809509036923,Monfero,San Fiz de Monfero (San Fiz),1,PNOA-2024-GAL-578-4805-H29-NPC01.LAZ
588,4820,0.0,3.714749809665237,3.714749809665237,As Somozas,As Somozas (Santiago Seré),1,PNOA-2024-GAL-588-4820-H29-NPC01.LAZ
562,4751,0.0,3.7137242246926,3.7137242246926,Touro,Beseño (San Cristovo),1,PNOA-2024-GAL-562-4751-H29-NPC01.LAZ
598,4836,3.7113208051574342,0.0,3.7113208051574342,Ortigueira,Couzadoiro (San Cristovo),2,PNOA-2024-GAL-598-4836-H29-NPC01.LAZ
591,4834,2.6103740579489987,1.0813890761424667,3.6917631340914654,Ortigueira,San Claudio (Santa María),2,PNOA-2024-GAL-591-4834-H29-NPC01.LAZ
593,4814,3.6910347667312084,0.0,3.6910347667312084,As Pontes de García Rodríguez,As Pontes de García Rodríguez (Santa María),1,PNOA-2024-GAL-593-4814-H29-NPC01.LAZ
556,4768,1.9886236794975707,1.7002092773682578,3.6888329568658285,Frades,Mesos (San Salvador),2,PNOA-2024-GAL-556-4768-H29-NPC01.LAZ
576,4769,0.0,3.6835811964894334,3.6835811964894334,Vilasantar,San Vicenzo de Curtis (San Vicenzo),1,PNOA-2024-GAL-576-4769-H29-NPC01.LAZ
509,4729,1.0895361938073485,2.588975357906781,3.67851155171413,Boiro,Macenda (San Xoán),1,PNOA-2024-GAL-509-4729-H29-NPC01.LAZ
568,4774,0.0,3.677843762198955,3.677843762198955,Vilasantar,Barbeito (San Salvador),1,PNOA-2024-GAL-568-4774-H29-NPC01.LAZ
576,4771,0.0,3.6739511168428507,3.6739511168428507,Vilasantar,San Vicenzo de Curtis (San Vicenzo),1,PNOA-2024-GAL-576-4771-H29-NPC01.LAZ
510,4747,0.0,3.6700914344165674,3.6700914344165674,Negreira,Xallas (San Pedro),1,PNOA-2024-GAL-510-4747-H29-NPC01.LAZ
594,4824,3.6689180498606127,0.0,3.6689180498606127,As Pontes de García Rodríguez,O Freixo (San Xoán),1,PNOA-2024-GAL-594-4824-H29-NPC01.LAZ
508,4752,0.0,3.6688680990119162,3.6688680990119162,Negreira,Campolongo (Santa Cruz),1,PNOA-2024-GAL-508-4752-H29-NPC01.LAZ
488,4752,0.7563704719970512,2.906105605523265,3.6624760775203162,Dumbría,O Ézaro (Santa Uxía),1,PNOA-2024-GAL-488-4752-H29-NPC01.LAZ
521,4740,0.0,3.657322690934067,3.657322690934067,Rois,Ermedelo (San Martiño),2,PNOA-2024-GAL-521-4740-H29-NPC01.LAZ
526,4754,0.08837642602681815,3.5668538614307153,3.6552302874575333,Ames,Ames (San Tomé),2,PNOA-2024-GAL-526-4754-H29-NPC01.LAZ
566,4788,0.0,3.6492402035473006,3.6492402035473006,Oza dos Ríos,Oza (San Pedro),1,PNOA-2024-GAL-566-4788-H29-NPC01.LAZ
578,4791,0.0,3.6484741789075863,3.6484741789075863,Irixoa,Verís (Santa María),1,PNOA-2024-GAL-578-4791-H29-NPC01.LAZ
591,4818,0.0,3.6483797437908185,3.6483797437908185,As Somozas,Seixas (Santa María),1,PNOA-2024-GAL-591-4818-H29-NPC01.LAZ
557,4789,0.0,3.6477667605342377,3.6477667605342377,Carral,Vigo (San Vicente),2,PNOA-2024-GAL-557-4789-H29-NPC01.LAZ
510,4735,0.4820270497207905,3.157943057318822,3.6399701070396127,Lousame,Tállara (San Pedro),3,PNOA-2024-GAL-510-4735-H29-NPC01.LAZ
554,4770,0.42729478623469586,3.21115977037744,3.638454556612136,Frades,Abellá (Santo Estevo),2,PNOA-2024-GAL-554-4770-H29-NPC01.LAZ
515,4773,0.0,3.6349164348021996,3.6349164348021996,Santa Comba,Grixoa de Esternande (Santa María),1,PNOA-2024-GAL-515-4773-H29-NPC01.LAZ
534,4770,0.0,3.6329870229205645,3.6329870229205645,Tordoia,Cabaleiros (San Xián),1,PNOA-2024-GAL-534-4770-H29-NPC01.LAZ
547,4779,0.9617588400930548,2.6612962119098293,3.623055052002884,Ordes,Ardemil (San Pedro),2,PNOA-2024-GAL-547-4779-H29-NPC01.LAZ
573,4789,0.0,3.6225463968413223,3.6225463968413223,Aranga,Feás (San Pedro),1,PNOA-2024-GAL-573-4789-H29-NPC01.LAZ
509,4720,0.05558336704268649,3.566242261193457,3.6218256282361434,Boiro,Castro (Santa María),1,PNOA-2024-GAL-509-4720-H29-NPC01.LAZ
573,4794,0.0,3.6200609892325395,3.6200609892325395,Irixoa,Mántaras (Santa María),1,PNOA-2024-GAL-573-4794-H29-NPC01.LAZ
574,4755,3.6196240170773377,0.0,3.6196240170773377,Melide,Maceda (San Pedro),1,PNOA-2024-GAL-574-4755-H29-NPC01.LAZ
550,4798,0.21629639364845243,3.395525493681657,3.6118218873301093,Culleredo,Rutis (Santa María),2,PNOA-2024-GAL-550-4798-H29-NPC01.LAZ
598,4833,3.608584207013326,0.0,3.608584207013326,Ortigueira,Couzadoiro (San Cristovo),1,PNOA-2024-GAL-598-4833-H29-NPC01.LAZ
492,4758,0.0,3.603368491900252,3.603368491900252,Dumbría,Buxantes (San Pedro),1,PNOA-2024-GAL-492-4758-H29-NPC01.LAZ
548,4782,0.0,3.599393425395781,3.599393425395781,Cerceda,As Encrobas (San Román),2,PNOA-2024-GAL-548-4782-H29-NPC01.LAZ
564,4758,0.0,3.594282774696948,3.594282774696948,Arzúa,San Martiño de Calvos de Sobrecamiño (San Martiño),1,PNOA-2024-GAL-564-4758-H29-NPC01.LAZ
579,4798,2.0418824015009123,1.5513822846176508,3.5932646861185633,Monfero,San Fiz de Monfero (San Fiz),1,PNOA-2024-GAL-579-4798-H29-NPC01.LAZ
493,4760,0.0,3.5917778890496748,3.5917778890496748,Dumbría,Dumbría (Santa Baia),1,PNOA-2024-GAL-493-4760-H29-NPC01.LAZ
535,4768,0.0,3.5909605378713856,3.5909605378713856,Tordoia,Castenda da Torre (Santa María),1,PNOA-2024-GAL-535-4768-H29-NPC01.LAZ
552,4744,0.0,3.584154424586829,3.584154424586829,Touro,Enquerentes (San Miguel),2,PNOA-2024-GAL-552-4744-H29-NPC01.LAZ
592,4812,0.0,3.581967685358092,3.581967685358092,As Pontes de García Rodríguez,Vilavella (Santa María),2,PNOA-2024-GAL-592-4812-H29-NPC01.LAZ
544,4771,1.1447228008548804,2.4364028216715177,3.581125622526398,Ordes,Parada (Santa Mariña),1,PNOA-2024-GAL-544-4771-H29-NPC01.LAZ
518,4764,0.0,3.5736567611617014,3.5736567611617014,Santa Comba,Montouto (Santa María),2,PNOA-2024-GAL-518-4764-H29-NPC01.LAZ
570,4796,0.0,3.572322931130527,3.572322931130527,Irixoa,Ambroa (San Tirso),1,PNOA-2024-GAL-570-4796-H29-NPC01.LAZ
519,4789,0.0,3.5685805226324487,3.5685805226324487,Carballo,Cances (San Martiño),1,PNOA-2024-GAL-519-4789-H29-NPC01.LAZ
578,4749,0.5791646101626333,2.974093115389082,3.5532577255517155,Melide,Moldes (San Martiño),2,PNOA-2024-GAL-578-4749-H29-NPC01.LAZ
595,4815,3.5478605209279808,0.0,3.5478605209279808,As Pontes de García Rodríguez,As Pontes de García Rodríguez (Santa María),1,PNOA-2024-GAL-595-4815-H29-NPC01.LAZ
568,4752,1.6784566848171598,1.8692561579156293,3.547712842732789,Arzúa,Lema (San Pedro),1,PNOA-2024-GAL-568-4752-H29-NPC01.LAZ
578,4831,0.0,3.5463426179044673,3.5463426179044673,Cedeira,Esteiro (San Fiz),1,PNOA-2024-GAL-578-4831-H29-NPC01.LAZ
585,4806,3.543863760491102,0.0,3.543863760491102,As Pontes de García Rodríguez,San Pedro de Eume (San Pedro),2,PNOA-2024-GAL-585-4806-H29-NPC01.LAZ
577,4840,0.44340843202868097,3.0926636099594798,3.536072041988161,Cedeira,Cervo (Santalla),1,PNOA-2024-GAL-577-4840-H29-NPC01.LAZ
575,4761,3.262719557298886,0.27239253149376164,3.5351120887926477,Boimorto,Dormeá (San Cristovo),2,PNOA-2024-GAL-575-4761-H29-NPC01.LAZ
546,4741,0.0,3.5336073529260608,3.5336073529260608,Boqueixón,A Granxa (San Lourenzo),1,PNOA-2024-GAL-546-4741-H29-NPC01.LAZ
538,4749,0.0,3.53230415952223,3.53230415952223,Santiago de Compostela,San Lázaro (Santiago),3,PNOA-2024-GAL-538-4749-H29-NPC01.LAZ
559,4813,0.3432344314498157,3.1884177690251874,3.531652200475003,Mugardos,Mugardos (San Xulián),1,PNOA-2024-GAL-559-4813-H29-NPC01.LAZ
558,4748,0.0,3.53000736271904,3.53000736271904,Touro,Touro (San Xoán),2,PNOA-2024-GAL-558-4748-H29-NPC01.LAZ
538,4778,0.0,3.529452540621351,3.529452540621351,Cerceda,Rodís (San Martiño),1,PNOA-2024-GAL-538-4778-H29-NPC01.LAZ
550,4777,0.8449525515226022,2.683227235470626,3.5281797869932285,Ordes,Ardemil (San Pedro),1,PNOA-2024-GAL-550-4777-H29-NPC01.LAZ
511,4772,0.0,3.5253194321437933,3.5253194321437933,Santa Comba,Santa Sabiña (San Xulián),1,PNOA-2024-GAL-511-4772-H29-NPC01.LAZ
585,4795,0.8442664622555549,2.6802370234152213,3.524503485670776,Monfero,O Val de Xestoso (San Pedro),1,PNOA-2024-GAL-585-4795-H29-NPC01.LAZ
532,4765,0.0,3.5216531547562986,3.5216531547562986,Trazo,Benza (San Pedro),1,PNOA-2024-GAL-532-4765-H29-NPC01.LAZ
592,4807,3.521026185728666,0.0,3.521026185728666,As Pontes de García Rodríguez,O Aparral (Santa María),1,PNOA-2024-GAL-592-4807-H29-NPC01.LAZ
514,4791,0.0,3.5191752522406157,3.5191752522406157,Ponteceso,Pazos (San Salvador),1,PNOA-2024-GAL-514-4791-H29-NPC01.LAZ
509,4741,0.10842554901067901,3.410121937132844,3.518547486143523,Outes,Tarás (San Xián),2,PNOA-2024-GAL-509-4741-H29-NPC01.LAZ
503,4793,0.0,3.5160271444250375,3.5160271444250375,Ponteceso,Corme Aldea (Santo Adrán),1,PNOA-2024-GAL-503-4793-H29-NPC01.LAZ
514,4764,0.0,3.5153206935305605,3.5153206935305605,Santa Comba,Santa Comba (San Pedro),1,PNOA-2024-GAL-514-4764-H29-NPC01.LAZ
549,4782,0.0,3.513492639059814,3.513492639059814,Carral,Sumio (Santiago),1,PNOA-2024-GAL-549-4782-H29-NPC01.LAZ
585,4799,1.9333735634225442,1.5788310419738532,3.5122046053963976,Monfero,O Alto de Xestoso (Santa María),2,PNOA-2024-GAL-585-4799-H29-NPC01.LAZ
584,4810,3.5120188733805455,0.0,3.5120188733805455,As Pontes de García Rodríguez,Goente (San Martiño),2,PNOA-2024-GAL-584-4810-H29-NPC01.LAZ
592,4829,3.5102538114434387,0.0,3.5102538114434387,Ortigueira,O Ermo (San Xulián),2,PNOA-2024-GAL-592-4829-H29-NPC01.LAZ
562,4777,0.9997758337182696,2.5086893108097974,3.508465144528067,Mesía,Bascoi (Santiago),3,PNOA-2024-GAL-562-4777-H29-NPC01.LAZ
583,4834,0.05695256590248948,3.4500726882149535,3.507025254117443,Cedeira,Montoxo (San Xiao),1,PNOA-2024-GAL-583-4834-H29-NPC01.LAZ
573,4827,0.0,3.5052074540299207,3.5052074540299207,Valdoviño,Loira (San Pedro),2,PNOA-2024-GAL-573-4827-H29-NPC01.LAZ
557,4769,3.270347515928978,0.2343706954560117,3.5047182113849895,Frades,Mesos (San Salvador),1,PNOA-2024-GAL-557-4769-H29-NPC01.LAZ
495,4747,0.0,3.504632419524195,3.504632419524195,Carnota,San Mamede de Carnota (San Mamede),1,PNOA-2024-GAL-495-4747-H29-NPC01.LAZ
576,4760,1.373246879312286,2.128948788926915,3.5021956682392013,Boimorto,Corneda (San Pedro),2,PNOA-2024-GAL-576-4760-H29-NPC01.LAZ
548,4758,0.0,3.4995443824911474,3.4995443824911474,Oroso,A Gándara (San Miguel),1,PNOA-2024-GAL-548-4758-H29-NPC01.LAZ
584,4822,0.0,3.4993010349772318,3.4993010349772318,As Somozas,As Somozas (Santiago Seré),1,PNOA-2024-GAL-584-4822-H29-NPC01.LAZ
506,4747,0.0,3.4992115800913557,3.4992115800913557,Outes,Santo Ourente de Entíns (Santo Ourente),1,PNOA-2024-GAL-506-4747-H29-NPC01.LAZ
533,4773,0.0,3.49703033253494,3.49703033253494,Tordoia,A Vila de Abade (San Cibrán),1,PNOA-2024-GAL-533-4773-H29-NPC01.LAZ
542,4770,0.0,3.4952705173540823,3.4952705173540823,Tordoia,Gorgullos (Santaia),1,PNOA-2024-GAL-542-4770-H29-NPC01.LAZ
490,4765,0.0,3.492441347912823,3.492441347912823,Dumbría,Berdeogás (Santiago),1,PNOA-2024-GAL-490-4765-H29-NPC01.LAZ
516,4738,0.9175834550111269,2.5728080259854105,3.4903914809965375,Lousame,Vilacova (Santa Eulalia),2,PNOA-2024-GAL-516-4738-H29-NPC01.LAZ
490,4760,0.0,3.484245636792338,3.484245636792338,Dumbría,Dumbría (Santa Baia),1,PNOA-2024-GAL-490-4760-H29-NPC01.LAZ
542,4801,3.4804566690001657,0.0,3.4804566690001657,Arteixo,Suevos (San Martiño),1,PNOA-2024-GAL-542-4801-H29-NPC01.LAZ
554,4774,0.0,3.4774894454200904,3.4774894454200904,Ordes,Vilamaior (Santiago),1,PNOA-2024-GAL-554-4774-H29-NPC01.LAZ
540,4764,1.1614926324470054,2.3138936206621263,3.4753862531091317,Trazo,Campo (San Xoán),2,PNOA-2024-GAL-540-4764-H29-NPC01.LAZ
542,4773,3.474542221706265,0.0,3.474542221706265,Ordes,Lesta (Santo André),1,PNOA-2024-GAL-542-4773-H29-NPC01.LAZ
585,4759,0.0,3.472501689368224,3.472501689368224,Toques,Paradela (San Paio),1,PNOA-2024-GAL-585-4759-H29-NPC01.LAZ
573,4772,0.0,3.4714616599305965,3.4714616599305965,Curtis,Fisteus (Santa María),1,PNOA-2024-GAL-573-4772-H29-NPC01.LAZ
582,4829,0.0,3.471357406495228,3.471357406495228,Cerdido,A Barqueira (Santo Antonio),2,PNOA-2024-GAL-582-4829-H29-NPC01.LAZ
561,4773,0.0,3.468381838051716,3.468381838051716,Mesía,Xanceda (San Salvador),2,PNOA-2024-GAL-561-4773-H29-NPC01.LAZ
524,4783,0.0,3.467183631110196,3.467183631110196,Carballo,Carballo (San Xoán),1,PNOA-2024-GAL-524-4783-H29-NPC01.LAZ
542,4777,3.1942118935820796,0.2689369432229277,3.4631488368050074,Cerceda,Queixas (Santa María),2,PNOA-2024-GAL-542-4777-H29-NPC01.LAZ
573,4795,0.0,3.4585133924271165,3.4585133924271165,Irixoa,Ambroa (San Tirso),2,PNOA-2024-GAL-573-4795-H29-NPC01.LAZ
515,4741,0.44800320358872703,3.0091998575626726,3.4572030611513997,Lousame,Toxos Outos (San Xusto),1,PNOA-2024-GAL-515-4741-H29-NPC01.LAZ
595,4830,3.4568367255550507,0.0,3.4568367255550507,Ortigueira,Devesos (San Sebastián),1,PNOA-2024-GAL-595-4830-H29-NPC01.LAZ
544,4778,0.0,3.4567331613103756,3.4567331613103756,Ordes,Leira (Santa María),1,PNOA-2024-GAL-544-4778-H29-NPC01.LAZ
532,4736,0.0,3.4490019815194035,3.4490019815194035,Teo,Lampai (Santa María),1,PNOA-2024-GAL-532-4736-H29-NPC01.LAZ
485,4764,0.0,3.4445075280786117,3.4445075280786117,Dumbría,Salgueiros (San Mamede),1,PNOA-2024-GAL-485-4764-H29-NPC01.LAZ
580,4818,0.0,3.4424515697066913,3.4424515697066913,San Sadurniño,Ferreira (San Paio),1,PNOA-2024-GAL-580-4818-H29-NPC01.LAZ
514,4760,0.0,3.4420937366538547,3.4420937366538547,A Baña,A Riba (San Xoán),1,PNOA-2024-GAL-514-4760-H29-NPC01.LAZ
516,4766,0.0,3.438033497902297,3.438033497902297,Santa Comba,Santa Comba (San Pedro),2,PNOA-2024-GAL-516-4766-H29-NPC01.LAZ
521,4759,0.0,3.435372857861445,3.435372857861445,A Baña,O Barro (Santa Mariña),1,PNOA-2024-GAL-521-4759-H29-NPC01.LAZ
510,4744,0.0,3.434214518614468,3.434214518614468,Outes,Cando (San Tirso),1,PNOA-2024-GAL-510-4744-H29-NPC01.LAZ
538,4779,3.4298425422163903,0.0,3.4298425422163903,Cerceda,Rodís (San Martiño),1,PNOA-2024-GAL-538-4779-H29-NPC01.LAZ
595,4808,3.429261601518395,0.0,3.429261601518395,As Pontes de García Rodríguez,O Aparral (Santa María),1,PNOA-2024-GAL-595-4808-H29-NPC01.LAZ
602,4832,0.0,3.4292457391820554,3.4292457391820554,Mañón,Mañón (Santa María),1,PNOA-2024-GAL-602-4832-H29-NPC01.LAZ
500,4776,1.7472056061311374,1.6753501274675986,3.422555733598736,Vimianzo,Salto (Santa María),1,PNOA-2024-GAL-500-4776-H29-NPC01.LAZ
552,4797,1.1470806385427301,2.2751896510366936,3.4222702895794237,Cambre,O Temple (Santa María),1,PNOA-2024-GAL-552-4797-H29-NPC01.LAZ
599,4838,3.4107980660574944,0.0,3.4107980660574944,Ortigueira,San Salvador de Couzadoiro (San Salvador),1,PNOA-2024-GAL-599-4838-H29-NPC01.LAZ
602,4838,0.5876762504847619,2.8224364970667857,3.4101127475515476,Mañón,Mañón (Santa María),2,PNOA-2024-GAL-602-4838-H29-NPC01.LAZ
532,4793,0.0,3.409219112744736,3.409219112744736,A Laracha,Lendo (San Xián),1,PNOA-2024-GAL-532-4793-H29-NPC01.LAZ
477,4751,0.0,3.4039776511177258,3.4039776511177258,Fisterra,Fisterra (Santa María),1,PNOA-2024-GAL-477-4751-H29-NPC01.LAZ
487,4758,0.0,3.4032293207646127,3.4032293207646127,Dumbría,Buxantes (San Pedro),1,PNOA-2024-GAL-487-4758-H29-NPC01.LAZ
563,4799,3.362621700019796,0.038883694827496595,3.401505394847293,Paderne,San Pantaleón das Viñas (San Pantaleón),2,PNOA-2024-GAL-563-4799-H29-NPC01.LAZ
490,4752,0.0,3.4010471048666724,3.4010471048666724,Dumbría,O Ézaro (Santa Uxía),1,PNOA-2024-GAL-490-4752-H29-NPC01.LAZ
543,4788,0.0,3.399989128536219,3.399989128536219,A Laracha,Soandres (San Pedro),1,PNOA-2024-GAL-543-4788-H29-NPC01.LAZ
545,4749,2.2426797938036707,1.1542233311546903,3.396903124958361,Santiago de Compostela,Sabugueira (San Paio),1,PNOA-2024-GAL-545-4749-H29-NPC01.LAZ
578,4775,0.0,3.396820299807318,3.396820299807318,Curtis,Curtis (Santaia),1,PNOA-2024-GAL-578-4775-H29-NPC01.LAZ
570,4750,0.0,3.394654027589396,3.394654027589396,Arzúa,Vilantime (San Pedro),1,PNOA-2024-GAL-570-4750-H29-NPC01.LAZ
591,4839,1.665652584654099,1.726472244169607,3.392124828823706,Ortigueira,Luama (San Martiño),1,PNOA-2024-GAL-591-4839-H29-NPC01.LAZ
517,4765,0.0,3.391676054929133,3.391676054929133,Santa Comba,Montouto (Santa María),1,PNOA-2024-GAL-517-4765-H29-NPC01.LAZ
494,4745,0.0,3.384955311595175,3.384955311595175,Carnota,San Mamede de Carnota (San Mamede),1,PNOA-2024-GAL-494-4745-H29-NPC01.LAZ
555,4783,0.0,3.382146113955287,3.382146113955287,Abegondo,Folgoso (Santa Dorotea),1,PNOA-2024-GAL-555-4783-H29-NPC01.LAZ
575,4797,0.0,3.379708589635055,3.379708589635055,Irixoa,Viña (Santaia),1,PNOA-2024-GAL-575-4797-H29-NPC01.LAZ
516,4778,0.9656307287735121,2.413742482138748,3.3793732109122603,Coristanco,Couso (San Miguel),3,PNOA-2024-GAL-516-4778-H29-NPC01.LAZ
600,4836,3.3763822751738535,0.0,3.3763822751738535,Ortigueira,Couzadoiro (San Cristovo),1,PNOA-2024-GAL-600-4836-H29-NPC01.LAZ
583,4810,3.375872047196488,0.0,3.375872047196488,As Pontes de García Rodríguez,Goente (San Martiño),2,PNOA-2024-GAL-583-4810-H29-NPC01.LAZ
506,4783,0.0,3.3678127131930657,3.3678127131930657,Cabana de Bergantiños,Cesullas (Santo Estevo),1,PNOA-2024-GAL-506-4783-H29-NPC01.LAZ
577,4754,1.2336225656578947,2.1325413023375552,3.36616386799545,Melide,Zas de Rei (San Xiao),2,PNOA-2024-GAL-577-4754-H29-NPC01.LAZ
580,4801,0.1945780200888147,3.169373120548325,3.3639511406371394,Monfero,San Fiz de Monfero (San Fiz),1,PNOA-2024-GAL-580-4801-H29-NPC01.LAZ
576,4814,0.46179976850264365,2.9020708804677033,3.363870648970347,A Capela,Caaveiro (San Boulo),1,PNOA-2024-GAL-576-4814-H29-NPC01.LAZ
585,4776,0.0,3.3617560268610376,3.3617560268610376,Curtis,Foxados (Santa María),1,PNOA-2024-GAL-585-4776-H29-NPC01.LAZ
490,4778,0.0,3.3595848132224027,3.3595848132224027,Camariñas,A Ponte do Porto (San Pedro),1,PNOA-2024-GAL-490-4778-H29-NPC01.LAZ
579,4820,0.0,3.358656303205867,3.358656303205867,San Sadurniño,Ferreira (San Paio),1,PNOA-2024-GAL-579-4820-H29-NPC01.LAZ
535,4756,0.7626358607487697,2.58527595813653,3.3479118188852994,Santiago de Compostela,Fecha (San Xoán),2,PNOA-2024-GAL-535-4756-H29-NPC01.LAZ
512,4771,0.0,3.343051970507925,3.343051970507925,Santa Comba,Santa Sabiña (San Xulián),1,PNOA-2024-GAL-512-4771-H29-NPC01.LAZ
523,4767,0.0,3.3428167917851264,3.3428167917851264,Santa Comba,Vilamaior (Santa María),1,PNOA-2024-GAL-523-4767-H29-NPC01.LAZ
582,4762,0.0,3.3421642650697603,3.3421642650697603,Toques,Paradela (San Paio),1,PNOA-2024-GAL-582-4762-H29-NPC01.LAZ
506,4729,0.0,3.3416214438924126,3.3416214438924126,Boiro,Cures (Santo André),1,PNOA-2024-GAL-506-4729-H29-NPC01.LAZ
535,4751,2.0979709098774464,1.2422395817069112,3.3402104915843576,Santiago de Compostela,A Peregrina (Santa María),3,PNOA-2024-GAL-535-4751-H29-NPC01.LAZ
599,4837,3.339514141534208,0.0,3.339514141534208,Ortigueira,San Salvador de Couzadoiro (San Salvador),2,PNOA-2024-GAL-599-4837-H29-NPC01.LAZ
547,4800,0.5805880028667167,2.7478623674866434,3.32845037035336,A Coruña,San Cristovo das Viñas (San Cristovo),1,PNOA-2024-GAL-547-4800-H29-NPC01.LAZ
569,4748,3.3139316192321266,0.0,3.3139316192321266,Arzúa,Viñós (San Pedro),1,PNOA-2024-GAL-569-4748-H29-NPC01.LAZ
574,4757,2.156090753636974,1.1524470605579071,3.308537814194881,Melide,Orois (Santa Cristina),1,PNOA-2024-GAL-574-4757-H29-NPC01.LAZ
552,4763,0.0,3.3082501271946136,3.3082501271946136,Ordes,Beán (Santa María),1,PNOA-2024-GAL-552-4763-H29-NPC01.LAZ
585,4791,0.0,3.3073697050373663,3.3073697050373663,Aranga,Cambás (San Pedro),1,PNOA-2024-GAL-585-4791-H29-NPC01.LAZ
550,4747,0.0,3.3053888883452602,3.3053888883452602,Touro,Bama (San Vicenzo),1,PNOA-2024-GAL-550-4747-H29-NPC01.LAZ
526,4739,1.4662696836400524,1.8381229501260627,3.304392633766115,Rois,Sorribas (San Tomé),1,PNOA-2024-GAL-526-4739-H29-NPC01.LAZ
548,4776,0.0,3.3041091655686547,3.3041091655686547,Ordes,Leira (Santa María),1,PNOA-2024-GAL-548-4776-H29-NPC01.LAZ
515,4727,1.6527276428991273,1.6500934680444954,3.302821110943623,Rianxo,O Araño (Santa Baia),2,PNOA-2024-GAL-515-4727-H29-NPC01.LAZ
543,4741,0.0,3.2929586933204016,3.2929586933204016,Boqueixón,Lestedo (Santa María),2,PNOA-2024-GAL-543-4741-H29-NPC01.LAZ
566,4824,0.0,3.2914253910834104,3.2914253910834104,Valdoviño,O Sequeiro (Santa María),1,PNOA-2024-GAL-566-4824-H29-NPC01.LAZ
513,4742,0.0,3.2904163326016915,3.2904163326016915,Noia,Roo (Santa María),1,PNOA-2024-GAL-513-4742-H29-NPC01.LAZ
541,4768,0.0,3.2875959107997943,3.2875959107997943,Tordoia,Gorgullos (Santaia),1,PNOA-2024-GAL-541-4768-H29-NPC01.LAZ
577,4791,0.0,3.2870137422587455,3.2870137422587455,Irixoa,Verís (Santa María),1,PNOA-2024-GAL-577-4791-H29-NPC01.LAZ
491,4741,0.0,3.283880058880834,3.283880058880834,Carnota,Santa Comba de Carnota (Santa Comba),1,PNOA-2024-GAL-491-4741-H29-NPC01.LAZ
594,4812,2.3940150567447156,0.8889148550560365,3.282929911800752,As Pontes de García Rodríguez,As Pontes de García Rodríguez (Santa María),1,PNOA-2024-GAL-594-4812-H29-NPC01.LAZ
491,4755,0.0,3.2801245792641667,3.2801245792641667,Dumbría,O Ézaro (Santa Uxía),1,PNOA-2024-GAL-491-4755-H29-NPC01.LAZ
571,4785,3.2793095869584046,0.0,3.2793095869584046,Oza dos Ríos,Rodeiro (Santa María),1,PNOA-2024-GAL-571-4785-H29-NPC01.LAZ
488,4750,0.0,3.2787572645950784,3.2787572645950784,Carnota,O Pindo (San Clemente),1,PNOA-2024-GAL-488-4750-H29-NPC01.LAZ
502,4743,0.0,3.278038151478395,3.278038151478395,Outes,O Freixo de Sabardes (San Xoán),1,PNOA-2024-GAL-502-4743-H29-NPC01.LAZ
594,4829,3.2765996976364056,0.0,3.2765996976364056,Ortigueira,As Neves (Santa María),2,PNOA-2024-GAL-594-4829-H29-NPC01.LAZ
573,4811,0.0,3.2760775718539454,3.2760775718539454,A Capela,Cabalar (Santa María),1,PNOA-2024-GAL-573-4811-H29-NPC01.LAZ
526,4780,0.0,3.2755152706339734,3.2755152706339734,Carballo,Rus (Santa María),1,PNOA-2024-GAL-526-4780-H29-NPC01.LAZ
532,4768,1.151427365412408,2.1224984888412495,3.2739258542536573,Trazo,Monzo (San Martiño),2,PNOA-2024-GAL-532-4768-H29-NPC01.LAZ
562,4767,1.0426240463645255,2.2292396749266463,3.271863721291172,Frades,Vitre (San Xoán),2,PNOA-2024-GAL-562-4767-H29-NPC01.LAZ
501,4771,3.270419557494952,0.0,3.270419557494952,Vimianzo,Treos (San Miguel),1,PNOA-2024-GAL-501-4771-H29-NPC01.LAZ
532,4730,0.0,3.269955800709609,3.269955800709609,Padrón,Herbón (Santa María),1,PNOA-2024-GAL-532-4730-H29-NPC01.LAZ
552,4762,0.0,3.2684877459271053,3.2684877459271053,Oroso,Senra (Santa Eulalia),1,PNOA-2024-GAL-552-4762-H29-NPC01.LAZ
570,4816,3.194069617759251,0.06851864419214021,3.2625882619513913,Fene,Sillobre (Santa Mariña),3,PNOA-2024-GAL-570-4816-H29-NPC01.LAZ
568,4750,0.0,3.2620132226332785,3.2620132226332785,Arzúa,Maroxo (Santa María),1,PNOA-2024-GAL-568-4750-H29-NPC01.LAZ
503,4740,0.0,3.2575235097768935,3.2575235097768935,Outes,O Freixo de Sabardes (San Xoán),1,PNOA-2024-GAL-503-4740-H29-NPC01.LAZ
492,4769,1.7987502821001229,1.4529140584497333,3.251664340549856,Vimianzo,Berdoias (San Pedro),1,PNOA-2024-GAL-492-4769-H29-NPC01.LAZ
563,4776,0.04341285928591993,3.2000306624527846,3.2434435217387043,Mesía,Bascoi (Santiago),2,PNOA-2024-GAL-563-4776-H29-NPC01.LAZ
578,4828,0.0,3.2418643902384687,3.2418643902384687,Moeche,Abade (Santiago),1,PNOA-2024-GAL-578-4828-H29-NPC01.LAZ
530,4772,0.0,3.2411696302645607,3.2411696302645607,Tordoia,A Vila de Abade (San Cibrán),1,PNOA-2024-GAL-530-4772-H29-NPC01.LAZ
515,4775,1.0746846204773084,2.164625045655932,3.2393096661332406,Coristanco,Couso (San Miguel),2,PNOA-2024-GAL-515-4775-H29-NPC01.LAZ
584,4761,0.0,3.236440797332505,3.236440797332505,Toques,Paradela (San Paio),1,PNOA-2024-GAL-584-4761-H29-NPC01.LAZ
592,4824,1.486674806435742,1.7482066683977062,3.2348814748334482,As Somozas,Seixas (Santa María),3,PNOA-2024-GAL-592-4824-H29-NPC01.LAZ
579,4774,0.0,3.2329036149160824,3.2329036149160824,Curtis,Foxados (Santa María),1,PNOA-2024-GAL-579-4774-H29-NPC01.LAZ
585,4767,0.0,3.228101531884652,3.228101531884652,Sobrado,Roade (Santo André),1,PNOA-2024-GAL-585-4767-H29-NPC01.LAZ
598,4842,1.4358102715337726,1.7835242648520335,3.219334536385806,Ortigueira,Céltigos (San Xulián),1,PNOA-2024-GAL-598-4842-H29-NPC01.LAZ
595,4821,3.2182089648433934,0.0,3.2182089648433934,As Pontes de García Rodríguez,O Freixo (San Xoán),1,PNOA-2024-GAL-595-4821-H29-NPC01.LAZ
493,4736,0.0,3.205082696886378,3.205082696886378,Muros,Louro (Santiago),1,PNOA-2024-GAL-493-4736-H29-NPC01.LAZ
558,4756,2.2463635120146312,0.9571566460322486,3.2035201580468797,Arzúa,Oíns (San Cosme),1,PNOA-2024-GAL-558-4756-H29-NPC01.LAZ
511,4756,0.0,3.1968773984073433,3.1968773984073433,Negreira,Bugallido (San Pedro),1,PNOA-2024-GAL-511-4756-H29-NPC01.LAZ
591,4826,3.1932044653827205,0.0,3.1932044653827205,Ortigueira,Insua (San Xoán),1,PNOA-2024-GAL-591-4826-H29-NPC01.LAZ
533,4758,0.6925604875838967,2.4970921473255654,3.189652634909462,Santiago de Compostela,Fecha (San Xoán),1,PNOA-2024-GAL-533-4758-H29-NPC01.LAZ
521,4774,1.6923441697449038,1.4972070186678166,3.1895511884127203,Coristanco,Seavia (San Mamede),1,PNOA-2024-GAL-521-4774-H29-NPC01.LAZ
494,4761,0.0,3.1894156422830786,3.1894156422830786,Dumbría,Dumbría (Santa Baia),1,PNOA-2024-GAL-494-4761-H29-NPC01.LAZ
591,4822,3.1892997347070304,0.0,3.1892997347070304,As Pontes de García Rodríguez,O Deveso (Santa María),1,PNOA-2024-GAL-591-4822-H29-NPC01.LAZ
522,4788,0.0,3.189256617548329,3.189256617548329,Carballo,Goiáns (Santo Estevo),2,PNOA-2024-GAL-522-4788-H29-NPC01.LAZ
558,4781,0.6146880618853046,2.5687698494481848,3.1834579113334893,Abegondo,Vilacova (San Tomé),3,PNOA-2024-GAL-558-4781-H29-NPC01.LAZ
555,4796,2.242112328151784,0.9400812423673671,3.1821935705191513,Cambre,Pravio (San Xoán),1,PNOA-2024-GAL-555-4796-H29-NPC01.LAZ
598,4841,1.8487803336814534,1.3330221450887993,3.181802478770253,Ortigueira,Céltigos (San Xulián),2,PNOA-2024-GAL-598-4841-H29-NPC01.LAZ
517,4789,0.0,3.1811548414613653,3.1811548414613653,Ponteceso,Xornes (San Xoán),1,PNOA-2024-GAL-517-4789-H29-NPC01.LAZ
496,4708,3.1751601095109745,0.0,3.1751601095109745,Ribeira,Aguiño (Nosa Señora do Carme),1,PNOA-2024-GAL-496-4708-H29-NPC01.LAZ
503,4776,1.6247180648431008,1.550333378541025,3.1750514433841257,Vimianzo,Bamiro (San Amedio)),1,PNOA-2024-GAL-503-4776-H29-NPC01.LAZ
577,4819,0.0,3.171160271101933,3.171160271101933,San Sadurniño,Ferreira (San Paio),1,PNOA-2024-GAL-577-4819-H29-NPC01.LAZ
595,4828,3.1701420305670696,0.0,3.1701420305670696,Ortigueira,As Neves (Santa María),1,PNOA-2024-GAL-595-4828-H29-NPC01.LAZ
604,4840,0.0,3.16854987110799,3.16854987110799,Mañón,As Ribeiras do Sor (San Cristovo),1,PNOA-2024-GAL-604-4840-H29-NPC01.LAZ
551,4782,0.0,3.1682998242262537,3.1682998242262537,Carral,Beira (Santa Mariña),1,PNOA-2024-GAL-551-4782-H29-NPC01.LAZ
577,4769,0.0,3.164775476422626,3.164775476422626,Vilasantar,Vilariño (Santa María),1,PNOA-2024-GAL-577-4769-H29-NPC01.LAZ
582,4750,0.0,3.1603890726779817,3.1603890726779817,Melide,Furelos (San Xoán),1,PNOA-2024-GAL-582-4750-H29-NPC01.LAZ
541,4744,1.8076954231322104,1.3517834165926204,3.159478839724831,Santiago de Compostela,Marrozos (Santa María),1,PNOA-2024-GAL-541-4744-H29-NPC01.LAZ
517,4767,0.0,3.158162593723948,3.158162593723948,Santa Comba,Montouto (Santa María),1,PNOA-2024-GAL-517-4767-H29-NPC01.LAZ
544,4772,0.0,3.15742648958652,3.15742648958652,Ordes,Parada (Santa Mariña),2,PNOA-2024-GAL-544-4772-H29-NPC01.LAZ
597,4820,3.1557263647460183,0.0,3.1557263647460183,As Pontes de García Rodríguez,O Freixo (San Xoán),1,PNOA-2024-GAL-597-4820-H29-NPC01.LAZ
530,4787,0.0,3.1555085445266813,3.1555085445266813,A Laracha,Cabovilaño (San Román),2,PNOA-2024-GAL-530-4787-H29-NPC01.LAZ
588,4805,3.155302160511357,0.0,3.155302160511357,As Pontes de García Rodríguez,Bermui (Santiago),1,PNOA-2024-GAL-588-4805-H29-NPC01.LAZ
602,4845,1.4498132651180686,1.7051551607542452,3.1549684258723136,Mañón,Mogor (Santa María),2,PNOA-2024-GAL-602-4845-H29-NPC01.LAZ
526,4776,0.0,3.15417096547684,3.15417096547684,Carballo,Entrecruces (San Xens),1,PNOA-2024-GAL-526-4776-H29-NPC01.LAZ
540,4785,0.0,3.1502796943911946,3.1502796943911946,A Laracha,Soandres (San Pedro),1,PNOA-2024-GAL-540-4785-H29-NPC01.LAZ
598,4831,2.2255199547335933,0.9123656601958386,3.137885614929432,Ortigueira,Devesos (San Sebastián),1,PNOA-2024-GAL-598-4831-H29-NPC01.LAZ
541,4795,3.1333594383082795,0.0,3.1333594383082795,Arteixo,Loureda (Santa María),2,PNOA-2024-GAL-541-4795-H29-NPC01.LAZ
519,4777,3.021622597857767,0.10773948915226458,3.1293620870100316,Coristanco,Couso (San Miguel),1,PNOA-2024-GAL-519-4777-H29-NPC01.LAZ
517,4730,0.0,3.1263364508765803,3.1263364508765803,Rianxo,O Araño (Santa Baia),1,PNOA-2024-GAL-517-4730-H29-NPC01.LAZ
537,4771,0.0,3.126137529905714,3.126137529905714,Tordoia,Cabaleiros (San Xián),1,PNOA-2024-GAL-537-4771-H29-NPC01.LAZ
547,4741,0.0,3.1248713063019613,3.1248713063019613,Boqueixón,Boqueixón (San Vicente),1,PNOA-2024-GAL-547-4741-H29-NPC01.LAZ
497,4726,0.0,3.1177073818366106,3.1177073818366106,Porto do Son,Queiruga (Santo Estevo),2,PNOA-2024-GAL-497-4726-H29-NPC01.LAZ
496,4745,0.0,3.1095591051731124,3.1095591051731124,Muros,Torea (San Xián),1,PNOA-2024-GAL-496-4745-H29-NPC01.LAZ
599,4818,3.1095380253419047,0.0,3.1095380253419047,As Pontes de García Rodríguez,O Freixo (San Xoán),1,PNOA-2024-GAL-599-4818-H29-NPC01.LAZ
581,4748,0.0,3.095942371500373,3.095942371500373,Santiso,Vimianzo (Santa María),1,PNOA-2024-GAL-581-4748-H29-NPC01.LAZ
540,4791,1.101477244980216,1.9937738655592232,3.095251110539439,Arteixo,Loureda (Santa María),1,PNOA-2024-GAL-540-4791-H29-NPC01.LAZ
587,4755,0.0,3.094287731705447,3.094287731705447,Toques,Vilouriz (Santiago),1,PNOA-2024-GAL-587-4755-H29-NPC01.LAZ
560,4789,0.0,3.092506539258248,3.092506539258248,Abegondo,Mabegondo (San Tirso),1,PNOA-2024-GAL-560-4789-H29-NPC01.LAZ
493,4777,0.3803328325124922,2.7121026876049528,3.092435520117445,Vimianzo,Carantoña (San Martiño),1,PNOA-2024-GAL-493-4777-H29-NPC01.LAZ
573,4791,0.0,3.090045967243741,3.090045967243741,Irixoa,Coruxou (San Salvador),1,PNOA-2024-GAL-573-4791-H29-NPC01.LAZ
573,4759,3.0895348387107404,0.0,3.0895348387107404,Melide,Orois (Santa Cristina),2,PNOA-2024-GAL-573-4759-H29-NPC01.LAZ
561,4758,0.0,3.0824739485543886,3.0824739485543886,Arzúa,Oíns (San Cosme),1,PNOA-2024-GAL-561-4758-H29-NPC01.LAZ
545,4782,0.7147300042723336,2.3567250351207587,3.071455039393092,Cerceda,As Encrobas (San Román),2,PNOA-2024-GAL-545-4782-H29-NPC01.LAZ
524,4790,0.0,3.0667936622810474,3.0667936622810474,Carballo,Oza (San Breixo),1,PNOA-2024-GAL-524-4790-H29-NPC01.LAZ
516,4760,0.0,3.065426608982763,3.065426608982763,A Baña,A Ermida (San Salvador),1,PNOA-2024-GAL-516-4760-H29-NPC01.LAZ
513,4734,0.25735107639513305,2.8080659749293915,3.0654170513245247,Lousame,Lousame (San Xoán),2,PNOA-2024-GAL-513-4734-H29-NPC01.LAZ
530,4778,0.0,3.062824620887442,3.062824620887442,Carballo,Rus (Santa María),1,PNOA-2024-GAL-530-4778-H29-NPC01.LAZ
541,4758,1.9005614926695311,1.1581875272055002,3.058749019875031,Santiago de Compostela,Busto (San Pedro),2,PNOA-2024-GAL-541-4758-H29-NPC01.LAZ
579,4819,0.0,3.057399947655915,3.057399947655915,San Sadurniño,Ferreira (San Paio),1,PNOA-2024-GAL-579-4819-H29-NPC01.LAZ
545,4800,0.0,3.0539276913395996,3.0539276913395996,A Coruña,San Cristovo das Viñas (San Cristovo),1,PNOA-2024-GAL-545-4800-H29-NPC01.LAZ
571,4833,0.0,3.051191380118634,3.051191380118634,Valdoviño,Pantín (Santiago),1,PNOA-2024-GAL-571-4833-H29-NPC01.LAZ
553,4781,0.0,3.051113824881446,3.051113824881446,Carral,Beira (Santa Mariña),1,PNOA-2024-GAL-553-4781-H29-NPC01.LAZ
582,4817,0.0,3.0485691547119336,3.0485691547119336,San Sadurniño,Igrexafeita (Santa María),2,PNOA-2024-GAL-582-4817-H29-NPC01.LAZ
521,4765,0.0,3.0484055484449106,3.0484055484449106,Santa Comba,Freixeiro (San Fins),1,PNOA-2024-GAL-521-4765-H29-NPC01.LAZ
569,4767,0.0,3.0481613117364894,3.0481613117364894,Boimorto,Arceo (San Vicenzo),2,PNOA-2024-GAL-569-4767-H29-NPC01.LAZ
534,4755,0.0,3.046804108844309,3.046804108844309,Santiago de Compostela,Fecha (San Xoán),1,PNOA-2024-GAL-534-4755-H29-NPC01.LAZ
548,4743,0.0,3.0375210314398564,3.0375210314398564,Boqueixón,Gastrar (Santa Mariña),1,PNOA-2024-GAL-548-4743-H29-NPC01.LAZ
583,4773,0.0,3.0348493330696256,3.0348493330696256,Sobrado,Grixalba (San Xiao),1,PNOA-2024-GAL-583-4773-H29-NPC01.LAZ
525,4742,0.0,3.032354108183768,3.032354108183768,Brión,Bastavales (San Xulián),1,PNOA-2024-GAL-525-4742-H29-NPC01.LAZ
566,4779,0.0,3.024973532146665,3.024973532146665,Cesuras,Filgueira de Barranca (San Pedro),2,PNOA-2024-GAL-566-4779-H29-NPC01.LAZ
587,4816,3.0242681978526735,0.0,3.0242681978526735,As Pontes de García Rodríguez,Espiñaredo (Santa María),1,PNOA-2024-GAL-587-4816-H29-NPC01.LAZ
495,4782,0.0,3.0234865572560525,3.0234865572560525,Laxe,Traba (Santiago),1,PNOA-2024-GAL-495-4782-H29-NPC01.LAZ
525,4739,0.0,3.0151947826397874,3.0151947826397874,Rois,Sorribas (San Tomé),1,PNOA-2024-GAL-525-4739-H29-NPC01.LAZ
544,4747,0.0,3.0148695386285076,3.0148695386285076,Santiago de Compostela,Bando (Santa Eulalia),2,PNOA-2024-GAL-544-4747-H29-NPC01.LAZ
596,4834,0.5269375053075059,2.484436996601216,3.0113745019087217,Ortigueira,Couzadoiro (San Cristovo),2,PNOA-2024-GAL-596-4834-H29-NPC01.LAZ
574,4783,0.0,3.0104686717433653,3.0104686717433653,Aranga,San Vicente de Fervenzas (San Vicente),1,PNOA-2024-GAL-574-4783-H29-NPC01.LAZ
579,4801,0.6021883321391907,2.406599759461675,3.0087880916008656,Monfero,San Fiz de Monfero (San Fiz),1,PNOA-2024-GAL-579-4801-H29-NPC01.LAZ
511,4775,0.0,3.0082562252220524,3.0082562252220524,Coristanco,Cuns (San Vicenzo),1,PNOA-2024-GAL-511-4775-H29-NPC01.LAZ
593,4824,3.0073790653024655,0.0,3.0073790653024655,Ortigueira,Insua (San Xoán),2,PNOA-2024-GAL-593-4824-H29-NPC01.LAZ
561,4743,0.0,3.007370548686785,3.007370548686785,Touro,Calvos de Socamiño (San Martiño),1,PNOA-2024-GAL-561-4743-H29-NPC01.LAZ
571,4761,1.429069563418575,1.5760011101119085,3.0050706735304837,Boimorto,Boimorto (Santiago),1,PNOA-2024-GAL-571-4761-H29-NPC01.LAZ
501,4770,0.0,3.0041807343008777,3.0041807343008777,Vimianzo,Treos (San Miguel),1,PNOA-2024-GAL-501-4770-H29-NPC01.LAZ
598,4839,3.0039696903321005,0.0,3.0039696903321005,Ortigueira,San Salvador de Couzadoiro (San Salvador),1,PNOA-2024-GAL-598-4839-H29-NPC01.LAZ
537,4768,0.0,3.0035561844939895,3.0035561844939895,Tordoia,Castenda da Torre (Santa María),1,PNOA-2024-GAL-537-4768-H29-NPC01.LAZ
575,4766,0.0,2.996750055656094,2.996750055656094,Sobrado,Folgoso (Santa Cristina),1,PNOA-2024-GAL-575-4766-H29-NPC01.LAZ
589,4821,0.0,2.993345542483804,2.993345542483804,As Somozas,Seixas (Santa María),1,PNOA-2024-GAL-589-4821-H29-NPC01.LAZ
596,4831,2.990655330256849,0.0,2.990655330256849,Ortigueira,Devesos (San Sebastián),1,PNOA-2024-GAL-596-4831-H29-NPC01.LAZ
577,4830,0.0,2.9902835319094803,2.9902835319094803,Cerdido,Cerdido (San Martiño),1,PNOA-2024-GAL-577-4830-H29-NPC01.LAZ
513,4764,0.0,2.987702905246155,2.987702905246155,Santa Comba,Santa Comba (San Pedro),2,PNOA-2024-GAL-513-4764-H29-NPC01.LAZ
604,4845,0.0,2.9868198871154936,2.9868198871154936,Mañón,Mogor (Santa María),1,PNOA-2024-GAL-604-4845-H29-NPC01.LAZ
553,4776,0.0,2.985716201182604,2.985716201182604,Ordes,Vilamaior (Santiago),1,PNOA-2024-GAL-553-4776-H29-NPC01.LAZ
517,4747,0.0,2.981269120876092,2.981269120876092,Negreira,Liñaio (San Martiño),1,PNOA-2024-GAL-517-4747-H29-NPC01.LAZ
601,4842,0.4080622831821441,2.5722799089684716,2.9803421921506157,Ortigueira,Loiba (San Xulián),1,PNOA-2024-GAL-601-4842-H29-NPC01.LAZ
515,4790,0.0,2.9726426566902577,2.9726426566902577,Ponteceso,Pazos (San Salvador),1,PNOA-2024-GAL-515-4790-H29-NPC01.LAZ
487,4757,0.0,2.9668732470937735,2.9668732470937735,Dumbría,Buxantes (San Pedro),1,PNOA-2024-GAL-487-4757-H29-NPC01.LAZ
600,4840,2.955788201204509,0.0,2.955788201204509,Ortigueira,Céltigos (San Xulián),2,PNOA-2024-GAL-600-4840-H29-NPC01.LAZ
496,4760,0.0,2.9488805703998264,2.9488805703998264,Dumbría,Olveira (San Martiño),1,PNOA-2024-GAL-496-4760-H29-NPC01.LAZ
522,4750,0.0,2.943507474496463,2.943507474496463,Negreira,Logrosa (Santa Baia),1,PNOA-2024-GAL-522-4750-H29-NPC01.LAZ
598,4813,2.940676906825853,0.0,2.940676906825853,As Pontes de García Rodríguez,As Pontes de García Rodríguez (Santa María),1,PNOA-2024-GAL-598-4813-H29-NPC01.LAZ
547,4772,0.9999828801630153,1.939306660843095,2.9392895410061106,Ordes,Ordes (Santa María),1,PNOA-2024-GAL-547-4772-H29-NPC01.LAZ
537,4765,1.1636465444075745,1.7693127672146203,2.932959311622195,Trazo,Trazo (Santa María),1,PNOA-2024-GAL-537-4765-H29-NPC01.LAZ
578,4788,0.0,2.9250108397072108,2.9250108397072108,Aranga,Aranga (San Paio),2,PNOA-2024-GAL-578-4788-H29-NPC01.LAZ
568,4762,1.4237571288303021,1.4834991572993999,2.907256286129702,Boimorto,Brates (San Pedro),2,PNOA-2024-GAL-568-4762-H29-NPC01.LAZ
555,4764,0.8960666633211446,2.004106957210709,2.9001736205318536,Frades,Moar (Santaia),1,PNOA-2024-GAL-555-4764-H29-NPC01.LAZ
513,4791,0.0,2.900106442751223,2.900106442751223,Ponteceso,Pazos (San Salvador),1,PNOA-2024-GAL-513-4791-H29-NPC01.LAZ
583,4781,0.0,2.8979628058521434,2.8979628058521434,Curtis,Foxados (Santa María),1,PNOA-2024-GAL-583-4781-H29-NPC01.LAZ
499,4781,0.0,2.8920454760652086,2.8920454760652086,Laxe,Sarces (San Amedio),1,PNOA-2024-GAL-499-4781-H29-NPC01.LAZ
575,4787,0.0,2.8915909620914695,2.8915909620914695,Aranga,Feás (San Pedro),2,PNOA-2024-GAL-575-4787-H29-NPC01.LAZ
572,4770,0.0,2.886793865067902,2.886793865067902,Vilasantar,Armental (San Martiño),2,PNOA-2024-GAL-572-4770-H29-NPC01.LAZ
559,4763,0.0,2.8834195885441933,2.8834195885441933,Frades,Aiazo (San Pedro),1,PNOA-2024-GAL-559-4763-H29-NPC01.LAZ
566,4776,0.0,2.8810889218459894,2.8810889218459894,Mesía,Cabrui (San Martiño),1,PNOA-2024-GAL-566-4776-H29-NPC01.LAZ
526,4730,0.637387380562377,2.239247504898784,2.876634885461161,Dodro,Dodro (Santa María),1,PNOA-2024-GAL-526-4730-H29-NPC01.LAZ
520,4741,0.0,2.8714510938748954,2.8714510938748954,Rois,Urdilde (Santa María),1,PNOA-2024-GAL-520-4741-H29-NPC01.LAZ
563,4795,1.9387057754132129,0.9326237147517157,2.8713294901649284,Betanzos,Pontellas (Santa María),1,PNOA-2024-GAL-563-4795-H29-NPC01.LAZ
516,4746,0.0,2.8704796142338345,2.8704796142338345,Brión,Cornanda (Santa María),1,PNOA-2024-GAL-516-4746-H29-NPC01.LAZ
529,4756,2.489722521268012,0.38012153390565784,2.8698440551736697,Ames,Piñeiro (San Mamede),1,PNOA-2024-GAL-529-4756-H29-NPC01.LAZ
494,4759,0.0,2.8693320018425608,2.8693320018425608,Dumbría,Olveira (San Martiño),1,PNOA-2024-GAL-494-4759-H29-NPC01.LAZ
600,4837,2.8664171318493636,0.0,2.8664171318493636,Ortigueira,Couzadoiro (San Cristovo),1,PNOA-2024-GAL-600-4837-H29-NPC01.LAZ
516,4749,0.0,2.866337636814699,2.866337636814699,Negreira,Liñaio (San Martiño),1,PNOA-2024-GAL-516-4749-H29-NPC01.LAZ
489,4749,0.0,2.864952226945534,2.864952226945534,Carnota,O Pindo (San Clemente),1,PNOA-2024-GAL-489-4749-H29-NPC01.LAZ
548,4744,0.0,2.8646430167900183,2.8646430167900183,Touro,Prevediños (Santiago),1,PNOA-2024-GAL-548-4744-H29-NPC01.LAZ
586,4751,2.864475032138859,0.0,2.864475032138859,Melide,O Meire (San Pedro),1,PNOA-2024-GAL-586-4751-H29-NPC01.LAZ
503,4744,0.0,2.8643970192867165,2.8643970192867165,Outes,Outes (San Pedro),1,PNOA-2024-GAL-503-4744-H29-NPC01.LAZ
586,4765,0.0,2.8619672384571073,2.8619672384571073,Sobrado,Codesoso (San Miguel),1,PNOA-2024-GAL-586-4765-H29-NPC01.LAZ
563,4768,2.0884737358420358,0.7711718899975244,2.85964562583956,Frades,Vitre (San Xoán),1,PNOA-2024-GAL-563-4768-H29-NPC01.LAZ
556,4763,0.0,2.854428105705981,2.854428105705981,Oroso,Pasarelos (San Román),1,PNOA-2024-GAL-556-4763-H29-NPC01.LAZ
572,4776,0.0,2.8543439296485706,2.8543439296485706,Curtis,Fisteus (Santa María),1,PNOA-2024-GAL-572-4776-H29-NPC01.LAZ
572,4761,2.8538757184441765,0.0,2.8538757184441765,Boimorto,Boimorto (Santiago),1,PNOA-2024-GAL-572-4761-H29-NPC01.LAZ
544,4782,1.175171837280834,1.677354105016813,2.852525942297647,Cerceda,Cerceda (San Martiño),1,PNOA-2024-GAL-544-4782-H29-NPC01.LAZ
572,4814,2.8476968659626603,0.0,2.8476968659626603,Neda,Viladonelle (Santo André),1,PNOA-2024-GAL-572-4814-H29-NPC01.LAZ
589,4804,0.0,2.847564996445154,2.847564996445154,Monfero,O Alto de Xestoso (Santa María),1,PNOA-2024-GAL-589-4804-H29-NPC01.LAZ
500,4721,0.0,2.846834236501978,2.846834236501978,Porto do Son,Xuño (Santa Mariña),1,PNOA-2024-GAL-500-4721-H29-NPC01.LAZ
582,4763,0.0,2.8466767428978565,2.8466767428978565,Toques,Paradela (San Paio),2,PNOA-2024-GAL-582-4763-H29-NPC01.LAZ
506,4738,1.281092486829781,1.563566311522099,2.84465879835188,Noia,Boa (San Pedro),1,PNOA-2024-GAL-506-4738-H29-NPC01.LAZ
585,4824,0.0,2.842682988192029,2.842682988192029,Moeche,Santa Cruz de Moeche (Santa Cruz),1,PNOA-2024-GAL-585-4824-H29-NPC01.LAZ
564,4751,2.4674637446391876,0.37447890705152775,2.841942651690715,Arzúa,Burres (San Vicenzo),2,PNOA-2024-GAL-564-4751-H29-NPC01.LAZ
544,4792,2.8412003085738204,0.0,2.8412003085738204,Arteixo,Morás (Santo Estevo),1,PNOA-2024-GAL-544-4792-H29-NPC01.LAZ
590,4837,2.839340199143285,0.0,2.839340199143285,Ortigueira,Veiga (Santo Adrao),1,PNOA-2024-GAL-590-4837-H29-NPC01.LAZ
581,4788,0.0,2.834292759726944,2.834292759726944,Aranga,Cambás (San Pedro),2,PNOA-2024-GAL-581-4788-H29-NPC01.LAZ
599,4836,2.83252141996549,0.0,2.83252141996549,Ortigueira,Couzadoiro (San Cristovo),1,PNOA-2024-GAL-599-4836-H29-NPC01.LAZ
492,4764,0.0,2.8239136973894157,2.8239136973894157,Dumbría,Berdeogás (Santiago),1,PNOA-2024-GAL-492-4764-H29-NPC01.LAZ
567,4750,1.4802812082270358,1.3427066177680373,2.822987825995073,Arzúa,Brandeso (San Lourenzo),2,PNOA-2024-GAL-567-4750-H29-NPC01.LAZ
596,4809,2.822266183250784,0.0,2.822266183250784,As Pontes de García Rodríguez,O Aparral (Santa María),1,PNOA-2024-GAL-596-4809-H29-NPC01.LAZ
565,4752,0.8644745660635861,1.9561468421009547,2.820621408164541,Arzúa,Burres (San Vicenzo),2,PNOA-2024-GAL-565-4752-H29-NPC01.LAZ
563,4782,2.8052027599193865,0.009006564668398456,2.814209324587785,Cesuras,Dordaño (Santa María),1,PNOA-2024-GAL-563-4782-H29-NPC01.LAZ
530,4738,0.0,2.8139625289558663,2.8139625289558663,Teo,Lampai (Santa María),1,PNOA-2024-GAL-530-4738-H29-NPC01.LAZ
593,4817,2.8116271833129574,0.0,2.8116271833129574,As Pontes de García Rodríguez,Somede (San Mamede),2,PNOA-2024-GAL-593-4817-H29-NPC01.LAZ
594,4807,2.810468120359506,0.0,2.810468120359506,As Pontes de García Rodríguez,O Aparral (Santa María),1,PNOA-2024-GAL-594-4807-H29-NPC01.LAZ
584,4805,2.80566216162515,0.0,2.80566216162515,As Pontes de García Rodríguez,San Pedro de Eume (San Pedro),1,PNOA-2024-GAL-584-4805-H29-NPC01.LAZ
560,4778,2.304384419232437,0.500354002412424,2.8047384216448608,Cesuras,Filgueira de Traba (San Miguel),2,PNOA-2024-GAL-560-4778-H29-NPC01.LAZ
495,4741,0.0,2.804214235096466,2.804214235096466,Muros,Sestaio (San Miguel),2,PNOA-2024-GAL-495-4741-H29-NPC01.LAZ
548,4787,0.4808726197460519,2.320822948548878,2.80169556829493,Culleredo,Celas (Santa María),2,PNOA-2024-GAL-548-4787-H29-NPC01.LAZ
529,4791,0.0,2.8007751123346813,2.8007751123346813,Carballo,Vilela (San Miguel),2,PNOA-2024-GAL-529-4791-H29-NPC01.LAZ
582,4795,0.0,2.800526718973868,2.800526718973868,Monfero,O Val de Xestoso (San Pedro),1,PNOA-2024-GAL-582-4795-H29-NPC01.LAZ
519,4730,0.0,2.8004904747048567,2.8004904747048567,Dodro,San Xoán de Laíño (San Xoán),1,PNOA-2024-GAL-519-4730-H29-NPC01.LAZ
493,4739,0.0,2.798569287344576,2.798569287344576,Muros,Serres (San Xoán),1,PNOA-2024-GAL-493-4739-H29-NPC01.LAZ
537,4764,2.6015668016111295,0.19628415880829275,2.797850960419422,Trazo,Trazo (Santa María),1,PNOA-2024-GAL-537-4764-H29-NPC01.LAZ
500,4763,0.0,2.797741392282982,2.797741392282982,Vimianzo,Baíñas (Santo Antoíño),1,PNOA-2024-GAL-500-4763-H29-NPC01.LAZ
594,4821,2.7956155398143716,0.0,2.7956155398143716,As Pontes de García Rodríguez,O Freixo (San Xoán),2,PNOA-2024-GAL-594-4821-H29-NPC01.LAZ
581,4778,0.0,2.789224066967381,2.789224066967381,Curtis,Foxados (Santa María),1,PNOA-2024-GAL-581-4778-H29-NPC01.LAZ
569,4777,0.0,2.786401192697744,2.786401192697744,Cesuras,Filgueira de Barranca (San Pedro),2,PNOA-2024-GAL-569-4777-H29-NPC01.LAZ
565,4771,0.0,2.781901291266473,2.781901291266473,Mesía,Albixoi (Santa Mariña),1,PNOA-2024-GAL-565-4771-H29-NPC01.LAZ
543,4747,0.044428985857585666,2.7356914901812854,2.780120476038871,Santiago de Compostela,Bando (Santa Eulalia),2,PNOA-2024-GAL-543-4747-H29-NPC01.LAZ
526,4792,0.0,2.779901144975592,2.779901144975592,Carballo,Lema (San Cristovo),1,PNOA-2024-GAL-526-4792-H29-NPC01.LAZ
591,4833,2.5762347034789,0.19857243918463544,2.7748071426635352,Ortigueira,San Claudio (Santa María),2,PNOA-2024-GAL-591-4833-H29-NPC01.LAZ
561,4774,0.0,2.7738477799527175,2.7738477799527175,Mesía,Bascoi (Santiago),2,PNOA-2024-GAL-561-4774-H29-NPC01.LAZ
551,4775,0.0,2.771421417434482,2.771421417434482,Ordes,Ardemil (San Pedro),1,PNOA-2024-GAL-551-4775-H29-NPC01.LAZ
504,4792,0.0,2.7698005065877425,2.7698005065877425,Ponteceso,Corme Aldea (Santo Adrán),1,PNOA-2024-GAL-504-4792-H29-NPC01.LAZ
586,4805,2.7673323190449617,0.0,2.7673323190449617,As Pontes de García Rodríguez,A Faeira (San Pedro),1,PNOA-2024-GAL-586-4805-H29-NPC01.LAZ
510,4746,0.0,2.7671170946953443,2.7671170946953443,Outes,Cando (San Tirso),1,PNOA-2024-GAL-510-4746-H29-NPC01.LAZ
591,4832,2.7669637833524683,0.0,2.7669637833524683,Ortigueira,San Claudio (Santa María),2,PNOA-2024-GAL-591-4832-H29-NPC01.LAZ
496,4717,0.0,2.7657985991139054,2.7657985991139054,Ribeira,Olveira (Santa María),1,PNOA-2024-GAL-496-4717-H29-NPC01.LAZ
578,4748,0.0,2.7624454245022747,2.7624454245022747,Santiso,Serantes (Santaia),3,PNOA-2024-GAL-578-4748-H29-NPC01.LAZ
599,4831,0.0,2.7526066648121352,2.7526066648121352,Mañón,As Grañas do Sor (San Mamede),1,PNOA-2024-GAL-599-4831-H29-NPC01.LAZ
577,4825,0.0,2.751917811562295,2.751917811562295,San Sadurniño,Bardaos (Santa María),2,PNOA-2024-GAL-577-4825-H29-NPC01.LAZ
586,4834,1.4488107114923467,1.2965454420716322,2.745356153563979,Ortigueira,Mera de Arriba (Santa María),2,PNOA-2024-GAL-586-4834-H29-NPC01.LAZ
580,4824,0.0,2.745149300698264,2.745149300698264,Moeche,San Xoán de Moeche (San Xoán),1,PNOA-2024-GAL-580-4824-H29-NPC01.LAZ
603,4842,0.0,2.7408046023634896,2.7408046023634896,Mañón,As Ribeiras do Sor (San Cristovo),2,PNOA-2024-GAL-603-4842-H29-NPC01.LAZ
554,4779,0.0,2.7400674094519637,2.7400674094519637,Abegondo,Vizoño (San Pedro),1,PNOA-2024-GAL-554-4779-H29-NPC01.LAZ
603,4827,0.0,2.7392523920758545,2.7392523920758545,Mañón,As Grañas do Sor (San Mamede),1,PNOA-2024-GAL-603-4827-H29-NPC01.LAZ
509,4755,0.0,2.7388386017796846,2.7388386017796846,Negreira,Alvite (San Tomé),2,PNOA-2024-GAL-509-4755-H29-NPC01.LAZ
553,4761,0.0,2.7372018457239653,2.7372018457239653,Oroso,Os Ánxeles (San Mamede),2,PNOA-2024-GAL-553-4761-H29-NPC01.LAZ
578,4792,0.0,2.7368786493081037,2.7368786493081037,Irixoa,Verís (Santa María),1,PNOA-2024-GAL-578-4792-H29-NPC01.LAZ
595,4831,2.7289708349811477,0.0,2.7289708349811477,Ortigueira,Devesos (San Sebastián),1,PNOA-2024-GAL-595-4831-H29-NPC01.LAZ
520,4736,0.49521406787834654,2.232523154892402,2.727737222770749,Rois,Buxán (San Xoán),1,PNOA-2024-GAL-520-4736-H29-NPC01.LAZ
531,4794,0.0,2.722299807110744,2.722299807110744,Carballo,Noicela (Santa María),1,PNOA-2024-GAL-531-4794-H29-NPC01.LAZ
560,4756,0.0,2.715729556988123,2.715729556988123,Arzúa,Oíns (San Cosme),1,PNOA-2024-GAL-560-4756-H29-NPC01.LAZ
514,4740,0.0,2.7121927326404762,2.7121927326404762,Lousame,Toxos Outos (San Xusto),2,PNOA-2024-GAL-514-4740-H29-NPC01.LAZ
582,4797,2.706209072121428,0.0,2.706209072121428,Monfero,O Val de Xestoso (San Pedro),1,PNOA-2024-GAL-582-4797-H29-NPC01.LAZ
572,4784,0.0,2.7047507748010373,2.7047507748010373,Aranga,San Vicente de Fervenzas (San Vicente),1,PNOA-2024-GAL-572-4784-H29-NPC01.LAZ
574,4756,1.4957577581061852,1.2085093341546402,2.7042670922608254,Melide,Maceda (San Pedro),1,PNOA-2024-GAL-574-4756-H29-NPC01.LAZ
550,4766,0.4827520968807834,2.2138848258184187,2.696636922699202,Ordes,Pereira (Santaia),1,PNOA-2024-GAL-550-4766-H29-NPC01.LAZ
539,4747,0.29316741304903854,2.402936884044865,2.6961042970939033,Santiago de Compostela,Santiago de Compostela,2,PNOA-2024-GAL-539-4747-H29-NPC01.LAZ
565,4757,2.695726252889091,0.0,2.695726252889091,Arzúa,San Martiño de Calvos de Sobrecamiño (San Martiño),2,PNOA-2024-GAL-565-4757-H29-NPC01.LAZ
579,4810,0.331738627351052,2.3497738360060856,2.6815124633571377,A Capela,Capela (Santiago),1,PNOA-2024-GAL-579-4810-H29-NPC01.LAZ
515,4769,0.0,2.6741384230977894,2.6741384230977894,Santa Comba,San Salvador de Padreiro (San Salvador),1,PNOA-2024-GAL-515-4769-H29-NPC01.LAZ
528,4776,0.0,2.6659408288924515,2.6659408288924515,Carballo,Rus (Santa María),2,PNOA-2024-GAL-528-4776-H29-NPC01.LAZ
599,4834,2.664213163371122,0.0,2.664213163371122,Ortigueira,Couzadoiro (San Cristovo),1,PNOA-2024-GAL-599-4834-H29-NPC01.LAZ
556,4748,0.0,2.662224026634575,2.662224026634575,Touro,Touro (San Xoán),1,PNOA-2024-GAL-556-4748-H29-NPC01.LAZ
564,4755,1.0119020686046043,1.6472741859918643,2.659176254596469,Arzúa,Burres (San Vicenzo),1,PNOA-2024-GAL-564-4755-H29-NPC01.LAZ
594,4830,2.657622318517386,0.0,2.657622318517386,Ortigueira,Devesos (San Sebastián),1,PNOA-2024-GAL-594-4830-H29-NPC01.LAZ
521,4734,0.016634923908286244,2.640098619144082,2.656733543052368,Rois,Buxán (San Xoán),1,PNOA-2024-GAL-521-4734-H29-NPC01.LAZ
582,4804,2.655641710985621,0.0,2.655641710985621,As Pontes de García Rodríguez,San Pedro de Eume (San Pedro),1,PNOA-2024-GAL-582-4804-H29-NPC01.LAZ
580,4758,2.6542545207288026,0.0,2.6542545207288026,Melide,Folladela (San Pedro),1,PNOA-2024-GAL-580-4758-H29-NPC01.LAZ
572,4825,0.0,2.6497364052039734,2.6497364052039734,San Sadurniño,Santa Mariña do Monte (Santa Mariña),1,PNOA-2024-GAL-572-4825-H29-NPC01.LAZ
597,4840,2.6441901272587964,0.0,2.6441901272587964,Ortigueira,Espasante (San Xoán),1,PNOA-2024-GAL-597-4840-H29-NPC01.LAZ
560,4769,0.0,2.6441402499952646,2.6441402499952646,Mesía,Xanceda (San Salvador),1,PNOA-2024-GAL-560-4769-H29-NPC01.LAZ
581,4787,0.0,2.6391401693607923,2.6391401693607923,Aranga,Aranga (San Paio),1,PNOA-2024-GAL-581-4787-H29-NPC01.LAZ
496,4744,0.0,2.63643892830853,2.63643892830853,Muros,Torea (San Xián),1,PNOA-2024-GAL-496-4744-H29-NPC01.LAZ
580,4819,0.0,2.6343759832020015,2.6343759832020015,San Sadurniño,Ferreira (San Paio),1,PNOA-2024-GAL-580-4819-H29-NPC01.LAZ
595,4842,2.1969121304212984,0.43735529981868054,2.634267430239979,Ortigueira,Espasante (San Xoán),1,PNOA-2024-GAL-595-4842-H29-NPC01.LAZ
521,4794,0.0,2.6306550959814348,2.6306550959814348,Carballo,Razo (San Martiño),1,PNOA-2024-GAL-521-4794-H29-NPC01.LAZ
572,4783,0.6059781413531594,2.024026257388983,2.6300043987421424,Oza dos Ríos,Rodeiro (Santa María),1,PNOA-2024-GAL-572-4783-H29-NPC01.LAZ
601,4828,0.0,2.6283649735445294,2.6283649735445294,Mañón,As Grañas do Sor (San Mamede),1,PNOA-2024-GAL-601-4828-H29-NPC01.LAZ
585,4796,0.0,2.622328359673791,2.622328359673791,Monfero,O Val de Xestoso (San Pedro),1,PNOA-2024-GAL-585-4796-H29-NPC01.LAZ
539,4783,0.810869850734239,1.8099746527070093,2.620844503441248,Cerceda,Cerceda (San Martiño),1,PNOA-2024-GAL-539-4783-H29-NPC01.LAZ
532,4753,0.9089737940334536,1.708154462559674,2.6171282565931278,Ames,Ameixenda (Santa María),1,PNOA-2024-GAL-532-4753-H29-NPC01.LAZ
578,4802,0.0,2.6131498130901116,2.6131498130901116,Monfero,San Fiz de Monfero (San Fiz),1,PNOA-2024-GAL-578-4802-H29-NPC01.LAZ
542,4793,0.20200035445425532,2.407126150759674,2.609126505213929,Arteixo,Loureda (Santa María),2,PNOA-2024-GAL-542-4793-H29-NPC01.LAZ
572,4773,0.0,2.6048927963717263,2.6048927963717263,Curtis,Fisteus (Santa María),1,PNOA-2024-GAL-572-4773-H29-NPC01.LAZ
572,4795,0.0,2.5991819002935377,2.5991819002935377,Irixoa,Ambroa (San Tirso),1,PNOA-2024-GAL-572-4795-H29-NPC01.LAZ
546,4803,0.05512583791225404,2.542481581515257,2.597607419427511,A Coruña,Visma (San Pedro),1,PNOA-2024-GAL-546-4803-H29-NPC01.LAZ
545,4784,1.8605762673684367,0.7367851563384594,2.597361423706896,Cerceda,As Encrobas (San Román),3,PNOA-2024-GAL-545-4784-H29-NPC01.LAZ
560,4800,0.0,2.595718063920702,2.595718063920702,Bergondo,Ouces (San Xoán),1,PNOA-2024-GAL-560-4800-H29-NPC01.LAZ
519,4742,0.0,2.59570028938377,2.59570028938377,Rois,Urdilde (Santa María),1,PNOA-2024-GAL-519-4742-H29-NPC01.LAZ
502,4741,0.0,2.5949953037779507,2.5949953037779507,Outes,O Freixo de Sabardes (San Xoán),1,PNOA-2024-GAL-502-4741-H29-NPC01.LAZ
578,4796,0.0,2.5949882174185563,2.5949882174185563,Monfero,Santa Xiá de Monfero (Santa Xiá),1,PNOA-2024-GAL-578-4796-H29-NPC01.LAZ
507,4779,0.3985382629175232,2.1813935135292897,2.579931776446813,Cabana de Bergantiños,Anós (Santo Estevo),1,PNOA-2024-GAL-507-4779-H29-NPC01.LAZ
532,4751,1.8319917917832855,0.7466849751499633,2.578676766933249,Santiago de Compostela,Villestro (Santa María),2,PNOA-2024-GAL-532-4751-H29-NPC01.LAZ
524,4791,0.0,2.570631941896701,2.570631941896701,Carballo,Lema (San Cristovo),3,PNOA-2024-GAL-524-4791-H29-NPC01.LAZ
550,4739,0.0,2.570194156270365,2.570194156270365,Boqueixón,Donas (San Pedro),2,PNOA-2024-GAL-550-4739-H29-NPC01.LAZ
586,4759,0.0,2.5673309421332844,2.5673309421332844,Toques,Paradela (San Paio),1,PNOA-2024-GAL-586-4759-H29-NPC01.LAZ
552,4779,0.0,2.5642401612733057,2.5642401612733057,Mesía,Bruma (San Lourenzo),2,PNOA-2024-GAL-552-4779-H29-NPC01.LAZ
587,4765,0.0,2.5590129195225946,2.5590129195225946,Sobrado,Codesoso (San Miguel),1,PNOA-2024-GAL-587-4765-H29-NPC01.LAZ
535,4759,0.0,2.5573441202921665,2.5573441202921665,Trazo,Xavestre (San Cristovo),1,PNOA-2024-GAL-535-4759-H29-NPC01.LAZ
559,4787,0.0,2.5572500943029497,2.5572500943029497,Abegondo,Meangos (Santiago),2,PNOA-2024-GAL-559-4787-H29-NPC01.LAZ
484,4756,0.008678111382209868,2.5433532502661778,2.5520313616483876,Corcubión,Corcubión (San Marcos),1,PNOA-2024-GAL-484-4756-H29-NPC01.LAZ
549,4765,0.0,2.5515543664696385,2.5515543664696385,Ordes,Pereira (Santaia),2,PNOA-2024-GAL-549-4765-H29-NPC01.LAZ
514,4727,0.28202535078184326,2.268600591551377,2.55062594233322,Rianxo,Taragoña (San Salvador),1,PNOA-2024-GAL-514-4727-H29-NPC01.LAZ
498,4742,0.0,2.5504797087986613,2.5504797087986613,Muros,Torea (San Xián),1,PNOA-2024-GAL-498-4742-H29-NPC01.LAZ
576,4832,0.20807537935197623,2.341765229895844,2.54984060924782,Cedeira,Esteiro (San Fiz),1,PNOA-2024-GAL-576-4832-H29-NPC01.LAZ
589,4838,2.277645962944819,0.2685613646652761,2.5462073276100954,Ortigueira,Veiga (Santo Adrao),1,PNOA-2024-GAL-589-4838-H29-NPC01.LAZ
578,4818,0.0,2.5431117505789542,2.5431117505789542,San Sadurniño,Ferreira (San Paio),2,PNOA-2024-GAL-578-4818-H29-NPC01.LAZ
572,4752,0.0,2.5420751464565714,2.5420751464565714,Arzúa,Vilantime (San Pedro),1,PNOA-2024-GAL-572-4752-H29-NPC01.LAZ
534,4771,0.0,2.540556207045426,2.540556207045426,Tordoia,A Vila de Abade (San Cibrán),2,PNOA-2024-GAL-534-4771-H29-NPC01.LAZ
570,4772,0.0,2.53738168178142,2.53738168178142,Curtis,Fisteus (Santa María),2,PNOA-2024-GAL-570-4772-H29-NPC01.LAZ
569,4797,1.2701978126757911,1.2621178137847424,2.5323156264605338,Miño,Callobre (San Xoán),1,PNOA-2024-GAL-569-4797-H29-NPC01.LAZ
499,4763,2.5298048427048223,0.0,2.5298048427048223,Vimianzo,Baíñas (Santo Antoíño),1,PNOA-2024-GAL-499-4763-H29-NPC01.LAZ
476,4754,0.0,2.5275220198413995,2.5275220198413995,Fisterra,Duio (San Vicezo),1,PNOA-2024-GAL-476-4754-H29-NPC01.LAZ
500,4716,1.9750004133206815,0.547425409840266,2.5224258231609475,Ribeira,Oleiros (San Martiño),1,PNOA-2024-GAL-500-4716-H29-NPC01.LAZ
487,4763,0.0,2.521151493298556,2.521151493298556,Dumbría,Salgueiros (San Mamede),1,PNOA-2024-GAL-487-4763-H29-NPC01.LAZ
540,4776,0.0,2.518840435349034,2.518840435349034,Cerceda,Xesteda (Santa Comba),1,PNOA-2024-GAL-540-4776-H29-NPC01.LAZ
552,4737,0.0,2.5183803407065706,2.5183803407065706,Boqueixón,Ledesma (San Salvador),1,PNOA-2024-GAL-552-4737-H29-NPC01.LAZ
532,4769,0.0,2.5130996607446376,2.5130996607446376,Trazo,Monzo (San Martiño),1,PNOA-2024-GAL-532-4769-H29-NPC01.LAZ
484,4775,0.0,2.5099774716370393,2.5099774716370393,Camariñas,Camariñas (San Xurxo),1,PNOA-2024-GAL-484-4775-H29-NPC01.LAZ
580,4747,0.0,2.507288922348763,2.507288922348763,Santiso,Niñodaguia (San Paio),1,PNOA-2024-GAL-580-4747-H29-NPC01.LAZ
546,4782,2.507066661660386,0.0,2.507066661660386,Cerceda,As Encrobas (San Román),1,PNOA-2024-GAL-546-4782-H29-NPC01.LAZ
574,4775,0.0,2.498693100951277,2.498693100951277,Curtis,Fisteus (Santa María),1,PNOA-2024-GAL-574-4775-H29-NPC01.LAZ
603,4834,0.0,2.4963267029236094,2.4963267029236094,Mañón,Mañón (Santa María),1,PNOA-2024-GAL-603-4834-H29-NPC01.LAZ
496,4771,1.3041445953993134,1.185361669461562,2.4895062648608755,Vimianzo,Cambeda (San Xoán),1,PNOA-2024-GAL-496-4771-H29-NPC01.LAZ
529,4780,0.0,2.4880325442208657,2.4880325442208657,Carballo,Artes (San Xurxo),1,PNOA-2024-GAL-529-4780-H29-NPC01.LAZ
555,4774,0.0,2.487019255632644,2.487019255632644,Mesía,Olás (San Lourenzo),1,PNOA-2024-GAL-555-4774-H29-NPC01.LAZ
493,4759,0.0,2.4854520216708424,2.4854520216708424,Dumbría,Dumbría (Santa Baia),1,PNOA-2024-GAL-493-4759-H29-NPC01.LAZ
575,4833,1.8083068776848494,0.6739219665962524,2.482228844281102,Cedeira,Esteiro (San Fiz),1,PNOA-2024-GAL-575-4833-H29-NPC01.LAZ
592,4831,2.4814014776286992,0.0,2.4814014776286992,Ortigueira,Devesos (San Sebastián),2,PNOA-2024-GAL-592-4831-H29-NPC01.LAZ
563,4744,0.0,2.4793872846212026,2.4793872846212026,Touro,Calvos de Socamiño (San Martiño),2,PNOA-2024-GAL-563-4744-H29-NPC01.LAZ
506,4778,2.4746855956097886,0.0,2.4746855956097886,Cabana de Bergantiños,Anós (Santo Estevo),1,PNOA-2024-GAL-506-4778-H29-NPC01.LAZ
599,4825,0.0,2.4745467036347697,2.4745467036347697,Mañón,As Grañas do Sor (San Mamede),1,PNOA-2024-GAL-599-4825-H29-NPC01.LAZ
538,4755,0.0,2.470709153705361,2.470709153705361,Santiago de Compostela,Grixoa (Santa María),1,PNOA-2024-GAL-538-4755-H29-NPC01.LAZ
542,4790,2.4690014371972624,0.0,2.4690014371972624,Arteixo,Loureda (Santa María),2,PNOA-2024-GAL-542-4790-H29-NPC01.LAZ
584,4770,0.0,2.4677737303182234,2.4677737303182234,Sobrado,Grixalba (San Xiao),1,PNOA-2024-GAL-584-4770-H29-NPC01.LAZ
573,4819,0.0,2.467595897943227,2.467595897943227,Neda,Anca (San Pedro),1,PNOA-2024-GAL-573-4819-H29-NPC01.LAZ
523,4741,0.39543155876438885,2.0705813012287164,2.4660128599931053,Rois,Urdilde (Santa María),2,PNOA-2024-GAL-523-4741-H29-NPC01.LAZ
588,4826,0.29320604239653864,2.1726091083449357,2.4658151507414745,As Somozas,As Enchousas (San Pedro),2,PNOA-2024-GAL-588-4826-H29-NPC01.LAZ
579,4822,0.0,2.4656400397017855,2.4656400397017855,Moeche,San Xoán de Moeche (San Xoán),2,PNOA-2024-GAL-579-4822-H29-NPC01.LAZ
545,4804,0.0,2.4584670209224386,2.4584670209224386,A Coruña,Visma (San Pedro),1,PNOA-2024-GAL-545-4804-H29-NPC01.LAZ
541,4763,0.0,2.4583681659704677,2.4583681659704677,Trazo,Morlán (Santa María),1,PNOA-2024-GAL-541-4763-H29-NPC01.LAZ
506,4722,0.0,2.4572855522760926,2.4572855522760926,Boiro,Lampón (Santiago),2,PNOA-2024-GAL-506-4722-H29-NPC01.LAZ
496,4710,2.457210674265414,0.0,2.457210674265414,Ribeira,Aguiño (Nosa Señora do Carme),2,PNOA-2024-GAL-496-4710-H29-NPC01.LAZ
500,4780,0.0,2.45361803341604,2.45361803341604,Laxe,Nande (San Simón),1,PNOA-2024-GAL-500-4780-H29-NPC01.LAZ
496,4749,0.0,2.449056299570258,2.449056299570258,Carnota,San Mamede de Carnota (San Mamede),1,PNOA-2024-GAL-496-4749-H29-NPC01.LAZ
506,4716,0.0,2.443557691856584,2.443557691856584,A Pobra do Caramiñal,O Xobre ou O Maño (Santa María),1,PNOA-2024-GAL-506-4716-H29-NPC01.LAZ
600,4822,2.4411552260873375,0.0,2.4411552260873375,As Pontes de García Rodríguez,O Freixo (San Xoán),1,PNOA-2024-GAL-600-4822-H29-NPC01.LAZ
490,4780,0.0,2.4353593236168587,2.4353593236168587,Camariñas,A Ponte do Porto (San Pedro),3,PNOA-2024-GAL-490-4780-H29-NPC01.LAZ
575,4748,0.0,2.428874684450288,2.428874684450288,Santiso,Pezobre (San Cristovo),1,PNOA-2024-GAL-575-4748-H29-NPC01.LAZ
543,4765,0.0,2.4259641492563895,2.4259641492563895,Tordoia,Leobalde (San Cristovo),1,PNOA-2024-GAL-543-4765-H29-NPC01.LAZ
594,4835,2.424592607573888,0.0,2.424592607573888,Ortigueira,Cuíña (Santiago),1,PNOA-2024-GAL-594-4835-H29-NPC01.LAZ
594,4826,2.422978999388582,0.0,2.422978999388582,Ortigueira,As Neves (Santa María),1,PNOA-2024-GAL-594-4826-H29-NPC01.LAZ
492,4763,0.0,2.4215611542200066,2.4215611542200066,Dumbría,Dumbría (Santa Baia),1,PNOA-2024-GAL-492-4763-H29-NPC01.LAZ
535,4767,0.0,2.420825712194466,2.420825712194466,Tordoia,Castenda da Torre (Santa María),1,PNOA-2024-GAL-535-4767-H29-NPC01.LAZ
596,4813,2.420366969878567,0.0,2.420366969878567,As Pontes de García Rodríguez,As Pontes de García Rodríguez (Santa María),1,PNOA-2024-GAL-596-4813-H29-NPC01.LAZ
570,4808,0.0,2.4131085519625,2.4131085519625,Pontedeume,Ombre (Santa María),1,PNOA-2024-GAL-570-4808-H29-NPC01.LAZ
600,4820,2.409081899283038,0.0,2.409081899283038,As Pontes de García Rodríguez,O Freixo (San Xoán),1,PNOA-2024-GAL-600-4820-H29-NPC01.LAZ
514,4759,0.0,2.408575607474458,2.408575607474458,A Baña,A Riba (San Xoán),1,PNOA-2024-GAL-514-4759-H29-NPC01.LAZ
574,4746,0.0,2.406396226372493,2.406396226372493,Santiso,Ribadulla (San Vicenzo),2,PNOA-2024-GAL-574-4746-H29-NPC01.LAZ
579,4828,0.0,2.401787590792188,2.401787590792188,Moeche,Abade (Santiago),1,PNOA-2024-GAL-579-4828-H29-NPC01.LAZ
507,4723,2.3997871103530515,0.0,2.3997871103530515,Boiro,Lampón (Santiago),2,PNOA-2024-GAL-507-4723-H29-NPC01.LAZ
570,4800,0.0,2.3931855712485106,2.3931855712485106,Vilarmaior,Torres (San Xorxe),1,PNOA-2024-GAL-570-4800-H29-NPC01.LAZ
592,4840,2.3884020647321402,0.0,2.3884020647321402,Ortigueira,Luama (San Martiño),1,PNOA-2024-GAL-592-4840-H29-NPC01.LAZ
573,4810,0.024613319251377726,2.3614157072537143,2.386029026505092,A Capela,Capela (Santiago),2,PNOA-2024-GAL-573-4810-H29-NPC01.LAZ
575,4808,2.383496243202492,0.0,2.383496243202492,A Capela,Capela (Santiago),1,PNOA-2024-GAL-575-4808-H29-NPC01.LAZ
527,4794,0.0,2.381792386881132,2.381792386881132,Carballo,Lema (San Cristovo),1,PNOA-2024-GAL-527-4794-H29-NPC01.LAZ
576,4775,0.0,2.3766851807351186,2.3766851807351186,Curtis,Curtis (Santaia),1,PNOA-2024-GAL-576-4775-H29-NPC01.LAZ
526,4751,0.0,2.375061886366181,2.375061886366181,Ames,Trasmonte (Santa María),2,PNOA-2024-GAL-526-4751-H29-NPC01.LAZ
521,4736,1.3279026413238158e-06,2.374005937934051,2.374007265836692,Rois,Buxán (San Xoán),1,PNOA-2024-GAL-521-4736-H29-NPC01.LAZ
604,4839,0.0,2.370273770956719,2.370273770956719,Mañón,As Ribeiras do Sor (San Cristovo),1,PNOA-2024-GAL-604-4839-H29-NPC01.LAZ
555,4778,0.0,2.368377285694216,2.368377285694216,Abegondo,Vizoño (San Pedro),1,PNOA-2024-GAL-555-4778-H29-NPC01.LAZ
557,4775,0.0,2.3674278051093105,2.3674278051093105,Mesía,Mesía (San Cristovo),2,PNOA-2024-GAL-557-4775-H29-NPC01.LAZ
535,4763,0.44801237178777575,1.9151875854465739,2.3631999572343494,Trazo,Trazo (Santa María),3,PNOA-2024-GAL-535-4763-H29-NPC01.LAZ
516,4747,0.0,2.361263222372913,2.361263222372913,Negreira,Liñaio (San Martiño),1,PNOA-2024-GAL-516-4747-H29-NPC01.LAZ
517,4780,0.0,2.354719638362125,2.354719638362125,Coristanco,Ferreira (Santa María),1,PNOA-2024-GAL-517-4780-H29-NPC01.LAZ
564,4782,2.3539587171962846,0.0,2.3539587171962846,Cesuras,Mandaio (San Xiao),1,PNOA-2024-GAL-564-4782-H29-NPC01.LAZ
600,4826,0.0,2.3528878632581844,2.3528878632581844,Mañón,As Grañas do Sor (San Mamede),1,PNOA-2024-GAL-600-4826-H29-NPC01.LAZ
579,4833,1.7475308657919326,0.6044870489513123,2.3520179147432447,Cedeira,San Román de Montoxo (San Román),2,PNOA-2024-GAL-579-4833-H29-NPC01.LAZ
567,4764,0.0,2.351227466266112,2.351227466266112,Boimorto,Cardeiro (San Pedro),2,PNOA-2024-GAL-567-4764-H29-NPC01.LAZ
555,4760,0.0,2.349523095611961,2.349523095611961,Oroso,Os Ánxeles (San Mamede),1,PNOA-2024-GAL-555-4760-H29-NPC01.LAZ
586,4830,0.0,2.3491114943939118,2.3491114943939118,Cerdido,A Barqueira (Santo Antonio),1,PNOA-2024-GAL-586-4830-H29-NPC01.LAZ
585,4792,0.0,2.3477775487152055,2.3477775487152055,Aranga,Cambás (San Pedro),1,PNOA-2024-GAL-585-4792-H29-NPC01.LAZ
574,4809,0.9909024603897059,1.355623417259455,2.346525877649161,A Capela,Capela (Santiago),1,PNOA-2024-GAL-574-4809-H29-NPC01.LAZ
516,4733,0.09905726961452888,2.245253731982582,2.344311001597111,Lousame,Fruíme (San Martiño),1,PNOA-2024-GAL-516-4733-H29-NPC01.LAZ
572,4834,0.0,2.3437988815399793,2.3437988815399793,Valdoviño,Pantín (Santiago),1,PNOA-2024-GAL-572-4834-H29-NPC01.LAZ
530,4739,1.1734256859610281,1.1694772683689036,2.342902954329932,Padrón,Cruces (Santa María),1,PNOA-2024-GAL-530-4739-H29-NPC01.LAZ
561,4813,0.2579677046714441,2.083377746366703,2.3413454510381473,Mugardos,Meá (San Vicente),1,PNOA-2024-GAL-561-4813-H29-NPC01.LAZ
577,4743,0.0,2.3351204207124727,2.3351204207124727,Santiso,Mourazos (San Xurxo),1,PNOA-2024-GAL-577-4743-H29-NPC01.LAZ
577,4824,0.0,2.3340910968550554,2.3340910968550554,San Sadurniño,Lamas (San Xiao),1,PNOA-2024-GAL-577-4824-H29-NPC01.LAZ
512,4788,0.0,2.3322425874753,2.3322425874753,Ponteceso,Tallo (Santo André),1,PNOA-2024-GAL-512-4788-H29-NPC01.LAZ
584,4792,0.0,2.3223057061577714,2.3223057061577714,Aranga,Cambás (San Pedro),1,PNOA-2024-GAL-584-4792-H29-NPC01.LAZ
581,4808,2.3211545275402203,0.0,2.3211545275402203,As Pontes de García Rodríguez,San Pedro de Eume (San Pedro),1,PNOA-2024-GAL-581-4808-H29-NPC01.LAZ
531,4778,0.0,2.318890611282663,2.318890611282663,Carballo,Rus (Santa María),1,PNOA-2024-GAL-531-4778-H29-NPC01.LAZ
501,4784,0.0,2.3142111900727134,2.3142111900727134,Laxe,Serantes (Santa María),1,PNOA-2024-GAL-501-4784-H29-NPC01.LAZ
507,4748,0.0,2.313768795238586,2.313768795238586,Outes,Santo Ourente de Entíns (Santo Ourente),1,PNOA-2024-GAL-507-4748-H29-NPC01.LAZ
584,4800,0.7347671428928553,1.5774293205084702,2.3121964634013255,Monfero,O Val de Xestoso (San Pedro),1,PNOA-2024-GAL-584-4800-H29-NPC01.LAZ
582,4792,0.0,2.3113399879859395,2.3113399879859395,Aranga,Cambás (San Pedro),1,PNOA-2024-GAL-582-4792-H29-NPC01.LAZ
581,4841,0.0,2.310813480681601,2.310813480681601,Cedeira,Régoa (Santa María),1,PNOA-2024-GAL-581-4841-H29-NPC01.LAZ
506,4781,0.0,2.3101153260513088,2.3101153260513088,Cabana de Bergantiños,Anós (Santo Estevo),1,PNOA-2024-GAL-506-4781-H29-NPC01.LAZ
563,4783,0.0,2.30432451994799,2.30432451994799,Oza dos Ríos,Cis (San Nicolao),1,PNOA-2024-GAL-563-4783-H29-NPC01.LAZ
511,4784,1.058177406117179,1.2460866686575844,2.304264074774763,Cabana de Bergantiños,Corcoesto (San Pedro),1,PNOA-2024-GAL-511-4784-H29-NPC01.LAZ
583,4801,0.0,2.3039985981201596,2.3039985981201596,Monfero,San Fiz de Monfero (San Fiz),1,PNOA-2024-GAL-583-4801-H29-NPC01.LAZ
502,4716,0.7473664529616226,1.5563631541409548,2.3037296071025777,Ribeira,Palmeira (San Pedro),1,PNOA-2024-GAL-502-4716-H29-NPC01.LAZ
517,4721,2.3002720635337353,0.0,2.3002720635337353,Rianxo,Leiro (Santa María),1,PNOA-2024-GAL-517-4721-H29-NPC01.LAZ
571,4784,1.0943692574649133,1.2044665051443786,2.2988357626092917,Oza dos Ríos,Rodeiro (Santa María),1,PNOA-2024-GAL-571-4784-H29-NPC01.LAZ
510,4726,0.0,2.2985487867846253,2.2985487867846253,Boiro,Cespón (San Vicenzo),1,PNOA-2024-GAL-510-4726-H29-NPC01.LAZ
510,4727,0.0,2.2984841767736652,2.2984841767736652,Boiro,Macenda (San Xoán),1,PNOA-2024-GAL-510-4727-H29-NPC01.LAZ
584,4832,0.0,2.2967910520126518,2.2967910520126518,Cerdido,A Barqueira (Santo Antonio),1,PNOA-2024-GAL-584-4832-H29-NPC01.LAZ
577,4794,0.0,2.294507398272671,2.294507398272671,Irixoa,Irixoa (San Lourenzo),1,PNOA-2024-GAL-577-4794-H29-NPC01.LAZ
512,4741,0.9408947623018771,1.353109232739571,2.2940039950414484,Noia,Roo (Santa María),1,PNOA-2024-GAL-512-4741-H29-NPC01.LAZ
543,4748,1.9184818313223435,0.3744773108969405,2.292959142219284,Santiago de Compostela,Bando (Santa Eulalia),1,PNOA-2024-GAL-543-4748-H29-NPC01.LAZ
571,4760,1.2727905296093827,1.0196143964761708,2.2924049260855535,Boimorto,Boimorto (Santiago),2,PNOA-2024-GAL-571-4760-H29-NPC01.LAZ
501,4724,0.0,2.2870062185783984,2.2870062185783984,Porto do Son,Ribasieira (San Fins),1,PNOA-2024-GAL-501-4724-H29-NPC01.LAZ
508,4791,0.0,2.2837208101004585,2.2837208101004585,Ponteceso,A Graña (San Vicenzo),1,PNOA-2024-GAL-508-4791-H29-NPC01.LAZ
592,4830,2.278722117788616,0.0,2.278722117788616,Ortigueira,O Ermo (San Xulián),1,PNOA-2024-GAL-592-4830-H29-NPC01.LAZ
581,4760,0.0,2.2775126912078236,2.2775126912078236,Toques,Ordes (Santa María),2,PNOA-2024-GAL-581-4760-H29-NPC01.LAZ
586,4754,0.0,2.273067399643323,2.273067399643323,Toques,Vilouriz (Santiago),1,PNOA-2024-GAL-586-4754-H29-NPC01.LAZ
575,4759,2.272761203789814,0.0,2.272761203789814,Melide,Maceda (San Pedro),1,PNOA-2024-GAL-575-4759-H29-NPC01.LAZ
600,4838,2.2684326406360746,0.0,2.2684326406360746,Ortigueira,San Salvador de Couzadoiro (San Salvador),1,PNOA-2024-GAL-600-4838-H29-NPC01.LAZ
576,4773,0.0,2.2683415728860776,2.2683415728860776,Sobrado,A Ciadella (Santa María),1,PNOA-2024-GAL-576-4773-H29-NPC01.LAZ
582,4776,0.0,2.265988694877441,2.265988694877441,Curtis,Foxados (Santa María),1,PNOA-2024-GAL-582-4776-H29-NPC01.LAZ
579,4803,2.2617448246655667,0.0,2.2617448246655667,Monfero,San Fiz de Monfero (San Fiz),1,PNOA-2024-GAL-579-4803-H29-NPC01.LAZ
593,4829,2.2583336154094646,0.0,2.2583336154094646,Ortigueira,As Neves (Santa María),1,PNOA-2024-GAL-593-4829-H29-NPC01.LAZ
478,4750,0.0,2.257755000215854,2.257755000215854,Fisterra,Fisterra (Santa María),1,PNOA-2024-GAL-478-4750-H29-NPC01.LAZ
517,4773,0.0,2.255665909356588,2.255665909356588,Santa Comba,Xallas de Castriz (San Pedro),1,PNOA-2024-GAL-517-4773-H29-NPC01.LAZ
569,4758,0.3747191037635248,1.8752353473023948,2.2499544510659195,Arzúa,A Mella (San Pedro),1,PNOA-2024-GAL-569-4758-H29-NPC01.LAZ
580,4815,0.0,2.248321899131952,2.248321899131952,San Sadurniño,Igrexafeita (Santa María),1,PNOA-2024-GAL-580-4815-H29-NPC01.LAZ
584,4806,2.247720494400078,0.0,2.247720494400078,As Pontes de García Rodríguez,San Pedro de Eume (San Pedro),1,PNOA-2024-GAL-584-4806-H29-NPC01.LAZ
588,4819,0.0,2.246374006379579,2.246374006379579,As Somozas,Seixas (Santa María),2,PNOA-2024-GAL-588-4819-H29-NPC01.LAZ
518,4760,0.0,2.245080306062423,2.245080306062423,A Baña,Suevos (San Mamede),1,PNOA-2024-GAL-518-4760-H29-NPC01.LAZ
538,4734,0.0,2.2432149708544027,2.2432149708544027,Teo,Teo (Santa María),1,PNOA-2024-GAL-538-4734-H29-NPC01.LAZ
578,4823,0.0,2.238297181459247,2.238297181459247,San Sadurniño,Lamas (San Xiao),1,PNOA-2024-GAL-578-4823-H29-NPC01.LAZ
546,4780,2.234517020635504,0.0,2.234517020635504,Cerceda,As Encrobas (San Román),1,PNOA-2024-GAL-546-4780-H29-NPC01.LAZ
566,4758,0.0,2.2339761891639136,2.2339761891639136,Arzúa,Viladavil (Santa María),1,PNOA-2024-GAL-566-4758-H29-NPC01.LAZ
574,4829,0.0,2.231297064269155,2.231297064269155,Valdoviño,Vilaboa (San Vicente),1,PNOA-2024-GAL-574-4829-H29-NPC01.LAZ
597,4835,1.60024305134479,0.6290006252133448,2.2292436765581347,Ortigueira,Couzadoiro (San Cristovo),1,PNOA-2024-GAL-597-4835-H29-NPC01.LAZ
560,4755,2.2252363834599165,0.0,2.2252363834599165,Arzúa,Oíns (San Cosme),2,PNOA-2024-GAL-560-4755-H29-NPC01.LAZ
487,4779,0.0,2.2241933670089873,2.2241933670089873,Camariñas,Xaviña (Santa María),1,PNOA-2024-GAL-487-4779-H29-NPC01.LAZ
558,4778,0.22305469897339986,2.0000342367383523,2.2230889357117523,Cesuras,Loureda (Santo Estevo),2,PNOA-2024-GAL-558-4778-H29-NPC01.LAZ
513,4744,0.0,2.222177927076238,2.222177927076238,Outes,Cando (San Tirso),1,PNOA-2024-GAL-513-4744-H29-NPC01.LAZ
514,4781,0.0,2.2139857020703495,2.2139857020703495,Coristanco,Valenza (San Pedro),1,PNOA-2024-GAL-514-4781-H29-NPC01.LAZ
597,4822,2.211377876553535,0.0,2.211377876553535,As Pontes de García Rodríguez,O Freixo (San Xoán),1,PNOA-2024-GAL-597-4822-H29-NPC01.LAZ
526,4775,0.0,2.2105788654434506,2.2105788654434506,Carballo,Entrecruces (San Xens),1,PNOA-2024-GAL-526-4775-H29-NPC01.LAZ
579,4838,0.0,2.2100874003872626,2.2100874003872626,Cedeira,Régoa (Santa María),1,PNOA-2024-GAL-579-4838-H29-NPC01.LAZ
567,4814,0.0,2.2085766164557614,2.2085766164557614,Fene,Fene (San Salvador),2,PNOA-2024-GAL-567-4814-H29-NPC01.LAZ
582,4809,2.203119071374165,0.0,2.203119071374165,As Pontes de García Rodríguez,San Pedro de Eume (San Pedro),1,PNOA-2024-GAL-582-4809-H29-NPC01.LAZ
516,4791,0.0,2.2024186393213356,2.2024186393213356,Ponteceso,Xornes (San Xoán),1,PNOA-2024-GAL-516-4791-H29-NPC01.LAZ
538,4776,0.9102520976590729,1.2908125446254508,2.201064642284524,Cerceda,Rodís (San Martiño),2,PNOA-2024-GAL-538-4776-H29-NPC01.LAZ
583,4807,2.200811176954646,0.0,2.200811176954646,As Pontes de García Rodríguez,San Pedro de Eume (San Pedro),1,PNOA-2024-GAL-583-4807-H29-NPC01.LAZ
571,4756,0.0,2.198928018175378,2.198928018175378,Arzúa,Rendal (Santa María),1,PNOA-2024-GAL-571-4756-H29-NPC01.LAZ
568,4820,0.0,2.19434834481334,2.19434834481334,Neda,Santa María de Neda (Santa María),1,PNOA-2024-GAL-568-4820-H29-NPC01.LAZ
570,4751,1.29426328335131,0.8978000475400055,2.1920633308913153,Arzúa,Vilantime (San Pedro),2,PNOA-2024-GAL-570-4751-H29-NPC01.LAZ
536,4755,1.779708343878688,0.4118388129742272,2.1915471568529155,Santiago de Compostela,Grixoa (Santa María),1,PNOA-2024-GAL-536-4755-H29-NPC01.LAZ
513,4784,2.188676457142461,0.0,2.188676457142461,Cabana de Bergantiños,Corcoesto (San Pedro),1,PNOA-2024-GAL-513-4784-H29-NPC01.LAZ
578,4794,0.0,2.179220961579078,2.179220961579078,Irixoa,Irixoa (San Lourenzo),1,PNOA-2024-GAL-578-4794-H29-NPC01.LAZ
541,4751,0.858264400212056,1.3175962154491814,2.1758606156612372,Santiago de Compostela,A Enfesta (San Cristovo),3,PNOA-2024-GAL-541-4751-H29-NPC01.LAZ
547,4738,0.0,2.1749267779154358,2.1749267779154358,Vedra,A Ponte Ulla (Santa María Madanela),1,PNOA-2024-GAL-547-4738-H29-NPC01.LAZ
503,4771,0.023103416332144883,2.1447408733783053,2.1678442897104504,Vimianzo,Treos (San Miguel),1,PNOA-2024-GAL-503-4771-H29-NPC01.LAZ
595,4836,2.165020425944214,0.0,2.165020425944214,Ortigueira,Cuíña (Santiago),1,PNOA-2024-GAL-595-4836-H29-NPC01.LAZ
598,4816,2.1533328489353845,0.0,2.1533328489353845,As Pontes de García Rodríguez,Somede (San Mamede),1,PNOA-2024-GAL-598-4816-H29-NPC01.LAZ
576,4806,2.151835595374439,0.0,2.151835595374439,Monfero,Queixeiro (San Xurxo),1,PNOA-2024-GAL-576-4806-H29-NPC01.LAZ
582,4840,1.6366813684725638,0.5115343871836795,2.1482157556562433,Cedeira,Régoa (Santa María),1,PNOA-2024-GAL-582-4840-H29-NPC01.LAZ
500,4742,0.0,2.1453635931429837,2.1453635931429837,Muros,Esteiro (Santa Mariña),1,PNOA-2024-GAL-500-4742-H29-NPC01.LAZ
598,4840,2.144370481207011,0.0,2.144370481207011,Ortigueira,Espasante (San Xoán),1,PNOA-2024-GAL-598-4840-H29-NPC01.LAZ
549,4741,0.0,2.1423981859813526,2.1423981859813526,Boqueixón,Pousada (San Lourenzo),1,PNOA-2024-GAL-549-4741-H29-NPC01.LAZ
519,4776,0.0,2.1418824745471268,2.1418824745471268,Coristanco,Couso (San Miguel),1,PNOA-2024-GAL-519-4776-H29-NPC01.LAZ
559,4785,0.0,2.13919137430152,2.13919137430152,Abegondo,Presedo (Santa María),1,PNOA-2024-GAL-559-4785-H29-NPC01.LAZ
565,4774,0.0,2.131489729465485,2.131489729465485,Mesía,Cabrui (San Martiño),1,PNOA-2024-GAL-565-4774-H29-NPC01.LAZ
497,4776,2.1285048437400156,0.0,2.1285048437400156,Vimianzo,Calo (San Xoán),2,PNOA-2024-GAL-497-4776-H29-NPC01.LAZ
584,4781,0.0,2.1271342345801107,2.1271342345801107,Curtis,Foxados (Santa María),1,PNOA-2024-GAL-584-4781-H29-NPC01.LAZ
587,4756,0.0,2.1265089148288583,2.1265089148288583,Toques,Vilouriz (Santiago),1,PNOA-2024-GAL-587-4756-H29-NPC01.LAZ
583,4759,0.0,2.1255379076669634,2.1255379076669634,Toques,A Capela (Santa María),1,PNOA-2024-GAL-583-4759-H29-NPC01.LAZ
563,4752,1.6194368566766726,0.5044297969280703,2.123866653604743,Arzúa,Burres (San Vicenzo),1,PNOA-2024-GAL-563-4752-H29-NPC01.LAZ
498,4772,1.56518391383175,0.5584283459000228,2.1236122597317726,Vimianzo,Vimianzo (San Vicenzo),1,PNOA-2024-GAL-498-4772-H29-NPC01.LAZ
518,4722,0.8314625506661404,1.2867173142323471,2.1181798648984875,Rianxo,Leiro (Santa María),1,PNOA-2024-GAL-518-4722-H29-NPC01.LAZ
518,4782,2.1125724828316423,0.0,2.1125724828316423,Coristanco,Coristanco (San Paio),1,PNOA-2024-GAL-518-4782-H29-NPC01.LAZ
515,4721,2.110520738142159,0.0,2.110520738142159,Rianxo,Leiro (Santa María),1,PNOA-2024-GAL-515-4721-H29-NPC01.LAZ
543,4752,0.0,2.106638857425899,2.106638857425899,Santiago de Compostela,A Enfesta (San Cristovo),1,PNOA-2024-GAL-543-4752-H29-NPC01.LAZ
593,4819,2.1057028392265327,0.0,2.1057028392265327,As Pontes de García Rodríguez,O Freixo (San Xoán),1,PNOA-2024-GAL-593-4819-H29-NPC01.LAZ
557,4773,0.0,2.1044250240774205,2.1044250240774205,Mesía,Olás (San Lourenzo),1,PNOA-2024-GAL-557-4773-H29-NPC01.LAZ
525,4791,0.0,2.100619933154605,2.100619933154605,Carballo,Lema (San Cristovo),1,PNOA-2024-GAL-525-4791-H29-NPC01.LAZ
580,4806,2.097877053866795,0.0,2.097877053866795,As Pontes de García Rodríguez,San Pedro de Eume (San Pedro),1,PNOA-2024-GAL-580-4806-H29-NPC01.LAZ
593,4827,2.0972662565819964,0.0,2.0972662565819964,Ortigueira,As Neves (Santa María),1,PNOA-2024-GAL-593-4827-H29-NPC01.LAZ
557,4788,0.0,2.0970214539656498,2.0970214539656498,Abegondo,Mabegondo (San Tirso),1,PNOA-2024-GAL-557-4788-H29-NPC01.LAZ
561,4766,1.5646309280043555,0.528722323513246,2.0933532515176014,Frades,Vitre (San Xoán),1,PNOA-2024-GAL-561-4766-H29-NPC01.LAZ
582,4768,0.0,2.088333550265082,2.088333550265082,Sobrado,Cumbraos (San Xiao),1,PNOA-2024-GAL-582-4768-H29-NPC01.LAZ
574,4786,0.0,2.0877736293592775,2.0877736293592775,Aranga,Feás (San Pedro),1,PNOA-2024-GAL-574-4786-H29-NPC01.LAZ
583,4776,0.0,2.087520821905299,2.087520821905299,Curtis,Foxados (Santa María),1,PNOA-2024-GAL-583-4776-H29-NPC01.LAZ
532,4761,1.5892549505694535,0.4947844480083028,2.0840393985777563,Trazo,Xavestre (San Cristovo),1,PNOA-2024-GAL-532-4761-H29-NPC01.LAZ
495,4770,2.079588352224275,0.0,2.079588352224275,Vimianzo,Cambeda (San Xoán),2,PNOA-2024-GAL-495-4770-H29-NPC01.LAZ
563,4802,0.017728880003861316,2.0593735488754197,2.077102428879281,Miño,Perbes (San Pedro),1,PNOA-2024-GAL-563-4802-H29-NPC01.LAZ
578,4799,0.017805028948739907,2.0575625213516653,2.075367550300405,Monfero,San Fiz de Monfero (San Fiz),1,PNOA-2024-GAL-578-4799-H29-NPC01.LAZ
559,4792,2.0475136121574695,0.02553714591505921,2.0730507580725286,Betanzos,Piadela (Santo Estevo),2,PNOA-2024-GAL-559-4792-H29-NPC01.LAZ
587,4810,2.0674391359583333,0.0,2.0674391359583333,As Pontes de García Rodríguez,Ribadeume (Santa María),1,PNOA-2024-GAL-587-4810-H29-NPC01.LAZ
574,4771,0.0,2.066018669832539,2.066018669832539,Vilasantar,San Vicenzo de Curtis (San Vicenzo),2,PNOA-2024-GAL-574-4771-H29-NPC01.LAZ
575,4792,0.0,2.0624878456250224,2.0624878456250224,Irixoa,Churío (San Martiño),4,PNOA-2024-GAL-575-4792-H29-NPC01.LAZ
579,4809,0.0,2.054187549157047,2.054187549157047,A Capela,Capela (Santiago),1,PNOA-2024-GAL-579-4809-H29-NPC01.LAZ
590,4817,2.0501794939653255,0.0,2.0501794939653255,As Pontes de García Rodríguez,Vilavella (Santa María),1,PNOA-2024-GAL-590-4817-H29-NPC01.LAZ
596,4828,2.050175701651651,0.0,2.050175701651651,Ortigueira,As Neves (Santa María),1,PNOA-2024-GAL-596-4828-H29-NPC01.LAZ
573,4783,0.0,2.048948361043189,2.048948361043189,Aranga,San Vicente de Fervenzas (San Vicente),1,PNOA-2024-GAL-573-4783-H29-NPC01.LAZ
507,4778,2.0488991706829616,0.0,2.0488991706829616,Cabana de Bergantiños,Anós (Santo Estevo),1,PNOA-2024-GAL-507-4778-H29-NPC01.LAZ
533,4757,0.0,2.0467139999414043,2.0467139999414043,Santiago de Compostela,Fecha (San Xoán),1,PNOA-2024-GAL-533-4757-H29-NPC01.LAZ
557,4746,0.0,2.042613438698646,2.042613438698646,Touro,Fao (Santa Uxía),2,PNOA-2024-GAL-557-4746-H29-NPC01.LAZ
582,4826,0.0,2.041658662347291,2.041658662347291,Moeche,Abade (Santiago),1,PNOA-2024-GAL-582-4826-H29-NPC01.LAZ
503,4719,0.0,2.0393851451185583,2.0393851451185583,A Pobra do Caramiñal,Lesón (Santa Cruz),1,PNOA-2024-GAL-503-4719-H29-NPC01.LAZ
576,4797,2.029527441974897,0.001615604006140795,2.031143045981038,Monfero,San Fiz de Monfero (San Fiz),2,PNOA-2024-GAL-576-4797-H29-NPC01.LAZ
495,4767,2.026059616159768,0.0,2.026059616159768,Vimianzo,Castrelo (San Martiño),1,PNOA-2024-GAL-495-4767-H29-NPC01.LAZ
583,4760,0.0,2.0237553858307296,2.0237553858307296,Toques,A Capela (Santa María),1,PNOA-2024-GAL-583-4760-H29-NPC01.LAZ
511,4751,0.0,2.0219630332003122,2.0219630332003122,Negreira,Xallas (San Pedro),1,PNOA-2024-GAL-511-4751-H29-NPC01.LAZ
574,4831,0.0,2.019125759622661,2.019125759622661,Valdoviño,Vilarrube (San Martiño),1,PNOA-2024-GAL-574-4831-H29-NPC01.LAZ
563,4773,0.0,2.0181727954149906,2.0181727954149906,Mesía,Bascoi (Santiago),1,PNOA-2024-GAL-563-4773-H29-NPC01.LAZ
498,4741,0.0,2.016778362170413,2.016778362170413,Muros,Torea (San Xián),2,PNOA-2024-GAL-498-4741-H29-NPC01.LAZ
546,4784,2.0140562290637907,0.0,2.0140562290637907,Cerceda,Meirama (Santo André),2,PNOA-2024-GAL-546-4784-H29-NPC01.LAZ
567,4756,0.4503993709056353,1.5586638568230795,2.009063227728715,Arzúa,Santa María da Arzúa (Santa María),2,PNOA-2024-GAL-567-4756-H29-NPC01.LAZ
505,4723,0.0,2.0074564649907707,2.0074564649907707,Boiro,Lampón (Santiago),1,PNOA-2024-GAL-505-4723-H29-NPC01.LAZ
510,4751,0.0,2.007029141673735,2.007029141673735,Outes,Santo Ourente de Entíns (Santo Ourente),2,PNOA-2024-GAL-510-4751-H29-NPC01.LAZ
534,4756,1.1156513406212105,0.891023681965051,2.0066750225862613,Santiago de Compostela,Fecha (San Xoán),1,PNOA-2024-GAL-534-4756-H29-NPC01.LAZ
599,4833,2.002991334215349,0.0,2.002991334215349,Ortigueira,Couzadoiro (San Cristovo),1,PNOA-2024-GAL-599-4833-H29-NPC01.LAZ
485,4776,0.0,2.0020024866936525,2.0020024866936525,Camariñas,Camariñas (San Xurxo),1,PNOA-2024-GAL-485-4776-H29-NPC01.LAZ
570,4748,0.0,1.9987032048761972,1.9987032048761972,Santiso,Visantoña (San Xoán),1,PNOA-2024-GAL-570-4748-H29-NPC01.LAZ
586,4812,0.053024309391135636,1.9453952641673111,1.9984195735584467,As Pontes de García Rodríguez,Seoane (San Xoán),3,PNOA-2024-GAL-586-4812-H29-NPC01.LAZ
597,4833,1.9965459688949037,0.0,1.9965459688949037,Ortigueira,Couzadoiro (San Cristovo),1,PNOA-2024-GAL-597-4833-H29-NPC01.LAZ
516,4772,0.0,1.989589768408014,1.989589768408014,Santa Comba,Xallas de Castriz (San Pedro),1,PNOA-2024-GAL-516-4772-H29-NPC01.LAZ
501,4713,0.10896882375758644,1.8782172311008665,1.987186054858453,Ribeira,Ribeira (Santa Uxía),2,PNOA-2024-GAL-501-4713-H29-NPC01.LAZ
580,4759,1.982985660887976,0.0,1.982985660887976,Melide,Folladela (San Pedro),1,PNOA-2024-GAL-580-4759-H29-NPC01.LAZ
509,4763,0.0,1.9805274751686048,1.9805274751686048,Santa Comba,Grixoa (San Xoán),2,PNOA-2024-GAL-509-4763-H29-NPC01.LAZ
584,4776,0.0,1.979244247051981,1.979244247051981,Sobrado,Grixalba (San Xiao),2,PNOA-2024-GAL-584-4776-H29-NPC01.LAZ
524,4768,0.0,1.9784346585690613,1.9784346585690613,Santa Comba,Vilamaior (Santa María),1,PNOA-2024-GAL-524-4768-H29-NPC01.LAZ
595,4829,1.9778916247354381,0.0,1.9778916247354381,Ortigueira,Devesos (San Sebastián),2,PNOA-2024-GAL-595-4829-H29-NPC01.LAZ
520,4773,0.0,1.9751585596560262,1.9751585596560262,Coristanco,Seavia (San Mamede),1,PNOA-2024-GAL-520-4773-H29-NPC01.LAZ
566,4760,1.9640076602357173,0.0,1.9640076602357173,Boimorto,Mercurín (San Xoán),2,PNOA-2024-GAL-566-4760-H29-NPC01.LAZ
478,4755,0.0,1.9616466481896229,1.9616466481896229,Fisterra,San Martiño de Duio (San Martiño),2,PNOA-2024-GAL-478-4755-H29-NPC01.LAZ
596,4824,1.9615940867156296,0.0,1.9615940867156296,As Pontes de García Rodríguez,O Freixo (San Xoán),1,PNOA-2024-GAL-596-4824-H29-NPC01.LAZ
513,4737,0.0,1.959021523078539,1.959021523078539,Lousame,Lousame (San Xoán),1,PNOA-2024-GAL-513-4737-H29-NPC01.LAZ
521,4729,1.9562029186487517,0.0,1.9562029186487517,Dodro,San Xoán de Laíño (San Xoán),1,PNOA-2024-GAL-521-4729-H29-NPC01.LAZ
542,4774,1.8552276199140212,0.09634438349134031,1.9515720034053614,Cerceda,Xesteda (Santa Comba),2,PNOA-2024-GAL-542-4774-H29-NPC01.LAZ
566,4767,0.0,1.9514472182168447,1.9514472182168447,Boimorto,Arceo (San Vicenzo),1,PNOA-2024-GAL-566-4767-H29-NPC01.LAZ
544,4775,1.9281735247483336,0.02201232722003606,1.9501858519683697,Ordes,Lesta (Santo André),1,PNOA-2024-GAL-544-4775-H29-NPC01.LAZ
590,4819,0.0,1.9445875435963293,1.9445875435963293,As Somozas,Seixas (Santa María),1,PNOA-2024-GAL-590-4819-H29-NPC01.LAZ
499,4737,0.0,1.9441595758322567,1.9441595758322567,Muros,Tal (Santiago),1,PNOA-2024-GAL-499-4737-H29-NPC01.LAZ
518,4778,0.0,1.9396909524706265,1.9396909524706265,Coristanco,Ferreira (Santa María),1,PNOA-2024-GAL-518-4778-H29-NPC01.LAZ
545,4742,0.0,1.9331740328625595,1.9331740328625595,Boqueixón,A Granxa (San Lourenzo),2,PNOA-2024-GAL-545-4742-H29-NPC01.LAZ
509,4721,0.0,1.9328464225842188,1.9328464225842188,Boiro,Boiro (Santa Baia),1,PNOA-2024-GAL-509-4721-H29-NPC01.LAZ
601,4835,0.0,1.932461955023522,1.932461955023522,Mañón,Mañón (Santa María),1,PNOA-2024-GAL-601-4835-H29-NPC01.LAZ
517,4741,0.0,1.9317342801474477,1.9317342801474477,Lousame,Toxos Outos (San Xusto),1,PNOA-2024-GAL-517-4741-H29-NPC01.LAZ
532,4739,0.0,1.9311785302414448,1.9311785302414448,Teo,Luou (Santa María),2,PNOA-2024-GAL-532-4739-H29-NPC01.LAZ
491,4763,0.0,1.92963190712883,1.92963190712883,Dumbría,Dumbría (Santa Baia),1,PNOA-2024-GAL-491-4763-H29-NPC01.LAZ
596,4825,1.9270896224826097,0.0,1.9270896224826097,Ortigueira,As Neves (Santa María),1,PNOA-2024-GAL-596-4825-H29-NPC01.LAZ
581,4807,1.9267449383904005,0.0,1.9267449383904005,As Pontes de García Rodríguez,San Pedro de Eume (San Pedro),1,PNOA-2024-GAL-581-4807-H29-NPC01.LAZ
593,4807,1.9252964734918896,0.0,1.9252964734918896,As Pontes de García Rodríguez,O Aparral (Santa María),1,PNOA-2024-GAL-593-4807-H29-NPC01.LAZ
497,4764,0.7733063685697756,1.1517105394227365,1.9250169079925121,Vimianzo,Baíñas (Santo Antoíño),1,PNOA-2024-GAL-497-4764-H29-NPC01.LAZ
494,4749,0.0,1.923147498020561,1.923147498020561,Carnota,San Mamede de Carnota (San Mamede),1,PNOA-2024-GAL-494-4749-H29-NPC01.LAZ
541,4789,0.0,1.9226272364117354,1.9226272364117354,A Laracha,Soandres (San Pedro),1,PNOA-2024-GAL-541-4789-H29-NPC01.LAZ
576,4780,0.0,1.919063299987135,1.919063299987135,Curtis,Fisteus (Santa María),1,PNOA-2024-GAL-576-4780-H29-NPC01.LAZ
551,4750,0.0,1.9189219277273732,1.9189219277273732,Touro,Bama (San Vicenzo),1,PNOA-2024-GAL-551-4750-H29-NPC01.LAZ
497,4744,0.0,1.9173096182661173,1.9173096182661173,Muros,Torea (San Xián),1,PNOA-2024-GAL-497-4744-H29-NPC01.LAZ
586,4755,0.0,1.908678920497883,1.908678920497883,Toques,Vilouriz (Santiago),1,PNOA-2024-GAL-586-4755-H29-NPC01.LAZ
581,4804,1.9048150281602425,0.0,1.9048150281602425,Monfero,San Fiz de Monfero (San Fiz),1,PNOA-2024-GAL-581-4804-H29-NPC01.LAZ
607,4848,0.0,1.896584309865024,1.896584309865024,Mañón,Bares (Santa María),1,PNOA-2024-GAL-607-4848-H29-NPC01.LAZ
533,4759,1.8840122683371363,0.0,1.8840122683371363,Santiago de Compostela,Fecha (San Xoán),1,PNOA-2024-GAL-533-4759-H29-NPC01.LAZ
490,4782,0.0,1.8812386240432768,1.8812386240432768,Camariñas,Camelle (O Espírito Santo),1,PNOA-2024-GAL-490-4782-H29-NPC01.LAZ
506,4779,0.6461524968423207,1.2331941784060334,1.879346675248354,Cabana de Bergantiños,Anós (Santo Estevo),1,PNOA-2024-GAL-506-4779-H29-NPC01.LAZ
572,4802,0.0,1.870903634428765,1.870903634428765,Monfero,Vilachá (Santa María),1,PNOA-2024-GAL-572-4802-H29-NPC01.LAZ
571,4790,0.8273403999228531,1.04241180150387,1.869752201426723,Paderne,San Xulián de Vigo (San Xulián),1,PNOA-2024-GAL-571-4790-H29-NPC01.LAZ
599,4816,1.8679098801532228,0.0,1.8679098801532228,As Pontes de García Rodríguez,Somede (San Mamede),1,PNOA-2024-GAL-599-4816-H29-NPC01.LAZ
512,4775,0.6069122497293598,1.2604740183623366,1.8673862680916964,Coristanco,Cuns (San Vicenzo),1,PNOA-2024-GAL-512-4775-H29-NPC01.LAZ
516,4757,0.5640053746522571,1.2973543668591259,1.861359741511383,A Baña,Corneira (San Cristovo),1,PNOA-2024-GAL-516-4757-H29-NPC01.LAZ
505,4783,0.0,1.8565144919874832,1.8565144919874832,Cabana de Bergantiños,Cesullas (Santo Estevo),1,PNOA-2024-GAL-505-4783-H29-NPC01.LAZ
599,4823,1.8557164196117923,0.0,1.8557164196117923,As Pontes de García Rodríguez,O Freixo (San Xoán),1,PNOA-2024-GAL-599-4823-H29-NPC01.LAZ
575,4769,0.0,1.8516500013365238,1.8516500013365238,Vilasantar,Armental (San Martiño),2,PNOA-2024-GAL-575-4769-H29-NPC01.LAZ
569,4751,0.0,1.8500009568870364,1.8500009568870364,Arzúa,Maroxo (Santa María),2,PNOA-2024-GAL-569-4751-H29-NPC01.LAZ
575,4777,0.0,1.8476912329305883,1.8476912329305883,Curtis,Curtis (Santaia),1,PNOA-2024-GAL-575-4777-H29-NPC01.LAZ
534,4754,0.5838075113697012,1.2626979491357013,1.8465054605054025,Santiago de Compostela,Fecha (San Xoán),3,PNOA-2024-GAL-534-4754-H29-NPC01.LAZ
594,4823,1.8444670126987113,0.0,1.8444670126987113,As Pontes de García Rodríguez,O Freixo (San Xoán),1,PNOA-2024-GAL-594-4823-H29-NPC01.LAZ
587,4754,0.0,1.8380225516969948,1.8380225516969948,Toques,Vilouriz (Santiago),1,PNOA-2024-GAL-587-4754-H29-NPC01.LAZ
493,4779,0.0,1.8359984364901578,1.8359984364901578,Vimianzo,Carantoña (San Martiño),1,PNOA-2024-GAL-493-4779-H29-NPC01.LAZ
573,4760,1.8358811528400993,0.0,1.8358811528400993,Boimorto,Dormeá (San Cristovo),1,PNOA-2024-GAL-573-4760-H29-NPC01.LAZ
522,4754,1.832985662044887,0.0,1.832985662044887,A Baña,Sanamede do Monte (San Mamede),1,PNOA-2024-GAL-522-4754-H29-NPC01.LAZ
570,4752,0.5159132862859099,1.3151940839174254,1.8311073702033354,Arzúa,Vilantime (San Pedro),3,PNOA-2024-GAL-570-4752-H29-NPC01.LAZ
494,4778,0.012999881343207403,1.8168604876875918,1.8298603690307993,Vimianzo,Carantoña (San Martiño),1,PNOA-2024-GAL-494-4778-H29-NPC01.LAZ
587,4832,0.0,1.82980838930874,1.82980838930874,Cerdido,A Barqueira (Santo Antonio),1,PNOA-2024-GAL-587-4832-H29-NPC01.LAZ
572,4769,0.0,1.827977346076091,1.827977346076091,Vilasantar,Armental (San Martiño),1,PNOA-2024-GAL-572-4769-H29-NPC01.LAZ
554,4742,0.0,1.826768453028477,1.826768453028477,Touro,Foxás (San Breixo),1,PNOA-2024-GAL-554-4742-H29-NPC01.LAZ
501,4742,0.0,1.8140782405736369,1.8140782405736369,Muros,Esteiro (Santa Mariña),1,PNOA-2024-GAL-501-4742-H29-NPC01.LAZ
578,4769,0.0,1.8137457461730382,1.8137457461730382,Vilasantar,Vilariño (Santa María),1,PNOA-2024-GAL-578-4769-H29-NPC01.LAZ
583,4765,0.0,1.8124775354008436,1.8124775354008436,Sobrado,Codesoso (San Miguel),1,PNOA-2024-GAL-583-4765-H29-NPC01.LAZ
583,4804,1.805358009407057,0.0,1.805358009407057,As Pontes de García Rodríguez,San Pedro de Eume (San Pedro),1,PNOA-2024-GAL-583-4804-H29-NPC01.LAZ
588,4801,0.0,1.804528828236322,1.804528828236322,Monfero,O Alto de Xestoso (Santa María),1,PNOA-2024-GAL-588-4801-H29-NPC01.LAZ
517,4724,1.242855944868611,0.5576042729022364,1.8004602177708473,Rianxo,Asados (Santa María),1,PNOA-2024-GAL-517-4724-H29-NPC01.LAZ
492,4760,0.0,1.7992446523182457,1.7992446523182457,Dumbría,Dumbría (Santa Baia),1,PNOA-2024-GAL-492-4760-H29-NPC01.LAZ
540,4786,0.0,1.797422854738226,1.797422854738226,A Laracha,Soandres (San Pedro),1,PNOA-2024-GAL-540-4786-H29-NPC01.LAZ
485,4778,0.0,1.793152646988032,1.793152646988032,Camariñas,Camariñas (San Xurxo),1,PNOA-2024-GAL-485-4778-H29-NPC01.LAZ
501,4747,0.0,1.792923677700005,1.792923677700005,Outes,Valadares (San Miguel),1,PNOA-2024-GAL-501-4747-H29-NPC01.LAZ
492,4780,0.0,1.7882543882478301,1.7882543882478301,Camariñas,Camelle (O Espírito Santo),1,PNOA-2024-GAL-492-4780-H29-NPC01.LAZ
492,4773,0.8648851560026458,0.921784397713863,1.786669553716509,Vimianzo,Carnés (San Cristovo),1,PNOA-2024-GAL-492-4773-H29-NPC01.LAZ
588,4831,1.7849372316947285,0.0,1.7849372316947285,Ortigueira,Mera de Arriba (Santa María),1,PNOA-2024-GAL-588-4831-H29-NPC01.LAZ
522,4737,1.7831035235681125,0.0,1.7831035235681125,Rois,Leroño (Santa María),1,PNOA-2024-GAL-522-4737-H29-NPC01.LAZ
554,4759,0.0,1.7819448991379292,1.7819448991379292,Oroso,Os Ánxeles (San Mamede),1,PNOA-2024-GAL-554-4759-H29-NPC01.LAZ
510,4758,0.0,1.7780343516644246,1.7780343516644246,Santa Comba,Fontecada (San Martiño),1,PNOA-2024-GAL-510-4758-H29-NPC01.LAZ
500,4786,1.7744640029327474,0.0,1.7744640029327474,Cabana de Bergantiños,Cánduas (San Martiño),2,PNOA-2024-GAL-500-4786-H29-NPC01.LAZ
522,4792,0.0,1.7643434211428002,1.7643434211428002,Carballo,Razo (San Martiño),1,PNOA-2024-GAL-522-4792-H29-NPC01.LAZ
568,4795,1.762547321449533,0.0,1.762547321449533,Paderne,Adragonte (Santiago),1,PNOA-2024-GAL-568-4795-H29-NPC01.LAZ
575,4782,1.162085890333454,0.600176714866632,1.7622626052000863,Aranga,San Vicente de Fervenzas (San Vicente),3,PNOA-2024-GAL-575-4782-H29-NPC01.LAZ
598,4822,1.7601285479530786,0.0,1.7601285479530786,As Pontes de García Rodríguez,O Freixo (San Xoán),1,PNOA-2024-GAL-598-4822-H29-NPC01.LAZ
508,4740,1.699148013060491,0.05937214686972428,1.7585201599302154,Noia,Barro (Santa Cristina),1,PNOA-2024-GAL-508-4740-H29-NPC01.LAZ
513,4761,0.0,1.7554882161264913,1.7554882161264913,A Baña,A Riba (San Xoán),2,PNOA-2024-GAL-513-4761-H29-NPC01.LAZ
583,4805,1.755006718259248,0.0,1.755006718259248,As Pontes de García Rodríguez,San Pedro de Eume (San Pedro),1,PNOA-2024-GAL-583-4805-H29-NPC01.LAZ
545,4756,0.45012374966014296,1.3027778606672167,1.7529016103273596,Santiago de Compostela,A Barciela (Santo André),1,PNOA-2024-GAL-545-4756-H29-NPC01.LAZ
548,4788,0.8074487792623474,0.9453918715992617,1.752840650861609,Culleredo,Castelo (Santiago),1,PNOA-2024-GAL-548-4788-H29-NPC01.LAZ
581,4840,0.10434341957984697,1.6481794895905002,1.7525229091703471,Cedeira,Régoa (Santa María),1,PNOA-2024-GAL-581-4840-H29-NPC01.LAZ
577,4792,0.0,1.7521175787173924,1.7521175787173924,Irixoa,Verís (Santa María),1,PNOA-2024-GAL-577-4792-H29-NPC01.LAZ
516,4774,0.0,1.751763943047066,1.751763943047066,Santa Comba,Grixoa de Esternande (Santa María),1,PNOA-2024-GAL-516-4774-H29-NPC01.LAZ
535,4780,0.0,1.7481809811839555,1.7481809811839555,Cerceda,Rodís (San Martiño),2,PNOA-2024-GAL-535-4780-H29-NPC01.LAZ
514,4787,0.8569037497279453,0.8904023984049483,1.7473061481328935,Ponteceso,Langueirón (San Xián),2,PNOA-2024-GAL-514-4787-H29-NPC01.LAZ
555,4748,0.0,1.7456954559447604,1.7456954559447604,Touro,Touro (San Xoán),1,PNOA-2024-GAL-555-4748-H29-NPC01.LAZ
498,4773,1.7055121482924531,0.03787149609731568,1.7433836443897688,Vimianzo,Vimianzo (San Vicenzo),1,PNOA-2024-GAL-498-4773-H29-NPC01.LAZ
576,4831,0.0,1.7341011945878488,1.7341011945878488,Valdoviño,Vilarrube (San Martiño),1,PNOA-2024-GAL-576-4831-H29-NPC01.LAZ
500,4739,0.0,1.730257701493807,1.730257701493807,Muros,Esteiro (Santa Mariña),1,PNOA-2024-GAL-500-4739-H29-NPC01.LAZ
561,4800,0.0,1.7287139017426258,1.7287139017426258,Bergondo,Ouces (San Xoán),1,PNOA-2024-GAL-561-4800-H29-NPC01.LAZ
502,4747,0.0,1.7220067956344192,1.7220067956344192,Outes,Valadares (San Miguel),1,PNOA-2024-GAL-502-4747-H29-NPC01.LAZ
546,4767,0.8964299583434381,0.8243630778569037,1.7207930362003419,Ordes,Santa Cruz de Montaos (Santa Cruz),1,PNOA-2024-GAL-546-4767-H29-NPC01.LAZ
573,4764,0.15426105086771247,1.563226807078881,1.7174878579465935,Boimorto,Os Ánxeles (Santa María),1,PNOA-2024-GAL-573-4764-H29-NPC01.LAZ
572,4804,0.0,1.717000806350163,1.717000806350163,Vilarmaior,Grandal (San Pedro),1,PNOA-2024-GAL-572-4804-H29-NPC01.LAZ
512,4764,0.0,1.715191995565663,1.715191995565663,Santa Comba,Mallón (San Cristovo),1,PNOA-2024-GAL-512-4764-H29-NPC01.LAZ
560,4748,0.0,1.709113793440114,1.709113793440114,Touro,Andeade (Santiago),2,PNOA-2024-GAL-560-4748-H29-NPC01.LAZ
515,4777,1.7082934961500618,0.0,1.7082934961500618,Coristanco,Agualada (San Lourenzo),1,PNOA-2024-GAL-515-4777-H29-NPC01.LAZ
584,4807,1.7003093822689,0.0,1.7003093822689,As Pontes de García Rodríguez,A Faeira (San Pedro),1,PNOA-2024-GAL-584-4807-H29-NPC01.LAZ
545,4767,0.8246713387777979,0.8755697056487926,1.7002410444265905,Ordes,Santa Cruz de Montaos (Santa Cruz),2,PNOA-2024-GAL-545-4767-H29-NPC01.LAZ
521,4773,0.0,1.6966901479003926,1.6966901479003926,Coristanco,Seavia (San Mamede),1,PNOA-2024-GAL-521-4773-H29-NPC01.LAZ
557,4753,0.0,1.6952435794351326,1.6952435794351326,Touro,San Fiz de Quión (San Fiz),1,PNOA-2024-GAL-557-4753-H29-NPC01.LAZ
535,4774,0.0,1.6948524412767445,1.6948524412767445,Tordoia,Tordoia (San Xoán),1,PNOA-2024-GAL-535-4774-H29-NPC01.LAZ
550,4786,0.0,1.689835954535796,1.689835954535796,Carral,Quembre (San Pedro),1,PNOA-2024-GAL-550-4786-H29-NPC01.LAZ
520,4763,0.0,1.6888801674120448,1.6888801674120448,Santa Comba,Freixeiro (San Fins),1,PNOA-2024-GAL-520-4763-H29-NPC01.LAZ
519,4775,0.0,1.686184110672707,1.686184110672707,Coristanco,Seavia (San Mamede),1,PNOA-2024-GAL-519-4775-H29-NPC01.LAZ
545,4779,1.6842828025856953,0.0,1.6842828025856953,Cerceda,As Encrobas (San Román),1,PNOA-2024-GAL-545-4779-H29-NPC01.LAZ
595,4820,1.682060348683022,0.0,1.682060348683022,As Pontes de García Rodríguez,O Freixo (San Xoán),1,PNOA-2024-GAL-595-4820-H29-NPC01.LAZ
538,4762,1.274669283564903,0.404247490418416,1.6789167739833188,Trazo,Morlán (Santa María),3,PNOA-2024-GAL-538-4762-H29-NPC01.LAZ
551,4746,0.0,1.677283158744061,1.677283158744061,Touro,Bama (San Vicenzo),2,PNOA-2024-GAL-551-4746-H29-NPC01.LAZ
533,4786,0.0,1.6722512171195345,1.6722512171195345,A Laracha,Golmar (San Bieito),2,PNOA-2024-GAL-533-4786-H29-NPC01.LAZ
598,4843,0.5675650772203557,1.103471604113828,1.6710366813341837,Ortigueira,Céltigos (San Xulián),1,PNOA-2024-GAL-598-4843-H29-NPC01.LAZ
606,4848,0.0,1.6679870818010631,1.6679870818010631,Mañón,Bares (Santa María),1,PNOA-2024-GAL-606-4848-H29-NPC01.LAZ
584,4757,0.0,1.6649179423107503,1.6649179423107503,Toques,Mangoeiro (San Tomé),3,PNOA-2024-GAL-584-4757-H29-NPC01.LAZ
567,4759,1.6626322407968772,0.0,1.6626322407968772,Boimorto,Sendelle (Santa María),1,PNOA-2024-GAL-567-4759-H29-NPC01.LAZ
581,4809,1.661788942339887,0.0,1.661788942339887,As Pontes de García Rodríguez,Goente (San Martiño),1,PNOA-2024-GAL-581-4809-H29-NPC01.LAZ
563,4764,0.5399115534360122,1.1217129617290391,1.6616245151650513,Frades,Añá (Santa María),2,PNOA-2024-GAL-563-4764-H29-NPC01.LAZ
499,4725,0.0,1.6601008058571765,1.6601008058571765,Porto do Son,Queiruga (Santo Estevo),1,PNOA-2024-GAL-499-4725-H29-NPC01.LAZ
521,4770,0.0,1.6598152156957364,1.6598152156957364,Santa Comba,Bazar (San Mamede),1,PNOA-2024-GAL-521-4770-H29-NPC01.LAZ
587,4815,1.6559370105570244,0.0,1.6559370105570244,As Pontes de García Rodríguez,Vilavella (Santa María),2,PNOA-2024-GAL-587-4815-H29-NPC01.LAZ
530,4757,0.0,1.6505479370092853,1.6505479370092853,Santiago de Compostela,Santa Cristina de Fecha (Santa Cristina),1,PNOA-2024-GAL-530-4757-H29-NPC01.LAZ
544,4773,1.6473740161624848,0.0,1.6473740161624848,Ordes,Lesta (Santo André),2,PNOA-2024-GAL-544-4773-H29-NPC01.LAZ
558,4773,0.0,1.6473418093154093,1.6473418093154093,Mesía,Olás (San Lourenzo),2,PNOA-2024-GAL-558-4773-H29-NPC01.LAZ
588,4818,1.6469118803920257,0.0,1.6469118803920257,As Pontes de García Rodríguez,Vilavella (Santa María),1,PNOA-2024-GAL-588-4818-H29-NPC01.LAZ
571,4826,0.0,1.643728183142832,1.643728183142832,San Sadurniño,Santa Mariña do Monte (Santa Mariña),1,PNOA-2024-GAL-571-4826-H29-NPC01.LAZ
575,4828,0.0,1.642960343051143,1.642960343051143,Valdoviño,Vilaboa (San Vicente),1,PNOA-2024-GAL-575-4828-H29-NPC01.LAZ
490,4735,0.0,1.6304985856935867,1.6304985856935867,Carnota,Lariño (San Martiño),1,PNOA-2024-GAL-490-4735-H29-NPC01.LAZ
515,4785,0.0,1.629925763972687,1.629925763972687,Coristanco,Cereo (Santa María),1,PNOA-2024-GAL-515-4785-H29-NPC01.LAZ
586,4826,0.0,1.6267912044426485,1.6267912044426485,Moeche,Labacengos (Santa María),1,PNOA-2024-GAL-586-4826-H29-NPC01.LAZ
548,4763,0.0,1.6265723949291937,1.6265723949291937,Oroso,Deixebre (Santa María),1,PNOA-2024-GAL-548-4763-H29-NPC01.LAZ
553,4796,1.6215926935971305,0.0,1.6215926935971305,Cambre,Cambre (Santa María),1,PNOA-2024-GAL-553-4796-H29-NPC01.LAZ
494,4757,0.0,1.6209384716480677,1.6209384716480677,Dumbría,Buxantes (San Pedro),1,PNOA-2024-GAL-494-4757-H29-NPC01.LAZ
585,4827,0.0,1.6188314823450727,1.6188314823450727,Moeche,Labacengos (Santa María),2,PNOA-2024-GAL-585-4827-H29-NPC01.LAZ
524,4731,0.0,1.6177150217520007,1.6177150217520007,Dodro,Laíño (San Xián),1,PNOA-2024-GAL-524-4731-H29-NPC01.LAZ
585,4761,0.0,1.6141220816897326,1.6141220816897326,Toques,Paradela (San Paio),1,PNOA-2024-GAL-585-4761-H29-NPC01.LAZ
604,4843,0.0,1.6134573580867309,1.6134573580867309,Mañón,Mogor (Santa María),1,PNOA-2024-GAL-604-4843-H29-NPC01.LAZ
567,4797,1.6125849260415954,0.0,1.6125849260415954,Miño,Callobre (San Xoán),1,PNOA-2024-GAL-567-4797-H29-NPC01.LAZ
583,4825,0.0,1.6106273854661106,1.6106273854661106,Moeche,Labacengos (Santa María),1,PNOA-2024-GAL-583-4825-H29-NPC01.LAZ
566,4798,1.6063052490795657,0.0,1.6063052490795657,Paderne,San Pantaleón das Viñas (San Pantaleón),1,PNOA-2024-GAL-566-4798-H29-NPC01.LAZ
478,4758,0.0,1.602985625646203,1.602985625646203,Fisterra,Sardiñeiro (San Xoán),1,PNOA-2024-GAL-478-4758-H29-NPC01.LAZ
517,4758,1.6009889859618918,0.0,1.6009889859618918,A Baña,A Baña (San Vicenzo),1,PNOA-2024-GAL-517-4758-H29-NPC01.LAZ
594,4841,1.6000443197675813,0.0,1.6000443197675813,Ortigueira,Ladrido (Santalla),1,PNOA-2024-GAL-594-4841-H29-NPC01.LAZ
530,4796,0.0,1.5996053579958176,1.5996053579958176,Carballo,Rebordelos (San Salvador),1,PNOA-2024-GAL-530-4796-H29-NPC01.LAZ
523,4779,0.17956064628655857,1.4191301969471204,1.598690843233679,Coristanco,Erbecedo (San Salvador),1,PNOA-2024-GAL-523-4779-H29-NPC01.LAZ
497,4765,1.4181837884136412,0.1786513390390998,1.596835127452741,Vimianzo,Baíñas (Santo Antoíño),1,PNOA-2024-GAL-497-4765-H29-NPC01.LAZ
512,4783,1.5968185166441082,0.0,1.5968185166441082,Cabana de Bergantiños,Corcoesto (San Pedro),1,PNOA-2024-GAL-512-4783-H29-NPC01.LAZ
597,4832,1.5961646770221658,0.0,1.5961646770221658,Ortigueira,Devesos (San Sebastián),1,PNOA-2024-GAL-597-4832-H29-NPC01.LAZ
595,4807,1.5953356036264685,0.0,1.5953356036264685,As Pontes de García Rodríguez,O Aparral (Santa María),1,PNOA-2024-GAL-595-4807-H29-NPC01.LAZ
544,4789,0.0,1.593031542058209,1.593031542058209,Culleredo,Celas (Santa María),2,PNOA-2024-GAL-544-4789-H29-NPC01.LAZ
576,4767,0.0,1.5851920539504487,1.5851920539504487,Vilasantar,Vilariño (Santa María),1,PNOA-2024-GAL-576-4767-H29-NPC01.LAZ
519,4729,0.0,1.579722555868701,1.579722555868701,Rianxo,O Araño (Santa Baia),2,PNOA-2024-GAL-519-4729-H29-NPC01.LAZ
604,4841,0.0,1.5765590612237514,1.5765590612237514,Mañón,As Ribeiras do Sor (San Cristovo),1,PNOA-2024-GAL-604-4841-H29-NPC01.LAZ
532,4773,0.0,1.5764615734625225,1.5764615734625225,Tordoia,A Vila de Abade (San Cibrán),1,PNOA-2024-GAL-532-4773-H29-NPC01.LAZ
573,4768,0.0,1.5744313403916907,1.5744313403916907,Vilasantar,Présaras (San Pedro),1,PNOA-2024-GAL-573-4768-H29-NPC01.LAZ
584,4780,0.0,1.5723345007625182,1.5723345007625182,Curtis,Foxados (Santa María),1,PNOA-2024-GAL-584-4780-H29-NPC01.LAZ
545,4771,1.5700204652328331,0.0,1.5700204652328331,Ordes,Parada (Santa Mariña),2,PNOA-2024-GAL-545-4771-H29-NPC01.LAZ
490,4757,0.0,1.5677987655915782,1.5677987655915782,Dumbría,Buxantes (San Pedro),1,PNOA-2024-GAL-490-4757-H29-NPC01.LAZ
596,4820,1.5655555507617596,0.0,1.5655555507617596,As Pontes de García Rodríguez,O Freixo (San Xoán),1,PNOA-2024-GAL-596-4820-H29-NPC01.LAZ
498,4774,1.2238754715125681,0.3406073916525575,1.5644828631651255,Vimianzo,Vimianzo (San Vicenzo),1,PNOA-2024-GAL-498-4774-H29-NPC01.LAZ
560,4767,0.9647159747665004,0.5972080341988112,1.5619240089653115,Frades,Vitre (San Xoán),2,PNOA-2024-GAL-560-4767-H29-NPC01.LAZ
597,4819,1.5612080079468698,0.0,1.5612080079468698,As Pontes de García Rodríguez,O Freixo (San Xoán),1,PNOA-2024-GAL-597-4819-H29-NPC01.LAZ
495,4773,0.0,1.5600943270307706,1.5600943270307706,Vimianzo,Vimianzo (San Vicenzo),1,PNOA-2024-GAL-495-4773-H29-NPC01.LAZ
578,4761,0.0,1.5595464941172357,1.5595464941172357,Boimorto,Rodieiros (San Simón),1,PNOA-2024-GAL-578-4761-H29-NPC01.LAZ
585,4804,1.5589119612279814,0.0,1.5589119612279814,As Pontes de García Rodríguez,A Faeira (San Pedro),1,PNOA-2024-GAL-585-4804-H29-NPC01.LAZ
552,4771,1.5548063394647031,0.0,1.5548063394647031,Ordes,Barbeiros (Santa María),1,PNOA-2024-GAL-552-4771-H29-NPC01.LAZ
596,4823,1.547157067280624,0.0,1.547157067280624,As Pontes de García Rodríguez,O Freixo (San Xoán),1,PNOA-2024-GAL-596-4823-H29-NPC01.LAZ
536,4785,0.0,1.5408846129183198,1.5408846129183198,A Laracha,Soutullo (Santa María),1,PNOA-2024-GAL-536-4785-H29-NPC01.LAZ
540,4768,0.0,1.5400586376076766,1.5400586376076766,Tordoia,Gorgullos (Santaia),1,PNOA-2024-GAL-540-4768-H29-NPC01.LAZ
520,4729,0.0,1.5392441339162053,1.5392441339162053,Dodro,San Xoán de Laíño (San Xoán),1,PNOA-2024-GAL-520-4729-H29-NPC01.LAZ
581,4767,0.0,1.5392279822102426,1.5392279822102426,Sobrado,Cumbraos (San Xiao),1,PNOA-2024-GAL-581-4767-H29-NPC01.LAZ
586,4792,0.0,1.5360852725973166,1.5360852725973166,Aranga,Cambás (San Pedro),1,PNOA-2024-GAL-586-4792-H29-NPC01.LAZ
583,4819,0.0,1.5360669528597644,1.5360669528597644,As Somozas,Recemel (Santa María),2,PNOA-2024-GAL-583-4819-H29-NPC01.LAZ
498,4727,0.0,1.5347821018971715,1.5347821018971715,Porto do Son,Baroña (San Pedro),1,PNOA-2024-GAL-498-4727-H29-NPC01.LAZ
579,4794,0.0,1.5326035611759599,1.5326035611759599,Irixoa,Verís (Santa María),2,PNOA-2024-GAL-579-4794-H29-NPC01.LAZ
563,4780,1.238117737259992,0.29279453467135275,1.5309122719313448,Cesuras,Dordaño (Santa María),1,PNOA-2024-GAL-563-4780-H29-NPC01.LAZ
589,4819,0.29895274968950314,1.229726403473888,1.5286791531633912,As Somozas,Seixas (Santa María),2,PNOA-2024-GAL-589-4819-H29-NPC01.LAZ
516,4780,1.1871142995149422,0.34118491593844685,1.528299215453389,Coristanco,Santa Baia de Castro (Santa Baia),3,PNOA-2024-GAL-516-4780-H29-NPC01.LAZ
584,4796,0.0,1.528077834933671,1.528077834933671,Monfero,O Val de Xestoso (San Pedro),1,PNOA-2024-GAL-584-4796-H29-NPC01.LAZ
551,4742,0.0,1.5264294850340072,1.5264294850340072,Touro,San Miguel de Vilar (San Miguel),1,PNOA-2024-GAL-551-4742-H29-NPC01.LAZ
566,4791,1.5216364056513405,0.0,1.5216364056513405,Oza dos Ríos,Mondoi (Santa Cruz),3,PNOA-2024-GAL-566-4791-H29-NPC01.LAZ
519,4765,0.0,1.5215616016323419,1.5215616016323419,Santa Comba,Freixeiro (San Fins),1,PNOA-2024-GAL-519-4765-H29-NPC01.LAZ
556,4744,0.0,1.5199207839782072,1.5199207839782072,Touro,Fao (Santa Uxía),1,PNOA-2024-GAL-556-4744-H29-NPC01.LAZ
502,4792,0.0,1.5181932804189402,1.5181932804189402,Ponteceso,Corme Porto (Nosa Señora dos Remedios),1,PNOA-2024-GAL-502-4792-H29-NPC01.LAZ
533,4776,0.0,1.5150326839388977,1.5150326839388977,Tordoia,Andoio (San Mamede),1,PNOA-2024-GAL-533-4776-H29-NPC01.LAZ
570,4826,0.0,1.4966845902084454,1.4966845902084454,Valdoviño,Valdoviño (Santalla),1,PNOA-2024-GAL-570-4826-H29-NPC01.LAZ
501,4785,1.4939976110171842,0.0,1.4939976110171842,Cabana de Bergantiños,Cánduas (San Martiño),1,PNOA-2024-GAL-501-4785-H29-NPC01.LAZ
516,4773,0.0,1.4868097015807267,1.4868097015807267,Santa Comba,Xallas de Castriz (San Pedro),1,PNOA-2024-GAL-516-4773-H29-NPC01.LAZ
594,4810,1.4832643307201592,0.0,1.4832643307201592,As Pontes de García Rodríguez,As Pontes de García Rodríguez (Santa María),1,PNOA-2024-GAL-594-4810-H29-NPC01.LAZ
537,4754,0.4598290807271581,1.0218571267783683,1.4816862075055264,Santiago de Compostela,San Caetano (Santiago),2,PNOA-2024-GAL-537-4754-H29-NPC01.LAZ
564,4766,0.9318509379590756,0.5474026697725987,1.4792536077316742,Frades,Céltigos (San Xulián),1,PNOA-2024-GAL-564-4766-H29-NPC01.LAZ
511,4761,0.0,1.477055726721688,1.477055726721688,Santa Comba,Mallón (San Cristovo),2,PNOA-2024-GAL-511-4761-H29-NPC01.LAZ
547,4804,0.0,1.4757173652820785,1.4757173652820785,A Coruña,A Coruña,1,PNOA-2024-GAL-547-4804-H29-NPC01.LAZ
502,4781,0.7713138461193938,0.7017153315772591,1.4730291776966529,Cabana de Bergantiños,Borneiro (San Xoán),1,PNOA-2024-GAL-502-4781-H29-NPC01.LAZ
499,4743,0.0,1.4672661084734366,1.4672661084734366,Muros,Esteiro (Santa Mariña),1,PNOA-2024-GAL-499-4743-H29-NPC01.LAZ
510,4785,1.46702467439346,0.0,1.46702467439346,Cabana de Bergantiños,A Silvarredonda (San Pedro),2,PNOA-2024-GAL-510-4785-H29-NPC01.LAZ
525,4792,0.0,1.4661993819745751,1.4661993819745751,Carballo,Lema (San Cristovo),1,PNOA-2024-GAL-525-4792-H29-NPC01.LAZ
505,4721,0.0,1.4595776639397378,1.4595776639397378,A Pobra do Caramiñal,Posmarcos (Santo Isidro),1,PNOA-2024-GAL-505-4721-H29-NPC01.LAZ
576,4830,0.0,1.4591827644297921,1.4591827644297921,Valdoviño,Vilaboa (San Vicente),1,PNOA-2024-GAL-576-4830-H29-NPC01.LAZ
540,4797,0.0,1.4590175488428283,1.4590175488428283,Arteixo,Oseiro (San Tirso),2,PNOA-2024-GAL-540-4797-H29-NPC01.LAZ
579,4768,0.0,1.4585194935366603,1.4585194935366603,Sobrado,A Porta (San Pedro),2,PNOA-2024-GAL-579-4768-H29-NPC01.LAZ
510,4782,1.45705000267598,0.0,1.45705000267598,Cabana de Bergantiños,Riobó (San Martiño),1,PNOA-2024-GAL-510-4782-H29-NPC01.LAZ
511,4730,0.0,1.4541043397612103,1.4541043397612103,Boiro,Bealo (San Pedro),1,PNOA-2024-GAL-511-4730-H29-NPC01.LAZ
574,4760,1.45292613065331,0.0,1.45292613065331,Boimorto,Dormeá (San Cristovo),1,PNOA-2024-GAL-574-4760-H29-NPC01.LAZ
592,4825,1.450330718895862,0.0,1.450330718895862,Ortigueira,Insua (San Xoán),1,PNOA-2024-GAL-592-4825-H29-NPC01.LAZ
504,4790,0.0,1.4421560464599714,1.4421560464599714,Ponteceso,Corme Aldea (Santo Adrán),1,PNOA-2024-GAL-504-4790-H29-NPC01.LAZ
524,4741,1.442111213788977,0.0,1.442111213788977,Rois,Sorribas (San Tomé),3,PNOA-2024-GAL-524-4741-H29-NPC01.LAZ
553,4745,0.0,1.44072082922681,1.44072082922681,Touro,Loxo (Santa María),2,PNOA-2024-GAL-553-4745-H29-NPC01.LAZ
595,4816,1.4342401561553555,0.0,1.4342401561553555,As Pontes de García Rodríguez,As Pontes de García Rodríguez (Santa María),1,PNOA-2024-GAL-595-4816-H29-NPC01.LAZ
577,4784,0.0,1.4308794201404762,1.4308794201404762,Aranga,Vilarraso (San Lourenzo),1,PNOA-2024-GAL-577-4784-H29-NPC01.LAZ
594,4836,1.4290210262027867,0.0,1.4290210262027867,Ortigueira,Cuíña (Santiago),1,PNOA-2024-GAL-594-4836-H29-NPC01.LAZ
599,4822,1.4283450465129637,0.0,1.4283450465129637,As Pontes de García Rodríguez,O Freixo (San Xoán),1,PNOA-2024-GAL-599-4822-H29-NPC01.LAZ
568,4771,0.0,1.419335242127337,1.419335242127337,Mesía,Cumbraos (Santa María),1,PNOA-2024-GAL-568-4771-H29-NPC01.LAZ
501,4733,0.0,1.4189326182378301,1.4189326182378301,Porto do Son,Nebra (Santa María),1,PNOA-2024-GAL-501-4733-H29-NPC01.LAZ
572,4779,0.0,1.417891664348456,1.417891664348456,Curtis,Fisteus (Santa María),1,PNOA-2024-GAL-572-4779-H29-NPC01.LAZ
587,4807,1.4138263919541711,0.0,1.4138263919541711,As Pontes de García Rodríguez,Bermui (Santiago),1,PNOA-2024-GAL-587-4807-H29-NPC01.LAZ
532,4767,0.942613763453995,0.47116655039543737,1.4137803138494323,Trazo,Restande (Santa María),1,PNOA-2024-GAL-532-4767-H29-NPC01.LAZ
539,4760,1.4130039089943762,0.0,1.4130039089943762,Trazo,Vilouchada (San Vicenzo),1,PNOA-2024-GAL-539-4760-H29-NPC01.LAZ
571,4808,0.0,1.4082779330166244,1.4082779330166244,Pontedeume,Ombre (Santa María),1,PNOA-2024-GAL-571-4808-H29-NPC01.LAZ
493,4775,1.407168160112033,0.0,1.407168160112033,Vimianzo,Vimianzo (San Vicenzo),2,PNOA-2024-GAL-493-4775-H29-NPC01.LAZ
558,4765,1.3763189514073144,0.030320155742431736,1.4066391071497462,Frades,Frades (San Martiño),1,PNOA-2024-GAL-558-4765-H29-NPC01.LAZ
510,4730,1.40217437458291,0.0,1.40217437458291,Boiro,Macenda (San Xoán),1,PNOA-2024-GAL-510-4730-H29-NPC01.LAZ
543,4802,1.3992255347996527,0.0,1.3992255347996527,A Coruña,Visma (San Pedro),1,PNOA-2024-GAL-543-4802-H29-NPC01.LAZ
535,4740,0.0,1.39848722514148,1.39848722514148,Teo,Recesende (San Xoán),2,PNOA-2024-GAL-535-4740-H29-NPC01.LAZ
543,4764,0.00048559687194491447,1.3960915289034723,1.3965771257754171,Trazo,Castelo (Santa María),1,PNOA-2024-GAL-543-4764-H29-NPC01.LAZ
523,4732,0.0,1.3938106766314178,1.3938106766314178,Dodro,Laíño (San Xián),1,PNOA-2024-GAL-523-4732-H29-NPC01.LAZ
486,4779,0.0,1.3913650144376748,1.3913650144376748,Camariñas,Xaviña (Santa María),1,PNOA-2024-GAL-486-4779-H29-NPC01.LAZ
586,4819,0.0,1.381273635704575,1.381273635704575,As Somozas,Recemel (Santa María),2,PNOA-2024-GAL-586-4819-H29-NPC01.LAZ
576,4781,1.3812199060298278,0.0,1.3812199060298278,Oza dos Ríos,Rodeiro (Santa María),1,PNOA-2024-GAL-576-4781-H29-NPC01.LAZ
546,4743,0.0,1.3738974713453138,1.3738974713453138,Boqueixón,Sergude (San Breixo),1,PNOA-2024-GAL-546-4743-H29-NPC01.LAZ
504,4715,0.0,1.3723547428362466,1.3723547428362466,A Pobra do Caramiñal,O Xobre ou O Maño (Santa María),2,PNOA-2024-GAL-504-4715-H29-NPC01.LAZ
519,4728,1.0943503217948876,0.277952933564189,1.3723032553590766,Rianxo,O Araño (Santa Baia),2,PNOA-2024-GAL-519-4728-H29-NPC01.LAZ
573,4805,1.3405859732196252,0.027993451405206565,1.3685794246248317,Monfero,Taboada (Santa Mariña),2,PNOA-2024-GAL-573-4805-H29-NPC01.LAZ
577,4807,1.3676349990825776,0.0,1.3676349990825776,Monfero,Queixeiro (San Xurxo),2,PNOA-2024-GAL-577-4807-H29-NPC01.LAZ
559,4780,1.3654367206932747,0.0,1.3654367206932747,Cesuras,Paderne (Santiago),2,PNOA-2024-GAL-559-4780-H29-NPC01.LAZ
492,4755,0.0,1.3652976426216372,1.3652976426216372,Dumbría,Buxantes (San Pedro),1,PNOA-2024-GAL-492-4755-H29-NPC01.LAZ
490,4772,1.3615129479978423,0.0,1.3615129479978423,Vimianzo,Carnés (San Cristovo),1,PNOA-2024-GAL-490-4772-H29-NPC01.LAZ
573,4830,0.0,1.361116830067736,1.361116830067736,Valdoviño,Loira (San Pedro),1,PNOA-2024-GAL-573-4830-H29-NPC01.LAZ
501,4764,1.3579185559477502,0.0,1.3579185559477502,Vimianzo,Baíñas (Santo Antoíño),1,PNOA-2024-GAL-501-4764-H29-NPC01.LAZ
575,4788,0.0,1.3578492363907793,1.3578492363907793,Aranga,Muniferral (San Cristovo),1,PNOA-2024-GAL-575-4788-H29-NPC01.LAZ
551,4768,1.3560018888678311,0.0,1.3560018888678311,Ordes,Poulo (San Xulián),1,PNOA-2024-GAL-551-4768-H29-NPC01.LAZ
546,4756,0.20820799588707867,1.1469842230444856,1.3551922189315642,Santiago de Compostela,A Barciela (Santo André),1,PNOA-2024-GAL-546-4756-H29-NPC01.LAZ
492,4756,0.0,1.352196679054295,1.352196679054295,Dumbría,Buxantes (San Pedro),1,PNOA-2024-GAL-492-4756-H29-NPC01.LAZ
530,4733,1.3510767128177186,0.0,1.3510767128177186,Padrón,Herbón (Santa María),2,PNOA-2024-GAL-530-4733-H29-NPC01.LAZ
547,4782,0.15418901782213587,1.1965895427402982,1.350778560562434,Cerceda,As Encrobas (San Román),1,PNOA-2024-GAL-547-4782-H29-NPC01.LAZ
501,4712,1.3412374780778553,0.008255317389141155,1.3494927954669964,Ribeira,Ribeira (Santa Uxía),1,PNOA-2024-GAL-501-4712-H29-NPC01.LAZ
573,4757,1.3450446045854754,0.0,1.3450446045854754,Melide,Golán (San Xoán),2,PNOA-2024-GAL-573-4757-H29-NPC01.LAZ
513,4765,0.0,1.3432942125891538,1.3432942125891538,Santa Comba,Santa Comba (San Pedro),1,PNOA-2024-GAL-513-4765-H29-NPC01.LAZ
513,4773,0.8551187846747749,0.4849991987757415,1.3401179834505164,Coristanco,Cuns (San Vicenzo),1,PNOA-2024-GAL-513-4773-H29-NPC01.LAZ
593,4816,1.3388687549906297,0.0,1.3388687549906297,As Pontes de García Rodríguez,As Pontes de García Rodríguez (Santa María),2,PNOA-2024-GAL-593-4816-H29-NPC01.LAZ
580,4827,0.0,1.336137175872874,1.336137175872874,Moeche,Abade (Santiago),1,PNOA-2024-GAL-580-4827-H29-NPC01.LAZ
498,4775,0.0,1.334532045200216,1.334532045200216,Vimianzo,Vimianzo (San Vicenzo),1,PNOA-2024-GAL-498-4775-H29-NPC01.LAZ
573,4780,1.0785815993224306,0.25575992991293556,1.3343415292353662,Oza dos Ríos,Rodeiro (Santa María),1,PNOA-2024-GAL-573-4780-H29-NPC01.LAZ
537,4785,0.0,1.3322643773859795,1.3322643773859795,A Laracha,Soandres (San Pedro),1,PNOA-2024-GAL-537-4785-H29-NPC01.LAZ
563,4826,0.0,1.3321463034283871,1.3321463034283871,Valdoviño,Meirás (San Vicente),1,PNOA-2024-GAL-563-4826-H29-NPC01.LAZ
525,4753,0.0,1.3312336415927122,1.3312336415927122,Negreira,Portor (Santa María),1,PNOA-2024-GAL-525-4753-H29-NPC01.LAZ
502,4727,0.0,1.3290217086611091,1.3290217086611091,Porto do Son,Baroña (San Pedro),1,PNOA-2024-GAL-502-4727-H29-NPC01.LAZ
576,4766,0.0,1.3278893667216336,1.3278893667216336,Vilasantar,Vilariño (Santa María),1,PNOA-2024-GAL-576-4766-H29-NPC01.LAZ
490,4754,0.0,1.3256608887595513,1.3256608887595513,Dumbría,O Ézaro (Santa Uxía),1,PNOA-2024-GAL-490-4754-H29-NPC01.LAZ
587,4809,1.3212986039617514,0.0,1.3212986039617514,As Pontes de García Rodríguez,Ribadeume (Santa María),1,PNOA-2024-GAL-587-4809-H29-NPC01.LAZ
510,4765,0.0,1.3199684421581952,1.3199684421581952,Santa Comba,Grixoa (San Xoán),1,PNOA-2024-GAL-510-4765-H29-NPC01.LAZ
519,4724,1.314956589078637,0.0,1.314956589078637,Rianxo,Leiro (Santa María),1,PNOA-2024-GAL-519-4724-H29-NPC01.LAZ
500,4743,0.0,1.3114974102694572,1.3114974102694572,Muros,Esteiro (Santa Mariña),1,PNOA-2024-GAL-500-4743-H29-NPC01.LAZ
568,4770,0.0,1.3093783310479001,1.3093783310479001,Mesía,Cumbraos (Santa María),1,PNOA-2024-GAL-568-4770-H29-NPC01.LAZ
584,4838,1.30523172562429,0.0,1.30523172562429,Ortigueira,Veiga (Santo Adrao),1,PNOA-2024-GAL-584-4838-H29-NPC01.LAZ
534,4780,0.0,1.300564379782551,1.300564379782551,A Laracha,Montemaior (Santa María Madanela),1,PNOA-2024-GAL-534-4780-H29-NPC01.LAZ
530,4795,0.0,1.3000827082468644,1.3000827082468644,Carballo,Rebordelos (San Salvador),1,PNOA-2024-GAL-530-4795-H29-NPC01.LAZ
588,4802,0.0,1.2994669831709236,1.2994669831709236,Monfero,O Alto de Xestoso (Santa María),1,PNOA-2024-GAL-588-4802-H29-NPC01.LAZ
567,4807,0.0,1.2973902120102725,1.2973902120102725,Pontedeume,Pontedeume (Santiago),1,PNOA-2024-GAL-567-4807-H29-NPC01.LAZ
563,4806,0.0,1.2954879707340765,1.2954879707340765,Pontedeume,Boebre (Santiago),1,PNOA-2024-GAL-563-4806-H29-NPC01.LAZ
520,4731,0.0,1.2954664819954165,1.2954664819954165,Dodro,San Xoán de Laíño (San Xoán),1,PNOA-2024-GAL-520-4731-H29-NPC01.LAZ
531,4771,0.0,1.2952792917983693,1.2952792917983693,Tordoia,A Vila de Abade (San Cibrán),1,PNOA-2024-GAL-531-4771-H29-NPC01.LAZ
489,4781,0.0,1.2947682134350358,1.2947682134350358,Camariñas,Xaviña (Santa María),2,PNOA-2024-GAL-489-4781-H29-NPC01.LAZ
534,4775,0.0,1.2939200707411809,1.2939200707411809,Tordoia,Andoio (San Mamede),1,PNOA-2024-GAL-534-4775-H29-NPC01.LAZ
520,4780,0.0,1.292583839275497,1.292583839275497,Coristanco,Seavia (San Mamede),1,PNOA-2024-GAL-520-4780-H29-NPC01.LAZ
531,4779,0.0,1.2925269490534355,1.2925269490534355,Carballo,Sofán (San Salvador),1,PNOA-2024-GAL-531-4779-H29-NPC01.LAZ
509,4782,0.04710047225849208,1.2450293275583117,1.2921297998168038,Cabana de Bergantiños,Cundíns (San Paio),1,PNOA-2024-GAL-509-4782-H29-NPC01.LAZ
548,4768,1.2870963651659997,0.0,1.2870963651659997,Ordes,Pereira (Santaia),1,PNOA-2024-GAL-548-4768-H29-NPC01.LAZ
586,4816,1.2866140441790097,0.0,1.2866140441790097,As Pontes de García Rodríguez,Espiñaredo (Santa María),2,PNOA-2024-GAL-586-4816-H29-NPC01.LAZ
573,4821,0.0,1.2818165225529996,1.2818165225529996,San Sadurniño,San Sadurniño (Santa María),1,PNOA-2024-GAL-573-4821-H29-NPC01.LAZ
602,4831,0.0,1.2771378059683232,1.2771378059683232,Mañón,Mañón (Santa María),1,PNOA-2024-GAL-602-4831-H29-NPC01.LAZ
506,4736,0.0,1.274790223520734,1.274790223520734,Noia,Boa (San Pedro),2,PNOA-2024-GAL-506-4736-H29-NPC01.LAZ
587,4824,0.0,1.2701208341219725,1.2701208341219725,As Somozas,As Enchousas (San Pedro),1,PNOA-2024-GAL-587-4824-H29-NPC01.LAZ
548,4784,0.0,1.269852667070178,1.269852667070178,Cerceda,As Encrobas (San Román),1,PNOA-2024-GAL-548-4784-H29-NPC01.LAZ
582,4765,0.0,1.2695855993117666,1.2695855993117666,Sobrado,Codesoso (San Miguel),1,PNOA-2024-GAL-582-4765-H29-NPC01.LAZ
532,4797,0.0,1.2677374119589677,1.2677374119589677,A Laracha,Caión (Santa María do Socorro),1,PNOA-2024-GAL-532-4797-H29-NPC01.LAZ
574,4827,0.0,1.2658198821372264,1.2658198821372264,San Sadurniño,Santa Mariña do Monte (Santa Mariña),1,PNOA-2024-GAL-574-4827-H29-NPC01.LAZ
593,4832,1.26509758253449,0.0,1.26509758253449,Ortigueira,Os Freires (San Paulo),2,PNOA-2024-GAL-593-4832-H29-NPC01.LAZ
599,4828,0.0,1.2643540678359897,1.2643540678359897,Mañón,As Grañas do Sor (San Mamede),1,PNOA-2024-GAL-599-4828-H29-NPC01.LAZ
511,4764,0.0,1.2603430378337013,1.2603430378337013,Santa Comba,Mallón (San Cristovo),1,PNOA-2024-GAL-511-4764-H29-NPC01.LAZ
540,4782,0.0,1.2598687861888003,1.2598687861888003,Cerceda,Cerceda (San Martiño),1,PNOA-2024-GAL-540-4782-H29-NPC01.LAZ
595,4827,1.0122438011244204,0.24635871302574036,1.2586025141501607,Ortigueira,As Neves (Santa María),1,PNOA-2024-GAL-595-4827-H29-NPC01.LAZ
569,4814,0.0,1.2584966059082359,1.2584966059082359,Fene,Sillobre (Santa Mariña),1,PNOA-2024-GAL-569-4814-H29-NPC01.LAZ
578,4770,0.0,1.2577087169399257,1.2577087169399257,Vilasantar,Vilariño (Santa María),1,PNOA-2024-GAL-578-4770-H29-NPC01.LAZ
544,4787,0.0,1.2555447801868993,1.2555447801868993,A Laracha,Soandres (San Pedro),1,PNOA-2024-GAL-544-4787-H29-NPC01.LAZ
518,4738,1.252923865184462,0.0,1.252923865184462,Rois,Ermedelo (San Martiño),1,PNOA-2024-GAL-518-4738-H29-NPC01.LAZ
597,4824,1.2510140968787367,0.0,1.2510140968787367,As Pontes de García Rodríguez,O Freixo (San Xoán),1,PNOA-2024-GAL-597-4824-H29-NPC01.LAZ
502,4719,1.2507784591964013,0.0,1.2507784591964013,Ribeira,Oleiros (San Martiño),1,PNOA-2024-GAL-502-4719-H29-NPC01.LAZ
582,4841,0.2963326974411958,0.9538353105320887,1.2501680079732844,Cedeira,Régoa (Santa María),1,PNOA-2024-GAL-582-4841-H29-NPC01.LAZ
582,4775,0.0,1.248726093946925,1.248726093946925,Curtis,Foxados (Santa María),1,PNOA-2024-GAL-582-4775-H29-NPC01.LAZ
525,4734,0.2719351205269252,0.9759085935117342,1.2478437140386593,Rois,Oín (Santa María),2,PNOA-2024-GAL-525-4734-H29-NPC01.LAZ
593,4823,1.2427613205479036,0.0,1.2427613205479036,As Pontes de García Rodríguez,O Deveso (Santa María),1,PNOA-2024-GAL-593-4823-H29-NPC01.LAZ
587,4813,1.2392280737820387,0.0,1.2392280737820387,As Pontes de García Rodríguez,Vilavella (Santa María),1,PNOA-2024-GAL-587-4813-H29-NPC01.LAZ
596,4808,1.2392135000701319,0.0,1.2392135000701319,As Pontes de García Rodríguez,O Aparral (Santa María),1,PNOA-2024-GAL-596-4808-H29-NPC01.LAZ
508,4730,1.1130727076433555,0.12372400178545823,1.2367967094288137,Boiro,Cures (Santo André),2,PNOA-2024-GAL-508-4730-H29-NPC01.LAZ
570,4807,0.0,1.2346826613784332,1.2346826613784332,Pontedeume,Ombre (Santa María),2,PNOA-2024-GAL-570-4807-H29-NPC01.LAZ
497,4757,0.0,1.2318359602831817,1.2318359602831817,Dumbría,Olveiroa (Santiago),1,PNOA-2024-GAL-497-4757-H29-NPC01.LAZ
488,4763,0.0,1.2263762075905504,1.2263762075905504,Dumbría,Salgueiros (San Mamede),1,PNOA-2024-GAL-488-4763-H29-NPC01.LAZ
573,4793,0.0,1.223021555603073,1.223021555603073,Irixoa,Mántaras (Santa María),1,PNOA-2024-GAL-573-4793-H29-NPC01.LAZ
586,4809,1.2214971046961576,0.0,1.2214971046961576,As Pontes de García Rodríguez,Ribadeume (Santa María),1,PNOA-2024-GAL-586-4809-H29-NPC01.LAZ
500,4779,1.1778171819011416,0.04098277852128549,1.218799960422427,Vimianzo,Salto (Santa María),1,PNOA-2024-GAL-500-4779-H29-NPC01.LAZ
525,4740,0.0,1.2182872119213337,1.2182872119213337,Rois,Sorribas (San Tomé),1,PNOA-2024-GAL-525-4740-H29-NPC01.LAZ
568,4830,0.0,1.2179992515651465,1.2179992515651465,Valdoviño,Valdoviño (Santalla),1,PNOA-2024-GAL-568-4830-H29-NPC01.LAZ
485,4775,0.0,1.2128179926606426,1.2128179926606426,Camariñas,Camariñas (San Xurxo),1,PNOA-2024-GAL-485-4775-H29-NPC01.LAZ
559,4776,1.2109831976338035,0.0,1.2109831976338035,Cesuras,Filgueira de Traba (San Miguel),1,PNOA-2024-GAL-559-4776-H29-NPC01.LAZ
585,4831,0.0,1.2056569996203748,1.2056569996203748,Cerdido,A Barqueira (Santo Antonio),1,PNOA-2024-GAL-585-4831-H29-NPC01.LAZ
586,4807,1.2027971427548803,0.0,1.2027971427548803,As Pontes de García Rodríguez,Bermui (Santiago),2,PNOA-2024-GAL-586-4807-H29-NPC01.LAZ
488,4758,0.0,1.1954402655129297,1.1954402655129297,Dumbría,Buxantes (San Pedro),1,PNOA-2024-GAL-488-4758-H29-NPC01.LAZ
576,4823,0.0,1.1891874171964512,1.1891874171964512,San Sadurniño,Lamas (San Xiao),1,PNOA-2024-GAL-576-4823-H29-NPC01.LAZ
527,4730,0.5171313775905347,0.6706415706082719,1.1877729481988066,Padrón,Iria Flavia (Santa María),1,PNOA-2024-GAL-527-4730-H29-NPC01.LAZ
532,4756,1.1861089831907725,0.0,1.1861089831907725,Santiago de Compostela,Santa Cristina de Fecha (Santa Cristina),2,PNOA-2024-GAL-532-4756-H29-NPC01.LAZ
540,4773,1.1847677890444503,0.0,1.1847677890444503,Cerceda,Xesteda (Santa Comba),1,PNOA-2024-GAL-540-4773-H29-NPC01.LAZ
499,4731,0.0,1.1822473843210015,1.1822473843210015,Porto do Son,Noal (San Vicente),1,PNOA-2024-GAL-499-4731-H29-NPC01.LAZ
507,4727,0.1292251440366094,1.0520563526565097,1.181281496693119,Boiro,Cures (Santo André),1,PNOA-2024-GAL-507-4727-H29-NPC01.LAZ
600,4839,1.1777255664658677,0.0,1.1777255664658677,Ortigueira,San Salvador de Couzadoiro (San Salvador),1,PNOA-2024-GAL-600-4839-H29-NPC01.LAZ
570,4820,0.0,1.1765698382324525,1.1765698382324525,Neda,Santa María de Neda (Santa María),1,PNOA-2024-GAL-570-4820-H29-NPC01.LAZ
588,4822,0.0,1.1726962716466387,1.1726962716466387,As Somozas,As Enchousas (San Pedro),2,PNOA-2024-GAL-588-4822-H29-NPC01.LAZ
575,4765,0.0,1.1720072683415288,1.1720072683415288,Sobrado,Carelle (San Lourenzo),2,PNOA-2024-GAL-575-4765-H29-NPC01.LAZ
519,4766,0.0,1.1710803783574248,1.1710803783574248,Santa Comba,Freixeiro (San Fins),1,PNOA-2024-GAL-519-4766-H29-NPC01.LAZ
601,4830,0.0,1.1696250394593652,1.1696250394593652,Mañón,Mañón (Santa María),1,PNOA-2024-GAL-601-4830-H29-NPC01.LAZ
597,4815,1.1692255338733653,0.0,1.1692255338733653,As Pontes de García Rodríguez,Somede (San Mamede),1,PNOA-2024-GAL-597-4815-H29-NPC01.LAZ
566,4775,0.0,1.1682274870175742,1.1682274870175742,Mesía,Cabrui (San Martiño),1,PNOA-2024-GAL-566-4775-H29-NPC01.LAZ
494,4747,0.0,1.1612029099519607,1.1612029099519607,Carnota,San Mamede de Carnota (San Mamede),1,PNOA-2024-GAL-494-4747-H29-NPC01.LAZ
570,4747,0.0,1.1608532796630966,1.1608532796630966,Santiso,Visantoña (San Xoán),2,PNOA-2024-GAL-570-4747-H29-NPC01.LAZ
554,4768,1.1584080767780998,0.0,1.1584080767780998,Frades,Galegos (San Martiño),2,PNOA-2024-GAL-554-4768-H29-NPC01.LAZ
597,4812,1.155991151244102,0.0,1.155991151244102,As Pontes de García Rodríguez,As Pontes de García Rodríguez (Santa María),1,PNOA-2024-GAL-597-4812-H29-NPC01.LAZ
577,4823,0.0,1.1553378873669373,1.1553378873669373,San Sadurniño,Lamas (San Xiao),1,PNOA-2024-GAL-577-4823-H29-NPC01.LAZ
527,4775,0.0,1.1507826618724462,1.1507826618724462,Carballo,Entrecruces (San Xens),1,PNOA-2024-GAL-527-4775-H29-NPC01.LAZ
522,4790,0.0,1.1492949120217764,1.1492949120217764,Carballo,Oza (San Breixo),1,PNOA-2024-GAL-522-4790-H29-NPC01.LAZ
570,4805,0.0,1.148316242190456,1.148316242190456,Pontedeume,Nogueirosa (San Cosme),2,PNOA-2024-GAL-570-4805-H29-NPC01.LAZ
570,4791,0.0,1.1468825543800363,1.1468825543800363,Paderne,San Xulián de Vigo (San Xulián),1,PNOA-2024-GAL-570-4791-H29-NPC01.LAZ
574,4835,0.0,1.1467289238881329,1.1467289238881329,Cedeira,Cedeira (Santa María do Mar),1,PNOA-2024-GAL-574-4835-H29-NPC01.LAZ
574,4776,0.0,1.1438078850254003,1.1438078850254003,Curtis,Fisteus (Santa María),1,PNOA-2024-GAL-574-4776-H29-NPC01.LAZ
499,4740,0.0,1.1429835178490457,1.1429835178490457,Muros,Abelleira (Santo Estevo),2,PNOA-2024-GAL-499-4740-H29-NPC01.LAZ
532,4750,0.023590990614018117,1.1193764257512866,1.1429674163653047,Santiago de Compostela,Villestro (Santa María),2,PNOA-2024-GAL-532-4750-H29-NPC01.LAZ
549,4804,0.0,1.1417009018545015,1.1417009018545015,A Coruña,A Coruña,1,PNOA-2024-GAL-549-4804-H29-NPC01.LAZ
496,4740,0.0,1.1410667389663176,1.1410667389663176,Muros,Sestaio (San Miguel),1,PNOA-2024-GAL-496-4740-H29-NPC01.LAZ
594,4834,1.140191531099296,0.0,1.140191531099296,Ortigueira,Cuíña (Santiago),1,PNOA-2024-GAL-594-4834-H29-NPC01.LAZ
591,4816,1.1392605410096368,0.0,1.1392605410096368,As Pontes de García Rodríguez,As Pontes de García Rodríguez (Santa María),1,PNOA-2024-GAL-591-4816-H29-NPC01.LAZ
491,4776,0.0,1.135870188933613,1.135870188933613,Camariñas,A Ponte do Porto (San Pedro),1,PNOA-2024-GAL-491-4776-H29-NPC01.LAZ
543,4795,1.1334377006818663,0.0,1.1334377006818663,Arteixo,Morás (Santo Estevo),1,PNOA-2024-GAL-543-4795-H29-NPC01.LAZ
559,4746,0.0,1.132446890291662,1.132446890291662,Touro,Cornado (Santiso),1,PNOA-2024-GAL-559-4746-H29-NPC01.LAZ
565,4745,0.0,1.1236161619888707,1.1236161619888707,Arzúa,Dombodán (San Cristovo),1,PNOA-2024-GAL-565-4745-H29-NPC01.LAZ
576,4819,0.0,1.114247437596352,1.114247437596352,San Sadurniño,San Sadurniño (Santa María),2,PNOA-2024-GAL-576-4819-H29-NPC01.LAZ
582,4781,0.0,1.113466691104092,1.113466691104092,Curtis,Foxados (Santa María),1,PNOA-2024-GAL-582-4781-H29-NPC01.LAZ
505,4715,0.0,1.1128797099373813,1.1128797099373813,A Pobra do Caramiñal,O Xobre ou O Maño (Santa María),1,PNOA-2024-GAL-505-4715-H29-NPC01.LAZ
505,4749,0.0,1.1110962832139757,1.1110962832139757,Outes,Matasueiro (San Lourenzo),1,PNOA-2024-GAL-505-4749-H29-NPC01.LAZ
568,4831,0.0,1.110476367963277,1.110476367963277,Valdoviño,Valdoviño (Santalla),1,PNOA-2024-GAL-568-4831-H29-NPC01.LAZ
562,4800,0.0,1.1091720439873554,1.1091720439873554,Bergondo,Ouces (San Xoán),1,PNOA-2024-GAL-562-4800-H29-NPC01.LAZ
487,4776,0.0,1.107092344100772,1.107092344100772,Camariñas,Xaviña (Santa María),1,PNOA-2024-GAL-487-4776-H29-NPC01.LAZ
528,4757,0.5606787823378571,0.5445402409411448,1.1052190232790018,Ames,Piñeiro (San Mamede),1,PNOA-2024-GAL-528-4757-H29-NPC01.LAZ
494,4770,1.104826585584978,0.0,1.104826585584978,Vimianzo,Castrelo (San Martiño),1,PNOA-2024-GAL-494-4770-H29-NPC01.LAZ
496,4759,0.0,1.1024963514971453,1.1024963514971453,Dumbría,Olveira (San Martiño),1,PNOA-2024-GAL-496-4759-H29-NPC01.LAZ
586,4838,1.096605093180314,0.0,1.096605093180314,Ortigueira,Veiga (Santo Adrao),1,PNOA-2024-GAL-586-4838-H29-NPC01.LAZ
582,4759,0.0,1.0961603265508173,1.0961603265508173,Toques,A Capela (Santa María),2,PNOA-2024-GAL-582-4759-H29-NPC01.LAZ
488,4751,0.0,1.0959959778131687,1.0959959778131687,Dumbría,O Ézaro (Santa Uxía),1,PNOA-2024-GAL-488-4751-H29-NPC01.LAZ
595,4819,1.095638407928027,0.0,1.095638407928027,As Pontes de García Rodríguez,O Freixo (San Xoán),2,PNOA-2024-GAL-595-4819-H29-NPC01.LAZ
493,4741,0.0,1.0946420434621338,1.0946420434621338,Carnota,Santa Comba de Carnota (Santa Comba),1,PNOA-2024-GAL-493-4741-H29-NPC01.LAZ
560,4773,0.0,1.0925031530051048,1.0925031530051048,Mesía,Mesía (San Cristovo),1,PNOA-2024-GAL-560-4773-H29-NPC01.LAZ
574,4814,0.38616469545566373,0.7057168021315285,1.0918814975871922,A Capela,Cabalar (Santa María),1,PNOA-2024-GAL-574-4814-H29-NPC01.LAZ
586,4791,0.0,1.0909824462486077,1.0909824462486077,Aranga,Cambás (San Pedro),1,PNOA-2024-GAL-586-4791-H29-NPC01.LAZ
502,4784,0.46496850785355,0.619631631635981,1.084600139489531,Cabana de Bergantiños,Borneiro (San Xoán),1,PNOA-2024-GAL-502-4784-H29-NPC01.LAZ
517,4723,0.8160672311512034,0.26401772118196787,1.0800849523331713,Rianxo,Leiro (Santa María),1,PNOA-2024-GAL-517-4723-H29-NPC01.LAZ
566,4809,0.4196311978023878,0.6586209530240743,1.078252150826462,Fene,Limodre (Santa Eulalia),1,PNOA-2024-GAL-566-4809-H29-NPC01.LAZ
593,4825,1.0782220551636195,0.0,1.0782220551636195,Ortigueira,Insua (San Xoán),1,PNOA-2024-GAL-593-4825-H29-NPC01.LAZ
597,4821,1.0774595702989491,0.0,1.0774595702989491,As Pontes de García Rodríguez,O Freixo (San Xoán),1,PNOA-2024-GAL-597-4821-H29-NPC01.LAZ
551,4743,0.0,1.0753109128436902,1.0753109128436902,Touro,Foxás (San Breixo),1,PNOA-2024-GAL-551-4743-H29-NPC01.LAZ
593,4815,1.0748636801451052,0.0,1.0748636801451052,As Pontes de García Rodríguez,As Pontes de García Rodríguez (Santa María),1,PNOA-2024-GAL-593-4815-H29-NPC01.LAZ
585,4809,1.0742034810716699,0.0,1.0742034810716699,As Pontes de García Rodríguez,A Faeira (San Pedro),1,PNOA-2024-GAL-585-4809-H29-NPC01.LAZ
574,4764,0.0,1.0709831666102239,1.0709831666102239,Sobrado,Carelle (San Lourenzo),1,PNOA-2024-GAL-574-4764-H29-NPC01.LAZ
509,4767,0.0,1.0700486279658534,1.0700486279658534,Santa Comba,Cícere (San Pedro),1,PNOA-2024-GAL-509-4767-H29-NPC01.LAZ
512,4782,1.067227077770368,0.0,1.067227077770368,Cabana de Bergantiños,Riobó (San Martiño),1,PNOA-2024-GAL-512-4782-H29-NPC01.LAZ
577,4818,0.0,1.0669043249710561,1.0669043249710561,San Sadurniño,Naraío (Santa María),1,PNOA-2024-GAL-577-4818-H29-NPC01.LAZ
588,4817,1.0664488125351417,0.0,1.0664488125351417,As Pontes de García Rodríguez,Vilavella (Santa María),1,PNOA-2024-GAL-588-4817-H29-NPC01.LAZ
523,4740,1.0662207056316075,0.0,1.0662207056316075,Rois,Costa (San Miguel),1,PNOA-2024-GAL-523-4740-H29-NPC01.LAZ
520,4777,0.0,1.0633058516106058,1.0633058516106058,Coristanco,Seavia (San Mamede),1,PNOA-2024-GAL-520-4777-H29-NPC01.LAZ
513,4740,1.0534167345983627,0.0,1.0534167345983627,Noia,Roo (Santa María),1,PNOA-2024-GAL-513-4740-H29-NPC01.LAZ
583,4840,1.0512862489094765,0.0,1.0512862489094765,Cedeira,Régoa (Santa María),1,PNOA-2024-GAL-583-4840-H29-NPC01.LAZ
519,4733,1.0511497032365908,0.0,1.0511497032365908,Rois,Augasantas (San Vicente),1,PNOA-2024-GAL-519-4733-H29-NPC01.LAZ
495,4775,1.0486930360376752,0.0,1.0486930360376752,Vimianzo,Vimianzo (San Vicenzo),1,PNOA-2024-GAL-495-4775-H29-NPC01.LAZ
518,4742,1.048315739489816,0.0,1.048315739489816,Rois,Urdilde (Santa María),1,PNOA-2024-GAL-518-4742-H29-NPC01.LAZ
567,4758,0.0,1.0478428770389288,1.0478428770389288,Arzúa,Viladavil (Santa María),1,PNOA-2024-GAL-567-4758-H29-NPC01.LAZ
507,4724,0.36544761257229275,0.6794003410915536,1.0448479536638464,Boiro,Boiro (Santa Baia),1,PNOA-2024-GAL-507-4724-H29-NPC01.LAZ
564,4760,1.0436954693070812,0.0,1.0436954693070812,Arzúa,Campo (Santo Estevo),2,PNOA-2024-GAL-564-4760-H29-NPC01.LAZ
524,4755,0.0,1.0388699478867665,1.0388699478867665,A Baña,Fiopáns (San Pedro),1,PNOA-2024-GAL-524-4755-H29-NPC01.LAZ
585,4838,1.038601193927187,0.0,1.038601193927187,Ortigueira,Veiga (Santo Adrao),1,PNOA-2024-GAL-585-4838-H29-NPC01.LAZ
600,4823,1.0371470881191072,0.0,1.0371470881191072,As Pontes de García Rodríguez,O Freixo (San Xoán),1,PNOA-2024-GAL-600-4823-H29-NPC01.LAZ
574,4763,0.20054273311145326,0.8365386145683618,1.037081347679815,Boimorto,Os Ánxeles (Santa María),3,PNOA-2024-GAL-574-4763-H29-NPC01.LAZ
591,4809,0.9099067238683419,0.1270964157577991,1.037003139626141,As Pontes de García Rodríguez,Vilavella (Santa María),2,PNOA-2024-GAL-591-4809-H29-NPC01.LAZ
500,4726,0.0,1.0361671558203538,1.0361671558203538,Porto do Son,Baroña (San Pedro),1,PNOA-2024-GAL-500-4726-H29-NPC01.LAZ
545,4786,0.0,1.0339316827578255,1.0339316827578255,Cerceda,Meirama (Santo André),1,PNOA-2024-GAL-545-4786-H29-NPC01.LAZ
582,4805,1.0337931978257904,0.0,1.0337931978257904,As Pontes de García Rodríguez,San Pedro de Eume (San Pedro),1,PNOA-2024-GAL-582-4805-H29-NPC01.LAZ
534,4733,1.0315547355563246,0.0,1.0315547355563246,Padrón,Carcacia (San Pedro),1,PNOA-2024-GAL-534-4733-H29-NPC01.LAZ
546,4754,0.0,1.0282355492414332,1.0282355492414332,Santiago de Compostela,O Carballal (San Xulián),2,PNOA-2024-GAL-546-4754-H29-NPC01.LAZ
580,4808,1.027828217239076,0.0,1.027828217239076,As Pontes de García Rodríguez,San Pedro de Eume (San Pedro),1,PNOA-2024-GAL-580-4808-H29-NPC01.LAZ
565,4760,1.023373491797313,0.0,1.023373491797313,Boimorto,Mercurín (San Xoán),1,PNOA-2024-GAL-565-4760-H29-NPC01.LAZ
582,4793,1.0225706239813022,0.0,1.0225706239813022,Monfero,O Val de Xestoso (San Pedro),2,PNOA-2024-GAL-582-4793-H29-NPC01.LAZ
581,4837,1.021710312117331,0.0,1.021710312117331,Cedeira,San Román de Montoxo (San Román),2,PNOA-2024-GAL-581-4837-H29-NPC01.LAZ
501,4782,1.0210415279624456,0.0,1.0210415279624456,Cabana de Bergantiños,Borneiro (San Xoán),1,PNOA-2024-GAL-501-4782-H29-NPC01.LAZ
522,4770,0.0,1.019940317104037,1.019940317104037,Santa Comba,Bazar (San Mamede),1,PNOA-2024-GAL-522-4770-H29-NPC01.LAZ
595,4843,1.0195605971831796,0.0,1.0195605971831796,Ortigueira,Espasante (San Xoán),1,PNOA-2024-GAL-595-4843-H29-NPC01.LAZ
527,4777,0.0,1.0178559443694017,1.0178559443694017,Carballo,Entrecruces (San Xens),1,PNOA-2024-GAL-527-4777-H29-NPC01.LAZ
586,4804,1.0177622777980795,0.0,1.0177622777980795,Monfero,O Alto de Xestoso (Santa María),1,PNOA-2024-GAL-586-4804-H29-NPC01.LAZ
573,4778,0.0,1.0165348865355,1.0165348865355,Curtis,Fisteus (Santa María),1,PNOA-2024-GAL-573-4778-H29-NPC01.LAZ
599,4817,1.0158271001586026,0.0,1.0158271001586026,As Pontes de García Rodríguez,Somede (San Mamede),1,PNOA-2024-GAL-599-4817-H29-NPC01.LAZ
567,4778,0.0,1.0148400311627728,1.0148400311627728,Cesuras,Filgueira de Barranca (San Pedro),1,PNOA-2024-GAL-567-4778-H29-NPC01.LAZ
559,4772,0.33404158687778557,0.6802850042289403,1.0143265911067259,Frades,Abellá (Santo Estevo),2,PNOA-2024-GAL-559-4772-H29-NPC01.LAZ
595,4825,1.0119504355928244,0.0,1.0119504355928244,As Pontes de García Rodríguez,O Freixo (San Xoán),1,PNOA-2024-GAL-595-4825-H29-NPC01.LAZ
542,4789,0.0,1.011927372704401,1.011927372704401,A Laracha,Soandres (San Pedro),1,PNOA-2024-GAL-542-4789-H29-NPC01.LAZ
533,4763,1.008856625816476,0.0,1.008856625816476,Trazo,Benza (San Pedro),1,PNOA-2024-GAL-533-4763-H29-NPC01.LAZ
582,4807,1.0076159009494812,0.0,1.0076159009494812,As Pontes de García Rodríguez,San Pedro de Eume (San Pedro),1,PNOA-2024-GAL-582-4807-H29-NPC01.LAZ
570,4797,0.0,1.006027585203152,1.006027585203152,Vilarmaior,Goimil (San Cristovo),1,PNOA-2024-GAL-570-4797-H29-NPC01.LAZ
569,4816,0.09490438864472522,0.9100839285626776,1.0049883172074028,Neda,Santa María de Neda (Santa María),2,PNOA-2024-GAL-569-4816-H29-NPC01.LAZ
569,4786,1.004511794931182,0.0,1.004511794931182,Oza dos Ríos,Reboredo (Santiago),1,PNOA-2024-GAL-569-4786-H29-NPC01.LAZ
490,4773,0.8044946117789603,0.19843636790305086,1.0029309796820112,Vimianzo,Carnés (San Cristovo),1,PNOA-2024-GAL-490-4773-H29-NPC01.LAZ
535,4765,1.000664046110801,0.0,1.000664046110801,Trazo,Benza (San Pedro),1,PNOA-2024-GAL-535-4765-H29-NPC01.LAZ
572,4749,0.5210891622522272,0.4776866441086635,0.9987758063608907,Santiso,Visantoña (San Xoán),2,PNOA-2024-GAL-572-4749-H29-NPC01.LAZ
502,4749,0.0,0.998606212557593,0.998606212557593,Outes,Valadares (San Miguel),1,PNOA-2024-GAL-502-4749-H29-NPC01.LAZ
582,4832,0.0,0.9982283699838947,0.9982283699838947,Cerdido,Cerdido (San Martiño),1,PNOA-2024-GAL-582-4832-H29-NPC01.LAZ
497,4766,0.0,0.9955722153562663,0.9955722153562663,Vimianzo,Baíñas (Santo Antoíño),1,PNOA-2024-GAL-497-4766-H29-NPC01.LAZ
517,4731,0.0,0.9941165780981106,0.9941165780981106,Rianxo,O Araño (Santa Baia),1,PNOA-2024-GAL-517-4731-H29-NPC01.LAZ
572,4800,0.0,0.9929976909184358,0.9929976909184358,Vilarmaior,Torres (San Xorxe),1,PNOA-2024-GAL-572-4800-H29-NPC01.LAZ
546,4779,0.9925625682459553,0.0,0.9925625682459553,Cerceda,As Encrobas (San Román),1,PNOA-2024-GAL-546-4779-H29-NPC01.LAZ
545,4747,0.0,0.9919415240962332,0.9919415240962332,Boqueixón,Loureda (San Pedro),1,PNOA-2024-GAL-545-4747-H29-NPC01.LAZ
545,4773,0.39406209654006186,0.5960305608635432,0.9900926574036051,Ordes,Mercurín (San Clemente),1,PNOA-2024-GAL-545-4773-H29-NPC01.LAZ
529,4796,0.0,0.9886766560916029,0.9886766560916029,Carballo,Rebordelos (San Salvador),1,PNOA-2024-GAL-529-4796-H29-NPC01.LAZ
544,4762,0.0,0.9868079313848535,0.9868079313848535,Oroso,Trasmonte (Santo Estevo),1,PNOA-2024-GAL-544-4762-H29-NPC01.LAZ
493,4715,0.9808673469768127,0.0,0.9808673469768127,Ribeira,Corrubedo (Santa María),1,PNOA-2024-GAL-493-4715-H29-NPC01.LAZ
590,4833,0.9773240091720591,0.0,0.9773240091720591,Ortigueira,San Claudio (Santa María),2,PNOA-2024-GAL-590-4833-H29-NPC01.LAZ
488,4764,0.0,0.9749608648018029,0.9749608648018029,Dumbría,Salgueiros (San Mamede),2,PNOA-2024-GAL-488-4764-H29-NPC01.LAZ
501,4773,0.0,0.9739879453497765,0.9739879453497765,Vimianzo,Tines (Santa Baia),1,PNOA-2024-GAL-501-4773-H29-NPC01.LAZ
583,4793,0.9739410990215646,0.0,0.9739410990215646,Monfero,O Val de Xestoso (San Pedro),2,PNOA-2024-GAL-583-4793-H29-NPC01.LAZ
501,4776,0.9733634203317361,0.0,0.9733634203317361,Vimianzo,Salto (Santa María),1,PNOA-2024-GAL-501-4776-H29-NPC01.LAZ
575,4838,0.320307926990764,0.6513859628994372,0.9716938898902012,Cedeira,Cervo (Santalla),1,PNOA-2024-GAL-575-4838-H29-NPC01.LAZ
573,4769,0.0,0.9707502864243581,0.9707502864243581,Vilasantar,Armental (San Martiño),1,PNOA-2024-GAL-573-4769-H29-NPC01.LAZ
558,4744,0.0,0.9692011215425314,0.9692011215425314,Touro,Novefontes (Santiago),2,PNOA-2024-GAL-558-4744-H29-NPC01.LAZ
501,4717,0.9668013974507331,0.0,0.9668013974507331,Ribeira,Oleiros (San Martiño),2,PNOA-2024-GAL-501-4717-H29-NPC01.LAZ
555,4763,0.8081890305568695,0.15699125880411713,0.9651802893609867,Frades,Moar (Santaia),1,PNOA-2024-GAL-555-4763-H29-NPC01.LAZ
537,4784,0.0,0.9629005025918169,0.9629005025918169,A Laracha,Montemaior (Santa María Madanela),1,PNOA-2024-GAL-537-4784-H29-NPC01.LAZ
492,4714,0.9624182335281873,0.0,0.9624182335281873,Ribeira,Corrubedo (Santa María),1,PNOA-2024-GAL-492-4714-H29-NPC01.LAZ
585,4834,0.0,0.9616836676634015,0.9616836676634015,Cedeira,Montoxo (San Xiao),1,PNOA-2024-GAL-585-4834-H29-NPC01.LAZ
502,4725,0.0,0.9613526110060756,0.9613526110060756,Porto do Son,Ribasieira (San Fins),1,PNOA-2024-GAL-502-4725-H29-NPC01.LAZ
596,4830,0.9612103775812318,0.0,0.9612103775812318,Ortigueira,Devesos (San Sebastián),1,PNOA-2024-GAL-596-4830-H29-NPC01.LAZ
519,4731,0.0,0.9601852627529508,0.9601852627529508,Dodro,San Xoán de Laíño (San Xoán),1,PNOA-2024-GAL-519-4731-H29-NPC01.LAZ
499,4759,0.0,0.9601572194885486,0.9601572194885486,Dumbría,Olveira (San Martiño),1,PNOA-2024-GAL-499-4759-H29-NPC01.LAZ
496,4765,0.9574283840391189,0.0,0.9574283840391189,Vimianzo,Baíñas (Santo Antoíño),1,PNOA-2024-GAL-496-4765-H29-NPC01.LAZ
579,4765,0.0,0.9563752219596187,0.9563752219596187,Sobrado,A Porta (San Pedro),2,PNOA-2024-GAL-579-4765-H29-NPC01.LAZ
581,4786,0.0,0.9561599800743741,0.9561599800743741,Aranga,Aranga (San Paio),1,PNOA-2024-GAL-581-4786-H29-NPC01.LAZ
505,4789,0.0,0.9542719457898984,0.9542719457898984,Ponteceso,Cospindo (San Tirso),1,PNOA-2024-GAL-505-4789-H29-NPC01.LAZ
558,4749,0.0,0.9541579768044649,0.9541579768044649,Touro,San Fiz de Quión (San Fiz),1,PNOA-2024-GAL-558-4749-H29-NPC01.LAZ
600,4821,0.9532918142165825,0.0,0.9532918142165825,As Pontes de García Rodríguez,O Freixo (San Xoán),1,PNOA-2024-GAL-600-4821-H29-NPC01.LAZ
585,4812,0.952788771705175,0.0,0.952788771705175,As Pontes de García Rodríguez,Goente (San Martiño),1,PNOA-2024-GAL-585-4812-H29-NPC01.LAZ
516,4743,0.0,0.951677983457664,0.951677983457664,Brión,Cornanda (Santa María),1,PNOA-2024-GAL-516-4743-H29-NPC01.LAZ
602,4841,0.9509568192276581,0.0,0.9509568192276581,Ortigueira,Loiba (San Xulián),1,PNOA-2024-GAL-602-4841-H29-NPC01.LAZ
589,4824,0.0,0.9492956674251538,0.9492956674251538,As Somozas,As Enchousas (San Pedro),1,PNOA-2024-GAL-589-4824-H29-NPC01.LAZ
552,4776,0.0,0.9484148607335441,0.9484148607335441,Ordes,Ardemil (San Pedro),1,PNOA-2024-GAL-552-4776-H29-NPC01.LAZ
585,4825,0.0,0.9472937150716371,0.9472937150716371,Moeche,Labacengos (Santa María),1,PNOA-2024-GAL-585-4825-H29-NPC01.LAZ
580,4755,0.8135661644046439,0.1333005514337673,0.9468667158384112,Melide,Abeancos (San Salvador),2,PNOA-2024-GAL-580-4755-H29-NPC01.LAZ
514,4786,0.942469674562583,0.0,0.942469674562583,Cabana de Bergantiños,Corcoesto (San Pedro),1,PNOA-2024-GAL-514-4786-H29-NPC01.LAZ
500,4783,0.0,0.9407925003040949,0.9407925003040949,Laxe,Serantes (Santa María),1,PNOA-2024-GAL-500-4783-H29-NPC01.LAZ
578,4759,0.44877056103403584,0.48842183075662987,0.9371923917906657,Melide,Pedrouzos (Santa Mariña),2,PNOA-2024-GAL-578-4759-H29-NPC01.LAZ
596,4819,0.9358141598829532,0.0,0.9358141598829532,As Pontes de García Rodríguez,Somede (San Mamede),1,PNOA-2024-GAL-596-4819-H29-NPC01.LAZ
573,4765,0.0,0.9333452905511768,0.9333452905511768,Sobrado,Folgoso (Santa Cristina),1,PNOA-2024-GAL-573-4765-H29-NPC01.LAZ
594,4809,0.9325865985122849,0.0,0.9325865985122849,As Pontes de García Rodríguez,O Aparral (Santa María),1,PNOA-2024-GAL-594-4809-H29-NPC01.LAZ
574,4788,0.0,0.9318390000485129,0.9318390000485129,Aranga,Feás (San Pedro),1,PNOA-2024-GAL-574-4788-H29-NPC01.LAZ
579,4760,0.9300936535418729,0.0,0.9300936535418729,Melide,Pedrouzos (Santa Mariña),1,PNOA-2024-GAL-579-4760-H29-NPC01.LAZ
501,4727,0.0,0.9286778224853646,0.9286778224853646,Porto do Son,Baroña (San Pedro),1,PNOA-2024-GAL-501-4727-H29-NPC01.LAZ
572,4826,0.0,0.9274878997213951,0.9274878997213951,San Sadurniño,Santa Mariña do Monte (Santa Mariña),1,PNOA-2024-GAL-572-4826-H29-NPC01.LAZ
573,4814,0.28680627501376965,0.6373537117245814,0.9241599867383511,A Capela,Cabalar (Santa María),1,PNOA-2024-GAL-573-4814-H29-NPC01.LAZ
534,4751,0.9226764196809755,0.0,0.9226764196809755,Santiago de Compostela,Figueiras (Santa María),2,PNOA-2024-GAL-534-4751-H29-NPC01.LAZ
563,4754,0.9219113476622078,0.0,0.9219113476622078,Arzúa,Dodro (Santa María),1,PNOA-2024-GAL-563-4754-H29-NPC01.LAZ
571,4825,0.0,0.9195567453768763,0.9195567453768763,San Sadurniño,Santa Mariña do Monte (Santa Mariña),1,PNOA-2024-GAL-571-4825-H29-NPC01.LAZ
536,4745,0.4539302771886828,0.4641949541353243,0.9181252313240071,Santiago de Compostela,Conxo (Santa María),2,PNOA-2024-GAL-536-4745-H29-NPC01.LAZ
583,4802,0.0,0.9166778720874696,0.9166778720874696,Monfero,San Fiz de Monfero (San Fiz),1,PNOA-2024-GAL-583-4802-H29-NPC01.LAZ
521,4777,0.722764162235284,0.18122364685853676,0.9039878090938207,Coristanco,Seavia (San Mamede),1,PNOA-2024-GAL-521-4777-H29-NPC01.LAZ
581,4759,0.0,0.9036868155543846,0.9036868155543846,Toques,Ordes (Santa María),2,PNOA-2024-GAL-581-4759-H29-NPC01.LAZ
551,4776,0.9034854324011666,0.0,0.9034854324011666,Ordes,Ardemil (San Pedro),1,PNOA-2024-GAL-551-4776-H29-NPC01.LAZ
547,4755,0.9033610948076681,0.0,0.9033610948076681,Santiago de Compostela,O Carballal (San Xulián),1,PNOA-2024-GAL-547-4755-H29-NPC01.LAZ
580,4804,0.9000250848764111,0.0,0.9000250848764111,Monfero,San Fiz de Monfero (San Fiz),1,PNOA-2024-GAL-580-4804-H29-NPC01.LAZ
569,4820,0.8999343370636096,0.0,0.8999343370636096,Neda,Santa María de Neda (Santa María),1,PNOA-2024-GAL-569-4820-H29-NPC01.LAZ
584,4835,0.0,0.8989262934625968,0.8989262934625968,Cedeira,Montoxo (San Xiao),1,PNOA-2024-GAL-584-4835-H29-NPC01.LAZ
593,4810,0.8988515362555991,0.0,0.8988515362555991,As Pontes de García Rodríguez,As Pontes de García Rodríguez (Santa María),1,PNOA-2024-GAL-593-4810-H29-NPC01.LAZ
501,4779,0.009885240575383291,0.8884663278757241,0.8983515684511074,Vimianzo,Salto (Santa María),1,PNOA-2024-GAL-501-4779-H29-NPC01.LAZ
580,4838,0.0,0.8978060066782855,0.8978060066782855,Cedeira,Régoa (Santa María),1,PNOA-2024-GAL-580-4838-H29-NPC01.LAZ
514,4784,0.8976643597083864,0.0,0.8976643597083864,Coristanco,Valenza (San Pedro),1,PNOA-2024-GAL-514-4784-H29-NPC01.LAZ
501,4728,0.0,0.8951516447627168,0.8951516447627168,Porto do Son,Noal (San Vicente),1,PNOA-2024-GAL-501-4728-H29-NPC01.LAZ
587,4766,0.0,0.8874067233170267,0.8874067233170267,Sobrado,Codesoso (San Miguel),1,PNOA-2024-GAL-587-4766-H29-NPC01.LAZ
522,4791,0.0,0.8854907179621172,0.8854907179621172,Carballo,Razo (San Martiño),1,PNOA-2024-GAL-522-4791-H29-NPC01.LAZ
566,4790,0.8845111661098408,0.0,0.8845111661098408,Oza dos Ríos,Porzomillos (San Pedro),2,PNOA-2024-GAL-566-4790-H29-NPC01.LAZ
502,4787,0.8829029438076336,0.0,0.8829029438076336,Cabana de Bergantiños,Cánduas (San Martiño),1,PNOA-2024-GAL-502-4787-H29-NPC01.LAZ
593,4821,0.8820071663083808,0.0,0.8820071663083808,As Pontes de García Rodríguez,O Deveso (Santa María),1,PNOA-2024-GAL-593-4821-H29-NPC01.LAZ
502,4713,0.2828879027047213,0.5984903905448663,0.8813782932495876,Ribeira,Palmeira (San Pedro),1,PNOA-2024-GAL-502-4713-H29-NPC01.LAZ
599,4815,0.8803528432271119,0.0,0.8803528432271119,As Pontes de García Rodríguez,Somede (San Mamede),1,PNOA-2024-GAL-599-4815-H29-NPC01.LAZ
569,4759,0.8778394218471856,0.0,0.8778394218471856,Boimorto,Sendelle (Santa María),1,PNOA-2024-GAL-569-4759-H29-NPC01.LAZ
565,4814,0.0,0.8776923195558717,0.8776923195558717,Fene,Perlío (Santo Estevo),1,PNOA-2024-GAL-565-4814-H29-NPC01.LAZ
542,4785,0.0,0.8768558319309755,0.8768558319309755,A Laracha,Soandres (San Pedro),1,PNOA-2024-GAL-542-4785-H29-NPC01.LAZ
534,4765,0.0,0.8760636277163255,0.8760636277163255,Trazo,Benza (San Pedro),2,PNOA-2024-GAL-534-4765-H29-NPC01.LAZ
559,4770,0.0027754965939205773,0.8726016798120684,0.875377176405989,Frades,Papucín (Santa María),1,PNOA-2024-GAL-559-4770-H29-NPC01.LAZ
493,4763,0.0,0.874192254439012,0.874192254439012,Dumbría,Dumbría (Santa Baia),1,PNOA-2024-GAL-493-4763-H29-NPC01.LAZ
591,4813,0.15503754362899366,0.7166504780687964,0.8716880216977901,As Pontes de García Rodríguez,As Pontes de García Rodríguez (Santa María),1,PNOA-2024-GAL-591-4813-H29-NPC01.LAZ
498,4782,0.0,0.8676102600274028,0.8676102600274028,Laxe,Traba (Santiago),2,PNOA-2024-GAL-498-4782-H29-NPC01.LAZ
505,4788,0.0,0.8674165623499738,0.8674165623499738,Ponteceso,Cospindo (San Tirso),1,PNOA-2024-GAL-505-4788-H29-NPC01.LAZ
500,4730,0.0,0.8667318566975744,0.8667318566975744,Porto do Son,Noal (San Vicente),1,PNOA-2024-GAL-500-4730-H29-NPC01.LAZ
513,4777,0.8636780404424065,0.0,0.8636780404424065,Cabana de Bergantiños,Nantón (San Pedro),2,PNOA-2024-GAL-513-4777-H29-NPC01.LAZ
581,4790,0.0,0.863081911739527,0.863081911739527,Aranga,Cambás (San Pedro),1,PNOA-2024-GAL-581-4790-H29-NPC01.LAZ
528,4794,0.0,0.8618955631058335,0.8618955631058335,Carballo,Rebordelos (San Salvador),1,PNOA-2024-GAL-528-4794-H29-NPC01.LAZ
543,4733,0.0,0.8611670520162823,0.8611670520162823,Vedra,San Pedro de Sarandón (San Pedro),1,PNOA-2024-GAL-543-4733-H29-NPC01.LAZ
565,4764,0.0,0.8588804443555258,0.8588804443555258,Frades,Añá (Santa María),1,PNOA-2024-GAL-565-4764-H29-NPC01.LAZ
518,4767,0.0,0.8566590857186613,0.8566590857186613,Santa Comba,Montouto (Santa María),1,PNOA-2024-GAL-518-4767-H29-NPC01.LAZ
589,4799,0.8562664046833961,0.0,0.8562664046833961,Monfero,O Alto de Xestoso (Santa María),1,PNOA-2024-GAL-589-4799-H29-NPC01.LAZ
545,4792,0.8553263655376547,0.0,0.8553263655376547,Arteixo,Morás (Santo Estevo),1,PNOA-2024-GAL-545-4792-H29-NPC01.LAZ
568,4782,0.8497888103603951,0.0,0.8497888103603951,Cesuras,Trasanquelos (San Salvador),1,PNOA-2024-GAL-568-4782-H29-NPC01.LAZ
567,4788,0.8482938525945737,0.0,0.8482938525945737,Oza dos Ríos,Oza (San Pedro),1,PNOA-2024-GAL-567-4788-H29-NPC01.LAZ
588,4804,0.7679477838273103,0.0793836201971185,0.8473314040244289,Monfero,O Alto de Xestoso (Santa María),1,PNOA-2024-GAL-588-4804-H29-NPC01.LAZ
562,4757,0.0,0.8464846962319073,0.8464846962319073,Arzúa,Oíns (San Cosme),1,PNOA-2024-GAL-562-4757-H29-NPC01.LAZ
581,4799,0.8427271287090623,0.0,0.8427271287090623,Monfero,Santa Xiá de Monfero (Santa Xiá),2,PNOA-2024-GAL-581-4799-H29-NPC01.LAZ
504,4732,0.0,0.840453840147632,0.840453840147632,Porto do Son,Goiáns (San Sadurniño),1,PNOA-2024-GAL-504-4732-H29-NPC01.LAZ
543,4777,0.8404066559629843,0.0,0.8404066559629843,Cerceda,Queixas (Santa María),2,PNOA-2024-GAL-543-4777-H29-NPC01.LAZ
495,4765,0.8397230428835023,0.0,0.8397230428835023,Vimianzo,Baíñas (Santo Antoíño),1,PNOA-2024-GAL-495-4765-H29-NPC01.LAZ
539,4781,0.0,0.8367356666374889,0.8367356666374889,Cerceda,Queixas (Santa María),1,PNOA-2024-GAL-539-4781-H29-NPC01.LAZ
570,4778,0.0,0.8360842457896671,0.8360842457896671,Curtis,Fisteus (Santa María),1,PNOA-2024-GAL-570-4778-H29-NPC01.LAZ
507,4739,0.0,0.8354264420170864,0.8354264420170864,Outes,San Cosme de Outeiro (San Cosme),1,PNOA-2024-GAL-507-4739-H29-NPC01.LAZ
555,4744,0.0,0.8343404732745163,0.8343404732745163,Touro,San Pedro de Ribeira (San Pedro),1,PNOA-2024-GAL-555-4744-H29-NPC01.LAZ
570,4780,0.8332354280002306,0.0,0.8332354280002306,Oza dos Ríos,Rodeiro (Santa María),1,PNOA-2024-GAL-570-4780-H29-NPC01.LAZ
571,4819,0.8327146102687634,0.0,0.8327146102687634,Neda,Anca (San Pedro),2,PNOA-2024-GAL-571-4819-H29-NPC01.LAZ
505,4747,0.0,0.8324883231832914,0.8324883231832914,Outes,Matasueiro (San Lourenzo),1,PNOA-2024-GAL-505-4747-H29-NPC01.LAZ
601,4838,0.8288461248851701,0.0,0.8288461248851701,Ortigueira,San Salvador de Couzadoiro (San Salvador),1,PNOA-2024-GAL-601-4838-H29-NPC01.LAZ
574,4807,0.8174012728151562,0.0,0.8174012728151562,Monfero,Taboada (Santa Mariña),1,PNOA-2024-GAL-574-4807-H29-NPC01.LAZ
499,4762,0.8153689269877573,0.0,0.8153689269877573,Vimianzo,Baíñas (Santo Antoíño),1,PNOA-2024-GAL-499-4762-H29-NPC01.LAZ
498,4724,0.0,0.8137746107607308,0.8137746107607308,Porto do Son,Caamaño (Santa María),1,PNOA-2024-GAL-498-4724-H29-NPC01.LAZ
587,4800,0.03171143489343669,0.7809718817851984,0.812683316678635,Monfero,O Alto de Xestoso (Santa María),1,PNOA-2024-GAL-587-4800-H29-NPC01.LAZ
570,4749,0.8006963255532789,0.0,0.8006963255532789,Arzúa,Maroxo (Santa María),2,PNOA-2024-GAL-570-4749-H29-NPC01.LAZ
514,4729,0.0,0.8003989403125461,0.8003989403125461,Boiro,Bealo (San Pedro),2,PNOA-2024-GAL-514-4729-H29-NPC01.LAZ
532,4762,0.11073806439518766,0.6893930096391251,0.8001310740343127,Trazo,Xavestre (San Cristovo),1,PNOA-2024-GAL-532-4762-H29-NPC01.LAZ
509,4727,0.0,0.7975498565580643,0.7975498565580643,Boiro,Cures (Santo André),1,PNOA-2024-GAL-509-4727-H29-NPC01.LAZ
497,4711,0.0,0.7955292142300353,0.7955292142300353,Ribeira,Carreira (San Paio),1,PNOA-2024-GAL-497-4711-H29-NPC01.LAZ
510,4781,0.7855462317739463,0.0,0.7855462317739463,Cabana de Bergantiños,Riobó (San Martiño),1,PNOA-2024-GAL-510-4781-H29-NPC01.LAZ
514,4776,0.027391623216967708,0.7573498196333814,0.7847414428503492,Coristanco,Cuns (San Vicenzo),1,PNOA-2024-GAL-514-4776-H29-NPC01.LAZ
509,4758,0.0,0.7840679367138351,0.7840679367138351,Santa Comba,Fontecada (San Martiño),1,PNOA-2024-GAL-509-4758-H29-NPC01.LAZ
546,4749,0.7838056419641286,0.0,0.7838056419641286,Santiago de Compostela,Sabugueira (San Paio),1,PNOA-2024-GAL-546-4749-H29-NPC01.LAZ
508,4721,0.11625753862848964,0.667276730144285,0.7835342687727747,Boiro,Lampón (Santiago),1,PNOA-2024-GAL-508-4721-H29-NPC01.LAZ
489,4740,0.0,0.7772745523331922,0.7772745523331922,Carnota,Lira (Santa María),1,PNOA-2024-GAL-489-4740-H29-NPC01.LAZ
583,4762,0.0,0.7681789592292823,0.7681789592292823,Toques,Paradela (San Paio),1,PNOA-2024-GAL-583-4762-H29-NPC01.LAZ
590,4826,0.7680132323517945,0.0,0.7680132323517945,Ortigueira,Insua (San Xoán),1,PNOA-2024-GAL-590-4826-H29-NPC01.LAZ
542,4761,0.0,0.7660719288634529,0.7660719288634529,Trazo,Berreo (San Mamede),1,PNOA-2024-GAL-542-4761-H29-NPC01.LAZ
513,4720,0.7654673877466089,0.0,0.7654673877466089,Boiro,Abanqueiro (San Cristovo),1,PNOA-2024-GAL-513-4720-H29-NPC01.LAZ
574,4770,0.0,0.7600815922764087,0.7600815922764087,Vilasantar,Armental (San Martiño),1,PNOA-2024-GAL-574-4770-H29-NPC01.LAZ
600,4845,0.7593492226640292,0.0,0.7593492226640292,Ortigueira,Loiba (San Xulián),1,PNOA-2024-GAL-600-4845-H29-NPC01.LAZ
557,4768,0.7583519515342005,0.0,0.7583519515342005,Frades,Frades (San Martiño),2,PNOA-2024-GAL-557-4768-H29-NPC01.LAZ
529,4733,0.479735323028191,0.27580983459059555,0.7555451576187866,Padrón,Iria Flavia (Santa María),2,PNOA-2024-GAL-529-4733-H29-NPC01.LAZ
540,4769,0.0,0.7550546597082384,0.7550546597082384,Tordoia,Gorgullos (Santaia),1,PNOA-2024-GAL-540-4769-H29-NPC01.LAZ
518,4740,0.570935996292251,0.18369263855126391,0.754628634843515,Rois,Ermedelo (San Martiño),1,PNOA-2024-GAL-518-4740-H29-NPC01.LAZ
585,4794,0.7533468302110005,0.0,0.7533468302110005,Monfero,O Val de Xestoso (San Pedro),1,PNOA-2024-GAL-585-4794-H29-NPC01.LAZ
579,4785,0.0,0.748491886305344,0.748491886305344,Aranga,Vilarraso (San Lourenzo),1,PNOA-2024-GAL-579-4785-H29-NPC01.LAZ
555,4782,0.0,0.74775075396573,0.74775075396573,Abegondo,Folgoso (Santa Dorotea),1,PNOA-2024-GAL-555-4782-H29-NPC01.LAZ
512,4773,0.0,0.7460165885302278,0.7460165885302278,Santa Comba,Santa Sabiña (San Xulián),1,PNOA-2024-GAL-512-4773-H29-NPC01.LAZ
516,4737,0.0,0.7453236805003502,0.7453236805003502,Lousame,Vilacova (Santa Eulalia),1,PNOA-2024-GAL-516-4737-H29-NPC01.LAZ
572,4765,0.742905174314017,0.0,0.742905174314017,Boimorto,Boimil (San Miguel),2,PNOA-2024-GAL-572-4765-H29-NPC01.LAZ
584,4839,0.7416042288450733,0.0,0.7416042288450733,Cedeira,Régoa (Santa María),1,PNOA-2024-GAL-584-4839-H29-NPC01.LAZ
567,4776,0.0,0.741156435502299,0.741156435502299,Cesuras,Borrifáns (San Pedro),1,PNOA-2024-GAL-567-4776-H29-NPC01.LAZ
588,4810,0.7409198060553372,0.0,0.7409198060553372,As Pontes de García Rodríguez,Vilavella (Santa María),1,PNOA-2024-GAL-588-4810-H29-NPC01.LAZ
580,4794,0.0,0.7395178457721894,0.7395178457721894,Monfero,Santa Xiá de Monfero (Santa Xiá),1,PNOA-2024-GAL-580-4794-H29-NPC01.LAZ
484,4778,0.0,0.7388701127473214,0.7388701127473214,Camariñas,Camariñas (San Xurxo),1,PNOA-2024-GAL-484-4778-H29-NPC01.LAZ
534,4737,0.0,0.7387429879825747,0.7387429879825747,Teo,Rarís (San Miguel),1,PNOA-2024-GAL-534-4737-H29-NPC01.LAZ
583,4777,0.0,0.7363237708086322,0.7363237708086322,Curtis,Foxados (Santa María),1,PNOA-2024-GAL-583-4777-H29-NPC01.LAZ
585,4766,0.0,0.7358885829186643,0.7358885829186643,Sobrado,Roade (Santo André),1,PNOA-2024-GAL-585-4766-H29-NPC01.LAZ
494,4777,0.7354943872723799,0.0,0.7354943872723799,Vimianzo,Vimianzo (San Vicenzo),1,PNOA-2024-GAL-494-4777-H29-NPC01.LAZ
522,4794,0.0,0.7235201168080158,0.7235201168080158,Carballo,Razo (San Martiño),1,PNOA-2024-GAL-522-4794-H29-NPC01.LAZ
557,4780,0.0,0.7204139372628443,0.7204139372628443,Cesuras,Loureda (Santo Estevo),1,PNOA-2024-GAL-557-4780-H29-NPC01.LAZ
511,4774,0.0,0.7201431306319663,0.7201431306319663,Coristanco,Cuns (San Vicenzo),1,PNOA-2024-GAL-511-4774-H29-NPC01.LAZ
549,4786,0.0,0.7164088883088682,0.7164088883088682,Carral,Paleo (Santo Estevo),1,PNOA-2024-GAL-549-4786-H29-NPC01.LAZ
592,4808,0.6989633432734021,0.016676332825117438,0.7156396760985196,As Pontes de García Rodríguez,O Aparral (Santa María),2,PNOA-2024-GAL-592-4808-H29-NPC01.LAZ
504,4771,0.14299109596662796,0.5721488671311805,0.7151399630978085,Vimianzo,Treos (San Miguel),1,PNOA-2024-GAL-504-4771-H29-NPC01.LAZ
552,4764,0.0,0.7103843487832426,0.7103843487832426,Oroso,Marzoa (San Martiño),1,PNOA-2024-GAL-552-4764-H29-NPC01.LAZ
576,4783,0.0,0.7096510675765321,0.7096510675765321,Aranga,Vilarraso (San Lourenzo),1,PNOA-2024-GAL-576-4783-H29-NPC01.LAZ
553,4780,0.0,0.7052943058773189,0.7052943058773189,Abegondo,Vizoño (San Pedro),2,PNOA-2024-GAL-553-4780-H29-NPC01.LAZ
504,4788,0.0,0.7025472063356901,0.7025472063356901,Ponteceso,Cospindo (San Tirso),1,PNOA-2024-GAL-504-4788-H29-NPC01.LAZ
546,4746,0.0,0.7008403018732413,0.7008403018732413,Boqueixón,Loureda (San Pedro),1,PNOA-2024-GAL-546-4746-H29-NPC01.LAZ
540,4792,0.3334399692863731,0.36218416145846594,0.695624130744839,Arteixo,Loureda (Santa María),1,PNOA-2024-GAL-540-4792-H29-NPC01.LAZ
509,4793,0.0,0.6951759828132303,0.6951759828132303,Ponteceso,Nemeño (San Tomé),1,PNOA-2024-GAL-509-4793-H29-NPC01.LAZ
540,4734,0.0,0.6911016166079725,0.6911016166079725,Teo,Teo (Santa María),1,PNOA-2024-GAL-540-4734-H29-NPC01.LAZ
527,4779,0.0,0.6882636979441622,0.6882636979441622,Carballo,Rus (Santa María),1,PNOA-2024-GAL-527-4779-H29-NPC01.LAZ
541,4754,0.6859403380991184,0.0,0.6859403380991184,Santiago de Compostela,A Enfesta (San Cristovo),1,PNOA-2024-GAL-541-4754-H29-NPC01.LAZ
553,4759,0.0,0.6852420520485072,0.6852420520485072,Oroso,Os Ánxeles (San Mamede),1,PNOA-2024-GAL-553-4759-H29-NPC01.LAZ
584,4769,0.0,0.6851364538608611,0.6851364538608611,Sobrado,Grixalba (San Xiao),1,PNOA-2024-GAL-584-4769-H29-NPC01.LAZ
548,4745,0.0,0.6846068204214804,0.6846068204214804,Touro,Prevediños (Santiago),1,PNOA-2024-GAL-548-4745-H29-NPC01.LAZ
547,4748,0.0,0.6723543631638501,0.6723543631638501,Boqueixón,Loureda (San Pedro),1,PNOA-2024-GAL-547-4748-H29-NPC01.LAZ
513,4745,0.0,0.6720963721492437,0.6720963721492437,Outes,Cando (San Tirso),1,PNOA-2024-GAL-513-4745-H29-NPC01.LAZ
530,4742,0.24221800663082635,0.4277476293603768,0.6699656359912032,Ames,Bugallido (San Pedro),2,PNOA-2024-GAL-530-4742-H29-NPC01.LAZ
493,4746,0.0,0.6665969711176192,0.6665969711176192,Carnota,San Mamede de Carnota (San Mamede),1,PNOA-2024-GAL-493-4746-H29-NPC01.LAZ
518,4741,0.6629200695977965,0.0,0.6629200695977965,Rois,Ermedelo (San Martiño),1,PNOA-2024-GAL-518-4741-H29-NPC01.LAZ
587,4806,0.6590231810381975,0.0,0.6590231810381975,As Pontes de García Rodríguez,Bermui (Santiago),2,PNOA-2024-GAL-587-4806-H29-NPC01.LAZ
526,4771,0.0,0.6571250356872085,0.6571250356872085,Tordoia,Anxeriz (Santa Mariña),1,PNOA-2024-GAL-526-4771-H29-NPC01.LAZ
573,4808,0.6569267882618615,0.0,0.6569267882618615,Monfero,Taboada (Santa Mariña),1,PNOA-2024-GAL-573-4808-H29-NPC01.LAZ
512,4732,0.0,0.6558984829947658,0.6558984829947658,Lousame,Lousame (San Xoán),1,PNOA-2024-GAL-512-4732-H29-NPC01.LAZ
547,4783,0.0,0.6525712537427707,0.6525712537427707,Cerceda,As Encrobas (San Román),1,PNOA-2024-GAL-547-4783-H29-NPC01.LAZ
497,4713,0.0,0.6503304215754458,0.6503304215754458,Ribeira,Carreira (San Paio),1,PNOA-2024-GAL-497-4713-H29-NPC01.LAZ
496,4739,0.0,0.6492812043998581,0.6492812043998581,Muros,Sestaio (San Miguel),1,PNOA-2024-GAL-496-4739-H29-NPC01.LAZ
594,4819,0.6481708882058156,0.0,0.6481708882058156,As Pontes de García Rodríguez,O Freixo (San Xoán),1,PNOA-2024-GAL-594-4819-H29-NPC01.LAZ
575,4830,0.0,0.6481148096973139,0.6481148096973139,Valdoviño,Vilaboa (San Vicente),1,PNOA-2024-GAL-575-4830-H29-NPC01.LAZ
486,4763,0.0,0.6457421526886675,0.6457421526886675,Dumbría,Salgueiros (San Mamede),1,PNOA-2024-GAL-486-4763-H29-NPC01.LAZ
568,4767,0.0,0.6451970132661924,0.6451970132661924,Vilasantar,Mezonzo (Santa María),1,PNOA-2024-GAL-568-4767-H29-NPC01.LAZ
592,4815,0.644981763473469,0.0,0.644981763473469,As Pontes de García Rodríguez,As Pontes de García Rodríguez (Santa María),1,PNOA-2024-GAL-592-4815-H29-NPC01.LAZ
496,4725,0.0,0.6448213496685322,0.6448213496685322,Porto do Son,Queiruga (Santo Estevo),1,PNOA-2024-GAL-496-4725-H29-NPC01.LAZ
602,4839,0.0,0.6442646403407002,0.6442646403407002,Mañón,As Ribeiras do Sor (San Cristovo),1,PNOA-2024-GAL-602-4839-H29-NPC01.LAZ
567,4791,0.6413204433493899,0.0,0.6413204433493899,Paderne,Vilamourel (San Xoán),1,PNOA-2024-GAL-567-4791-H29-NPC01.LAZ
561,4765,0.6412816249136682,0.0,0.6412816249136682,Frades,Gafoi (Santa Mariña),1,PNOA-2024-GAL-561-4765-H29-NPC01.LAZ
547,4787,0.28985178561910463,0.349511913222742,0.6393636988418466,Culleredo,Celas (Santa María),2,PNOA-2024-GAL-547-4787-H29-NPC01.LAZ
518,4730,0.03826073016546198,0.6009329461684046,0.6391936763338666,Rianxo,O Araño (Santa Baia),1,PNOA-2024-GAL-518-4730-H29-NPC01.LAZ
521,4768,0.0,0.6385345683084304,0.6385345683084304,Santa Comba,Xallas de Castriz (San Pedro),1,PNOA-2024-GAL-521-4768-H29-NPC01.LAZ
551,4772,0.6361165296684003,0.0,0.6361165296684003,Ordes,Barbeiros (Santa María),2,PNOA-2024-GAL-551-4772-H29-NPC01.LAZ
511,4763,0.0,0.6357015558716754,0.6357015558716754,Santa Comba,Mallón (San Cristovo),1,PNOA-2024-GAL-511-4763-H29-NPC01.LAZ
581,4827,0.0,0.6352185395381353,0.6352185395381353,Moeche,Abade (Santiago),1,PNOA-2024-GAL-581-4827-H29-NPC01.LAZ
586,4797,0.5403524612803916,0.08779858156557906,0.6281510428459707,Monfero,O Alto de Xestoso (Santa María),1,PNOA-2024-GAL-586-4797-H29-NPC01.LAZ
573,4815,0.0,0.6271796947240027,0.6271796947240027,San Sadurniño,Naraío (Santa María),1,PNOA-2024-GAL-573-4815-H29-NPC01.LAZ
503,4741,0.0,0.6268001111800763,0.6268001111800763,Outes,O Freixo de Sabardes (San Xoán),1,PNOA-2024-GAL-503-4741-H29-NPC01.LAZ
504,4736,0.0,0.6217916302257177,0.6217916302257177,Porto do Son,Miñortos (San Martiño),1,PNOA-2024-GAL-504-4736-H29-NPC01.LAZ
585,4798,0.6214558561187858,0.0,0.6214558561187858,Monfero,O Alto de Xestoso (Santa María),1,PNOA-2024-GAL-585-4798-H29-NPC01.LAZ
504,4782,0.6200889467322904,0.0,0.6200889467322904,Cabana de Bergantiños,Borneiro (San Xoán),1,PNOA-2024-GAL-504-4782-H29-NPC01.LAZ
573,4776,0.0,0.618386187627757,0.618386187627757,Curtis,Fisteus (Santa María),1,PNOA-2024-GAL-573-4776-H29-NPC01.LAZ
495,4774,0.0,0.616471632696894,0.616471632696894,Vimianzo,Vimianzo (San Vicenzo),1,PNOA-2024-GAL-495-4774-H29-NPC01.LAZ
557,4782,0.0,0.6138982208916489,0.6138982208916489,Abegondo,Vilacova (San Tomé),1,PNOA-2024-GAL-557-4782-H29-NPC01.LAZ
489,4746,0.0,0.6057292060981567,0.6057292060981567,Carnota,San Mamede de Carnota (San Mamede),1,PNOA-2024-GAL-489-4746-H29-NPC01.LAZ
504,4789,0.0,0.5993031518872467,0.5993031518872467,Ponteceso,Cospindo (San Tirso),1,PNOA-2024-GAL-504-4789-H29-NPC01.LAZ
579,4796,0.060430088542697595,0.5348515875879591,0.5952816761306567,Monfero,Santa Xiá de Monfero (Santa Xiá),1,PNOA-2024-GAL-579-4796-H29-NPC01.LAZ
514,4768,0.0,0.594706080455447,0.594706080455447,Santa Comba,Arantón (San Vicente),2,PNOA-2024-GAL-514-4768-H29-NPC01.LAZ
492,4734,0.0,0.594036760334211,0.594036760334211,Muros,Louro (Santiago),1,PNOA-2024-GAL-492-4734-H29-NPC01.LAZ
540,4777,0.0,0.5933539615708621,0.5933539615708621,Cerceda,Queixas (Santa María),1,PNOA-2024-GAL-540-4777-H29-NPC01.LAZ
583,4838,0.5902850412223333,0.0,0.5902850412223333,Ortigueira,Veiga (Santo Adrao),1,PNOA-2024-GAL-583-4838-H29-NPC01.LAZ
494,4764,0.0,0.5886946849048325,0.5886946849048325,Dumbría,Berdeogás (Santiago),1,PNOA-2024-GAL-494-4764-H29-NPC01.LAZ
533,4737,0.0,0.5841635657698963,0.5841635657698963,Teo,Luou (Santa María),1,PNOA-2024-GAL-533-4737-H29-NPC01.LAZ
575,4819,0.0,0.5771022558949613,0.5771022558949613,San Sadurniño,Naraío (Santa María),1,PNOA-2024-GAL-575-4819-H29-NPC01.LAZ
515,4748,0.0,0.575269185113999,0.575269185113999,Negreira,Lueiro (Santa Baia),1,PNOA-2024-GAL-515-4748-H29-NPC01.LAZ
573,4807,0.5733348777108679,0.0,0.5733348777108679,Monfero,Taboada (Santa Mariña),1,PNOA-2024-GAL-573-4807-H29-NPC01.LAZ
522,4771,0.0,0.5715806849791035,0.5715806849791035,Santa Comba,Bazar (San Mamede),1,PNOA-2024-GAL-522-4771-H29-NPC01.LAZ
570,4827,0.0,0.571081499626682,0.571081499626682,Valdoviño,Valdoviño (Santalla),1,PNOA-2024-GAL-570-4827-H29-NPC01.LAZ
599,4830,0.0,0.5700495757411608,0.5700495757411608,Mañón,As Grañas do Sor (San Mamede),1,PNOA-2024-GAL-599-4830-H29-NPC01.LAZ
540,4767,0.0,0.5684511314484046,0.5684511314484046,Trazo,Campo (San Xoán),1,PNOA-2024-GAL-540-4767-H29-NPC01.LAZ
539,4792,0.564191699862868,0.0,0.564191699862868,Arteixo,Loureda (Santa María),1,PNOA-2024-GAL-539-4792-H29-NPC01.LAZ
586,4814,0.5626838734065133,0.0,0.5626838734065133,As Pontes de García Rodríguez,Espiñaredo (Santa María),1,PNOA-2024-GAL-586-4814-H29-NPC01.LAZ
564,4749,0.0,0.5579919906093717,0.5579919906093717,Arzúa,Branzá (Santa Locaia),1,PNOA-2024-GAL-564-4749-H29-NPC01.LAZ
595,4813,0.5523355188751385,0.0,0.5523355188751385,As Pontes de García Rodríguez,As Pontes de García Rodríguez (Santa María),1,PNOA-2024-GAL-595-4813-H29-NPC01.LAZ
518,4784,0.03431926440568692,0.5178876579201765,0.5522069223258634,Coristanco,San Xusto (San Xián),1,PNOA-2024-GAL-518-4784-H29-NPC01.LAZ
507,4729,0.0,0.5509602747355422,0.5509602747355422,Boiro,Cures (Santo André),1,PNOA-2024-GAL-507-4729-H29-NPC01.LAZ
601,4840,0.5502811642706001,0.0,0.5502811642706001,Ortigueira,San Salvador de Couzadoiro (San Salvador),1,PNOA-2024-GAL-601-4840-H29-NPC01.LAZ
577,4814,0.45600547015834964,0.09394915659858266,0.5499546267569323,A Capela,Caaveiro (San Boulo),1,PNOA-2024-GAL-577-4814-H29-NPC01.LAZ
516,4735,0.0,0.5455817420005639,0.5455817420005639,Lousame,Vilacova (Santa Eulalia),1,PNOA-2024-GAL-516-4735-H29-NPC01.LAZ
593,4818,0.5452026567106579,0.0,0.5452026567106579,As Pontes de García Rodríguez,Somede (San Mamede),2,PNOA-2024-GAL-593-4818-H29-NPC01.LAZ
526,4782,0.0,0.5444203168509281,0.5444203168509281,Carballo,Ardaña (Santa María),1,PNOA-2024-GAL-526-4782-H29-NPC01.LAZ
545,4788,0.0,0.5422753053968696,0.5422753053968696,A Laracha,Soandres (San Pedro),2,PNOA-2024-GAL-545-4788-H29-NPC01.LAZ
542,4733,0.0,0.5415080312498206,0.5415080312498206,Vedra,San Pedro de Sarandón (San Pedro),1,PNOA-2024-GAL-542-4733-H29-NPC01.LAZ
585,4750,0.5259932891401919,0.0,0.5259932891401919,Melide,O Meire (San Pedro),1,PNOA-2024-GAL-585-4750-H29-NPC01.LAZ
501,4749,0.0,0.5245930456431838,0.5245930456431838,Outes,Valadares (San Miguel),1,PNOA-2024-GAL-501-4749-H29-NPC01.LAZ
489,4759,0.0,0.521598692044727,0.521598692044727,Dumbría,Buxantes (San Pedro),1,PNOA-2024-GAL-489-4759-H29-NPC01.LAZ
491,4745,0.0,0.5200749834021794,0.5200749834021794,Carnota,San Mamede de Carnota (San Mamede),1,PNOA-2024-GAL-491-4745-H29-NPC01.LAZ
598,4819,0.5195333621826528,0.0,0.5195333621826528,As Pontes de García Rodríguez,O Freixo (San Xoán),1,PNOA-2024-GAL-598-4819-H29-NPC01.LAZ
519,4759,0.0,0.5195087083325641,0.5195087083325641,A Baña,Marcelle (Santa Cristina),1,PNOA-2024-GAL-519-4759-H29-NPC01.LAZ
589,4810,0.5190748523279228,0.0,0.5190748523279228,As Pontes de García Rodríguez,Vilavella (Santa María),1,PNOA-2024-GAL-589-4810-H29-NPC01.LAZ
488,4740,0.0,0.5179832435854674,0.5179832435854674,Carnota,Lira (Santa María),1,PNOA-2024-GAL-488-4740-H29-NPC01.LAZ
547,4777,0.0,0.5170661965825093,0.5170661965825093,Ordes,Ardemil (San Pedro),2,PNOA-2024-GAL-547-4777-H29-NPC01.LAZ
591,4840,0.5159786017900917,0.0,0.5159786017900917,Ortigueira,Luama (San Martiño),1,PNOA-2024-GAL-591-4840-H29-NPC01.LAZ
528,4730,0.0,0.5126561239869631,0.5126561239869631,Padrón,Iria Flavia (Santa María),1,PNOA-2024-GAL-528-4730-H29-NPC01.LAZ
527,4790,0.0,0.5121272394561309,0.5121272394561309,A Laracha,Lemaio (Santa María),1,PNOA-2024-GAL-527-4790-H29-NPC01.LAZ
531,4797,0.0,0.5097731118806073,0.5097731118806073,A Laracha,Caión (Santa María do Socorro),1,PNOA-2024-GAL-531-4797-H29-NPC01.LAZ
507,4726,0.5041191204484254,0.0,0.5041191204484254,Boiro,Cures (Santo André),1,PNOA-2024-GAL-507-4726-H29-NPC01.LAZ
591,4819,0.0,0.5029776424900736,0.5029776424900736,As Somozas,Seixas (Santa María),1,PNOA-2024-GAL-591-4819-H29-NPC01.LAZ
577,4805,0.5015270390942003,0.0,0.5015270390942003,Monfero,San Fiz de Monfero (San Fiz),1,PNOA-2024-GAL-577-4805-H29-NPC01.LAZ
507,4764,0.0,0.49773413905580965,0.49773413905580965,Santa Comba,Grixoa (San Xoán),1,PNOA-2024-GAL-507-4764-H29-NPC01.LAZ
599,4813,0.4973302034398613,0.0,0.4973302034398613,As Pontes de García Rodríguez,As Pontes de García Rodríguez (Santa María),1,PNOA-2024-GAL-599-4813-H29-NPC01.LAZ
502,4740,0.0,0.49680705243845696,0.49680705243845696,Outes,O Freixo de Sabardes (San Xoán),1,PNOA-2024-GAL-502-4740-H29-NPC01.LAZ
586,4752,0.4950449356472282,0.0,0.4950449356472282,Melide,O Meire (San Pedro),1,PNOA-2024-GAL-586-4752-H29-NPC01.LAZ
573,4820,0.0,0.4920592429846432,0.4920592429846432,San Sadurniño,San Sadurniño (Santa María),1,PNOA-2024-GAL-573-4820-H29-NPC01.LAZ
562,4813,0.0,0.4910247321620005,0.4910247321620005,Mugardos,Meá (San Vicente),1,PNOA-2024-GAL-562-4813-H29-NPC01.LAZ
590,4836,0.48833484042749653,0.0,0.48833484042749653,Ortigueira,San Claudio (Santa María),1,PNOA-2024-GAL-590-4836-H29-NPC01.LAZ
512,4723,0.0,0.48623037668402386,0.48623037668402386,Boiro,Cespón (San Vicenzo),1,PNOA-2024-GAL-512-4723-H29-NPC01.LAZ
516,4741,0.0,0.48351388066296197,0.48351388066296197,Lousame,Toxos Outos (San Xusto),1,PNOA-2024-GAL-516-4741-H29-NPC01.LAZ
506,4792,0.0,0.4834344617075353,0.4834344617075353,Ponteceso,Corme Aldea (Santo Adrán),1,PNOA-2024-GAL-506-4792-H29-NPC01.LAZ
564,4829,0.0,0.48137471898671275,0.48137471898671275,Valdoviño,Meirás (San Vicente),1,PNOA-2024-GAL-564-4829-H29-NPC01.LAZ
496,4757,0.0,0.47900941957154336,0.47900941957154336,Dumbría,Olveiroa (Santiago),1,PNOA-2024-GAL-496-4757-H29-NPC01.LAZ
569,4813,0.0,0.47825021535293777,0.47825021535293777,Fene,Magalofes (San Xurxo),2,PNOA-2024-GAL-569-4813-H29-NPC01.LAZ
530,4737,0.3894477429409905,0.08749198220798646,0.476939725148977,Padrón,Cruces (Santa María),1,PNOA-2024-GAL-530-4737-H29-NPC01.LAZ
548,4757,0.4755156506448935,0.0,0.4755156506448935,Santiago de Compostela,Cesar (Santa María),1,PNOA-2024-GAL-548-4757-H29-NPC01.LAZ
593,4822,0.4743989225127253,0.0,0.4743989225127253,As Pontes de García Rodríguez,O Deveso (Santa María),1,PNOA-2024-GAL-593-4822-H29-NPC01.LAZ
576,4762,0.0,0.47208089147713805,0.47208089147713805,Boimorto,Rodieiros (San Simón),1,PNOA-2024-GAL-576-4762-H29-NPC01.LAZ
511,4785,0.46855029260663145,0.0,0.46855029260663145,Cabana de Bergantiños,Corcoesto (San Pedro),1,PNOA-2024-GAL-511-4785-H29-NPC01.LAZ
577,4759,0.4659186325873945,0.0,0.4659186325873945,Melide,Xubial (Santiago),1,PNOA-2024-GAL-577-4759-H29-NPC01.LAZ
593,4820,0.4652438382018514,0.0,0.4652438382018514,As Pontes de García Rodríguez,O Freixo (San Xoán),1,PNOA-2024-GAL-593-4820-H29-NPC01.LAZ
589,4829,0.45531604259515096,0.0,0.45531604259515096,Ortigueira,O Ermo (San Xulián),1,PNOA-2024-GAL-589-4829-H29-NPC01.LAZ
571,4793,0.0,0.4513997084762373,0.4513997084762373,Paderne,San Xulián de Vigo (San Xulián),1,PNOA-2024-GAL-571-4793-H29-NPC01.LAZ
595,4835,0.4512078226475191,0.0,0.4512078226475191,Ortigueira,Cuíña (Santiago),1,PNOA-2024-GAL-595-4835-H29-NPC01.LAZ
529,4778,0.0,0.45077057366673917,0.45077057366673917,Carballo,Rus (Santa María),1,PNOA-2024-GAL-529-4778-H29-NPC01.LAZ
592,4818,0.44529594972053366,0.0,0.44529594972053366,As Pontes de García Rodríguez,Somede (San Mamede),2,PNOA-2024-GAL-592-4818-H29-NPC01.LAZ
531,4793,0.0,0.44450940592379745,0.44450940592379745,Carballo,Noicela (Santa María),1,PNOA-2024-GAL-531-4793-H29-NPC01.LAZ
577,4770,0.0,0.4440773209249502,0.4440773209249502,Vilasantar,Vilariño (Santa María),1,PNOA-2024-GAL-577-4770-H29-NPC01.LAZ
578,4773,0.0,0.44306819299851535,0.44306819299851535,Curtis,Curtis (Santaia),1,PNOA-2024-GAL-578-4773-H29-NPC01.LAZ
562,4778,0.16067246792903075,0.279665559270988,0.4403380272000188,Cesuras,Dordaño (Santa María),2,PNOA-2024-GAL-562-4778-H29-NPC01.LAZ
503,4714,0.0,0.4393901811521488,0.4393901811521488,Ribeira,Palmeira (San Pedro),1,PNOA-2024-GAL-503-4714-H29-NPC01.LAZ
542,4775,0.0,0.43687164789509175,0.43687164789509175,Cerceda,Xesteda (Santa Comba),1,PNOA-2024-GAL-542-4775-H29-NPC01.LAZ
597,4827,0.4339630857667701,0.0,0.4339630857667701,Ortigueira,As Neves (Santa María),1,PNOA-2024-GAL-597-4827-H29-NPC01.LAZ
596,4843,0.4286931256605906,0.0,0.4286931256605906,Ortigueira,Espasante (San Xoán),1,PNOA-2024-GAL-596-4843-H29-NPC01.LAZ
538,4798,0.42827650930448435,0.0,0.42827650930448435,Arteixo,Arteixo (Santiago),1,PNOA-2024-GAL-538-4798-H29-NPC01.LAZ
552,4766,0.0,0.4281418470081001,0.4281418470081001,Oroso,Marzoa (San Martiño),1,PNOA-2024-GAL-552-4766-H29-NPC01.LAZ
495,4735,0.0,0.4261971562054519,0.4261971562054519,Muros,Muros (San Pedro),1,PNOA-2024-GAL-495-4735-H29-NPC01.LAZ
553,4744,0.0,0.4261116891393448,0.4261116891393448,Touro,Enquerentes (San Miguel),1,PNOA-2024-GAL-553-4744-H29-NPC01.LAZ
500,4709,0.007937713937944235,0.4170192224569783,0.42495693639492255,Ribeira,Castiñeiras (O Bo Pastor),1,PNOA-2024-GAL-500-4709-H29-NPC01.LAZ
492,4736,0.0,0.4235633175971226,0.4235633175971226,Muros,Louro (Santiago),1,PNOA-2024-GAL-492-4736-H29-NPC01.LAZ
578,4829,0.0,0.4212947861316325,0.4212947861316325,Cerdido,Cerdido (San Martiño),1,PNOA-2024-GAL-578-4829-H29-NPC01.LAZ
510,4778,0.41862719827859063,0.0,0.41862719827859063,Cabana de Bergantiños,Nantón (San Pedro),1,PNOA-2024-GAL-510-4778-H29-NPC01.LAZ
561,4784,0.0,0.41508812480386753,0.41508812480386753,Cesuras,Cutián (Santa María),1,PNOA-2024-GAL-561-4784-H29-NPC01.LAZ
517,4776,0.0,0.40783551511085747,0.40783551511085747,Coristanco,Couso (San Miguel),1,PNOA-2024-GAL-517-4776-H29-NPC01.LAZ
545,4793,0.40420213632442004,0.0,0.40420213632442004,Culleredo,Orro (San Salvador),1,PNOA-2024-GAL-545-4793-H29-NPC01.LAZ
575,4837,0.4032058513451948,0.0,0.4032058513451948,Cedeira,Cervo (Santalla),1,PNOA-2024-GAL-575-4837-H29-NPC01.LAZ
515,4768,0.0,0.40309333883602577,0.40309333883602577,Santa Comba,Santa Comba (San Pedro),1,PNOA-2024-GAL-515-4768-H29-NPC01.LAZ
589,4811,0.4029391652914179,0.0,0.4029391652914179,As Pontes de García Rodríguez,Vilavella (Santa María),1,PNOA-2024-GAL-589-4811-H29-NPC01.LAZ
491,4752,0.0,0.4026452267271349,0.4026452267271349,Dumbría,O Ézaro (Santa Uxía),1,PNOA-2024-GAL-491-4752-H29-NPC01.LAZ
604,4836,0.0,0.4013592316180342,0.4013592316180342,Mañón,Mañón (Santa María),1,PNOA-2024-GAL-604-4836-H29-NPC01.LAZ
595,4824,0.39975122859167284,0.0,0.39975122859167284,As Pontes de García Rodríguez,O Freixo (San Xoán),1,PNOA-2024-GAL-595-4824-H29-NPC01.LAZ
496,4742,0.0,0.39903653584193566,0.39903653584193566,Muros,Sestaio (San Miguel),1,PNOA-2024-GAL-496-4742-H29-NPC01.LAZ
537,4748,0.0,0.39776072618043445,0.39776072618043445,Santiago de Compostela,Santiago de Compostela,1,PNOA-2024-GAL-537-4748-H29-NPC01.LAZ
556,4783,0.0,0.3970710372090077,0.3970710372090077,Abegondo,Folgoso (Santa Dorotea),1,PNOA-2024-GAL-556-4783-H29-NPC01.LAZ
497,4745,0.0,0.3952499629680585,0.3952499629680585,Muros,Torea (San Xián),1,PNOA-2024-GAL-497-4745-H29-NPC01.LAZ
516,4790,0.0,0.39431958806299755,0.39431958806299755,Ponteceso,Xornes (San Xoán),1,PNOA-2024-GAL-516-4790-H29-NPC01.LAZ
497,4770,0.0,0.38781015777375893,0.38781015777375893,Vimianzo,Cambeda (San Xoán),1,PNOA-2024-GAL-497-4770-H29-NPC01.LAZ
554,4776,0.0,0.38118113680299537,0.38118113680299537,Mesía,Visantoña (San Martiño),1,PNOA-2024-GAL-554-4776-H29-NPC01.LAZ
511,4742,0.0,0.37600570760744323,0.37600570760744323,Noia,Roo (Santa María),1,PNOA-2024-GAL-511-4742-H29-NPC01.LAZ
495,4737,0.0,0.3665160689571302,0.3665160689571302,Muros,Muros (San Pedro),1,PNOA-2024-GAL-495-4737-H29-NPC01.LAZ
519,4732,0.0,0.3646390667498188,0.3646390667498188,Dodro,San Xoán de Laíño (San Xoán),1,PNOA-2024-GAL-519-4732-H29-NPC01.LAZ
503,4743,0.0,0.36210104834514334,0.36210104834514334,Outes,Outes (San Pedro),1,PNOA-2024-GAL-503-4743-H29-NPC01.LAZ
579,4813,0.0,0.35968571987197545,0.35968571987197545,A Capela,Caaveiro (San Boulo),1,PNOA-2024-GAL-579-4813-H29-NPC01.LAZ
514,4736,0.0,0.3590482086719904,0.3590482086719904,Lousame,Vilacova (Santa Eulalia),1,PNOA-2024-GAL-514-4736-H29-NPC01.LAZ
563,4796,0.0,0.3565447229213311,0.3565447229213311,Bergondo,Bergondo (San Salvador),1,PNOA-2024-GAL-563-4796-H29-NPC01.LAZ
490,4764,0.0,0.351993453597364,0.351993453597364,Dumbría,Dumbría (Santa Baia),1,PNOA-2024-GAL-490-4764-H29-NPC01.LAZ
509,4765,0.0,0.3415732810665929,0.3415732810665929,Santa Comba,Grixoa (San Xoán),1,PNOA-2024-GAL-509-4765-H29-NPC01.LAZ
579,4795,0.0,0.33727322791435643,0.33727322791435643,Monfero,Santa Xiá de Monfero (Santa Xiá),1,PNOA-2024-GAL-579-4795-H29-NPC01.LAZ
579,4826,0.0,0.33481032351739226,0.33481032351739226,Moeche,Abade (Santiago),2,PNOA-2024-GAL-579-4826-H29-NPC01.LAZ
502,4785,0.33266906514626615,0.0,0.33266906514626615,Cabana de Bergantiños,Cánduas (San Martiño),1,PNOA-2024-GAL-502-4785-H29-NPC01.LAZ
582,4839,0.3307741373384655,0.0,0.3307741373384655,Cedeira,Régoa (Santa María),1,PNOA-2024-GAL-582-4839-H29-NPC01.LAZ
566,4810,0.0,0.3303420432854361,0.3303420432854361,Fene,Limodre (Santa Eulalia),1,PNOA-2024-GAL-566-4810-H29-NPC01.LAZ
495,4772,0.08095654884242479,0.24861049940638252,0.32956704824880734,Vimianzo,Cambeda (San Xoán),1,PNOA-2024-GAL-495-4772-H29-NPC01.LAZ
557,4770,0.3274835024176834,0.0,0.3274835024176834,Frades,Mesos (San Salvador),1,PNOA-2024-GAL-557-4770-H29-NPC01.LAZ
523,4794,0.0,0.326863294471997,0.326863294471997,Carballo,Razo (San Martiño),1,PNOA-2024-GAL-523-4794-H29-NPC01.LAZ
535,4758,0.0,0.32663925839846863,0.32663925839846863,Trazo,Xavestre (San Cristovo),1,PNOA-2024-GAL-535-4758-H29-NPC01.LAZ
595,4812,0.3260647175135011,0.0,0.3260647175135011,As Pontes de García Rodríguez,As Pontes de García Rodríguez (Santa María),1,PNOA-2024-GAL-595-4812-H29-NPC01.LAZ
506,4739,0.0,0.32405635967377994,0.32405635967377994,Outes,San Cosme de Outeiro (San Cosme),1,PNOA-2024-GAL-506-4739-H29-NPC01.LAZ
515,4787,0.3190327773623753,0.0,0.3190327773623753,Coristanco,Cereo (Santa María),1,PNOA-2024-GAL-515-4787-H29-NPC01.LAZ
537,4772,0.0,0.3176558528436173,0.3176558528436173,Tordoia,Cabaleiros (San Xián),1,PNOA-2024-GAL-537-4772-H29-NPC01.LAZ
540,4771,0.0,0.31424475377094896,0.31424475377094896,Tordoia,Gorgullos (Santaia),1,PNOA-2024-GAL-540-4771-H29-NPC01.LAZ
511,4746,0.0,0.3130652196339862,0.3130652196339862,Negreira,Xallas (San Pedro),1,PNOA-2024-GAL-511-4746-H29-NPC01.LAZ
597,4828,0.3127071980714805,0.0,0.3127071980714805,Ortigueira,As Neves (Santa María),1,PNOA-2024-GAL-597-4828-H29-NPC01.LAZ
498,4758,0.0,0.3122502634660139,0.3122502634660139,Dumbría,Olveiroa (Santiago),1,PNOA-2024-GAL-498-4758-H29-NPC01.LAZ
578,4786,0.0,0.31154359362375217,0.31154359362375217,Aranga,Muniferral (San Cristovo),1,PNOA-2024-GAL-578-4786-H29-NPC01.LAZ
509,4718,0.0,0.3090641075556552,0.3090641075556552,Boiro,Castro (Santa María),1,PNOA-2024-GAL-509-4718-H29-NPC01.LAZ
544,4748,0.0,0.30900503132465484,0.30900503132465484,Santiago de Compostela,Bando (Santa Eulalia),1,PNOA-2024-GAL-544-4748-H29-NPC01.LAZ
580,4790,0.0,0.30662872580586664,0.30662872580586664,Aranga,Aranga (San Paio),1,PNOA-2024-GAL-580-4790-H29-NPC01.LAZ
532,4795,0.3053366325630085,0.0,0.3053366325630085,Arteixo,Sorrizo (San Pedro),2,PNOA-2024-GAL-532-4795-H29-NPC01.LAZ
564,4775,0.0,0.3017810193789532,0.3017810193789532,Mesía,Cabrui (San Martiño),2,PNOA-2024-GAL-564-4775-H29-NPC01.LAZ
489,4756,0.0,0.2996592972734226,0.2996592972734226,Dumbría,Buxantes (San Pedro),1,PNOA-2024-GAL-489-4756-H29-NPC01.LAZ
588,4811,0.2976337528156221,0.0,0.2976337528156221,As Pontes de García Rodríguez,Vilavella (Santa María),1,PNOA-2024-GAL-588-4811-H29-NPC01.LAZ
515,4761,0.0,0.2971951260605814,0.2971951260605814,A Baña,A Riba (San Xoán),1,PNOA-2024-GAL-515-4761-H29-NPC01.LAZ
560,4763,0.0,0.29704568991031854,0.29704568991031854,Frades,Gafoi (Santa Mariña),2,PNOA-2024-GAL-560-4763-H29-NPC01.LAZ
584,4768,0.0,0.28615466334129674,0.28615466334129674,Sobrado,Roade (Santo André),1,PNOA-2024-GAL-584-4768-H29-NPC01.LAZ
586,4762,0.0,0.28370975653485253,0.28370975653485253,Toques,Santa Mariña de Brañas (Santa Mariña),1,PNOA-2024-GAL-586-4762-H29-NPC01.LAZ
537,4749,0.0,0.2820698852520688,0.2820698852520688,Santiago de Compostela,Vista Alegre (San Xoán),2,PNOA-2024-GAL-537-4749-H29-NPC01.LAZ
486,4765,0.0,0.27898562063775173,0.27898562063775173,Dumbría,Salgueiros (San Mamede),1,PNOA-2024-GAL-486-4765-H29-NPC01.LAZ
511,4786,0.2675860693628486,0.0,0.2675860693628486,Cabana de Bergantiños,Corcoesto (San Pedro),1,PNOA-2024-GAL-511-4786-H29-NPC01.LAZ
566,4815,0.0,0.26577112270780856,0.26577112270780856,Fene,Perlío (Santo Estevo),1,PNOA-2024-GAL-566-4815-H29-NPC01.LAZ
522,4765,0.26470352991737356,0.0,0.26470352991737356,Santa Comba,Freixeiro (San Fins),1,PNOA-2024-GAL-522-4765-H29-NPC01.LAZ
598,4812,0.26094470262575575,0.0,0.26094470262575575,As Pontes de García Rodríguez,As Pontes de García Rodríguez (Santa María),1,PNOA-2024-GAL-598-4812-H29-NPC01.LAZ
489,4779,0.0,0.2598234069554621,0.2598234069554621,Camariñas,Xaviña (Santa María),1,PNOA-2024-GAL-489-4779-H29-NPC01.LAZ
579,4758,0.0,0.2581468796658334,0.2581468796658334,Melide,Pedrouzos (Santa Mariña),1,PNOA-2024-GAL-579-4758-H29-NPC01.LAZ
498,4778,0.2549149608506657,0.0,0.2549149608506657,Vimianzo,Salto (Santa María),2,PNOA-2024-GAL-498-4778-H29-NPC01.LAZ
599,4819,0.2508111244162039,0.0,0.2508111244162039,As Pontes de García Rodríguez,O Freixo (San Xoán),1,PNOA-2024-GAL-599-4819-H29-NPC01.LAZ
546,4786,0.0,0.24802394608497724,0.24802394608497724,Cerceda,Meirama (Santo André),1,PNOA-2024-GAL-546-4786-H29-NPC01.LAZ
498,4760,0.0,0.24792144159036816,0.24792144159036816,Dumbría,Olveira (San Martiño),1,PNOA-2024-GAL-498-4760-H29-NPC01.LAZ
541,4784,0.24527611694960683,0.0,0.24527611694960683,Cerceda,Cerceda (San Martiño),1,PNOA-2024-GAL-541-4784-H29-NPC01.LAZ
523,4782,0.24364206040958047,0.0,0.24364206040958047,Coristanco,Traba (Santa María),1,PNOA-2024-GAL-523-4782-H29-NPC01.LAZ
516,4787,0.23683414710793765,0.006288545150842567,0.24312269225878022,Coristanco,Cereo (Santa María),2,PNOA-2024-GAL-516-4787-H29-NPC01.LAZ
604,4834,0.0,0.24190348928783345,0.24190348928783345,Mañón,Mañón (Santa María),1,PNOA-2024-GAL-604-4834-H29-NPC01.LAZ
547,4761,0.0,0.23596852157400874,0.23596852157400874,Oroso,Oroso (San Martiño),1,PNOA-2024-GAL-547-4761-H29-NPC01.LAZ
587,4763,0.0,0.23552795619094982,0.23552795619094982,Toques,Santa Mariña de Brañas (Santa Mariña),1,PNOA-2024-GAL-587-4763-H29-NPC01.LAZ
530,4773,0.0,0.23397412317635258,0.23397412317635258,Tordoia,A Vila de Abade (San Cibrán),1,PNOA-2024-GAL-530-4773-H29-NPC01.LAZ
566,4770,0.0,0.23351372666549947,0.23351372666549947,Mesía,Lanzá (San Mamede),1,PNOA-2024-GAL-566-4770-H29-NPC01.LAZ
503,4770,0.2331036732017424,0.0,0.2331036732017424,Vimianzo,Treos (San Miguel),1,PNOA-2024-GAL-503-4770-H29-NPC01.LAZ
524,4794,0.0,0.2324572790125571,0.2324572790125571,Carballo,Lema (San Cristovo),1,PNOA-2024-GAL-524-4794-H29-NPC01.LAZ
501,4710,0.0,0.22981131277105182,0.22981131277105182,Ribeira,Ribeira (Santa Uxía),1,PNOA-2024-GAL-501-4710-H29-NPC01.LAZ
507,4784,0.2265758808872287,0.0,0.2265758808872287,Cabana de Bergantiños,Cesullas (Santo Estevo),1,PNOA-2024-GAL-507-4784-H29-NPC01.LAZ
503,4734,0.0,0.22625228950311357,0.22625228950311357,Porto do Son,Goiáns (San Sadurniño),1,PNOA-2024-GAL-503-4734-H29-NPC01.LAZ
505,4784,0.0,0.22608002024295093,0.22608002024295093,Cabana de Bergantiños,Cesullas (Santo Estevo),1,PNOA-2024-GAL-505-4784-H29-NPC01.LAZ
581,4839,0.22047996342680493,0.0,0.22047996342680493,Cedeira,Régoa (Santa María),1,PNOA-2024-GAL-581-4839-H29-NPC01.LAZ
538,4783,0.0,0.21824824055158615,0.21824824055158615,A Laracha,Montemaior (Santa María Madanela),1,PNOA-2024-GAL-538-4783-H29-NPC01.LAZ
548,4802,0.0,0.2154955211437009,0.2154955211437009,A Coruña,A Coruña,1,PNOA-2024-GAL-548-4802-H29-NPC01.LAZ
522,4778,0.0,0.20901750035920372,0.20901750035920372,Coristanco,Seavia (San Mamede),1,PNOA-2024-GAL-522-4778-H29-NPC01.LAZ
511,4760,0.0,0.20894105137706612,0.20894105137706612,Santa Comba,A Pereira (Santo André),1,PNOA-2024-GAL-511-4760-H29-NPC01.LAZ
589,4817,0.20843457646483676,0.0,0.20843457646483676,As Pontes de García Rodríguez,Vilavella (Santa María),1,PNOA-2024-GAL-589-4817-H29-NPC01.LAZ
598,4835,0.2077074633555649,0.0,0.2077074633555649,Ortigueira,Couzadoiro (San Cristovo),1,PNOA-2024-GAL-598-4835-H29-NPC01.LAZ
588,4823,0.0,0.2073497750455547,0.2073497750455547,As Somozas,As Enchousas (San Pedro),1,PNOA-2024-GAL-588-4823-H29-NPC01.LAZ
513,4752,0.0,0.20619652754710288,0.20619652754710288,Negreira,Aro (San Vicenzo),1,PNOA-2024-GAL-513-4752-H29-NPC01.LAZ
525,4733,0.0,0.2033099375756964,0.2033099375756964,Dodro,Laíño (San Xián),1,PNOA-2024-GAL-525-4733-H29-NPC01.LAZ
590,4807,0.20261381668110573,0.0,0.20261381668110573,As Pontes de García Rodríguez,Ribadeume (Santa María),1,PNOA-2024-GAL-590-4807-H29-NPC01.LAZ
539,4771,0.0,0.20119037446343918,0.20119037446343918,Tordoia,Gorgullos (Santaia),1,PNOA-2024-GAL-539-4771-H29-NPC01.LAZ
508,4731,0.0,0.20117029399578562,0.20117029399578562,Lousame,Tállara (San Pedro),1,PNOA-2024-GAL-508-4731-H29-NPC01.LAZ
584,4789,0.0,0.2008955933728474,0.2008955933728474,Aranga,Cambás (San Pedro),1,PNOA-2024-GAL-584-4789-H29-NPC01.LAZ
548,4748,0.0,0.2000631540047858,0.2000631540047858,Boqueixón,Loureda (San Pedro),1,PNOA-2024-GAL-548-4748-H29-NPC01.LAZ
571,4792,0.0,0.19547833966087233,0.19547833966087233,Irixoa,Mántaras (Santa María),1,PNOA-2024-GAL-571-4792-H29-NPC01.LAZ
577,4801,0.0,0.19515759778148392,0.19515759778148392,Monfero,San Fiz de Monfero (San Fiz),1,PNOA-2024-GAL-577-4801-H29-NPC01.LAZ
569,4791,0.05758768757524392,0.13738649758893,0.19497418516417392,Paderne,San Xulián de Vigo (San Xulián),1,PNOA-2024-GAL-569-4791-H29-NPC01.LAZ
515,4789,0.0,0.1894578665809383,0.1894578665809383,Ponteceso,Pazos (San Salvador),1,PNOA-2024-GAL-515-4789-H29-NPC01.LAZ
544,4741,0.0,0.18636310099491848,0.18636310099491848,Boqueixón,Sergude (San Breixo),1,PNOA-2024-GAL-544-4741-H29-NPC01.LAZ
496,4736,0.0,0.18389770727906338,0.18389770727906338,Muros,Muros (San Pedro),1,PNOA-2024-GAL-496-4736-H29-NPC01.LAZ
579,4771,0.0,0.1805562703458475,0.1805562703458475,Sobrado,Cumbraos (San Xiao),2,PNOA-2024-GAL-579-4771-H29-NPC01.LAZ
577,4793,0.0,0.17835648467929485,0.17835648467929485,Irixoa,Verís (Santa María),1,PNOA-2024-GAL-577-4793-H29-NPC01.LAZ
502,4733,0.0,0.17820161251045866,0.17820161251045866,Porto do Son,Nebra (Santa María),1,PNOA-2024-GAL-502-4733-H29-NPC01.LAZ
511,4771,0.0,0.1713504396131647,0.1713504396131647,Santa Comba,Santa Sabiña (San Xulián),1,PNOA-2024-GAL-511-4771-H29-NPC01.LAZ
500,4782,0.0,0.16928631596733357,0.16928631596733357,Laxe,Sarces (San Amedio),1,PNOA-2024-GAL-500-4782-H29-NPC01.LAZ
501,4718,0.0,0.16446166799672368,0.16446166799672368,Ribeira,Oleiros (San Martiño),1,PNOA-2024-GAL-501-4718-H29-NPC01.LAZ
557,4797,0.0,0.1642569917526231,0.1642569917526231,Bergondo,Lubre (San Xoán),1,PNOA-2024-GAL-557-4797-H29-NPC01.LAZ
492,4770,0.0,0.16254431709913966,0.16254431709913966,Vimianzo,Berdoias (San Pedro),1,PNOA-2024-GAL-492-4770-H29-NPC01.LAZ
561,4768,0.0,0.16123236462642862,0.16123236462642862,Frades,Vitre (San Xoán),1,PNOA-2024-GAL-561-4768-H29-NPC01.LAZ
513,4772,0.0,0.16049874885322257,0.16049874885322257,Santa Comba,Santa Sabiña (San Xulián),1,PNOA-2024-GAL-513-4772-H29-NPC01.LAZ
514,4775,0.15258592966829143,0.0,0.15258592966829143,Coristanco,Cuns (San Vicenzo),1,PNOA-2024-GAL-514-4775-H29-NPC01.LAZ
519,4747,0.0,0.15188892581019162,0.15188892581019162,Brión,Viceso (Santa María),1,PNOA-2024-GAL-519-4747-H29-NPC01.LAZ
531,4770,0.14869631748724574,0.0,0.14869631748724574,Tordoia,A Vila de Abade (San Cibrán),1,PNOA-2024-GAL-531-4770-H29-NPC01.LAZ
558,4782,0.0,0.14299901889467548,0.14299901889467548,Abegondo,Vilacova (San Tomé),1,PNOA-2024-GAL-558-4782-H29-NPC01.LAZ
502,4720,0.14283789556908255,0.0,0.14283789556908255,Ribeira,Oleiros (San Martiño),1,PNOA-2024-GAL-502-4720-H29-NPC01.LAZ
584,4801,0.0,0.13757016558525662,0.13757016558525662,Monfero,San Fiz de Monfero (San Fiz),1,PNOA-2024-GAL-584-4801-H29-NPC01.LAZ
585,4800,0.0,0.1353854582301881,0.1353854582301881,Monfero,O Val de Xestoso (San Pedro),1,PNOA-2024-GAL-585-4800-H29-NPC01.LAZ
549,4802,0.0,0.13496565928202564,0.13496565928202564,A Coruña,A Coruña,1,PNOA-2024-GAL-549-4802-H29-NPC01.LAZ
518,4725,0.12966815800057013,0.0023223105403083126,0.13199046854087845,Rianxo,Asados (Santa María),1,PNOA-2024-GAL-518-4725-H29-NPC01.LAZ
564,4767,0.0,0.1297583670066196,0.1297583670066196,Mesía,Boado (Santiago),1,PNOA-2024-GAL-564-4767-H29-NPC01.LAZ
544,4755,0.12459529655496258,0.0,0.12459529655496258,Santiago de Compostela,A Enfesta (San Cristovo),1,PNOA-2024-GAL-544-4755-H29-NPC01.LAZ
541,4767,0.0,0.12414967803961548,0.12414967803961548,Trazo,Campo (San Xoán),1,PNOA-2024-GAL-541-4767-H29-NPC01.LAZ
513,4756,0.0,0.1228767245592523,0.1228767245592523,Negreira,Landeira (Santo Estevo),1,PNOA-2024-GAL-513-4756-H29-NPC01.LAZ
492,4767,0.025640224953494863,0.0969111832252307,0.12255140817872556,Vimianzo,Berdoias (San Pedro),1,PNOA-2024-GAL-492-4767-H29-NPC01.LAZ
485,4762,0.0,0.1222709904149948,0.1222709904149948,Dumbría,Salgueiros (San Mamede),1,PNOA-2024-GAL-485-4762-H29-NPC01.LAZ
556,4772,0.0,0.11974066321251461,0.11974066321251461,Mesía,Olás (San Lourenzo),1,PNOA-2024-GAL-556-4772-H29-NPC01.LAZ
574,4794,0.0,0.11625629456196253,0.11625629456196253,Irixoa,Mántaras (Santa María),2,PNOA-2024-GAL-574-4794-H29-NPC01.LAZ
545,4733,0.0,0.11415231617211812,0.11415231617211812,Vedra,San Miguel de Sarandón (San Miguel),2,PNOA-2024-GAL-545-4733-H29-NPC01.LAZ
514,4747,0.0,0.11368166571574392,0.11368166571574392,Negreira,Lueiro (Santa Baia),2,PNOA-2024-GAL-514-4747-H29-NPC01.LAZ
572,4768,0.0,0.11244181306750876,0.11244181306750876,Vilasantar,Présaras (San Pedro),1,PNOA-2024-GAL-572-4768-H29-NPC01.LAZ
538,4780,0.11005182321688675,0.0,0.11005182321688675,Cerceda,Rodís (San Martiño),1,PNOA-2024-GAL-538-4780-H29-NPC01.LAZ
566,4792,0.10778194556322634,0.0,0.10778194556322634,Paderne,Quintas (Santo Estevo),2,PNOA-2024-GAL-566-4792-H29-NPC01.LAZ
534,4761,0.1071254074224447,0.0,0.1071254074224447,Trazo,Xavestre (San Cristovo),1,PNOA-2024-GAL-534-4761-H29-NPC01.LAZ
551,4769,0.10689265274599731,0.0,0.10689265274599731,Ordes,Poulo (San Xulián),1,PNOA-2024-GAL-551-4769-H29-NPC01.LAZ
572,4801,0.0,0.09644600711231045,0.09644600711231045,Vilarmaior,Torres (San Xorxe),1,PNOA-2024-GAL-572-4801-H29-NPC01.LAZ
565,4815,0.0,0.09541943214610318,0.09541943214610318,Fene,Perlío (Santo Estevo),1,PNOA-2024-GAL-565-4815-H29-NPC01.LAZ
582,4806,0.09522713025768592,0.0,0.09522713025768592,As Pontes de García Rodríguez,San Pedro de Eume (San Pedro),1,PNOA-2024-GAL-582-4806-H29-NPC01.LAZ
515,4753,0.0,0.09287886644663855,0.09287886644663855,Negreira,A Pena (San Mamede),1,PNOA-2024-GAL-515-4753-H29-NPC01.LAZ
489,4763,0.0,0.09176361157022966,0.09176361157022966,Dumbría,Dumbría (Santa Baia),1,PNOA-2024-GAL-489-4763-H29-NPC01.LAZ
532,4763,0.08970403689517197,0.0,0.08970403689517197,Trazo,Benza (San Pedro),1,PNOA-2024-GAL-532-4763-H29-NPC01.LAZ
576,4774,0.0,0.08834317805727618,0.08834317805727618,Curtis,Curtis (Santaia),1,PNOA-2024-GAL-576-4774-H29-NPC01.LAZ
559,4765,0.08747840801672353,0.0,0.08747840801672353,Frades,Frades (San Martiño),2,PNOA-2024-GAL-559-4765-H29-NPC01.LAZ
543,4797,0.0869964683447028,0.0,0.0869964683447028,Arteixo,Oseiro (San Tirso),1,PNOA-2024-GAL-543-4797-H29-NPC01.LAZ
503,4792,0.0,0.08502807922654428,0.08502807922654428,Ponteceso,Corme Aldea (Santo Adrán),1,PNOA-2024-GAL-503-4792-H29-NPC01.LAZ
556,4767,0.08440182720030512,0.0,0.08440182720030512,Frades,Frades (San Martiño),1,PNOA-2024-GAL-556-4767-H29-NPC01.LAZ
529,4781,0.0,0.08310443362220116,0.08310443362220116,Carballo,Artes (San Xurxo),1,PNOA-2024-GAL-529-4781-H29-NPC01.LAZ
559,4742,0.0,0.07957576804069576,0.07957576804069576,Touro,Novefontes (Santiago),1,PNOA-2024-GAL-559-4742-H29-NPC01.LAZ
598,4814,0.07811034641295855,0.0,0.07811034641295855,As Pontes de García Rodríguez,As Pontes de García Rodríguez (Santa María),1,PNOA-2024-GAL-598-4814-H29-NPC01.LAZ
488,4780,0.0,0.07773874877517305,0.07773874877517305,Camariñas,Xaviña (Santa María),1,PNOA-2024-GAL-488-4780-H29-NPC01.LAZ
585,4753,0.07607436638626235,0.0,0.07607436638626235,Toques,San Martiño de Oleiros (San Martiño),2,PNOA-2024-GAL-585-4753-H29-NPC01.LAZ
579,4808,0.0,0.0754401029638468,0.0754401029638468,A Capela,Capela (Santiago),1,PNOA-2024-GAL-579-4808-H29-NPC01.LAZ
550,4802,0.0,0.07398209501701447,0.07398209501701447,A Coruña,A Coruña,1,PNOA-2024-GAL-550-4802-H29-NPC01.LAZ
509,4761,0.0,0.07246409986341668,0.07246409986341668,Santa Comba,A Pereira (Santo André),1,PNOA-2024-GAL-509-4761-H29-NPC01.LAZ
579,4744,0.0,0.0693531632399496,0.0693531632399496,Santiso,A Ponte Arcediago (San Xoán),1,PNOA-2024-GAL-579-4744-H29-NPC01.LAZ
600,4835,0.06795240013466919,0.0,0.06795240013466919,Ortigueira,Couzadoiro (San Cristovo),1,PNOA-2024-GAL-600-4835-H29-NPC01.LAZ
515,4781,0.06633588454509222,0.0,0.06633588454509222,Coristanco,Santa Baia de Castro (Santa Baia),1,PNOA-2024-GAL-515-4781-H29-NPC01.LAZ
542,4745,0.0,0.06360187968413143,0.06360187968413143,Santiago de Compostela,Aríns (San Martiño),1,PNOA-2024-GAL-542-4745-H29-NPC01.LAZ
572,4750,0.06340084389308046,0.0,0.06340084389308046,Arzúa,Vilantime (San Pedro),1,PNOA-2024-GAL-572-4750-H29-NPC01.LAZ
527,4780,0.0,0.06247275874299165,0.06247275874299165,Carballo,Rus (Santa María),1,PNOA-2024-GAL-527-4780-H29-NPC01.LAZ
588,4799,0.06054743082379912,0.0,0.06054743082379912,Monfero,O Alto de Xestoso (Santa María),1,PNOA-2024-GAL-588-4799-H29-NPC01.LAZ
496,4738,0.0,0.05929434708425041,0.05929434708425041,Muros,Serres (San Xoán),1,PNOA-2024-GAL-496-4738-H29-NPC01.LAZ
500,4771,0.0,0.05793042385988586,0.05793042385988586,Vimianzo,Treos (San Miguel),1,PNOA-2024-GAL-500-4771-H29-NPC01.LAZ
505,4734,0.0,0.05753409162711745,0.05753409162711745,Lousame,Camboño (San Xoán),1,PNOA-2024-GAL-505-4734-H29-NPC01.LAZ
578,4743,0.0,0.05725947281541948,0.05725947281541948,Santiso,Mourazos (San Xurxo),1,PNOA-2024-GAL-578-4743-H29-NPC01.LAZ
524,4776,0.0,0.05638346688949706,0.05638346688949706,Carballo,Entrecruces (San Xens),1,PNOA-2024-GAL-524-4776-H29-NPC01.LAZ
493,4782,0.0,0.056351608728733155,0.056351608728733155,Camariñas,Camelle (O Espírito Santo),1,PNOA-2024-GAL-493-4782-H29-NPC01.LAZ
566,4746,0.05204628464646388,0.0,0.05204628464646388,Arzúa,Dombodán (San Cristovo),1,PNOA-2024-GAL-566-4746-H29-NPC01.LAZ
537,4761,0.05172998630068956,0.0,0.05172998630068956,Trazo,Vilouchada (San Vicenzo),1,PNOA-2024-GAL-537-4761-H29-NPC01.LAZ
513,4731,0.0,0.051641977883243,0.051641977883243,Lousame,Fruíme (San Martiño),1,PNOA-2024-GAL-513-4731-H29-NPC01.LAZ
544,4793,0.05096147979722583,0.0,0.05096147979722583,Arteixo,Morás (Santo Estevo),1,PNOA-2024-GAL-544-4793-H29-NPC01.LAZ
541,4734,0.0,0.04873820944135867,0.04873820944135867,Vedra,San Pedro de Sarandón (San Pedro),1,PNOA-2024-GAL-541-4734-H29-NPC01.LAZ
553,4767,0.04750332963278047,0.0,0.04750332963278047,Frades,Galegos (San Martiño),1,PNOA-2024-GAL-553-4767-H29-NPC01.LAZ
567,4792,0.04673820473590616,0.0,0.04673820473590616,Paderne,Quintas (Santo Estevo),2,PNOA-2024-GAL-567-4792-H29-NPC01.LAZ
522,4755,0.0,0.04632047536459471,0.04632047536459471,A Baña,Sanamede do Monte (San Mamede),1,PNOA-2024-GAL-522-4755-H29-NPC01.LAZ
526,4789,0.0,0.045985207463573076,0.045985207463573076,Carballo,Bértoa (Santa María),1,PNOA-2024-GAL-526-4789-H29-NPC01.LAZ
587,4804,0.04289874763886322,0.0,0.04289874763886322,As Pontes de García Rodríguez,Bermui (Santiago),1,PNOA-2024-GAL-587-4804-H29-NPC01.LAZ
569,4811,0.0,0.041254485351886264,0.041254485351886264,Fene,Magalofes (San Xurxo),1,PNOA-2024-GAL-569-4811-H29-NPC01.LAZ
499,4787,0.0,0.038990478060232196,0.038990478060232196,Laxe,Laxe (Santa María),1,PNOA-2024-GAL-499-4787-H29-NPC01.LAZ
540,4772,0.0,0.036330930111644906,0.036330930111644906,Tordoia,Gorgullos (Santaia),1,PNOA-2024-GAL-540-4772-H29-NPC01.LAZ
579,4770,0.0,0.035651002088761694,0.035651002088761694,Sobrado,A Ciadella (Santa María),2,PNOA-2024-GAL-579-4770-H29-NPC01.LAZ
598,4817,0.03540312239812238,0.0,0.03540312239812238,As Pontes de García Rodríguez,Somede (San Mamede),1,PNOA-2024-GAL-598-4817-H29-NPC01.LAZ
497,4767,0.0,0.034353910297410896,0.034353910297410896,Vimianzo,Baíñas (Santo Antoíño),1,PNOA-2024-GAL-497-4767-H29-NPC01.LAZ
548,4803,0.0,0.03422003225717098,0.03422003225717098,A Coruña,A Coruña,1,PNOA-2024-GAL-548-4803-H29-NPC01.LAZ
565,4829,0.0,0.03376450953460696,0.03376450953460696,Valdoviño,Meirás (San Vicente),1,PNOA-2024-GAL-565-4829-H29-NPC01.LAZ
549,4801,0.0,0.03375379520164249,0.03375379520164249,A Coruña,A Coruña,1,PNOA-2024-GAL-549-4801-H29-NPC01.LAZ
550,4801,0.0,0.03307853955814567,0.03307853955814567,A Coruña,A Coruña,1,PNOA-2024-GAL-550-4801-H29-NPC01.LAZ
508,4762,0.0,0.03276721597678678,0.03276721597678678,Santa Comba,Mallón (San Cristovo),1,PNOA-2024-GAL-508-4762-H29-NPC01.LAZ
576,4758,0.03185553585112169,0.0,0.03185553585112169,Melide,Maceda (San Pedro),1,PNOA-2024-GAL-576-4758-H29-NPC01.LAZ
580,4811,0.0,0.030065839452761874,0.030065839452761874,A Capela,Capela (Santiago),1,PNOA-2024-GAL-580-4811-H29-NPC01.LAZ
581,4771,0.0,0.02837795424252781,0.02837795424252781,Sobrado,Grixalba (San Xiao),1,PNOA-2024-GAL-581-4771-H29-NPC01.LAZ
494,4746,0.0,0.028315385285924696,0.028315385285924696,Carnota,San Mamede de Carnota (San Mamede),1,PNOA-2024-GAL-494-4746-H29-NPC01.LAZ
550,4800,0.0,0.027983459163306437,0.027983459163306437,A Coruña,A Coruña,2,PNOA-2024-GAL-550-4800-H29-NPC01.LAZ
599,4840,0.0,0.027016558638512787,0.027016558638512787,Ortigueira,Céltigos (San Xulián),1,PNOA-2024-GAL-599-4840-H29-NPC01.LAZ
536,4734,0.0,0.02692073749058078,0.02692073749058078,Teo,Reis (San Cristovo),1,PNOA-2024-GAL-536-4734-H29-NPC01.LAZ
563,4827,0.0,0.026814119693791782,0.026814119693791782,Valdoviño,Meirás (San Vicente),1,PNOA-2024-GAL-563-4827-H29-NPC01.LAZ
479,4751,0.0,0.026476059931924027,0.026476059931924027,Fisterra,Fisterra (Santa María),1,PNOA-2024-GAL-479-4751-H29-NPC01.LAZ
542,4759,0.02537722918843128,0.0,0.02537722918843128,Santiago de Compostela,Nemenzo (Santa Cristina),1,PNOA-2024-GAL-542-4759-H29-NPC01.LAZ
491,4772,0.0,0.02459836290189571,0.02459836290189571,Vimianzo,Carnés (San Cristovo),1,PNOA-2024-GAL-491-4772-H29-NPC01.LAZ
532,4777,0.0,0.02385421650338159,0.02385421650338159,Tordoia,Andoio (San Mamede),1,PNOA-2024-GAL-532-4777-H29-NPC01.LAZ
580,4745,0.0,0.020906988783767545,0.020906988783767545,Santiso,A Ponte Arcediago (San Xoán),1,PNOA-2024-GAL-580-4745-H29-NPC01.LAZ
541,4762,0.0,0.020802130559633696,0.020802130559633696,Trazo,Morlán (Santa María),1,PNOA-2024-GAL-541-4762-H29-NPC01.LAZ
529,4777,0.0,0.02057822280782811,0.02057822280782811,Carballo,Rus (Santa María),1,PNOA-2024-GAL-529-4777-H29-NPC01.LAZ
549,4803,0.0,0.019638033901654237,0.019638033901654237,A Coruña,A Coruña,1,PNOA-2024-GAL-549-4803-H29-NPC01.LAZ
550,4767,0.0,0.018301785571465966,0.018301785571465966,Ordes,Pereira (Santaia),1,PNOA-2024-GAL-550-4767-H29-NPC01.LAZ
549,4800,0.0,0.016347036913012397,0.016347036913012397,A Coruña,Oza (Santa María),2,PNOA-2024-GAL-549-4800-H29-NPC01.LAZ
546,4778,0.01630290010405377,0.0,0.01630290010405377,Cerceda,As Encrobas (San Román),1,PNOA-2024-GAL-546-4778-H29-NPC01.LAZ
552,4773,0.015126554468031538,0.0,0.015126554468031538,Ordes,Buscás (San Paio),2,PNOA-2024-GAL-552-4773-H29-NPC01.LAZ
489,4767,0.0,0.014596325605695936,0.014596325605695936,Dumbría,Berdeogás (Santiago),1,PNOA-2024-GAL-489-4767-H29-NPC01.LAZ
596,4818,0.013892381617826624,0.0,0.013892381617826624,As Pontes de García Rodríguez,Somede (San Mamede),1,PNOA-2024-GAL-596-4818-H29-NPC01.LAZ
547,4803,0.0,0.011924690682044688,0.011924690682044688,A Coruña,Visma (San Pedro),1,PNOA-2024-GAL-547-4803-H29-NPC01.LAZ
535,4772,0.0,0.011842362742361768,0.011842362742361768,Tordoia,Cabaleiros (San Xián),1,PNOA-2024-GAL-535-4772-H29-NPC01.LAZ
584,4812,0.011172117795158564,0.0,0.011172117795158564,As Pontes de García Rodríguez,Goente (San Martiño),1,PNOA-2024-GAL-584-4812-H29-NPC01.LAZ
561,4786,0.010720018936092712,0.0,0.010720018936092712,Oza dos Ríos,Cuíña (Santa María),1,PNOA-2024-GAL-561-4786-H29-NPC01.LAZ
516,4750,0.0,0.010682442751684193,0.010682442751684193,Negreira,Aro (San Vicenzo),1,PNOA-2024-GAL-516-4750-H29-NPC01.LAZ
536,4767,0.0,0.009941795738114214,0.009941795738114214,Tordoia,Castenda da Torre (Santa María),1,PNOA-2024-GAL-536-4767-H29-NPC01.LAZ
491,4781,0.0,0.009787607552122086,0.009787607552122086,Camariñas,Camelle (O Espírito Santo),1,PNOA-2024-GAL-491-4781-H29-NPC01.LAZ
572,4778,0.0,0.008840608732859585,0.008840608732859585,Curtis,Fisteus (Santa María),1,PNOA-2024-GAL-572-4778-H29-NPC01.LAZ
530,4785,0.0,0.008828315528633609,0.008828315528633609,Carballo,Sofán (San Salvador),1,PNOA-2024-GAL-530-4785-H29-NPC01.LAZ
544,4733,0.0,0.008014586011093653,0.008014586011093653,Vedra,San Miguel de Sarandón (San Miguel),1,PNOA-2024-GAL-544-4733-H29-NPC01.LAZ
581,4746,0.0,0.007981321904018034,0.007981321904018034,Santiso,Barazón (Santa María),1,PNOA-2024-GAL-581-4746-H29-NPC01.LAZ
568,4751,0.0,0.007724354048326201,0.007724354048326201,Arzúa,Lema (San Pedro),1,PNOA-2024-GAL-568-4751-H29-NPC01.LAZ
511,4745,0.0,0.004930543364365444,0.004930543364365444,Outes,Cando (San Tirso),1,PNOA-2024-GAL-511-4745-H29-NPC01.LAZ
540,4742,0.0,0.004334280559169285,0.004334280559169285,Vedra,San Xián de Sales (San Xián),1,PNOA-2024-GAL-540-4742-H29-NPC01.LAZ
590,4823,0.0,0.004171975303671332,0.004171975303671332,As Somozas,Seixas (Santa María),1,PNOA-2024-GAL-590-4823-H29-NPC01.LAZ
583,4814,0.0039106191011523605,0.0,0.0039106191011523605,As Pontes de García Rodríguez,Seoane (San Xoán),1,PNOA-2024-GAL-583-4814-H29-NPC01.LAZ
548,4751,0.0,0.0038280467149368063,0.0038280467149368063,Santiago de Compostela,Sabugueira (San Paio),1,PNOA-2024-GAL-548-4751-H29-NPC01.LAZ
508,4719,0.0,0.003803991280186634,0.003803991280186634,Boiro,Castro (Santa María),1,PNOA-2024-GAL-508-4719-H29-NPC01.LAZ
536,4747,0.0,0.003401632483394902,0.003401632483394902,Santiago de Compostela,Santiago de Compostela,1,PNOA-2024-GAL-536-4747-H29-NPC01.LAZ
542,4747,0.0033022421095657817,0.0,0.0033022421095657817,Santiago de Compostela,Aríns (San Martiño),1,PNOA-2024-GAL-542-4747-H29-NPC01.LAZ
588,4764,0.0,0.002347328042827714,0.002347328042827714,Toques,Santa Mariña de Brañas (Santa Mariña),1,PNOA-2024-GAL-588-4764-H29-NPC01.LAZ
572,4745,0.0,0.0020838054763649117,0.0020838054763649117,Santiso,Visantoña (San Xoán),1,PNOA-2024-GAL-572-4745-H29-NPC01.LAZ
514,4722,0.0,0.0019970005116834453,0.0019970005116834453,Rianxo,Rianxo (Santa Comba),1,PNOA-2024-GAL-514-4722-H29-NPC01.LAZ
596,4837,0.00175427381903556,0.0,0.00175427381903556,Ortigueira,San Salvador de Couzadoiro (San Salvador),1,PNOA-2024-GAL-596-4837-H29-NPC01.LAZ
508,4718,0.0,0.0013833728912620905,0.0013833728912620905,Boiro,Castro (Santa María),1,PNOA-2024-GAL-508-4718-H29-NPC01.LAZ
491,4736,0.0,0.0013211330523258636,0.0013211330523258636,Carnota,Lariño (San Martiño),1,PNOA-2024-GAL-491-4736-H29-NPC01.LAZ
583,4747,0.0011092551883988308,0.0,0.0011092551883988308,Santiso,Vimianzo (Santa María),1,PNOA-2024-GAL-583-4747-H29-NPC01.LAZ
481,4756,0.0,0.0009600019218317913,0.0009600019218317913,Fisterra,Sardiñeiro (San Xoán),1,PNOA-2024-GAL-481-4756-H29-NPC01.LAZ
571,4806,0.0,0.0008589537290933833,0.0008589537290933833,Pontedeume,Ombre (Santa María),1,PNOA-2024-GAL-571-4806-H29-NPC01.LAZ
514,4723,0.0,0.0008363263086810712,0.0008363263086810712,Rianxo,Rianxo (Santa Comba),1,PNOA-2024-GAL-514-4723-H29-NPC01.LAZ
582,4814,0.0005627911540430294,0.0,0.0005627911540430294,As Pontes de García Rodríguez,Seoane (San Xoán),1,PNOA-2024-GAL-582-4814-H29-NPC01.LAZ
492,4737,0.0,0.0004696823186655595,0.0004696823186655595,Muros,Louro (Santiago),1,PNOA-2024-GAL-492-4737-H29-NPC01.LAZ
548,4801,0.0,0.000158745801807747,0.000158745801807747,A Coruña,A Coruña,1,PNOA-2024-GAL-548-4801-H29-NPC01.LAZ
542,4767,0.0,6.079163679010256e-05,6.079163679010256e-05,Tordoia,Leobalde (San Cristovo),1,PNOA-2024-GAL-542-4767-H29-NPC01.LAZ
