nw_x,nw_y,ha_illadas,ha_nucleos,ha_faixa,NOMECONCEL,PARROQUIA,n_parroquias,bloque
532,4680,36.542967260464856,14.126236955660792,50.66920421612565,Redondela,Quintela (San Mamede),4,PNOA-2024-GAL-532-4680-H29-NPC01.LAZ
531,4681,22.447077863986735,24.639948444019584,47.087026308006315,Redondela,Cedeira (Santo André),2,PNOA-2024-GAL-531-4681-H29-NPC01.LAZ
530,4678,23.994289860260295,20.89078245050684,44.885072310767136,Redondela,Cabeiro (San Xoán),3,PNOA-2024-GAL-530-4678-H29-NPC01.LAZ
532,4679,17.17353058439461,27.665972755957686,44.839503340352294,Redondela,Saxamonde (San Román),3,PNOA-2024-GAL-532-4679-H29-NPC01.LAZ
533,4682,15.888641118102704,26.721401178577324,42.61004229668003,Redondela,Reboreda (Santa María),1,PNOA-2024-GAL-533-4682-H29-NPC01.LAZ
533,4683,19.893521540186974,22.67682301678203,42.570344556969005,Redondela,Reboreda (Santa María),3,PNOA-2024-GAL-533-4683-H29-NPC01.LAZ
532,4684,19.455164644480615,22.255981117541875,41.71114576202249,Redondela,Cesantes (San Pedro),2,PNOA-2024-GAL-532-4684-H29-NPC01.LAZ
510,4697,21.062524512179074,20.552223710747256,41.61474822292633,Sanxenxo,Noalla (Santo Estevo),1,PNOA-2024-GAL-510-4697-H29-NPC01.LAZ
521,4717,16.23699174953163,25.227641455475645,41.464633205007274,Vilagarcía de Arousa,Cea (San Pedro),2,PNOA-2024-GAL-521-4717-H29-NPC01.LAZ
531,4679,17.987309902534907,23.19136136215825,41.17867126469316,Redondela,Negros (Santo Estevo),3,PNOA-2024-GAL-531-4679-H29-NPC01.LAZ
537,4668,2.521334923775626,38.46091614971429,40.98225107348992,Ponteareas,Guláns (San Xulián),2,PNOA-2024-GAL-537-4668-H29-NPC01.LAZ
549,4735,5.428019773277538,35.479926170912464,40.907945944190004,A Estrada,Arnois (San Xiao),3,PNOA-2024-GAL-549-4735-H29-NPC01.LAZ
532,4683,17.050481984537036,23.3425554425221,40.39303742705914,Redondela,Cesantes (San Pedro),3,PNOA-2024-GAL-532-4683-H29-NPC01.LAZ
542,4668,2.6274372640616495,37.735432522667274,40.36286978672892,Ponteareas,San Mateo de Oliveira (San Mateo),2,PNOA-2024-GAL-542-4668-H29-NPC01.LAZ
525,4728,12.497541319030466,27.53206405642307,40.029605375453535,Valga,Cordeiro (Santa Comba),1,PNOA-2024-GAL-525-4728-H29-NPC01.LAZ
542,4726,27.65135694878883,12.13245061073994,39.78380755952877,A Estrada,Ouzande (San Lourenzo),3,PNOA-2024-GAL-542-4726-H29-NPC01.LAZ
541,4674,1.7708726295335826,37.84755294958995,39.61842557912353,Ponteareas,Pías (Santa Mariña),2,PNOA-2024-GAL-541-4674-H29-NPC01.LAZ
516,4713,8.540345178285518,31.026034194540717,39.56637937282623,Vilagarcía de Arousa,Sobrán (San Martiño de Fóra),2,PNOA-2024-GAL-516-4713-H29-NPC01.LAZ
539,4667,3.1023465174430105,36.095598751760136,39.197945269203146,Ponteareas,Cristiñade (San Salvador),4,PNOA-2024-GAL-539-4667-H29-NPC01.LAZ
528,4680,27.721019997263497,11.455218793161686,39.17623879042518,Redondela,Trasmañó (San Vicente),2,PNOA-2024-GAL-528-4680-H29-NPC01.LAZ
539,4672,7.171037908420352,31.532980165145027,38.70401807356538,Ponteareas,Ribadetea (San Xurxo),1,PNOA-2024-GAL-539-4672-H29-NPC01.LAZ
515,4704,11.4246336747277,27.224722854794358,38.64935652952206,Cambados,Castrelo (Santa Cruz),1,PNOA-2024-GAL-515-4704-H29-NPC01.LAZ
528,4728,11.201879514967084,27.345142840601902,38.547022355568984,Valga,Xanza (Santa María),2,PNOA-2024-GAL-528-4728-H29-NPC01.LAZ
538,4670,4.467033435665817,34.021032206555894,38.48806564222171,Ponteareas,Areas (Santa María),2,PNOA-2024-GAL-538-4670-H29-NPC01.LAZ
533,4686,14.373839680813141,23.92532658245333,38.29916626326647,Redondela,O Viso (Santa María),2,PNOA-2024-GAL-533-4686-H29-NPC01.LAZ
538,4667,2.711450292608637,35.39417025548297,38.10562054809161,Ponteareas,Cristiñade (San Salvador),2,PNOA-2024-GAL-538-4667-H29-NPC01.LAZ
559,4674,11.844977539399938,26.178077828515313,38.02305536791525,A Cañiza,A Cañiza (Santa Teresa),2,PNOA-2024-GAL-559-4674-H29-NPC01.LAZ
532,4685,9.321088577231714,28.61187417024812,37.932962747479834,Redondela,O Viso (Santa María),2,PNOA-2024-GAL-532-4685-H29-NPC01.LAZ
530,4674,0.0,37.85704275684823,37.85704275684823,Mos,Torroso (San Mamede),3,PNOA-2024-GAL-530-4674-H29-NPC01.LAZ
532,4673,0.0,37.793176396726274,37.793176396726274,Mos,Mos (Santa Eulalia),2,PNOA-2024-GAL-532-4673-H29-NPC01.LAZ
544,4671,4.816599240892845,32.93291268734193,37.74951192823478,Ponteareas,Oliveira (Santiago),4,PNOA-2024-GAL-544-4671-H29-NPC01.LAZ
540,4671,9.414947866065896,28.132670272699272,37.547618138765166,Ponteareas,Bugarín (Santa Cristina),3,PNOA-2024-GAL-540-4671-H29-NPC01.LAZ
516,4708,10.857826747016047,26.615360691173787,37.47318743818983,Cambados,Vilariño (Santo Adrián),1,PNOA-2024-GAL-516-4708-H29-NPC01.LAZ
533,4685,22.996510829851886,14.33140044338745,37.32791127323934,Redondela,O Viso (Santa María),1,PNOA-2024-GAL-533-4685-H29-NPC01.LAZ
531,4677,29.961596731712618,7.189148517873082,37.1507452495857,Redondela,Vilar de Infesta (San Martiño),1,PNOA-2024-GAL-531-4677-H29-NPC01.LAZ
540,4667,2.829417346650668,34.22800197099713,37.05741931764779,Ponteareas,Moreira (San Martiño),2,PNOA-2024-GAL-540-4667-H29-NPC01.LAZ
528,4727,11.864832045943906,24.90921087034892,36.77404291629283,Valga,Xanza (Santa María),2,PNOA-2024-GAL-528-4727-H29-NPC01.LAZ
526,4727,12.429513300869628,24.233297691158135,36.662810992027765,Valga,Cordeiro (Santa Comba),2,PNOA-2024-GAL-526-4727-H29-NPC01.LAZ
542,4666,10.440313397689978,26.21025609334899,36.650569491038965,Salvaterra de Miño,Fornelos (San Xoán),2,PNOA-2024-GAL-542-4666-H29-NPC01.LAZ
533,4684,10.867942441042393,25.779674138365827,36.64761657940822,Redondela,Ventosela (San Martiño),2,PNOA-2024-GAL-533-4684-H29-NPC01.LAZ
517,4714,14.821057489946144,21.754138836039168,36.57519632598531,Vilagarcía de Arousa,Sobrán (San Martiño de Fóra),1,PNOA-2024-GAL-517-4714-H29-NPC01.LAZ
517,4704,8.37147930431719,28.103454149058994,36.47493345337618,Meaño,Padrenda (San Martiño),3,PNOA-2024-GAL-517-4704-H29-NPC01.LAZ
515,4710,16.38283090003189,20.06407421509922,36.446905115131116,Vilanova de Arousa,Deiro (San Miguel),2,PNOA-2024-GAL-515-4710-H29-NPC01.LAZ
526,4728,10.809951034990796,25.469309075873067,36.27926011086386,Valga,Cordeiro (Santa Comba),3,PNOA-2024-GAL-526-4728-H29-NPC01.LAZ
522,4710,7.358907357603745,28.829023036265244,36.18793039386899,Ribadumia,Lois (San Fins),2,PNOA-2024-GAL-522-4710-H29-NPC01.LAZ
517,4708,14.423635720315245,21.714511303766898,36.138147024082144,Cambados,Vilariño (Santo Adrián),2,PNOA-2024-GAL-517-4708-H29-NPC01.LAZ
562,4668,12.976063183573643,22.991913119597918,35.96797630317156,Crecente,Vilar (San Xorxe),2,PNOA-2024-GAL-562-4668-H29-NPC01.LAZ
543,4727,8.518478977137116,27.35065762665453,35.869136603791645,A Estrada,Guimarei (San Xiao),3,PNOA-2024-GAL-543-4727-H29-NPC01.LAZ
535,4688,1.007740948834235,34.798581694128565,35.8063226429628,Soutomaior,Soutomaior (San Salvador),1,PNOA-2024-GAL-535-4688-H29-NPC01.LAZ
572,4726,20.429415394640937,15.323059324653741,35.75247471929468,Lalín,Xaxán (Santa María da Saleta),2,PNOA-2024-GAL-572-4726-H29-NPC01.LAZ
543,4726,10.240722041216424,25.454451707959,35.695173749175424,A Estrada,Guimarei (San Xiao),1,PNOA-2024-GAL-543-4726-H29-NPC01.LAZ
527,4727,12.667853541882376,22.770872502639403,35.43872604452178,Valga,Cordeiro (Santa Comba),3,PNOA-2024-GAL-527-4727-H29-NPC01.LAZ
521,4716,4.250914962794028,31.184722775682644,35.43563773847667,Vilagarcía de Arousa,Cea (San Pedro),3,PNOA-2024-GAL-521-4716-H29-NPC01.LAZ
541,4726,10.736497535206578,24.541433516638946,35.27793105184553,A Estrada,Ouzande (San Lourenzo),2,PNOA-2024-GAL-541-4726-H29-NPC01.LAZ
518,4699,7.826102628652891,27.32023235002384,35.146334978676734,Meaño,Simes (Santa María),3,PNOA-2024-GAL-518-4699-H29-NPC01.LAZ
557,4670,6.024893723969241,29.11418661485722,35.13908033882646,A Cañiza,Parada das Achas (Santiago),1,PNOA-2024-GAL-557-4670-H29-NPC01.LAZ
532,4676,2.2723843390705474,32.7807846657639,35.05316900483445,Mos,Louredo (San Salvador),3,PNOA-2024-GAL-532-4676-H29-NPC01.LAZ
518,4695,4.2229242474170405,30.79780827340189,35.02073252081893,Sanxenxo,Bordóns (San Pedro),2,PNOA-2024-GAL-518-4695-H29-NPC01.LAZ
542,4670,4.043600437998187,30.968833797356545,35.01243423535473,Ponteareas,Ponteareas (San Miguel),3,PNOA-2024-GAL-542-4670-H29-NPC01.LAZ
539,4727,22.403989868875502,12.600798411610015,35.00478828048551,A Estrada,Matalobos (Santa Baia),2,PNOA-2024-GAL-539-4727-H29-NPC01.LAZ
514,4698,3.8826931300105514,31.097941278987964,34.98063440899851,Sanxenxo,Gondar (San Tomé),3,PNOA-2024-GAL-514-4698-H29-NPC01.LAZ
546,4662,11.237999208088551,23.738308974068627,34.976308182157176,As Neves,Rubiós (San Xoán),3,PNOA-2024-GAL-546-4662-H29-NPC01.LAZ
560,4674,10.817983607711087,24.015082554994525,34.83306616270561,A Cañiza,A Cañiza (Santa Teresa),2,PNOA-2024-GAL-560-4674-H29-NPC01.LAZ
529,4669,0.0,34.7200184806721,34.7200184806721,Mos,Pereiras (San Miguel),3,PNOA-2024-GAL-529-4669-H29-NPC01.LAZ
515,4713,9.696950969904542,24.92470595970302,34.62165692960756,Vilanova de Arousa,Caleiro (Santa María),3,PNOA-2024-GAL-515-4713-H29-NPC01.LAZ
531,4682,18.640325597762704,15.839287367334327,34.47961296509703,Redondela,Redondela (Santiago),3,PNOA-2024-GAL-531-4682-H29-NPC01.LAZ
515,4682,9.137334868357717,25.31059889144471,34.447933759802424,Cangas,Aldán (San Cibrán),1,PNOA-2024-GAL-515-4682-H29-NPC01.LAZ
511,4696,22.026320983357017,12.322703251345091,34.34902423470211,Sanxenxo,Noalla (Santo Estevo),1,PNOA-2024-GAL-511-4696-H29-NPC01.LAZ
533,4681,14.320375532269427,20.01573028589114,34.33610581816057,Redondela,Reboreda (Santa María),2,PNOA-2024-GAL-533-4681-H29-NPC01.LAZ
517,4707,10.692689604658796,23.634935041358275,34.32762464601707,Cambados,Vilariño (Santo Adrián),1,PNOA-2024-GAL-517-4707-H29-NPC01.LAZ
525,4710,0.9220872246279147,33.334405909926396,34.25649313455431,Portas,Romai (San Xián),1,PNOA-2024-GAL-525-4710-H29-NPC01.LAZ
538,4668,0.7476344223155682,33.45898128760142,34.20661570991699,Ponteareas,Guláns (San Xulián),1,PNOA-2024-GAL-538-4668-H29-NPC01.LAZ
514,4714,14.415325738944238,19.77574505808055,34.191070797024786,Vilanova de Arousa,Vilanova de Arousa (San Cibrán),1,PNOA-2024-GAL-514-4714-H29-NPC01.LAZ
538,4732,7.896835151044518,26.277958794153108,34.17479394519763,A Estrada,Santa Cristina de Vea (Santa Cristina),1,PNOA-2024-GAL-538-4732-H29-NPC01.LAZ
539,4666,1.548924594795132,32.506458887288694,34.055383482083826,Ponteareas,Moreira (San Martiño),2,PNOA-2024-GAL-539-4666-H29-NPC01.LAZ
513,4694,7.854876550027933,25.995619759603183,33.85049630963112,Sanxenxo,Adina (Santa María),2,PNOA-2024-GAL-513-4694-H29-NPC01.LAZ
523,4714,3.0582187344525544,30.780843420459284,33.839062154911836,Caldas de Reis,Godos (Santa María),2,PNOA-2024-GAL-523-4714-H29-NPC01.LAZ
516,4668,0.0,33.776267726056,33.776267726056,Nigrán,Priegue (San Mamede),2,PNOA-2024-GAL-516-4668-H29-NPC01.LAZ
519,4663,0.0,33.73998163522887,33.73998163522887,Gondomar,Vilaza (Santa María),3,PNOA-2024-GAL-519-4663-H29-NPC01.LAZ
533,4715,0.0,33.63252061199331,33.63252061199331,Moraña,Saiáns (San Salvador),2,PNOA-2024-GAL-533-4715-H29-NPC01.LAZ
519,4710,8.988488636875667,24.625926884133623,33.61441552100929,Vilanova de Arousa,Tremoedo (Santo Estevo),2,PNOA-2024-GAL-519-4710-H29-NPC01.LAZ
515,4709,6.271224563356438,27.33140770034847,33.60263226370491,Cambados,Corvillón (San Amedio),2,PNOA-2024-GAL-515-4709-H29-NPC01.LAZ
532,4681,7.570894324600216,25.902762427001836,33.47365675160205,Redondela,Quintela (San Mamede),4,PNOA-2024-GAL-532-4681-H29-NPC01.LAZ
520,4708,10.896799837279408,22.506330585110835,33.40313042239024,Ribadumia,Ribadumia (Santa Baia),3,PNOA-2024-GAL-520-4708-H29-NPC01.LAZ
514,4704,14.24172323179888,19.117610576751694,33.35933380855057,Cambados,Castrelo (Santa Cruz),1,PNOA-2024-GAL-514-4704-H29-NPC01.LAZ
540,4676,4.90539606759483,28.412142791444744,33.31753885903957,Ponteareas,Fozara (San Bartolomeu),2,PNOA-2024-GAL-540-4676-H29-NPC01.LAZ
539,4732,9.502914565445135,23.806277149858634,33.30919171530377,A Estrada,Santa Cristina de Vea (Santa Cristina),1,PNOA-2024-GAL-539-4732-H29-NPC01.LAZ
545,4672,4.783193457915403,28.51780306096539,33.300996518880794,Ponteareas,Cumiar (Santo Estevo),3,PNOA-2024-GAL-545-4672-H29-NPC01.LAZ
557,4732,10.83887027010822,22.374110753061046,33.21298102316926,Silleda,Manduas (San Tirso),1,PNOA-2024-GAL-557-4732-H29-NPC01.LAZ
517,4700,15.387337201976427,17.670952484222767,33.058289686199196,Meaño,Meaño (San Xoán),3,PNOA-2024-GAL-517-4700-H29-NPC01.LAZ
517,4703,11.151954546331222,21.886722845825922,33.03867739215714,Meaño,Padrenda (San Martiño),3,PNOA-2024-GAL-517-4703-H29-NPC01.LAZ
559,4733,6.985360982148117,26.05093017820636,33.03629116035448,Silleda,Martixe (San Cristovo),3,PNOA-2024-GAL-559-4733-H29-NPC01.LAZ
520,4715,12.027091244902618,20.990816476688185,33.0179077215908,Vilagarcía de Arousa,Cornazo (San Pedro),3,PNOA-2024-GAL-520-4715-H29-NPC01.LAZ
529,4671,0.0,33.017298332394596,33.017298332394596,Mos,Petelos (San Mamede),3,PNOA-2024-GAL-529-4671-H29-NPC01.LAZ
521,4683,0.0,32.96361940374876,32.96361940374876,Moaña,Moaña (Virxe do Carme),2,PNOA-2024-GAL-521-4683-H29-NPC01.LAZ
528,4687,0.0,32.836422292473486,32.836422292473486,Vilaboa,Santa Cristina de Cobres (Santa Cristina),2,PNOA-2024-GAL-528-4687-H29-NPC01.LAZ
515,4696,10.464632577507954,22.226739516878066,32.69137209438602,Sanxenxo,Padriñán (San Xenxo),3,PNOA-2024-GAL-515-4696-H29-NPC01.LAZ
513,4700,3.377184279338975,29.26219737458389,32.63938165392287,Sanxenxo,Vilalonga (San Pedro),1,PNOA-2024-GAL-513-4700-H29-NPC01.LAZ
516,4703,12.22315660300067,20.41468527410646,32.63784187710713,Cambados,Castrelo (Santa Cruz),3,PNOA-2024-GAL-516-4703-H29-NPC01.LAZ
562,4667,8.184034937621059,24.419350309263248,32.60338524688431,Crecente,Albeos (San Xoán),3,PNOA-2024-GAL-562-4667-H29-NPC01.LAZ
538,4661,7.548614561478854,24.966315645241142,32.514930206719995,Salvaterra de Miño,Cabreira (San Miguel),2,PNOA-2024-GAL-538-4661-H29-NPC01.LAZ
516,4709,11.005772672131544,21.34233955122471,32.34811222335625,Cambados,Corvillón (San Amedio),2,PNOA-2024-GAL-516-4709-H29-NPC01.LAZ
527,4679,10.777181433374773,21.545847132457418,32.32302856583219,Redondela,Chapela (San Fausto),1,PNOA-2024-GAL-527-4679-H29-NPC01.LAZ
532,4678,7.6790666707248985,24.61097419242043,32.29004086314533,Redondela,Saxamonde (San Román),2,PNOA-2024-GAL-532-4678-H29-NPC01.LAZ
573,4724,13.904464482881028,18.23448567090821,32.13895015378924,Lalín,Lalín (Santa María das Dores),1,PNOA-2024-GAL-573-4724-H29-NPC01.LAZ
573,4725,26.654133153885834,5.4147604929922055,32.06889364687804,Lalín,Lalín (Santa María das Dores),3,PNOA-2024-GAL-573-4725-H29-NPC01.LAZ
516,4705,12.875937356407132,19.148904144763538,32.02484150117067,Cambados,Castrelo (Santa Cruz),2,PNOA-2024-GAL-516-4705-H29-NPC01.LAZ
556,4668,3.740489466898533,28.246505258594397,31.98699472549293,A Cañiza,Luneda (Santa María),1,PNOA-2024-GAL-556-4668-H29-NPC01.LAZ
527,4728,11.242820933762555,20.70795180697558,31.950772740738135,Valga,Xanza (Santa María),3,PNOA-2024-GAL-527-4728-H29-NPC01.LAZ
540,4727,16.04005659841416,15.905174561516805,31.945231159930966,A Estrada,A Estrada (San Paio),3,PNOA-2024-GAL-540-4727-H29-NPC01.LAZ
520,4721,7.169693029361287,24.596862970646054,31.76655600000734,Vilagarcía de Arousa,Bamio (San Xens),1,PNOA-2024-GAL-520-4721-H29-NPC01.LAZ
535,4687,5.728874775776426,26.010625604026917,31.739500379803342,Soutomaior,Soutomaior (San Salvador),1,PNOA-2024-GAL-535-4687-H29-NPC01.LAZ
524,4725,0.0,31.647708144601754,31.647708144601754,Catoira,Dimo (San Pedro),2,PNOA-2024-GAL-524-4725-H29-NPC01.LAZ
519,4718,8.391793123299886,23.20231272834253,31.594105851642418,Vilagarcía de Arousa,O Carril (Santiago de Fóra),3,PNOA-2024-GAL-519-4718-H29-NPC01.LAZ
571,4723,10.239917325805072,21.28939942727263,31.5293167530777,Lalín,Donramiro (Santa María),2,PNOA-2024-GAL-571-4723-H29-NPC01.LAZ
574,4726,14.156679226219193,17.320376328496987,31.47705555471618,Lalín,Goiás (San Miguel),1,PNOA-2024-GAL-574-4726-H29-NPC01.LAZ
571,4725,11.456136462573411,20.01781806622854,31.47395452880195,Lalín,Filgueira (Santa María),4,PNOA-2024-GAL-571-4725-H29-NPC01.LAZ
534,4715,0.8260004509650484,30.62650593934065,31.452506390305697,Moraña,Santa Xusta de Moraña (Santa Xusta),1,PNOA-2024-GAL-534-4715-H29-NPC01.LAZ
559,4669,6.556472197771412,24.875500611955133,31.431972809726545,A Cañiza,Valeixe (Santa Cristina),1,PNOA-2024-GAL-559-4669-H29-NPC01.LAZ
518,4681,3.305962003042728,28.053328021906307,31.359290024949033,Cangas,Coiro (San Salvador),1,PNOA-2024-GAL-518-4681-H29-NPC01.LAZ
528,4681,18.397234961028094,12.958687749115034,31.355922710143126,Redondela,Trasmañó (San Vicente),3,PNOA-2024-GAL-528-4681-H29-NPC01.LAZ
555,4734,14.18697984215763,17.15346121430439,31.34044105646202,Silleda,Piñeiro (San Xiao),1,PNOA-2024-GAL-555-4734-H29-NPC01.LAZ
545,4731,4.978572535301968,26.36002609884442,31.338598634146386,A Estrada,Moreira (San Miguel),2,PNOA-2024-GAL-545-4731-H29-NPC01.LAZ
534,4711,0.9847898455376586,30.343204935242127,31.327994780779786,Moraña,Amil (San Mamede),2,PNOA-2024-GAL-534-4711-H29-NPC01.LAZ
568,4726,12.362670812267742,18.855151086264808,31.21782189853255,Lalín,Bendoiro (San Miguel),3,PNOA-2024-GAL-568-4726-H29-NPC01.LAZ
562,4728,22.881715358375512,8.30986636655746,31.191581724932973,Silleda,Silleda (Santa Baia),1,PNOA-2024-GAL-562-4728-H29-NPC01.LAZ
516,4701,12.483616098486165,18.682649270298114,31.16626536878428,Meaño,Xil (Santa Eulalia),2,PNOA-2024-GAL-516-4701-H29-NPC01.LAZ
528,4668,1.4019980928708502,29.670634822939213,31.072632915810065,Mos,Cela (San Pedro),2,PNOA-2024-GAL-528-4668-H29-NPC01.LAZ
533,4688,9.947390062494225,21.07796523599137,31.025355298485596,Soutomaior,Arcade (Santiago),2,PNOA-2024-GAL-533-4688-H29-NPC01.LAZ
527,4729,4.860524730323836,26.129063234133703,30.989587964457538,Valga,Campaña (Santa Cristina),2,PNOA-2024-GAL-527-4729-H29-NPC01.LAZ
537,4670,1.045636035850624,29.886975092715794,30.932611128566418,Ponteareas,Arnoso (San Lourenzo),2,PNOA-2024-GAL-537-4670-H29-NPC01.LAZ
530,4724,7.354141091258982,23.54364149913343,30.89778259039241,Caldas de Reis,San Clemente de Cesar (San Clemente),3,PNOA-2024-GAL-530-4724-H29-NPC01.LAZ
517,4699,12.372088189213652,18.52563032573158,30.897718514945232,Meaño,Lores (San Miguel),2,PNOA-2024-GAL-517-4699-H29-NPC01.LAZ
520,4663,0.0,30.84123557123232,30.84123557123232,Gondomar,Chaín (Santa María),3,PNOA-2024-GAL-520-4663-H29-NPC01.LAZ
530,4679,8.689361759754432,22.143754662963094,30.833116422717524,Redondela,Cabeiro (San Xoán),2,PNOA-2024-GAL-530-4679-H29-NPC01.LAZ
531,4672,0.0,30.743338923922195,30.743338923922195,Mos,Torroso (San Mamede),3,PNOA-2024-GAL-531-4672-H29-NPC01.LAZ
535,4662,8.644030814399441,22.061026385613225,30.705057200012668,Salceda de Caselas,Parderrubias (San Tomé),3,PNOA-2024-GAL-535-4662-H29-NPC01.LAZ
547,4669,4.732306162712975,25.91730671090437,30.649612873617343,Ponteareas,Guillade (San Miguel),2,PNOA-2024-GAL-547-4669-H29-NPC01.LAZ
572,4722,7.240801988590963,23.329430512333193,30.570232500924156,Lalín,Moneixas (Santo Adrao),3,PNOA-2024-GAL-572-4722-H29-NPC01.LAZ
529,4723,1.2743062397258633,29.270341945260025,30.54464818498589,Caldas de Reis,Carracedo (Santa Mariña),1,PNOA-2024-GAL-529-4723-H29-NPC01.LAZ
573,4723,12.084922373692965,18.416597163010653,30.50151953670362,Lalín,Donramiro (Santa María),4,PNOA-2024-GAL-573-4723-H29-NPC01.LAZ
546,4664,10.922482429862058,19.499816574003155,30.422299003865213,As Neves,Taboexa (Santa María),3,PNOA-2024-GAL-546-4664-H29-NPC01.LAZ
529,4715,10.407833874154887,19.98112895568241,30.388962829837297,Caldas de Reis,Arcos da Condesa (Santa Mariña),2,PNOA-2024-GAL-529-4715-H29-NPC01.LAZ
520,4662,0.0,30.361035211117198,30.361035211117198,Gondomar,Gondomar (San Bieito),3,PNOA-2024-GAL-520-4662-H29-NPC01.LAZ
515,4701,6.748426885321894,23.577138736011946,30.32556562133384,Meaño,Dena (Santa Eulalia),2,PNOA-2024-GAL-515-4701-H29-NPC01.LAZ
543,4667,12.671091403060487,17.638201673666337,30.309293076726824,Ponteareas,San Mateo de Oliveira (San Mateo),3,PNOA-2024-GAL-543-4667-H29-NPC01.LAZ
561,4667,9.179429066027353,21.11619662677206,30.295625692799412,Crecente,Albeos (San Xoán),1,PNOA-2024-GAL-561-4667-H29-NPC01.LAZ
519,4705,7.2834129518844355,23.00503679400566,30.288449745890098,Ribadumia,Barrantes (Santo André),3,PNOA-2024-GAL-519-4705-H29-NPC01.LAZ
549,4679,13.61210911503017,16.67198884023836,30.28409795526853,Covelo,Barcia de Mera (San Martiño),1,PNOA-2024-GAL-549-4679-H29-NPC01.LAZ
524,4715,4.852559323445521,25.356908729592696,30.20946805303822,Caldas de Reis,Godos (Santa María),1,PNOA-2024-GAL-524-4715-H29-NPC01.LAZ
526,4711,0.8169881296484971,29.37780927066412,30.194797400312616,Portas,Romai (San Xián),1,PNOA-2024-GAL-526-4711-H29-NPC01.LAZ
542,4728,9.8818606548415,20.233180573603406,30.115041228444905,A Estrada,A Estrada (San Paio),2,PNOA-2024-GAL-542-4728-H29-NPC01.LAZ
557,4663,3.5127350056679325,26.51437668662268,30.02711169229061,Arbo,Arbo (Santa María),1,PNOA-2024-GAL-557-4663-H29-NPC01.LAZ
548,4732,4.600264899492562,25.415265842300357,30.01553074179292,A Estrada,Riobó (San Martiño),3,PNOA-2024-GAL-548-4732-H29-NPC01.LAZ
517,4662,0.0,30.00709081442999,30.00709081442999,Gondomar,Donas (Santa Baia),2,PNOA-2024-GAL-517-4662-H29-NPC01.LAZ
519,4707,6.013076672800522,23.956396754204874,29.969473427005397,Ribadumia,Ribadumia (Santa Baia),1,PNOA-2024-GAL-519-4707-H29-NPC01.LAZ
536,4657,4.883987348723497,25.085034450231742,29.96902179895524,Tui,Caldelas de Tui (San Martiño),2,PNOA-2024-GAL-536-4657-H29-NPC01.LAZ
513,4699,6.488442171193933,23.47320549303338,29.961647664227314,Sanxenxo,Vilalonga (San Pedro),2,PNOA-2024-GAL-513-4699-H29-NPC01.LAZ
532,4672,0.0,29.94298333839173,29.94298333839173,Mos,Mos (Santa Eulalia),1,PNOA-2024-GAL-532-4672-H29-NPC01.LAZ
545,4677,9.006848439754643,20.902191245359347,29.90903968511399,Mondariz,Mondariz (Santa Baia),2,PNOA-2024-GAL-545-4677-H29-NPC01.LAZ
537,4671,1.0593915553898743,28.849407697986884,29.908799253376756,Ponteareas,Xinzo (Santa Mariña),2,PNOA-2024-GAL-537-4671-H29-NPC01.LAZ
528,4716,8.47598139771559,21.421997409689535,29.897978807405124,Portas,Portas (Santa María),2,PNOA-2024-GAL-528-4716-H29-NPC01.LAZ
518,4661,0.0,29.865656895235695,29.865656895235695,Gondomar,Mañufe (San Vicente),1,PNOA-2024-GAL-518-4661-H29-NPC01.LAZ
540,4673,5.852018882120103,23.926378739541473,29.778397621661576,Ponteareas,Prado (San Nicolao),1,PNOA-2024-GAL-540-4673-H29-NPC01.LAZ
545,4663,5.996216203680607,23.76747646118748,29.76369266486809,Salvaterra de Miño,Meder (Santo Adrián),2,PNOA-2024-GAL-545-4663-H29-NPC01.LAZ
514,4680,3.299234321531054,26.450976687930712,29.750211009461765,Cangas,O Hío (Santo André),1,PNOA-2024-GAL-514-4680-H29-NPC01.LAZ
558,4671,5.265642105231049,24.466235445215425,29.731877550446473,A Cañiza,Parada das Achas (Santiago),2,PNOA-2024-GAL-558-4671-H29-NPC01.LAZ
532,4675,0.0,29.708334706486344,29.708334706486344,Mos,Louredo (San Salvador),2,PNOA-2024-GAL-532-4675-H29-NPC01.LAZ
514,4709,16.312822442097843,13.302800944865753,29.6156233869636,Cambados,Corvillón (San Amedio),2,PNOA-2024-GAL-514-4709-H29-NPC01.LAZ
549,4734,4.450195977586773,25.144384311130253,29.594580288717026,A Estrada,Oca (Santo Estevo),3,PNOA-2024-GAL-549-4734-H29-NPC01.LAZ
515,4700,7.373473606795099,22.21518466401081,29.588658270805908,Meaño,Dena (Santa Eulalia),1,PNOA-2024-GAL-515-4700-H29-NPC01.LAZ
555,4733,16.05671660823301,13.527213603998682,29.583930212231692,Silleda,Piñeiro (San Xiao),2,PNOA-2024-GAL-555-4733-H29-NPC01.LAZ
560,4665,9.761321174048371,19.81232383499767,29.57364500904604,Arbo,Cequeliños (San Miguel),1,PNOA-2024-GAL-560-4665-H29-NPC01.LAZ
528,4667,3.819472964397907,25.752353942717857,29.571826907115764,O Porriño,Torneiros (San Salvador),2,PNOA-2024-GAL-528-4667-H29-NPC01.LAZ
543,4677,2.7748749325564943,26.744976564170113,29.519851496726606,Mondariz,Riofrío (San Miguel),3,PNOA-2024-GAL-543-4677-H29-NPC01.LAZ
515,4683,7.02531131742077,22.445210402349474,29.470521719770243,Cangas,Aldán (San Cibrán),1,PNOA-2024-GAL-515-4683-H29-NPC01.LAZ
516,4702,6.665011932293362,22.805061248485316,29.470073180778677,Meaño,Xil (Santa Eulalia),4,PNOA-2024-GAL-516-4702-H29-NPC01.LAZ
532,4674,0.0,29.43488173805486,29.43488173805486,Mos,Mos (Santa Eulalia),4,PNOA-2024-GAL-532-4674-H29-NPC01.LAZ
512,4700,1.523809320540565,27.852932866461664,29.37674218700223,Sanxenxo,Vilalonga (San Pedro),2,PNOA-2024-GAL-512-4700-H29-NPC01.LAZ
513,4695,6.056116175067486,23.2948934437435,29.351009618810988,Sanxenxo,Adina (Santa María),2,PNOA-2024-GAL-513-4695-H29-NPC01.LAZ
516,4697,0.46952635215669447,28.854585490573374,29.32411184273007,Sanxenxo,Nantes (Santa Baia),2,PNOA-2024-GAL-516-4697-H29-NPC01.LAZ
514,4700,11.874587884940368,17.42338879194041,29.29797667688078,Meaño,Dena (Santa Eulalia),3,PNOA-2024-GAL-514-4700-H29-NPC01.LAZ
521,4709,9.84361854215235,19.408764571503482,29.25238311365583,Ribadumia,Leiro (San Xoán),2,PNOA-2024-GAL-521-4709-H29-NPC01.LAZ
559,4675,5.819459385339924,23.34945487022046,29.16891425556038,A Cañiza,A Cañiza (Santa Teresa),3,PNOA-2024-GAL-559-4675-H29-NPC01.LAZ
518,4680,2.3891242411473277,26.772551169106674,29.161675410254002,Cangas,Coiro (San Salvador),2,PNOA-2024-GAL-518-4680-H29-NPC01.LAZ
534,4687,4.255615594302836,24.89999489637507,29.155610490677905,Soutomaior,Soutomaior (San Salvador),1,PNOA-2024-GAL-534-4687-H29-NPC01.LAZ
519,4680,2.6727097947222966,26.481251775109865,29.153961569832163,Cangas,Coiro (San Salvador),2,PNOA-2024-GAL-519-4680-H29-NPC01.LAZ
515,4667,0.0,29.12646512989359,29.12646512989359,Nigrán,Panxón (San Xoán),2,PNOA-2024-GAL-515-4667-H29-NPC01.LAZ
545,4730,12.077632041550821,17.047784863639745,29.125416905190566,A Estrada,Moreira (San Miguel),2,PNOA-2024-GAL-545-4730-H29-NPC01.LAZ
534,4717,3.152027357940563,25.92311523509981,29.075142593040376,Moraña,Laxe (San Martiño),1,PNOA-2024-GAL-534-4717-H29-NPC01.LAZ
551,4734,7.658215772266087,21.39566947771671,29.053885249982795,A Estrada,Loimil (Santa María),2,PNOA-2024-GAL-551-4734-H29-NPC01.LAZ
536,4721,11.076973169200144,17.950148225504137,29.02712139470428,Cuntis,Cuntis (Santa María),1,PNOA-2024-GAL-536-4721-H29-NPC01.LAZ
517,4702,4.489912850331832,24.50753815050803,28.99745100083986,Meaño,Xil (Santa Eulalia),2,PNOA-2024-GAL-517-4702-H29-NPC01.LAZ
555,4732,7.542159382564779,21.426234066366586,28.968393448931366,Silleda,Lamela (San Miguel),3,PNOA-2024-GAL-555-4732-H29-NPC01.LAZ
572,4723,8.682906221511782,20.24488610214268,28.92779232365446,Lalín,Donramiro (Santa María),2,PNOA-2024-GAL-572-4723-H29-NPC01.LAZ
519,4695,2.4565342370292087,26.470845320375812,28.927379557405022,Sanxenxo,Dorrón (San Xoán),2,PNOA-2024-GAL-519-4695-H29-NPC01.LAZ
573,4726,11.75921161714732,17.123906919710286,28.88311853685761,Lalín,Goiás (San Miguel),2,PNOA-2024-GAL-573-4726-H29-NPC01.LAZ
518,4705,10.315621169002801,18.542898509600906,28.858519678603706,Ribadumia,Barrantes (Santo André),2,PNOA-2024-GAL-518-4705-H29-NPC01.LAZ
560,4729,12.418133689131967,16.413242323122958,28.831376012254925,Silleda,Margaride (San Fiz),4,PNOA-2024-GAL-560-4729-H29-NPC01.LAZ
531,4685,19.141048670545626,9.622904043089244,28.763952713634872,Redondela,Cesantes (San Pedro),1,PNOA-2024-GAL-531-4685-H29-NPC01.LAZ
533,4662,4.422156222015007,24.31965913282452,28.741815354839524,O Porriño,San Salvador de Budiño (San Salvador),2,PNOA-2024-GAL-533-4662-H29-NPC01.LAZ
543,4663,6.374050470979637,22.365231905164766,28.739282376144402,Salvaterra de Miño,Corzáns (San Miguel),3,PNOA-2024-GAL-543-4663-H29-NPC01.LAZ
558,4670,4.898999737564903,23.836399857524437,28.73539959508934,A Cañiza,Valeixe (Santa Cristina),2,PNOA-2024-GAL-558-4670-H29-NPC01.LAZ
530,4669,0.0,28.727873841314192,28.727873841314192,Mos,Sanguiñeda (Santa María),3,PNOA-2024-GAL-530-4669-H29-NPC01.LAZ
537,4657,14.750707951521456,13.9749969067678,28.725704858289255,Salvaterra de Miño,Porto (San Paulo),2,PNOA-2024-GAL-537-4657-H29-NPC01.LAZ
570,4731,5.912538634592994,22.792334894717918,28.704873529310913,Lalín,Bermés (Santa María),2,PNOA-2024-GAL-570-4731-H29-NPC01.LAZ
519,4720,9.372774904958439,19.30920371435459,28.68197861931303,Vilagarcía de Arousa,Bamio (San Xens),1,PNOA-2024-GAL-519-4720-H29-NPC01.LAZ
535,4721,8.128945703894512,20.552140380494077,28.68108608438859,Cuntis,Cuntis (Santa María),1,PNOA-2024-GAL-535-4721-H29-NPC01.LAZ
512,4699,1.8209694642662662,26.853925773267218,28.674895237533484,Sanxenxo,Vilalonga (San Pedro),2,PNOA-2024-GAL-512-4699-H29-NPC01.LAZ
524,4657,6.643525094627007,22.00492971351788,28.648454808144884,Tui,Malvas (Santiago),1,PNOA-2024-GAL-524-4657-H29-NPC01.LAZ
519,4706,4.120239107692886,24.4532595469308,28.573498654623684,Ribadumia,Ribadumia (Santa Baia),3,PNOA-2024-GAL-519-4706-H29-NPC01.LAZ
528,4665,3.323519524774074,25.225572266507164,28.54909179128124,O Porriño,Pontellas (Santiago),2,PNOA-2024-GAL-528-4665-H29-NPC01.LAZ
520,4714,7.7433821465755726,20.767302391793006,28.51068453836858,Vilagarcía de Arousa,Rubiáns (Santa María),2,PNOA-2024-GAL-520-4714-H29-NPC01.LAZ
570,4718,5.651925325436,22.836855852352226,28.488781177788226,Lalín,Doade (San Pedro),2,PNOA-2024-GAL-570-4718-H29-NPC01.LAZ
545,4676,9.645289688937236,18.824428990001476,28.46971867893871,Mondariz,Mondariz (Santa Baia),1,PNOA-2024-GAL-545-4676-H29-NPC01.LAZ
547,4732,6.070420400192224,22.33892588422425,28.409346284416472,A Estrada,Berres (San Vicenzo),2,PNOA-2024-GAL-547-4732-H29-NPC01.LAZ
543,4670,3.702336839348691,24.67443558703787,28.37677242638656,Ponteareas,Arcos (San Breixo),2,PNOA-2024-GAL-543-4670-H29-NPC01.LAZ
525,4684,0.0,28.371888378719323,28.371888378719323,Moaña,Domaio (San Pedro),1,PNOA-2024-GAL-525-4684-H29-NPC01.LAZ
516,4698,2.8515255875010785,25.51141600077618,28.36294158827726,Sanxenxo,Nantes (Santa Baia),2,PNOA-2024-GAL-516-4698-H29-NPC01.LAZ
517,4705,18.144051947905677,10.21263760174318,28.356689549648856,Ribadumia,Sisán (San Clemenzo),1,PNOA-2024-GAL-517-4705-H29-NPC01.LAZ
511,4698,4.464243048217555,23.875015208545328,28.339258256762882,Sanxenxo,Noalla (Santo Estevo),1,PNOA-2024-GAL-511-4698-H29-NPC01.LAZ
516,4666,0.0,28.337925206576962,28.337925206576962,Nigrán,Nigrán (San Fiz),1,PNOA-2024-GAL-516-4666-H29-NPC01.LAZ
541,4667,1.1561335371778387,27.18008700005618,28.33622053723402,Ponteareas,Moreira (San Martiño),1,PNOA-2024-GAL-541-4667-H29-NPC01.LAZ
558,4666,2.7074845799448473,25.62325866346565,28.330743243410495,Arbo,Mourentán (San Cristovo),1,PNOA-2024-GAL-558-4666-H29-NPC01.LAZ
516,4700,8.586156293808656,19.742713237504674,28.32886953131333,Meaño,Dena (Santa Eulalia),4,PNOA-2024-GAL-516-4700-H29-NPC01.LAZ
519,4719,21.384061332151333,6.9083870959809435,28.292448428132275,Vilagarcía de Arousa,Bamio (San Xens),2,PNOA-2024-GAL-519-4719-H29-NPC01.LAZ
544,4670,1.32519123778688,26.962282307033444,28.287473544820323,Ponteareas,Oliveira (Santiago),3,PNOA-2024-GAL-544-4670-H29-NPC01.LAZ
529,4716,12.758111505569332,15.521449132797779,28.27956063836711,Caldas de Reis,Caldas de Reis (Santa María),2,PNOA-2024-GAL-529-4716-H29-NPC01.LAZ
529,4665,7.136259603408324,21.097502292340614,28.233761895748938,O Porriño,Pontellas (Santiago),1,PNOA-2024-GAL-529-4665-H29-NPC01.LAZ
545,4664,3.651761123429236,24.51472957191559,28.166490695344827,Salvaterra de Miño,Meder (Santo Adrián),2,PNOA-2024-GAL-545-4664-H29-NPC01.LAZ
533,4719,7.775062027936531,20.349261283897462,28.124323311833994,Cuntis,Troáns (Santa María),1,PNOA-2024-GAL-533-4719-H29-NPC01.LAZ
528,4666,0.6734605200560791,27.432424391141424,28.105884911197503,O Porriño,Pontellas (Santiago),3,PNOA-2024-GAL-528-4666-H29-NPC01.LAZ
542,4661,3.6741580691689673,24.43039611219378,28.104554181362747,Salvaterra de Miño,Salvaterra (San Lourenzo),3,PNOA-2024-GAL-542-4661-H29-NPC01.LAZ
556,4663,2.1284117986639046,25.970004528204154,28.09841632686806,Arbo,Arbo (Santa María),1,PNOA-2024-GAL-556-4663-H29-NPC01.LAZ
531,4673,0.0,28.03286223269686,28.03286223269686,Mos,Torroso (San Mamede),2,PNOA-2024-GAL-531-4673-H29-NPC01.LAZ
527,4654,1.857380018376405,26.17256940886245,28.029949427238854,Tui,Areas (Santa Mariña),1,PNOA-2024-GAL-527-4654-H29-NPC01.LAZ
532,4667,1.915854473391182,26.063736728655947,27.97959120204713,O Porriño,Atios (Santa Eulalia),1,PNOA-2024-GAL-532-4667-H29-NPC01.LAZ
541,4669,1.2645489075943896,26.69789968815573,27.962448595750118,Ponteareas,Angoares (San Pedro),4,PNOA-2024-GAL-541-4669-H29-NPC01.LAZ
518,4704,9.213567912803311,18.738048809038382,27.951616721841695,Meaño,Covas (Santa Cristina),4,PNOA-2024-GAL-518-4704-H29-NPC01.LAZ
564,4667,3.743686557134799,24.203165397957907,27.946851955092704,Crecente,Ribeira (Santa Mariña),3,PNOA-2024-GAL-564-4667-H29-NPC01.LAZ
547,4668,3.966586115459142,23.883534269224068,27.85012038468321,Salvaterra de Miño,Vilacova (San Xoán),3,PNOA-2024-GAL-547-4668-H29-NPC01.LAZ
544,4672,8.21248680680342,19.629076898270924,27.841563705074343,Ponteareas,San Lourenzo de Oliveira (San Lourenzo),3,PNOA-2024-GAL-544-4672-H29-NPC01.LAZ
546,4663,11.039156760148929,16.79243545832065,27.83159221846958,Salvaterra de Miño,Meder (Santo Adrián),2,PNOA-2024-GAL-546-4663-H29-NPC01.LAZ
559,4670,8.660399533980783,19.148359206592666,27.80875874057345,A Cañiza,Valeixe (Santa Cristina),1,PNOA-2024-GAL-559-4670-H29-NPC01.LAZ
512,4695,8.456422160003324,19.340229488920624,27.796651648923948,Sanxenxo,Arra (San Amaro),2,PNOA-2024-GAL-512-4695-H29-NPC01.LAZ
574,4727,13.777652476581814,13.959453852347151,27.737106328928967,Lalín,Goiás (San Miguel),2,PNOA-2024-GAL-574-4727-H29-NPC01.LAZ
515,4712,5.58146284607923,22.132037395136948,27.713500241216177,Vilanova de Arousa,Caleiro (Santa María),2,PNOA-2024-GAL-515-4712-H29-NPC01.LAZ
521,4689,0.0,27.68691921992179,27.68691921992179,Marín,Ardán (Santa María),1,PNOA-2024-GAL-521-4689-H29-NPC01.LAZ
527,4686,0.0,27.682067487106536,27.682067487106536,Vilaboa,Cobres (Santo Adrán),1,PNOA-2024-GAL-527-4686-H29-NPC01.LAZ
519,4715,2.2727219490439623,25.384403957834348,27.65712590687831,Vilagarcía de Arousa,Cornazo (San Pedro),2,PNOA-2024-GAL-519-4715-H29-NPC01.LAZ
538,4671,2.592167812148814,25.05731251222476,27.649480324373577,Ponteareas,Areas (Santa María),4,PNOA-2024-GAL-538-4671-H29-NPC01.LAZ
517,4661,0.0,27.592088212975526,27.592088212975526,Gondomar,Donas (Santa Baia),3,PNOA-2024-GAL-517-4661-H29-NPC01.LAZ
531,4675,0.0,27.516858320353904,27.516858320353904,Mos,Guizán (Santa María),1,PNOA-2024-GAL-531-4675-H29-NPC01.LAZ
532,4712,6.43703028095052,21.031316808709974,27.468347089660494,Moraña,Rebón (San Pedro),1,PNOA-2024-GAL-532-4712-H29-NPC01.LAZ
529,4709,0.0,27.462089525341536,27.462089525341536,Barro,Perdecanai (Santa María),2,PNOA-2024-GAL-529-4709-H29-NPC01.LAZ
549,4660,3.7624800536132206,23.69144267025598,27.4539227238692,As Neves,Setados (Santa Euxenia),2,PNOA-2024-GAL-549-4660-H29-NPC01.LAZ
528,4672,0.0,27.435174382833836,27.435174382833836,Mos,Tameiga (San Martiño),1,PNOA-2024-GAL-528-4672-H29-NPC01.LAZ
529,4672,0.0,27.41805026994275,27.41805026994275,Mos,Tameiga (San Martiño),2,PNOA-2024-GAL-529-4672-H29-NPC01.LAZ
529,4713,3.356768950979399,24.011716226855892,27.36848517783529,Portas,Briallos (San Cristovo),2,PNOA-2024-GAL-529-4713-H29-NPC01.LAZ
566,4718,13.019760449695445,14.336159428342722,27.355919878038165,Lalín,Vilatuxe (San Lourenzo),1,PNOA-2024-GAL-566-4718-H29-NPC01.LAZ
515,4699,8.275388666042923,19.059245796053986,27.334634462096908,Meaño,Dena (Santa Eulalia),2,PNOA-2024-GAL-515-4699-H29-NPC01.LAZ
562,4726,19.36513605662553,7.9622947130568456,27.327430769682376,Silleda,Siador (San Miguel),2,PNOA-2024-GAL-562-4726-H29-NPC01.LAZ
531,4680,7.638684996067301,19.686427059492278,27.32511205555958,Redondela,Negros (Santo Estevo),4,PNOA-2024-GAL-531-4680-H29-NPC01.LAZ
545,4728,7.455482211552171,19.834020580541235,27.28950279209341,A Estrada,Callobre (San Martiño),1,PNOA-2024-GAL-545-4728-H29-NPC01.LAZ
521,4690,0.0,27.28590803568967,27.28590803568967,Marín,Ardán (Santa María),3,PNOA-2024-GAL-521-4690-H29-NPC01.LAZ
524,4728,6.233935813192487,21.05000107067793,27.283936883870417,Valga,Cordeiro (Santa Comba),1,PNOA-2024-GAL-524-4728-H29-NPC01.LAZ
535,4720,15.479631919910858,11.76243669244712,27.242068612357976,Cuntis,Cuntis (Santa María),1,PNOA-2024-GAL-535-4720-H29-NPC01.LAZ
536,4729,9.778409869370291,17.44490459803279,27.22331446740308,A Estrada,Santo André de Vea (Santo André),1,PNOA-2024-GAL-536-4729-H29-NPC01.LAZ
523,4725,0.0,27.14585089677584,27.14585089677584,Catoira,Oeste (Santa Baia),3,PNOA-2024-GAL-523-4725-H29-NPC01.LAZ
525,4716,1.7461632564348073,25.378383190406737,27.124546446841546,Caldas de Reis,Saiar (Santo Estevo),2,PNOA-2024-GAL-525-4716-H29-NPC01.LAZ
550,4734,7.891954477686712,19.222212705593552,27.114167183280266,A Estrada,Oca (Santo Estevo),2,PNOA-2024-GAL-550-4734-H29-NPC01.LAZ
518,4662,0.0,27.08098308612174,27.08098308612174,Gondomar,Mañufe (San Vicente),1,PNOA-2024-GAL-518-4662-H29-NPC01.LAZ
529,4728,5.725036745483513,21.306996798726253,27.032033544209767,Valga,Valga (San Miguel),1,PNOA-2024-GAL-529-4728-H29-NPC01.LAZ
517,4715,2.976118409023722,24.05493644140259,27.03105485042631,Vilagarcía de Arousa,Sobrán (San Martiño de Fóra),2,PNOA-2024-GAL-517-4715-H29-NPC01.LAZ
527,4716,5.040400917201889,21.985580613396465,27.025981530598354,Portas,Portas (Santa María),3,PNOA-2024-GAL-527-4716-H29-NPC01.LAZ
514,4679,9.823757831488916,17.15431734694113,26.978075178430046,Cangas,O Hío (Santo André),1,PNOA-2024-GAL-514-4679-H29-NPC01.LAZ
526,4698,0.0,26.9730919794644,26.9730919794644,Poio,Poio (San Salvador),2,PNOA-2024-GAL-526-4698-H29-NPC01.LAZ
515,4661,0.0,26.927203186768516,26.927203186768516,Baiona,Belesar (San Lourenzo),3,PNOA-2024-GAL-515-4661-H29-NPC01.LAZ
521,4714,4.192772064841089,22.707370000182934,26.90014206502402,Vilagarcía de Arousa,Rubiáns (Santa María),1,PNOA-2024-GAL-521-4714-H29-NPC01.LAZ
548,4733,5.097565509524645,21.798507866542927,26.896073376067573,A Estrada,Riobó (San Martiño),2,PNOA-2024-GAL-548-4733-H29-NPC01.LAZ
520,4717,5.2858834247354896,21.598739438624943,26.884622863360434,Vilagarcía de Arousa,Arealonga (Santa Baia),1,PNOA-2024-GAL-520-4717-H29-NPC01.LAZ
533,4659,6.165943814242767,20.66806175136468,26.834005565607445,Salceda de Caselas,Soutelo (San Vicente),1,PNOA-2024-GAL-533-4659-H29-NPC01.LAZ
529,4674,0.0,26.809311168311847,26.809311168311847,Mos,Dornelas (Santa María),3,PNOA-2024-GAL-529-4674-H29-NPC01.LAZ
526,4664,3.5529767609758247,23.246548119436195,26.79952488041202,O Porriño,Chenlo (San Xoán),1,PNOA-2024-GAL-526-4664-H29-NPC01.LAZ
559,4668,3.9548029754871195,22.789184167314374,26.743987142801494,A Cañiza,Valeixe (Santa Cristina),1,PNOA-2024-GAL-559-4668-H29-NPC01.LAZ
546,4729,10.996764868617722,15.691202107589588,26.68796697620731,A Estrada,Callobre (San Martiño),2,PNOA-2024-GAL-546-4729-H29-NPC01.LAZ
532,4661,6.276713199141733,20.40195272551303,26.678665924654766,Salceda de Caselas,Santo Estevo de Budiño (Santo Estevo),2,PNOA-2024-GAL-532-4661-H29-NPC01.LAZ
545,4665,2.277879905748797,24.386286017099206,26.664165922848003,Salvaterra de Miño,Leirado (San Salvador),2,PNOA-2024-GAL-545-4665-H29-NPC01.LAZ
549,4676,3.9516730447136297,22.67813125713699,26.62980430185062,Mondariz,Lougares (San Fiz),2,PNOA-2024-GAL-549-4676-H29-NPC01.LAZ
548,4669,2.738907286941651,23.82726537568992,26.56617266263157,Salvaterra de Miño,Uma (Santo André),3,PNOA-2024-GAL-548-4669-H29-NPC01.LAZ
515,4703,15.888294152089781,10.600829480771978,26.48912363286176,Cambados,Castrelo (Santa Cruz),1,PNOA-2024-GAL-515-4703-H29-NPC01.LAZ
538,4658,3.3958104515425704,23.08087559706745,26.47668604861002,Salvaterra de Miño,Porto (San Paulo),2,PNOA-2024-GAL-538-4658-H29-NPC01.LAZ
538,4673,0.5046638577118486,25.96390706703987,26.468570924751717,Ponteareas,Ribadetea (San Xurxo),1,PNOA-2024-GAL-538-4673-H29-NPC01.LAZ
511,4697,7.5002517804890525,18.960775793553232,26.461027574042284,Sanxenxo,Noalla (Santo Estevo),1,PNOA-2024-GAL-511-4697-H29-NPC01.LAZ
522,4709,10.33538273772633,16.125534686812586,26.460917424538916,Ribadumia,Lois (San Fins),2,PNOA-2024-GAL-522-4709-H29-NPC01.LAZ
536,4662,8.177724551535361,18.281954605286504,26.459679156821863,Salceda de Caselas,Santa María de Salceda (Santa María),3,PNOA-2024-GAL-536-4662-H29-NPC01.LAZ
547,4663,1.4682978921582568,24.97061687668916,26.438914768847418,As Neves,Rubiós (San Xoán),2,PNOA-2024-GAL-547-4663-H29-NPC01.LAZ
529,4666,1.7251534733290703,24.699847342421062,26.42500081575013,O Porriño,Pontellas (Santiago),2,PNOA-2024-GAL-529-4666-H29-NPC01.LAZ
517,4701,7.928370814064307,18.46756542495796,26.39593623902227,Meaño,Xil (Santa Eulalia),1,PNOA-2024-GAL-517-4701-H29-NPC01.LAZ
540,4672,3.214661035607927,23.16643004892658,26.381091084534503,Ponteareas,Bugarín (Santa Cristina),3,PNOA-2024-GAL-540-4672-H29-NPC01.LAZ
521,4663,0.0,26.37721846054842,26.37721846054842,Gondomar,Chaín (Santa María),3,PNOA-2024-GAL-521-4663-H29-NPC01.LAZ
518,4710,8.948230568488777,17.41740486866964,26.365635437158417,Vilanova de Arousa,Tremoedo (Santo Estevo),2,PNOA-2024-GAL-518-4710-H29-NPC01.LAZ
552,4734,14.852579504989372,11.495972449445754,26.348551954435123,A Estrada,Loimil (Santa María),2,PNOA-2024-GAL-552-4734-H29-NPC01.LAZ
515,4714,12.66905035523879,13.669755045315574,26.338805400554364,Vilanova de Arousa,Vilanova de Arousa (San Cibrán),2,PNOA-2024-GAL-515-4714-H29-NPC01.LAZ
544,4663,6.269510616210615,20.010695362871594,26.28020597908221,Salvaterra de Miño,Corzáns (San Miguel),3,PNOA-2024-GAL-544-4663-H29-NPC01.LAZ
537,4732,7.454398735956339,18.7954284043724,26.24982714032874,A Estrada,San Xurxo de Vea (San Xurxo),3,PNOA-2024-GAL-537-4732-H29-NPC01.LAZ
570,4723,21.007895438654554,5.2406904241045345,26.24858586275909,Lalín,Botos (San Xoán),2,PNOA-2024-GAL-570-4723-H29-NPC01.LAZ
545,4695,9.791901262637653,16.45330568092743,26.24520694356508,A Lama,A Lama (San Salvador),1,PNOA-2024-GAL-545-4695-H29-NPC01.LAZ
524,4708,0.0,26.243108380826758,26.243108380826758,Meis,San Tomé de Nogueira (San Tomé),3,PNOA-2024-GAL-524-4708-H29-NPC01.LAZ
512,4683,14.290726386414821,11.930365277758671,26.221091664173493,Cangas,O Hío (Santo André),1,PNOA-2024-GAL-512-4683-H29-NPC01.LAZ
541,4665,5.5301105246788795,20.625860124781358,26.155970649460237,Salvaterra de Miño,Fornelos (San Xoán),1,PNOA-2024-GAL-541-4665-H29-NPC01.LAZ
541,4670,3.0522156590921337,23.09289422756598,26.145109886658116,Ponteareas,Ponteareas (San Miguel),2,PNOA-2024-GAL-541-4670-H29-NPC01.LAZ
564,4668,6.460697176023947,19.659946318451695,26.120643494475644,Crecente,Crecente (San Pedro),2,PNOA-2024-GAL-564-4668-H29-NPC01.LAZ
531,4674,0.0,26.10195641188627,26.10195641188627,Mos,Torroso (San Mamede),2,PNOA-2024-GAL-531-4674-H29-NPC01.LAZ
516,4712,1.4597522824151703,24.599888930170174,26.059641212585344,Vilanova de Arousa,Caleiro (Santa María),5,PNOA-2024-GAL-516-4712-H29-NPC01.LAZ
539,4668,0.918416802901481,25.0692750586642,25.98769186156568,Ponteareas,Areas (Santa María),3,PNOA-2024-GAL-539-4668-H29-NPC01.LAZ
524,4654,3.730114710689116,22.219771845989207,25.949886556678322,Tui,Pexegueiro (San Miguel),1,PNOA-2024-GAL-524-4654-H29-NPC01.LAZ
527,4687,0.0,25.870620158470317,25.870620158470317,Vilaboa,Cobres (Santo Adrán),2,PNOA-2024-GAL-527-4687-H29-NPC01.LAZ
547,4730,7.357794411354147,18.432497909102466,25.790292320456615,A Estrada,San Pedro de Ancorados (San Pedro),3,PNOA-2024-GAL-547-4730-H29-NPC01.LAZ
539,4673,5.046959822073528,20.740627263805845,25.787587085879373,Ponteareas,Ribadetea (San Xurxo),1,PNOA-2024-GAL-539-4673-H29-NPC01.LAZ
514,4699,6.535521070418485,19.174056983247166,25.709578053665652,Sanxenxo,Gondar (San Tomé),2,PNOA-2024-GAL-514-4699-H29-NPC01.LAZ
522,4666,0.0,25.695944355567665,25.695944355567665,Gondomar,Vincios (Santa Mariña),1,PNOA-2024-GAL-522-4666-H29-NPC01.LAZ
530,4671,0.0,25.658080134891996,25.658080134891996,Mos,Petelos (San Mamede),1,PNOA-2024-GAL-530-4671-H29-NPC01.LAZ
530,4673,0.0,25.65358908537427,25.65358908537427,Mos,Dornelas (Santa María),3,PNOA-2024-GAL-530-4673-H29-NPC01.LAZ
526,4699,0.0,25.642608464674204,25.642608464674204,Poio,Poio (San Xoán),2,PNOA-2024-GAL-526-4699-H29-NPC01.LAZ
519,4664,0.0,25.6315875105828,25.6315875105828,Gondomar,Vilaza (Santa María),2,PNOA-2024-GAL-519-4664-H29-NPC01.LAZ
519,4681,4.064327190556022,21.564768563068213,25.629095753624235,Cangas,Coiro (San Salvador),3,PNOA-2024-GAL-519-4681-H29-NPC01.LAZ
518,4682,2.9161780287521473,22.67861616645712,25.594794195209268,Cangas,Coiro (San Salvador),2,PNOA-2024-GAL-518-4682-H29-NPC01.LAZ
518,4706,6.741361023514456,18.84373035794593,25.585091381460387,Ribadumia,Barrantes (Santo André),4,PNOA-2024-GAL-518-4706-H29-NPC01.LAZ
520,4681,0.0,25.539790187071574,25.539790187071574,Moaña,Tirán (San Xoán),2,PNOA-2024-GAL-520-4681-H29-NPC01.LAZ
537,4661,4.859570373017702,20.679387854044304,25.538958227062004,Salvaterra de Miño,Cabreira (San Miguel),3,PNOA-2024-GAL-537-4661-H29-NPC01.LAZ
533,4675,0.0,25.477664431872945,25.477664431872945,Mos,Louredo (San Salvador),1,PNOA-2024-GAL-533-4675-H29-NPC01.LAZ
518,4666,0.0,25.44196710042168,25.44196710042168,Nigrán,Camos (Santa Baia),2,PNOA-2024-GAL-518-4666-H29-NPC01.LAZ
545,4729,13.782865157079707,11.614201558805352,25.39706671588506,A Estrada,Moreira (San Miguel),2,PNOA-2024-GAL-545-4729-H29-NPC01.LAZ
521,4684,0.0,25.391321943631752,25.391321943631752,Moaña,Moaña (Virxe do Carme),2,PNOA-2024-GAL-521-4684-H29-NPC01.LAZ
547,4661,4.295699754033678,21.086714472540837,25.382414226574515,As Neves,Tortoreos (Santiago),2,PNOA-2024-GAL-547-4661-H29-NPC01.LAZ
517,4713,11.65961040093019,13.69825186070509,25.35786226163528,Vilagarcía de Arousa,Sobrán (San Martiño de Fóra),2,PNOA-2024-GAL-517-4713-H29-NPC01.LAZ
543,4668,4.561137230354519,20.75587326155056,25.317010491905076,Ponteareas,San Mateo de Oliveira (San Mateo),3,PNOA-2024-GAL-543-4668-H29-NPC01.LAZ
557,4731,10.234458567316425,15.071624896601811,25.306083463918235,Silleda,Manduas (San Tirso),2,PNOA-2024-GAL-557-4731-H29-NPC01.LAZ
530,4682,11.073738379151166,14.209201471116332,25.282939850267496,Redondela,Cedeira (Santo André),1,PNOA-2024-GAL-530-4682-H29-NPC01.LAZ
517,4712,3.9300701647061023,21.323054881604538,25.25312504631064,Vilanova de Arousa,András (San Lourenzo),3,PNOA-2024-GAL-517-4712-H29-NPC01.LAZ
533,4663,4.760250802683671,20.482279679464003,25.242530482147675,O Porriño,San Salvador de Budiño (San Salvador),1,PNOA-2024-GAL-533-4663-H29-NPC01.LAZ
539,4670,5.712621707554981,19.523055980727765,25.235677688282745,Ponteareas,Areas (Santa María),2,PNOA-2024-GAL-539-4670-H29-NPC01.LAZ
552,4677,1.1467958812512955,24.078313103945085,25.225108985196382,Covelo,Santiago de Covelo (Santiago),2,PNOA-2024-GAL-552-4677-H29-NPC01.LAZ
548,4679,3.775530490600706,21.387344195122335,25.16287468572304,Mondariz,Sabaxáns (San Mamede),2,PNOA-2024-GAL-548-4679-H29-NPC01.LAZ
531,4658,2.4880837903262942,22.669491541520312,25.157575331846605,Tui,Guillarei (San Mamede),2,PNOA-2024-GAL-531-4658-H29-NPC01.LAZ
533,4676,0.0,25.151427351105713,25.151427351105713,Mos,Louredo (San Salvador),1,PNOA-2024-GAL-533-4676-H29-NPC01.LAZ
534,4714,0.0,25.142985278123284,25.142985278123284,Moraña,Santa Xusta de Moraña (Santa Xusta),2,PNOA-2024-GAL-534-4714-H29-NPC01.LAZ
514,4711,12.343222143442796,12.778419963237772,25.121642106680568,Vilanova de Arousa,Deiro (San Miguel),2,PNOA-2024-GAL-514-4711-H29-NPC01.LAZ
514,4695,3.1117773006333618,22.002428645035526,25.114205945668886,Sanxenxo,Adina (Santa María),2,PNOA-2024-GAL-514-4695-H29-NPC01.LAZ
541,4668,2.4227605429367083,22.65465254920645,25.077413092143157,Ponteareas,San Mateo de Oliveira (San Mateo),3,PNOA-2024-GAL-541-4668-H29-NPC01.LAZ
539,4671,7.583462500488626,17.48578849711809,25.069250997606716,Ponteareas,Areas (Santa María),3,PNOA-2024-GAL-539-4671-H29-NPC01.LAZ
531,4676,9.082498503363066,15.957278633202996,25.039777136566062,Redondela,Vilar de Infesta (San Martiño),2,PNOA-2024-GAL-531-4676-H29-NPC01.LAZ
545,4732,7.489734937012123,17.52976459128966,25.019499528301782,A Estrada,Ribeira (Santa Mariña),1,PNOA-2024-GAL-545-4732-H29-NPC01.LAZ
544,4723,6.348904459193514,18.660152934013606,25.009057393207122,A Estrada,Tabeirós (Santiago),2,PNOA-2024-GAL-544-4723-H29-NPC01.LAZ
552,4676,3.0414299944072933,21.94935208906457,24.990782083471863,Covelo,Santiago de Covelo (Santiago),2,PNOA-2024-GAL-552-4676-H29-NPC01.LAZ
572,4719,1.2866879748514983,23.676857832905156,24.963545807756656,Lalín,A Xesta (San Fiz),2,PNOA-2024-GAL-572-4719-H29-NPC01.LAZ
543,4685,0.0,24.947904896678967,24.947904896678967,Fornelos de Montes,Traspielas (Santa María),1,PNOA-2024-GAL-543-4685-H29-NPC01.LAZ
528,4669,0.0,24.932686901696464,24.932686901696464,Mos,Cela (San Pedro),2,PNOA-2024-GAL-528-4669-H29-NPC01.LAZ
527,4663,2.8111023449368817,22.065822401190374,24.876924746127255,O Porriño,Chenlo (San Xoán),2,PNOA-2024-GAL-527-4663-H29-NPC01.LAZ
527,4664,2.446606916053276,22.380561993751996,24.827168909805273,O Porriño,Chenlo (San Xoán),2,PNOA-2024-GAL-527-4664-H29-NPC01.LAZ
529,4682,8.445261351196992,16.38128841189388,24.826549763090874,Redondela,Cedeira (Santo André),1,PNOA-2024-GAL-529-4682-H29-NPC01.LAZ
541,4731,6.958934998571269,17.86495067158785,24.823885670159118,A Estrada,Santeles (San Xoán),2,PNOA-2024-GAL-541-4731-H29-NPC01.LAZ
517,4711,5.788140641908944,19.02610842474214,24.814249066651087,Vilanova de Arousa,Tremoedo (Santo Estevo),2,PNOA-2024-GAL-517-4711-H29-NPC01.LAZ
562,4669,8.448933250307473,16.3233283135493,24.772261563856773,Crecente,Vilar (San Xorxe),1,PNOA-2024-GAL-562-4669-H29-NPC01.LAZ
527,4715,4.969276778626453,19.768073966657262,24.737350745283713,Portas,Portas (Santa María),2,PNOA-2024-GAL-527-4715-H29-NPC01.LAZ
522,4661,0.0,24.7228185037135,24.7228185037135,Gondomar,Peitieiros (San Miguel),1,PNOA-2024-GAL-522-4661-H29-NPC01.LAZ
522,4712,4.507838589435068,20.190438979010146,24.698277568445214,Vilanova de Arousa,Baión (San Xoán),2,PNOA-2024-GAL-522-4712-H29-NPC01.LAZ
545,4726,6.776379898451803,17.914588483662605,24.69096838211441,A Estrada,Cereixo (San Xurxo),1,PNOA-2024-GAL-545-4726-H29-NPC01.LAZ
560,4675,8.140153241834575,16.51934324271653,24.659496484551106,A Cañiza,A Cañiza (Santa Teresa),2,PNOA-2024-GAL-560-4675-H29-NPC01.LAZ
541,4666,1.175130520379586,23.48360840466449,24.658738925044076,Salvaterra de Miño,Fornelos (San Xoán),2,PNOA-2024-GAL-541-4666-H29-NPC01.LAZ
559,4667,3.3764847476309536,21.24303036658027,24.619515114211225,Crecente,Albeos (San Xoán),3,PNOA-2024-GAL-559-4667-H29-NPC01.LAZ
528,4717,5.328750965186001,19.279196798110473,24.607947763296472,Caldas de Reis,Bemil (Santa María),3,PNOA-2024-GAL-528-4717-H29-NPC01.LAZ
550,4736,9.62178417507121,14.985628393127858,24.607412568199067,A Estrada,San Miguel de Castro (San Miguel),1,PNOA-2024-GAL-550-4736-H29-NPC01.LAZ
561,4675,3.732893414925442,20.827543939925466,24.560437354850908,A Cañiza,Oroso (Santa María),1,PNOA-2024-GAL-561-4675-H29-NPC01.LAZ
541,4733,10.199357570152134,14.347902456626354,24.54726002677849,A Estrada,Santeles (San Xoán),1,PNOA-2024-GAL-541-4733-H29-NPC01.LAZ
520,4664,0.0,24.54332215516404,24.54332215516404,Gondomar,Vilaza (Santa María),2,PNOA-2024-GAL-520-4664-H29-NPC01.LAZ
536,4694,3.0914686478552262,21.44455335516765,24.536022003022875,Ponte Caldelas,Xustáns (San Martiño),1,PNOA-2024-GAL-536-4694-H29-NPC01.LAZ
541,4671,2.9597839748417876,21.569618780870446,24.529402755712233,Ponteareas,Ponteareas (San Miguel),2,PNOA-2024-GAL-541-4671-H29-NPC01.LAZ
518,4714,13.634046042665549,10.886698497954702,24.52074454062025,Vilagarcía de Arousa,Sobrán (San Martiño de Fóra),3,PNOA-2024-GAL-518-4714-H29-NPC01.LAZ
520,4711,0.8922211194402498,23.61310166844509,24.50532278788534,Vilanova de Arousa,Baión (San Xoán),3,PNOA-2024-GAL-520-4711-H29-NPC01.LAZ
532,4657,4.30229669205328,20.17216413478976,24.47446082684304,Tui,Paramos (San Xoán),2,PNOA-2024-GAL-532-4657-H29-NPC01.LAZ
542,4725,15.283017312906573,9.103819209598203,24.386836522504776,A Estrada,Ouzande (San Lourenzo),3,PNOA-2024-GAL-542-4725-H29-NPC01.LAZ
529,4660,2.7069502454503898,21.668239047992582,24.375189293442972,Tui,Ribadelouro (Santa Comba),2,PNOA-2024-GAL-529-4660-H29-NPC01.LAZ
514,4697,0.9175072265386943,23.440660449524763,24.35816767606346,Sanxenxo,Adina (Santa María),2,PNOA-2024-GAL-514-4697-H29-NPC01.LAZ
529,4668,1.1428757570504575,23.200293802693807,24.343169559744265,O Porriño,Torneiros (San Salvador),3,PNOA-2024-GAL-529-4668-H29-NPC01.LAZ
561,4728,8.564953616219675,15.747841265275351,24.312794881495027,Silleda,Silleda (Santa Baia),1,PNOA-2024-GAL-561-4728-H29-NPC01.LAZ
530,4692,0.0,24.30832910991078,24.30832910991078,Vilaboa,Figueirido (Santo André),2,PNOA-2024-GAL-530-4692-H29-NPC01.LAZ
566,4730,2.9070103085691597,21.36630341892523,24.27331372749439,Lalín,Anzo (San Xoán),2,PNOA-2024-GAL-566-4730-H29-NPC01.LAZ
534,4710,1.0006635455678303,23.21965211275321,24.22031565832104,Moraña,Amil (San Mamede),1,PNOA-2024-GAL-534-4710-H29-NPC01.LAZ
515,4668,0.0,24.213673245265042,24.213673245265042,Nigrán,Priegue (San Mamede),2,PNOA-2024-GAL-515-4668-H29-NPC01.LAZ
532,4682,7.71291236543964,16.481503945010964,24.194416310450602,Redondela,Reboreda (Santa María),3,PNOA-2024-GAL-532-4682-H29-NPC01.LAZ
569,4723,11.785300129213493,12.394514508349154,24.179814637562647,Lalín,Botos (San Xoán),2,PNOA-2024-GAL-569-4723-H29-NPC01.LAZ
523,4710,0.0,24.179576477528762,24.179576477528762,Meis,Paradela (Santa María),2,PNOA-2024-GAL-523-4710-H29-NPC01.LAZ
536,4734,4.17278117762196,20.004031438318663,24.176812615940623,A Estrada,Couso (Santa María),1,PNOA-2024-GAL-536-4734-H29-NPC01.LAZ
563,4720,5.301353015317917,18.86574727008884,24.167100285406757,Silleda,Parada (San Tomé),2,PNOA-2024-GAL-563-4720-H29-NPC01.LAZ
520,4705,0.0,24.136392348296308,24.136392348296308,Meis,San Martiño de Meis (San Martiño),2,PNOA-2024-GAL-520-4705-H29-NPC01.LAZ
534,4688,9.885652726417288,14.24967205734733,24.135324783764617,Soutomaior,Soutomaior (San Salvador),1,PNOA-2024-GAL-534-4688-H29-NPC01.LAZ
515,4702,6.888744126353551,17.241174706307767,24.129918832661318,Cambados,Castrelo (Santa Cruz),2,PNOA-2024-GAL-515-4702-H29-NPC01.LAZ
556,4733,9.610098023040777,14.514371136511706,24.124469159552483,Silleda,Lamela (San Miguel),4,PNOA-2024-GAL-556-4733-H29-NPC01.LAZ
528,4708,0.0,24.116535562244078,24.116535562244078,Barro,Portela (San Mamede),2,PNOA-2024-GAL-528-4708-H29-NPC01.LAZ
525,4700,0.0,24.084700742490522,24.084700742490522,Poio,Poio (San Xoán),1,PNOA-2024-GAL-525-4700-H29-NPC01.LAZ
527,4714,5.362976143630908,18.720012462503984,24.08298860613489,Portas,Portas (Santa María),1,PNOA-2024-GAL-527-4714-H29-NPC01.LAZ
513,4682,11.331370904035193,12.7489831277418,24.08035403177699,Cangas,O Hío (Santo André),1,PNOA-2024-GAL-513-4682-H29-NPC01.LAZ
538,4675,2.9664296267658368,21.084990434182878,24.051420060948715,Ponteareas,Padróns (San Salvador),1,PNOA-2024-GAL-538-4675-H29-NPC01.LAZ
550,4662,1.8527862138255464,22.18465961248479,24.037445826310336,As Neves,Santiago de Ribarteme (Santiago),2,PNOA-2024-GAL-550-4662-H29-NPC01.LAZ
534,4683,10.699834797464703,13.315913562367953,24.015748359832656,Redondela,Ventosela (San Martiño),2,PNOA-2024-GAL-534-4683-H29-NPC01.LAZ
552,4733,12.502291258014157,11.503519027217513,24.005810285231668,A Estrada,Orazo (San Pedro),2,PNOA-2024-GAL-552-4733-H29-NPC01.LAZ
540,4728,15.46638590952935,8.5038878466402,23.97027375616955,A Estrada,Matalobos (Santa Baia),2,PNOA-2024-GAL-540-4728-H29-NPC01.LAZ
519,4709,6.521208366893863,17.429262375570698,23.95047074246456,Cambados,Oubiña (San Vicenzo),2,PNOA-2024-GAL-519-4709-H29-NPC01.LAZ
570,4725,7.260664197493683,16.685404818740032,23.946069016233714,Lalín,Filgueira (Santa María),3,PNOA-2024-GAL-570-4725-H29-NPC01.LAZ
544,4673,7.68043817018929,16.261449246930955,23.941887417120245,Mondariz,Vilasobroso (San Martiño),1,PNOA-2024-GAL-544-4673-H29-NPC01.LAZ
536,4724,8.660618699072073,15.278310446400972,23.938929145473047,Cuntis,Piñeiro (San Mamede),3,PNOA-2024-GAL-536-4724-H29-NPC01.LAZ
563,4666,7.745455377276999,16.183078535114664,23.928533912391664,Crecente,Ribeira (Santa Mariña),1,PNOA-2024-GAL-563-4666-H29-NPC01.LAZ
531,4712,0.17894639519252736,23.734832436860522,23.913778832053048,Barro,Barro (San Breixo),2,PNOA-2024-GAL-531-4712-H29-NPC01.LAZ
540,4660,13.170974925190432,10.737585460358462,23.908560385548896,Salvaterra de Miño,Salvaterra (San Lourenzo),1,PNOA-2024-GAL-540-4660-H29-NPC01.LAZ
527,4717,16.89233222117161,7.0151222769980315,23.907454498169642,Caldas de Reis,Bemil (Santa María),2,PNOA-2024-GAL-527-4717-H29-NPC01.LAZ
516,4679,7.514195206022478,16.392935497901487,23.907130703923965,Cangas,Darbo (Santa María),1,PNOA-2024-GAL-516-4679-H29-NPC01.LAZ
545,4733,8.02784932092612,15.877438765331505,23.905288086257624,A Estrada,Ribeira (Santa Mariña),1,PNOA-2024-GAL-545-4733-H29-NPC01.LAZ
541,4661,3.160478740774031,20.732337169443408,23.89281591021744,Salvaterra de Miño,Salvaterra (San Lourenzo),1,PNOA-2024-GAL-541-4661-H29-NPC01.LAZ
536,4708,2.775675713413385,21.10458284747394,23.880258560887324,Campo Lameiro,Fragas (Santa Mariña),1,PNOA-2024-GAL-536-4708-H29-NPC01.LAZ
562,4671,1.8390817356202054,22.019110294899928,23.858192030520133,A Cañiza,O Couto (San Bartolomeu),1,PNOA-2024-GAL-562-4671-H29-NPC01.LAZ
535,4657,3.159177159259672,20.68410382997008,23.843280989229754,Tui,Caldelas de Tui (San Martiño),2,PNOA-2024-GAL-535-4657-H29-NPC01.LAZ
568,4727,9.612386721529314,14.226724284344646,23.83911100587396,Lalín,Santiso (San Román),2,PNOA-2024-GAL-568-4727-H29-NPC01.LAZ
555,4662,6.899914523866553,16.927520888571156,23.82743541243771,Arbo,Barcela (San Xoán),3,PNOA-2024-GAL-555-4662-H29-NPC01.LAZ
529,4718,4.690084828188885,19.079181249493473,23.76926607768236,Caldas de Reis,Santo André de Cesar (Santo André),3,PNOA-2024-GAL-529-4718-H29-NPC01.LAZ
540,4668,5.127877069219229,18.62968717284667,23.757564242065897,Ponteareas,Angoares (San Pedro),4,PNOA-2024-GAL-540-4668-H29-NPC01.LAZ
527,4698,0.0,23.75015677278171,23.75015677278171,Poio,Poio (San Salvador),1,PNOA-2024-GAL-527-4698-H29-NPC01.LAZ
539,4728,13.19810374030233,10.540826119073442,23.738929859375773,A Estrada,Matalobos (Santa Baia),1,PNOA-2024-GAL-539-4728-H29-NPC01.LAZ
526,4714,3.740869429094374,19.99438571600899,23.735255145103363,Portas,Lantaño (San Pedro),2,PNOA-2024-GAL-526-4714-H29-NPC01.LAZ
529,4725,5.100436875562095,18.6330684430981,23.733505318660196,Valga,Setecoros (San Salvador),1,PNOA-2024-GAL-529-4725-H29-NPC01.LAZ
518,4667,0.0,23.732956427939044,23.732956427939044,Nigrán,Camos (Santa Baia),2,PNOA-2024-GAL-518-4667-H29-NPC01.LAZ
517,4665,0.0,23.727975979687,23.727975979687,Nigrán,Parada (Santiago),4,PNOA-2024-GAL-517-4665-H29-NPC01.LAZ
543,4665,10.04777521882914,13.677835557767184,23.725610776596323,Salvaterra de Miño,Soutolobre (Santa Comba),2,PNOA-2024-GAL-543-4665-H29-NPC01.LAZ
527,4699,0.0,23.700808590923575,23.700808590923575,Poio,Poio (San Salvador),2,PNOA-2024-GAL-527-4699-H29-NPC01.LAZ
540,4666,7.870427743220406,15.830066706790767,23.700494450011174,Ponteareas,Moreira (San Martiño),2,PNOA-2024-GAL-540-4666-H29-NPC01.LAZ
510,4662,0.0,23.69293743851809,23.69293743851809,Baiona,Baredo (Santa María),1,PNOA-2024-GAL-510-4662-H29-NPC01.LAZ
552,4732,4.839136917786465,18.849017666782867,23.688154584569332,A Estrada,Orazo (San Pedro),1,PNOA-2024-GAL-552-4732-H29-NPC01.LAZ
520,4648,0.0,23.67586268526276,23.67586268526276,Tomiño,Tomiño (Santa María),2,PNOA-2024-GAL-520-4648-H29-NPC01.LAZ
512,4662,0.0,23.665301661012556,23.665301661012556,Baiona,Baíña (Santa Mariña),2,PNOA-2024-GAL-512-4662-H29-NPC01.LAZ
513,4641,3.743047956403409,19.900693518657466,23.643741475060875,A Guarda,Salcidos (San Lourenzo),3,PNOA-2024-GAL-513-4641-H29-NPC01.LAZ
522,4705,0.0,23.631898727344346,23.631898727344346,Meis,Meis (San Salvador),1,PNOA-2024-GAL-522-4705-H29-NPC01.LAZ
520,4718,16.324279326235093,7.29108548822645,23.615364814461543,Vilagarcía de Arousa,O Carril (Santiago de Fóra),2,PNOA-2024-GAL-520-4718-H29-NPC01.LAZ
524,4716,4.573222040549174,19.006218690940926,23.579440731490102,Caldas de Reis,Saiar (Santo Estevo),2,PNOA-2024-GAL-524-4716-H29-NPC01.LAZ
541,4728,6.458667323632946,17.08891866201748,23.54758598565043,A Estrada,A Estrada (San Paio),1,PNOA-2024-GAL-541-4728-H29-NPC01.LAZ
532,4687,4.276879750107781,19.253054946264157,23.52993469637194,Soutomaior,Arcade (Santiago),2,PNOA-2024-GAL-532-4687-H29-NPC01.LAZ
570,4730,7.91352676582815,15.609671177531379,23.523197943359527,Lalín,Bermés (Santa María),1,PNOA-2024-GAL-570-4730-H29-NPC01.LAZ
530,4670,0.0,23.514073961486208,23.514073961486208,Mos,Sanguiñeda (Santa María),2,PNOA-2024-GAL-530-4670-H29-NPC01.LAZ
527,4656,5.027361863793937,18.45181356734652,23.479175431140455,Tui,Randufe (Santa María da Guía),1,PNOA-2024-GAL-527-4656-H29-NPC01.LAZ
531,4678,17.926549870686227,5.5240926952276075,23.450642565913835,Redondela,Vilar de Infesta (San Martiño),4,PNOA-2024-GAL-531-4678-H29-NPC01.LAZ
540,4677,1.2688442158573219,22.168439295104424,23.437283510961745,Ponteareas,Fozara (San Bartolomeu),2,PNOA-2024-GAL-540-4677-H29-NPC01.LAZ
536,4663,4.902465681653224,18.510433820987014,23.412899502640236,Salceda de Caselas,Santa María de Salceda (Santa María),3,PNOA-2024-GAL-536-4663-H29-NPC01.LAZ
544,4675,2.2371466161218696,21.173496311826547,23.410642927948416,Mondariz-Balneario,Mondariz-Balneario (Nosa Señora de Lurdes),2,PNOA-2024-GAL-544-4675-H29-NPC01.LAZ
533,4716,0.9383471463958526,22.434563297618155,23.372910444014007,Moraña,Saiáns (San Salvador),3,PNOA-2024-GAL-533-4716-H29-NPC01.LAZ
531,4670,0.23565278958844252,23.13005189788499,23.365704687473432,Mos,Sanguiñeda (Santa María),3,PNOA-2024-GAL-531-4670-H29-NPC01.LAZ
558,4679,1.2953864677334919,22.06565323762706,23.361039705360554,A Cañiza,Petán (San Xián),1,PNOA-2024-GAL-558-4679-H29-NPC01.LAZ
532,4671,0.05809894203864238,23.299826567827054,23.357925509865698,Mos,Mos (Santa Eulalia),2,PNOA-2024-GAL-532-4671-H29-NPC01.LAZ
528,4718,8.618862311551805,14.733511245986572,23.352373557538378,Caldas de Reis,Bemil (Santa María),2,PNOA-2024-GAL-528-4718-H29-NPC01.LAZ
528,4729,3.558467194827618,19.769804911500366,23.328272106327983,Pontecesures,Pontecesures (San Xulián),4,PNOA-2024-GAL-528-4729-H29-NPC01.LAZ
546,4725,3.397486354758063,19.923576325470858,23.32106268022892,A Estrada,Vinseiro (Santa Cristina),2,PNOA-2024-GAL-546-4725-H29-NPC01.LAZ
535,4717,0.0,23.3062460985743,23.3062460985743,Moraña,Laxe (San Martiño),2,PNOA-2024-GAL-535-4717-H29-NPC01.LAZ
536,4707,3.3271925810424294,19.95213704257563,23.279329623618057,Campo Lameiro,Fragas (Santa Mariña),1,PNOA-2024-GAL-536-4707-H29-NPC01.LAZ
556,4734,9.091599804175699,14.178018321327198,23.269618125502895,Silleda,Abades (Santa María),2,PNOA-2024-GAL-556-4734-H29-NPC01.LAZ
518,4715,4.725936025993301,18.53424913585846,23.26018516185176,Vilagarcía de Arousa,Sobradelo (San Salvador),4,PNOA-2024-GAL-518-4715-H29-NPC01.LAZ
560,4669,6.013250580302337,17.246717541208582,23.25996812151092,A Cañiza,Valeixe (Santa Cristina),1,PNOA-2024-GAL-560-4669-H29-NPC01.LAZ
557,4666,0.3811724959437618,22.874403266970994,23.255575762914756,Arbo,Mourentán (San Cristovo),1,PNOA-2024-GAL-557-4666-H29-NPC01.LAZ
516,4662,0.0,23.252891831204266,23.252891831204266,Gondomar,Borreiros (San Martiño),2,PNOA-2024-GAL-516-4662-H29-NPC01.LAZ
536,4720,10.815241858261917,12.428703932783106,23.24394579104502,Cuntis,Cuntis (Santa María),1,PNOA-2024-GAL-536-4720-H29-NPC01.LAZ
544,4729,3.5778636853267933,19.653694118410588,23.23155780373738,A Estrada,Moreira (San Miguel),2,PNOA-2024-GAL-544-4729-H29-NPC01.LAZ
532,4715,0.0,23.215644719366715,23.215644719366715,Moraña,Saiáns (San Salvador),1,PNOA-2024-GAL-532-4715-H29-NPC01.LAZ
544,4726,7.019956588314288,16.170221821246187,23.190178409560474,A Estrada,Guimarei (San Xiao),3,PNOA-2024-GAL-544-4726-H29-NPC01.LAZ
521,4712,2.853425045427244,20.24745857297253,23.100883618399774,Vilanova de Arousa,Baión (San Xoán),1,PNOA-2024-GAL-521-4712-H29-NPC01.LAZ
517,4695,0.8900915127399188,22.178368823634166,23.068460336374084,Sanxenxo,Bordóns (San Pedro),2,PNOA-2024-GAL-517-4695-H29-NPC01.LAZ
540,4729,9.762442535951095,13.305998461555674,23.06844099750677,A Estrada,Toedo (San Pedro),2,PNOA-2024-GAL-540-4729-H29-NPC01.LAZ
570,4722,3.849029869078322,19.213816218192587,23.06284608727091,Lalín,Botos (San Xoán),1,PNOA-2024-GAL-570-4722-H29-NPC01.LAZ
531,4666,2.7194002699699285,20.31561061277244,23.035010882742366,O Porriño,Atios (Santa Eulalia),2,PNOA-2024-GAL-531-4666-H29-NPC01.LAZ
522,4683,0.0,23.015096584859087,23.015096584859087,Moaña,Meira (Santa Eulalia),2,PNOA-2024-GAL-522-4683-H29-NPC01.LAZ
528,4664,2.7537788148161715,20.19829668180441,22.952075496620584,O Porriño,Mosende (San Xurxo),2,PNOA-2024-GAL-528-4664-H29-NPC01.LAZ
546,4719,5.602782160241123,17.337582484266896,22.94036464450802,A Estrada,Codeseda (San Xurxo),1,PNOA-2024-GAL-546-4719-H29-NPC01.LAZ
544,4677,9.51847617392084,13.355972611478775,22.874448785399615,Mondariz,Riofrío (San Miguel),2,PNOA-2024-GAL-544-4677-H29-NPC01.LAZ
574,4723,5.318089914790214,17.54269783715269,22.860787751942905,Lalín,Catasós (Santiago),2,PNOA-2024-GAL-574-4723-H29-NPC01.LAZ
543,4661,4.319555953367358,18.515911180023473,22.83546713339083,Salvaterra de Miño,Oleiros (Santa María),3,PNOA-2024-GAL-543-4661-H29-NPC01.LAZ
561,4727,14.051933232823856,8.735537533675537,22.787470766499393,Silleda,Silleda (Santa Baia),2,PNOA-2024-GAL-561-4727-H29-NPC01.LAZ
542,4660,8.448462812243406,14.331039960954048,22.779502773197454,Salvaterra de Miño,Salvaterra (San Lourenzo),2,PNOA-2024-GAL-542-4660-H29-NPC01.LAZ
523,4708,0.0,22.773247198342375,22.773247198342375,Meis,Nogueira (San Vicente),1,PNOA-2024-GAL-523-4708-H29-NPC01.LAZ
521,4722,0.0,22.752006099242397,22.752006099242397,Catoira,Abalo (San Mamede),2,PNOA-2024-GAL-521-4722-H29-NPC01.LAZ
540,4679,6.153432611697156,16.58443540210289,22.737868013800046,Mondariz,Toutón (San Mateo),2,PNOA-2024-GAL-540-4679-H29-NPC01.LAZ
527,4668,0.0,22.736415366453386,22.736415366453386,Mos,Cela (San Pedro),1,PNOA-2024-GAL-527-4668-H29-NPC01.LAZ
516,4714,3.760024937656053,18.969247283282826,22.729272220938878,Vilanova de Arousa,Caleiro (Santa María),2,PNOA-2024-GAL-516-4714-H29-NPC01.LAZ
546,4728,6.416379477509741,16.301040510018318,22.71741998752806,A Estrada,Callobre (San Martiño),2,PNOA-2024-GAL-546-4728-H29-NPC01.LAZ
537,4659,2.0805670577928987,20.62536675227839,22.705933810071286,Salvaterra de Miño,Arantei (San Pedro),2,PNOA-2024-GAL-537-4659-H29-NPC01.LAZ
543,4678,3.2316900551393672,19.44082830793039,22.672518363069756,Mondariz,Frades (San Martiño),1,PNOA-2024-GAL-543-4678-H29-NPC01.LAZ
524,4724,0.0,22.6516636688642,22.6516636688642,Catoira,Dimo (San Pedro),1,PNOA-2024-GAL-524-4724-H29-NPC01.LAZ
574,4724,14.055771176103757,8.559533357698646,22.6153045338024,Lalín,Lalín (Santa María das Dores),2,PNOA-2024-GAL-574-4724-H29-NPC01.LAZ
537,4733,6.297142437539024,16.30675143405322,22.60389387159224,A Estrada,Couso (Santa María),3,PNOA-2024-GAL-537-4733-H29-NPC01.LAZ
528,4657,0.41664318958710955,22.15937210427984,22.57601529386695,Tui,Pazos de Reis (O Sagrario),3,PNOA-2024-GAL-528-4657-H29-NPC01.LAZ
526,4656,6.768390487447724,15.789955005591128,22.558345493038853,Tui,Randufe (Santa María da Guía),3,PNOA-2024-GAL-526-4656-H29-NPC01.LAZ
523,4713,8.014352928175779,14.542854036181003,22.55720696435678,Vilanova de Arousa,Baión (San Xoán),1,PNOA-2024-GAL-523-4713-H29-NPC01.LAZ
536,4732,6.83835496868386,15.687352617486964,22.525707586170824,A Estrada,San Xurxo de Vea (San Xurxo),1,PNOA-2024-GAL-536-4732-H29-NPC01.LAZ
547,4662,0.8037774489101525,21.682627302866578,22.486404751776732,As Neves,Tortoreos (Santiago),2,PNOA-2024-GAL-547-4662-H29-NPC01.LAZ
548,4678,4.544105539644506,17.92795437029061,22.472059909935115,Mondariz,Sabaxáns (San Mamede),1,PNOA-2024-GAL-548-4678-H29-NPC01.LAZ
546,4665,7.4948627339581755,14.952778819482523,22.447641553440697,As Neves,Taboexa (Santa María),2,PNOA-2024-GAL-546-4665-H29-NPC01.LAZ
540,4730,2.087858498849588,20.35155118840124,22.439409687250826,A Estrada,Toedo (San Pedro),1,PNOA-2024-GAL-540-4730-H29-NPC01.LAZ
542,4669,4.557178926957711,17.865607105869586,22.422786032827297,Ponteareas,Fontenla (San Mamede),3,PNOA-2024-GAL-542-4669-H29-NPC01.LAZ
558,4669,3.1453846429627945,19.276590891914612,22.421975534877408,A Cañiza,Valeixe (Santa Cristina),2,PNOA-2024-GAL-558-4669-H29-NPC01.LAZ
540,4662,10.901842149793897,11.506277500792606,22.408119650586503,Salvaterra de Miño,Alxén (San Paio),2,PNOA-2024-GAL-540-4662-H29-NPC01.LAZ
541,4660,9.493663238733294,12.880580001734643,22.374243240467937,Salvaterra de Miño,Salvaterra (San Lourenzo),1,PNOA-2024-GAL-541-4660-H29-NPC01.LAZ
561,4729,4.619957151601463,17.7371649911018,22.35712214270326,Silleda,Silleda (Santa Baia),4,PNOA-2024-GAL-561-4729-H29-NPC01.LAZ
558,4667,1.8055916076082117,20.550131928589984,22.355723536198195,Arbo,Mourentán (San Cristovo),2,PNOA-2024-GAL-558-4667-H29-NPC01.LAZ
518,4708,7.793308345367073,14.509090328244021,22.302398673611094,Ribadumia,Ribadumia (Santa Baia),3,PNOA-2024-GAL-518-4708-H29-NPC01.LAZ
553,4737,2.7622065758403855,19.539130577034125,22.30133715287451,Silleda,Cira (Santa Baia),1,PNOA-2024-GAL-553-4737-H29-NPC01.LAZ
530,4725,8.51946327940307,13.77987564404973,22.2993389234528,Valga,Setecoros (San Salvador),3,PNOA-2024-GAL-530-4725-H29-NPC01.LAZ
544,4664,0.3008365766171716,21.99220031614544,22.29303689276261,Salvaterra de Miño,Leirado (San Salvador),3,PNOA-2024-GAL-544-4664-H29-NPC01.LAZ
520,4709,8.516239490764688,13.733991028008894,22.250230518773584,Ribadumia,Leiro (San Xoán),1,PNOA-2024-GAL-520-4709-H29-NPC01.LAZ
572,4729,1.7889327365418661,20.458710090451735,22.2476428269936,Lalín,O Cello (San Martiño),1,PNOA-2024-GAL-572-4729-H29-NPC01.LAZ
514,4696,8.126581135061192,14.119359850259658,22.24594098532085,Sanxenxo,Adina (Santa María),2,PNOA-2024-GAL-514-4696-H29-NPC01.LAZ
544,4676,11.948119497475988,10.268426403719438,22.216545901195424,Mondariz,Mondariz (Santa Baia),2,PNOA-2024-GAL-544-4676-H29-NPC01.LAZ
524,4699,0.0,22.19311928839127,22.19311928839127,Poio,Poio (San Xoán),2,PNOA-2024-GAL-524-4699-H29-NPC01.LAZ
537,4663,3.219579065960914,18.948308088913326,22.16788715487424,Salceda de Caselas,Santa María de Salceda (Santa María),2,PNOA-2024-GAL-537-4663-H29-NPC01.LAZ
518,4663,0.0,22.165769083781782,22.165769083781782,Gondomar,Mañufe (San Vicente),3,PNOA-2024-GAL-518-4663-H29-NPC01.LAZ
516,4680,4.643751557079029,17.4817349529727,22.12548651005173,Cangas,Darbo (Santa María),1,PNOA-2024-GAL-516-4680-H29-NPC01.LAZ
523,4691,0.0,22.106256856486457,22.106256856486457,Marín,O Campo (Santa María),2,PNOA-2024-GAL-523-4691-H29-NPC01.LAZ
515,4697,3.0437164480029755,19.04453960947744,22.088256057480415,Sanxenxo,Nantes (Santa Baia),3,PNOA-2024-GAL-515-4697-H29-NPC01.LAZ
541,4693,11.532551391610472,10.554448013209925,22.086999404820396,Ponte Caldelas,Ponte Caldelas (Santa Eulalia),2,PNOA-2024-GAL-541-4693-H29-NPC01.LAZ
525,4724,0.0,22.0852397324026,22.0852397324026,Catoira,Dimo (San Pedro),1,PNOA-2024-GAL-525-4724-H29-NPC01.LAZ
538,4669,3.7300594042279482,18.321654282914068,22.051713687142016,Ponteareas,Guláns (San Xulián),3,PNOA-2024-GAL-538-4669-H29-NPC01.LAZ
517,4667,0.0,22.037765657240353,22.037765657240353,Nigrán,Nigrán (San Fiz),3,PNOA-2024-GAL-517-4667-H29-NPC01.LAZ
547,4670,1.4895062669655619,20.53503006864853,22.024536335614094,Ponteareas,Guillade (San Miguel),1,PNOA-2024-GAL-547-4670-H29-NPC01.LAZ
529,4670,0.0,22.024486841031237,22.024486841031237,Mos,Pereiras (San Miguel),3,PNOA-2024-GAL-529-4670-H29-NPC01.LAZ
533,4658,1.6371529037998174,20.373959608848264,22.01111251264808,Salceda de Caselas,Soutelo (San Vicente),3,PNOA-2024-GAL-533-4658-H29-NPC01.LAZ
547,4728,7.239697336685142,14.767467406186178,22.007164742871318,A Estrada,Rubín (Santa María),2,PNOA-2024-GAL-547-4728-H29-NPC01.LAZ
540,4674,6.251009062854467,15.747200690552358,21.998209753406826,Ponteareas,Pías (Santa Mariña),2,PNOA-2024-GAL-540-4674-H29-NPC01.LAZ
529,4726,4.868258389651666,17.087786467793258,21.956044857444923,Valga,Setecoros (San Salvador),3,PNOA-2024-GAL-529-4726-H29-NPC01.LAZ
526,4683,0.0,21.944736725530102,21.944736725530102,Moaña,Domaio (San Pedro),1,PNOA-2024-GAL-526-4683-H29-NPC01.LAZ
543,4732,3.3305573977934526,18.610156314589837,21.94071371238329,A Estrada,Paradela (Santa María),3,PNOA-2024-GAL-543-4732-H29-NPC01.LAZ
542,4720,3.560785563614854,18.36377517266092,21.924560736275772,A Estrada,Arca (San Miguel),2,PNOA-2024-GAL-542-4720-H29-NPC01.LAZ
553,4700,3.4588091081293526,18.44178469246176,21.90059380059111,A Lama,A Barcia do Seixo (Santa Ana),1,PNOA-2024-GAL-553-4700-H29-NPC01.LAZ
536,4664,1.668959814992355,20.223360944176658,21.892320759169014,Salceda de Caselas,A Picoña (San Martiño),3,PNOA-2024-GAL-536-4664-H29-NPC01.LAZ
532,4714,0.6604436179294141,21.19421670684251,21.854660324771924,Moraña,Saiáns (San Salvador),1,PNOA-2024-GAL-532-4714-H29-NPC01.LAZ
529,4714,8.133159477082188,13.697757457013745,21.83091693409593,Caldas de Reis,Arcos da Condesa (Santa Mariña),1,PNOA-2024-GAL-529-4714-H29-NPC01.LAZ
557,4683,2.278240155432884,19.536555896353526,21.81479605178641,Covelo,Prado (San Salvador),2,PNOA-2024-GAL-557-4683-H29-NPC01.LAZ
534,4679,0.0,21.75855308107859,21.75855308107859,Pazos de Borbén,Nespereira (San Martiño),1,PNOA-2024-GAL-534-4679-H29-NPC01.LAZ
525,4693,0.0,21.756761195658083,21.756761195658083,Marín,Marín (San Xián),1,PNOA-2024-GAL-525-4693-H29-NPC01.LAZ
528,4682,6.3761873755048875,15.375855715869106,21.75204309137399,Redondela,Cedeira (Santo André),2,PNOA-2024-GAL-528-4682-H29-NPC01.LAZ
540,4694,4.295189476382206,17.447896645241368,21.743086121623573,Ponte Caldelas,Ponte Caldelas (Santa Eulalia),1,PNOA-2024-GAL-540-4694-H29-NPC01.LAZ
534,4723,7.023846809623988,14.689712692392357,21.713559502016345,Cuntis,Piñeiro (San Mamede),2,PNOA-2024-GAL-534-4723-H29-NPC01.LAZ
541,4664,0.2704291453721693,21.422313515616942,21.69274266098911,Salvaterra de Miño,Fornelos (San Xoán),3,PNOA-2024-GAL-541-4664-H29-NPC01.LAZ
572,4725,3.375269255137659,18.304577712727966,21.679846967865625,Lalín,Lalín (Santa María das Dores),2,PNOA-2024-GAL-572-4725-H29-NPC01.LAZ
526,4700,0.0,21.642142779085788,21.642142779085788,Poio,Poio (San Xoán),1,PNOA-2024-GAL-526-4700-H29-NPC01.LAZ
563,4667,2.9426381078192243,18.69012974676933,21.632767854588554,Crecente,Crecente (San Pedro),4,PNOA-2024-GAL-563-4667-H29-NPC01.LAZ
528,4730,0.0,21.63257701852142,21.63257701852142,Pontecesures,Pontecesures (San Xulián),2,PNOA-2024-GAL-528-4730-H29-NPC01.LAZ
571,4726,5.783311070562454,15.848758892097639,21.632069962660093,Lalín,Filgueira (Santa María),1,PNOA-2024-GAL-571-4726-H29-NPC01.LAZ
572,4732,1.1463223683977077,20.479966899575825,21.626289267973533,Lalín,Palmou (San Xoán),1,PNOA-2024-GAL-572-4732-H29-NPC01.LAZ
541,4675,2.8104252912482384,18.79927237167374,21.60969766292198,Ponteareas,Pías (Santa Mariña),1,PNOA-2024-GAL-541-4675-H29-NPC01.LAZ
533,4657,3.121244446303248,18.486962865419695,21.608207311722943,Tui,Baldráns (Santiago),2,PNOA-2024-GAL-533-4657-H29-NPC01.LAZ
519,4644,0.0,21.599986045600783,21.599986045600783,Tomiño,Goián (San Cristovo),1,PNOA-2024-GAL-519-4644-H29-NPC01.LAZ
547,4679,2.69377808720817,18.870296700146845,21.564074787355015,Mondariz,Sabaxáns (San Mamede),1,PNOA-2024-GAL-547-4679-H29-NPC01.LAZ
572,4720,8.750580416545947,12.769551568648863,21.52013198519481,Lalín,A Xesta (San Fiz),2,PNOA-2024-GAL-572-4720-H29-NPC01.LAZ
528,4662,2.0489872646455973,19.429073189084807,21.478060453730404,Tui,Ribadelouro (Santa Comba),2,PNOA-2024-GAL-528-4662-H29-NPC01.LAZ
537,4724,12.490062500546216,8.984750797706697,21.47481329825291,Cuntis,Arcos (San Breixo),1,PNOA-2024-GAL-537-4724-H29-NPC01.LAZ
543,4660,6.67318249582964,14.796002212146073,21.469184707975714,Salvaterra de Miño,Oleiros (Santa María),1,PNOA-2024-GAL-543-4660-H29-NPC01.LAZ
512,4643,0.0,21.461364392269992,21.461364392269992,O Rosal,O Rosal (Santa Mariña),1,PNOA-2024-GAL-512-4643-H29-NPC01.LAZ
564,4734,1.756454584608727,19.699210953759472,21.455665538368198,Lalín,Losón (Santa Baia),1,PNOA-2024-GAL-564-4734-H29-NPC01.LAZ
532,4718,7.239184555732529,14.183038773630882,21.422223329363412,Cuntis,Troáns (Santa María),1,PNOA-2024-GAL-532-4718-H29-NPC01.LAZ
542,4724,8.001209288320323,13.417840069291838,21.41904935761216,A Estrada,A Somoza (Santo André),2,PNOA-2024-GAL-542-4724-H29-NPC01.LAZ
528,4686,0.0,21.395242013312817,21.395242013312817,Vilaboa,Santa Cristina de Cobres (Santa Cristina),2,PNOA-2024-GAL-528-4686-H29-NPC01.LAZ
531,4684,14.454405779324118,6.94021045420404,21.394616233528158,Redondela,Cesantes (San Pedro),1,PNOA-2024-GAL-531-4684-H29-NPC01.LAZ
556,4728,7.486209377767981,13.86124551079629,21.347454888564272,Silleda,Escuadro (San Salvador),1,PNOA-2024-GAL-556-4728-H29-NPC01.LAZ
571,4729,6.588568835451655,14.743421663745352,21.331990499197005,Lalín,O Cello (San Martiño),2,PNOA-2024-GAL-571-4729-H29-NPC01.LAZ
539,4679,1.0593964447560784,20.265017210282416,21.324413655038494,Ponteareas,Paredes (San Cibrán),3,PNOA-2024-GAL-539-4679-H29-NPC01.LAZ
550,4663,0.17090998143770486,21.141398536636505,21.31230851807421,As Neves,San Cibrán de Ribarteme (San Cibrán),3,PNOA-2024-GAL-550-4663-H29-NPC01.LAZ
524,4691,0.0,21.251818457240503,21.251818457240503,Marín,Marín (San Xián),3,PNOA-2024-GAL-524-4691-H29-NPC01.LAZ
534,4716,2.677517589185039,18.534207705697636,21.211725294882676,Moraña,Santa Xusta de Moraña (Santa Xusta),3,PNOA-2024-GAL-534-4716-H29-NPC01.LAZ
529,4693,0.0,21.211697758845244,21.211697758845244,Vilaboa,Figueirido (Santo André),2,PNOA-2024-GAL-529-4693-H29-NPC01.LAZ
529,4691,0.0,21.185530253477125,21.185530253477125,Vilaboa,Vilaboa (San Martiño),2,PNOA-2024-GAL-529-4691-H29-NPC01.LAZ
548,4730,7.27352485756703,13.881742923161992,21.155267780729023,A Estrada,San Pedro de Ancorados (San Pedro),2,PNOA-2024-GAL-548-4730-H29-NPC01.LAZ
529,4710,0.0,21.124034312148247,21.124034312148247,Barro,Perdecanai (Santa María),3,PNOA-2024-GAL-529-4710-H29-NPC01.LAZ
515,4660,0.0,21.098860782523484,21.098860782523484,Baiona,Belesar (San Lourenzo),2,PNOA-2024-GAL-515-4660-H29-NPC01.LAZ
542,4676,3.69877264726426,17.34679757425693,21.04557022152119,Mondariz,Vilar (San Mamede),3,PNOA-2024-GAL-542-4676-H29-NPC01.LAZ
541,4676,13.854379048369783,7.185562198691493,21.039941247061275,Mondariz,Vilar (San Mamede),3,PNOA-2024-GAL-541-4676-H29-NPC01.LAZ
563,4725,6.103426662544249,14.93152336349508,21.03495002603933,Silleda,Cortegada (Santa María),1,PNOA-2024-GAL-563-4725-H29-NPC01.LAZ
537,4726,8.194192863121481,12.835261987888527,21.02945485101001,Cuntis,Portela (Santa Eulalia),2,PNOA-2024-GAL-537-4726-H29-NPC01.LAZ
517,4681,6.428422872876149,14.592116916742745,21.020539789618894,Cangas,Darbo (Santa María),2,PNOA-2024-GAL-517-4681-H29-NPC01.LAZ
512,4696,2.6215409779499326,18.3905633254076,21.012104303357535,Sanxenxo,Noalla (Santo Estevo),3,PNOA-2024-GAL-512-4696-H29-NPC01.LAZ
537,4731,5.518706784422571,15.474890151465713,20.993596935888284,A Estrada,San Xurxo de Vea (San Xurxo),2,PNOA-2024-GAL-537-4731-H29-NPC01.LAZ
534,4661,7.945238536607727,13.022475203725195,20.967713740332922,Salceda de Caselas,Parderrubias (San Tomé),2,PNOA-2024-GAL-534-4661-H29-NPC01.LAZ
521,4666,0.0,20.949424461068812,20.949424461068812,Gondomar,Vincios (Santa Mariña),1,PNOA-2024-GAL-521-4666-H29-NPC01.LAZ
532,4688,3.088696386390712,17.856181532339555,20.944877918730267,Soutomaior,Arcade (Santiago),1,PNOA-2024-GAL-532-4688-H29-NPC01.LAZ
528,4719,5.656538926606092,15.286000115306164,20.942539041912255,Caldas de Reis,Bemil (Santa María),1,PNOA-2024-GAL-528-4719-H29-NPC01.LAZ
566,4719,4.068128329846495,16.867993082488262,20.936121412334757,Lalín,Vilatuxe (San Lourenzo),2,PNOA-2024-GAL-566-4719-H29-NPC01.LAZ
550,4661,5.289339580794767,15.619449258745153,20.90878883953992,As Neves,Vide (Santa María),3,PNOA-2024-GAL-550-4661-H29-NPC01.LAZ
549,4733,7.356547670680404,13.548899043596089,20.905446714276493,A Estrada,Riobó (San Martiño),3,PNOA-2024-GAL-549-4733-H29-NPC01.LAZ
522,4717,4.375957927225434,16.521679570359005,20.89763749758444,Vilagarcía de Arousa,Cea (San Pedro),1,PNOA-2024-GAL-522-4717-H29-NPC01.LAZ
539,4675,6.020442297191002,14.850815579687513,20.871257876878516,Ponteareas,Padróns (San Salvador),2,PNOA-2024-GAL-539-4675-H29-NPC01.LAZ
569,4724,3.526143411510907,17.331743042159506,20.857886453670414,Lalín,Donsión (Santa Baia),1,PNOA-2024-GAL-569-4724-H29-NPC01.LAZ
531,4660,1.9769832151410969,18.860409292377373,20.83739250751847,Salceda de Caselas,Santo Estevo de Budiño (Santo Estevo),2,PNOA-2024-GAL-531-4660-H29-NPC01.LAZ
519,4711,2.650145279285612,18.183568459783796,20.83371373906941,Vilanova de Arousa,Tremoedo (Santo Estevo),3,PNOA-2024-GAL-519-4711-H29-NPC01.LAZ
530,4693,0.0,20.819973346088148,20.819973346088148,Vilaboa,Santa Comba de Bértola (Santa Comba),2,PNOA-2024-GAL-530-4693-H29-NPC01.LAZ
537,4667,1.1339100173036532,19.650903123168913,20.784813140472565,Ponteareas,Guláns (San Xulián),1,PNOA-2024-GAL-537-4667-H29-NPC01.LAZ
536,4674,4.006850546701616,16.74252977771638,20.749380324418,Ponteareas,Ribadetea (San Xurxo),1,PNOA-2024-GAL-536-4674-H29-NPC01.LAZ
560,4731,3.530266588919852,17.20684135980555,20.737107948725402,Silleda,Negreiros (San Martiño),3,PNOA-2024-GAL-560-4731-H29-NPC01.LAZ
533,4732,0.7714077201938563,19.939282238069044,20.7106899582629,A Estrada,San Miguel de Barcala (San Miguel),2,PNOA-2024-GAL-533-4732-H29-NPC01.LAZ
559,4676,3.5406160627132084,17.169252422447187,20.709868485160396,A Cañiza,As Achas (San Sebastián),2,PNOA-2024-GAL-559-4676-H29-NPC01.LAZ
528,4670,0.0,20.699376181037856,20.699376181037856,Mos,Cela (San Pedro),3,PNOA-2024-GAL-528-4670-H29-NPC01.LAZ
539,4676,0.0,20.681907808032246,20.681907808032246,Ponteareas,Padróns (San Salvador),2,PNOA-2024-GAL-539-4676-H29-NPC01.LAZ
533,4711,0.0,20.667384909633057,20.667384909633057,Moraña,Rebón (San Pedro),3,PNOA-2024-GAL-533-4711-H29-NPC01.LAZ
535,4661,3.5764773878839895,17.07506427299852,20.65154166088251,Salceda de Caselas,Parderrubias (San Tomé),1,PNOA-2024-GAL-535-4661-H29-NPC01.LAZ
547,4673,7.333054571934095,13.306352779137306,20.6394073510714,Mondariz,Mouriscados (San Cibrán),2,PNOA-2024-GAL-547-4673-H29-NPC01.LAZ
512,4641,2.292959537144631,18.307162434183105,20.600121971327738,A Guarda,Salcidos (San Lourenzo),2,PNOA-2024-GAL-512-4641-H29-NPC01.LAZ
559,4732,3.6969232783037365,16.897919261922095,20.59484254022583,Silleda,Breixa (Santiago),2,PNOA-2024-GAL-559-4732-H29-NPC01.LAZ
523,4728,8.819087985003868,11.757505258981647,20.576593243985513,Valga,Cordeiro (Santa Comba),1,PNOA-2024-GAL-523-4728-H29-NPC01.LAZ
521,4708,5.694398213509288,14.868113824982654,20.562512038491942,Ribadumia,Besomaño (Santa María),3,PNOA-2024-GAL-521-4708-H29-NPC01.LAZ
528,4712,0.5176087877627626,20.029319278811045,20.546928066573805,Barro,Valiñas (Santo André),2,PNOA-2024-GAL-528-4712-H29-NPC01.LAZ
524,4707,0.0,20.54311688453511,20.54311688453511,Meis,San Tomé de Nogueira (San Tomé),2,PNOA-2024-GAL-524-4707-H29-NPC01.LAZ
530,4720,1.7441890819565526,18.790982980532327,20.53517206248888,Caldas de Reis,San Clemente de Cesar (San Clemente),2,PNOA-2024-GAL-530-4720-H29-NPC01.LAZ
558,4730,16.519108494710235,3.9456421198518976,20.46475061456213,Silleda,Rellas (San Martiño),4,PNOA-2024-GAL-558-4730-H29-NPC01.LAZ
515,4662,0.0,20.44973042943144,20.44973042943144,Gondomar,Borreiros (San Martiño),3,PNOA-2024-GAL-515-4662-H29-NPC01.LAZ
545,4689,0.0,20.447767747169596,20.447767747169596,Fornelos de Montes,Fornelos de Montes (San Lourenzo),1,PNOA-2024-GAL-545-4689-H29-NPC01.LAZ
545,4719,11.448528500500906,8.968027330117684,20.41655583061859,A Estrada,Codeseda (San Xurxo),1,PNOA-2024-GAL-545-4719-H29-NPC01.LAZ
542,4729,9.886274191150534,10.518759198435069,20.405033389585604,A Estrada,Aguións (Santa María),2,PNOA-2024-GAL-542-4729-H29-NPC01.LAZ
545,4662,4.035269988684953,16.28900903308803,20.32427902177298,Salvaterra de Miño,Meder (Santo Adrián),3,PNOA-2024-GAL-545-4662-H29-NPC01.LAZ
532,4666,2.0805012200577533,18.238254320895553,20.318755540953305,O Porriño,Atios (Santa Eulalia),1,PNOA-2024-GAL-532-4666-H29-NPC01.LAZ
518,4703,3.6877446876039417,16.594405551357344,20.282150238961286,Meaño,Covas (Santa Cristina),1,PNOA-2024-GAL-518-4703-H29-NPC01.LAZ
545,4669,2.5094326334571897,17.748218810697942,20.257651444155133,Ponteareas,Celeiros (San Fins),1,PNOA-2024-GAL-545-4669-H29-NPC01.LAZ
536,4722,10.06234932192389,10.177524890744339,20.239874212668227,Cuntis,Cuntis (Santa María),1,PNOA-2024-GAL-536-4722-H29-NPC01.LAZ
544,4727,5.750520171352408,14.43862688896966,20.189147060322068,A Estrada,Lagartóns (Santo Estevo),2,PNOA-2024-GAL-544-4727-H29-NPC01.LAZ
549,4727,5.971643888242417,14.211758469540559,20.183402357782974,A Estrada,Curantes (San Miguel),3,PNOA-2024-GAL-549-4727-H29-NPC01.LAZ
529,4662,0.14457959534276452,20.016742470425637,20.161322065768402,Tui,Ribadelouro (Santa Comba),2,PNOA-2024-GAL-529-4662-H29-NPC01.LAZ
539,4733,9.470586632293529,10.647405656533477,20.117992288827004,A Estrada,Cora (San Miguel),2,PNOA-2024-GAL-539-4733-H29-NPC01.LAZ
564,4733,4.055354551913093,16.03183222824321,20.087186780156305,Lalín,Losón (Santa Baia),1,PNOA-2024-GAL-564-4733-H29-NPC01.LAZ
553,4735,4.673247944056287,15.40476080737264,20.078008751428925,Silleda,Dornelas (San Martiño),1,PNOA-2024-GAL-553-4735-H29-NPC01.LAZ
561,4732,6.752699597491936,13.30573194752917,20.058431545021104,Silleda,Saídres (San Xoán),3,PNOA-2024-GAL-561-4732-H29-NPC01.LAZ
533,4680,16.580589553552173,3.461521974555257,20.04211152810743,Redondela,Quintela (San Mamede),3,PNOA-2024-GAL-533-4680-H29-NPC01.LAZ
548,4735,2.8961483031856425,17.12715874663524,20.023307049820882,A Estrada,Arnois (San Xiao),1,PNOA-2024-GAL-548-4735-H29-NPC01.LAZ
539,4662,6.212811708775743,13.807006007953625,20.019817716729367,Salvaterra de Miño,Alxén (San Paio),1,PNOA-2024-GAL-539-4662-H29-NPC01.LAZ
524,4690,0.0,20.012613384912296,20.012613384912296,Marín,San Tomé de Piñeiro (San Tomé),3,PNOA-2024-GAL-524-4690-H29-NPC01.LAZ
570,4719,13.064322306109673,6.943592888855037,20.00791519496471,Lalín,Vilanova (San Xoán),3,PNOA-2024-GAL-570-4719-H29-NPC01.LAZ
528,4711,0.0,19.977120655356604,19.977120655356604,Barro,Valiñas (Santo André),2,PNOA-2024-GAL-528-4711-H29-NPC01.LAZ
536,4661,5.227844057912213,14.747388278795828,19.97523233670804,Salceda de Caselas,Santa María de Salceda (Santa María),3,PNOA-2024-GAL-536-4661-H29-NPC01.LAZ
537,4729,4.134847973564629,15.83681145370109,19.97165942726572,A Estrada,Santo André de Vea (Santo André),2,PNOA-2024-GAL-537-4729-H29-NPC01.LAZ
519,4662,0.0,19.969095211351835,19.969095211351835,Gondomar,Gondomar (San Bieito),2,PNOA-2024-GAL-519-4662-H29-NPC01.LAZ
522,4714,3.670010206217471,16.282270942374407,19.95228114859188,Vilagarcía de Arousa,Rubiáns (Santa María),3,PNOA-2024-GAL-522-4714-H29-NPC01.LAZ
533,4677,1.5427087387616794,18.405553443235423,19.9482621819971,Mos,Louredo (San Salvador),3,PNOA-2024-GAL-533-4677-H29-NPC01.LAZ
519,4708,7.211100150049918,12.718637890556217,19.929738040606136,Ribadumia,Ribadumia (Santa Baia),2,PNOA-2024-GAL-519-4708-H29-NPC01.LAZ
518,4716,9.661527688581018,10.264995644187737,19.926523332768753,Vilagarcía de Arousa,Vilagarcía (Santa Baia),2,PNOA-2024-GAL-518-4716-H29-NPC01.LAZ
558,4733,8.3484894617078,11.564234943710161,19.91272440541796,Silleda,Manduas (San Tirso),3,PNOA-2024-GAL-558-4733-H29-NPC01.LAZ
530,4672,0.0,19.911469301145004,19.911469301145004,Mos,Petelos (San Mamede),3,PNOA-2024-GAL-530-4672-H29-NPC01.LAZ
557,4675,1.049907488261753,18.846111965784466,19.89601945404622,A Cañiza,As Achas (San Sebastián),1,PNOA-2024-GAL-557-4675-H29-NPC01.LAZ
546,4666,2.7989869300373376,17.082631628571047,19.881618558608384,As Neves,Taboexa (Santa María),1,PNOA-2024-GAL-546-4666-H29-NPC01.LAZ
545,4670,2.5505723061815377,17.266083113955094,19.816655420136634,Ponteareas,Oliveira (Santiago),2,PNOA-2024-GAL-545-4670-H29-NPC01.LAZ
513,4696,5.653314979347772,14.149694550873711,19.803009530221484,Sanxenxo,Adina (Santa María),2,PNOA-2024-GAL-513-4696-H29-NPC01.LAZ
560,4728,7.097356798837058,12.701819606217887,19.799176405054943,Silleda,Silleda (Santa Baia),2,PNOA-2024-GAL-560-4728-H29-NPC01.LAZ
529,4667,0.8032351731874674,18.987212732976786,19.790447906164253,O Porriño,Torneiros (San Salvador),1,PNOA-2024-GAL-529-4667-H29-NPC01.LAZ
533,4687,6.726542280586637,13.050513336290805,19.77705561687744,Soutomaior,Arcade (Santiago),3,PNOA-2024-GAL-533-4687-H29-NPC01.LAZ
564,4669,1.5463768638955169,18.215521368831197,19.761898232726715,Crecente,Crecente (San Pedro),1,PNOA-2024-GAL-564-4669-H29-NPC01.LAZ
561,4666,15.487741615366897,4.272171069987712,19.759912685354607,Crecente,Albeos (San Xoán),2,PNOA-2024-GAL-561-4666-H29-NPC01.LAZ
526,4653,0.013071738760481228,19.74198324186821,19.75505498062869,Tomiño,Sobrada (San Salvador),2,PNOA-2024-GAL-526-4653-H29-NPC01.LAZ
546,4670,0.026292321936254116,19.725981043679067,19.75227336561532,Ponteareas,Guillade (San Miguel),1,PNOA-2024-GAL-546-4670-H29-NPC01.LAZ
565,4719,5.331518581926129,14.418286312534219,19.749804894460347,Lalín,Vilatuxe (San Lourenzo),1,PNOA-2024-GAL-565-4719-H29-NPC01.LAZ
556,4731,9.906164379911795,9.840581697884675,19.74674607779647,Silleda,Manduas (San Tirso),3,PNOA-2024-GAL-556-4731-H29-NPC01.LAZ
555,4728,10.57397276495142,9.153231344141565,19.727204109092987,Silleda,Escuadro (San Salvador),2,PNOA-2024-GAL-555-4728-H29-NPC01.LAZ
553,4661,3.409274125362125,16.312618758778402,19.721892884140527,Arbo,Sela (Santa María),2,PNOA-2024-GAL-553-4661-H29-NPC01.LAZ
528,4725,6.302646124023221,13.390204597010346,19.692850721033565,Valga,Setecoros (San Salvador),1,PNOA-2024-GAL-528-4725-H29-NPC01.LAZ
559,4729,7.73462332676628,11.956435435377488,19.69105876214377,Silleda,Margaride (San Fiz),2,PNOA-2024-GAL-559-4729-H29-NPC01.LAZ
515,4711,5.18731540673088,14.454996596391988,19.642312003122868,Vilanova de Arousa,Deiro (San Miguel),1,PNOA-2024-GAL-515-4711-H29-NPC01.LAZ
559,4726,1.4881798248546216,18.142829032038644,19.631008856893267,Silleda,Fiestras (San Martiño),1,PNOA-2024-GAL-559-4726-H29-NPC01.LAZ
551,4736,1.5846053153876973,18.029582482507003,19.6141877978947,A Estrada,San Miguel de Castro (San Miguel),2,PNOA-2024-GAL-551-4736-H29-NPC01.LAZ
546,4699,6.508520780049184,13.098420446787497,19.606941226836682,A Lama,Escuadra (San Lourenzo),3,PNOA-2024-GAL-546-4699-H29-NPC01.LAZ
519,4696,0.9737232124603206,18.628348617985946,19.602071830446267,Sanxenxo,Dorrón (San Xoán),3,PNOA-2024-GAL-519-4696-H29-NPC01.LAZ
551,4661,4.69897742316821,14.872405909921406,19.571383333089617,As Neves,Vide (Santa María),1,PNOA-2024-GAL-551-4661-H29-NPC01.LAZ
531,4659,1.6779023293252708,17.876222286206357,19.554124615531627,Tui,Guillarei (San Mamede),2,PNOA-2024-GAL-531-4659-H29-NPC01.LAZ
544,4678,6.9609252659842875,12.58318671202056,19.544111978004846,Mondariz,Gargamala (Santa María),3,PNOA-2024-GAL-544-4678-H29-NPC01.LAZ
562,4672,3.5501898711450033,15.992029124499972,19.542218995644976,A Cañiza,O Couto (San Bartolomeu),2,PNOA-2024-GAL-562-4672-H29-NPC01.LAZ
560,4667,8.716751481381822,10.823644541688875,19.5403960230707,Crecente,Albeos (San Xoán),2,PNOA-2024-GAL-560-4667-H29-NPC01.LAZ
525,4711,1.1924185090350006,18.344123420239313,19.536541929274314,Portas,Romai (San Xián),1,PNOA-2024-GAL-525-4711-H29-NPC01.LAZ
554,4733,12.973303029724255,6.557052429861668,19.530355459585923,Silleda,Lamela (San Miguel),2,PNOA-2024-GAL-554-4733-H29-NPC01.LAZ
527,4669,0.0,19.51300422461855,19.51300422461855,Mos,Cela (San Pedro),1,PNOA-2024-GAL-527-4669-H29-NPC01.LAZ
553,4680,4.738523010904578,14.7687719941299,19.50729500503448,Covelo,Maceira (San Salvador),1,PNOA-2024-GAL-553-4680-H29-NPC01.LAZ
549,4680,3.847022220403101,15.630449485563886,19.477471705966988,Covelo,Barcia de Mera (San Martiño),1,PNOA-2024-GAL-549-4680-H29-NPC01.LAZ
570,4727,11.391044258249472,8.07636173118809,19.467405989437562,Lalín,Filgueira (Santa María),1,PNOA-2024-GAL-570-4727-H29-NPC01.LAZ
530,4721,3.7645074128529585,15.683649578907238,19.448156991760197,Caldas de Reis,San Clemente de Cesar (San Clemente),1,PNOA-2024-GAL-530-4721-H29-NPC01.LAZ
542,4703,0.0,19.438679342577394,19.438679342577394,Cotobade,Carballedo (San Miguel),2,PNOA-2024-GAL-542-4703-H29-NPC01.LAZ
567,4726,7.352852053739938,12.053268106885772,19.40612016062571,Lalín,Bendoiro (San Miguel),2,PNOA-2024-GAL-567-4726-H29-NPC01.LAZ
557,4710,0.0,19.36639641208555,19.36639641208555,Forcarei,A Madanela de Montes (Santa María Madanela),1,PNOA-2024-GAL-557-4710-H29-NPC01.LAZ
544,4725,4.48660735894517,14.838220193260035,19.324827552205207,A Estrada,Tabeirós (Santiago),3,PNOA-2024-GAL-544-4725-H29-NPC01.LAZ
522,4722,0.0,19.313811651862217,19.313811651862217,Catoira,Abalo (San Mamede),1,PNOA-2024-GAL-522-4722-H29-NPC01.LAZ
573,4727,6.829750602270277,12.443789590071473,19.27354019234175,Lalín,Goiás (San Miguel),1,PNOA-2024-GAL-573-4727-H29-NPC01.LAZ
545,4680,5.4763738207119355,13.768857616522011,19.245231437233947,Mondariz,Gargamala (Santa María),1,PNOA-2024-GAL-545-4680-H29-NPC01.LAZ
539,4661,3.3537714259236457,15.883367307096394,19.23713873302004,Salvaterra de Miño,Alxén (San Paio),2,PNOA-2024-GAL-539-4661-H29-NPC01.LAZ
525,4718,3.488027679368006,15.730864484362993,19.218892163731,Caldas de Reis,Saiar (Santo Estevo),1,PNOA-2024-GAL-525-4718-H29-NPC01.LAZ
537,4730,9.3240063372281,9.885301322456876,19.209307659684974,A Estrada,Santo André de Vea (Santo André),3,PNOA-2024-GAL-537-4730-H29-NPC01.LAZ
525,4717,1.8529631908565598,17.331323775426043,19.184286966282603,Caldas de Reis,Saiar (Santo Estevo),1,PNOA-2024-GAL-525-4717-H29-NPC01.LAZ
543,4724,4.3083211613578705,14.873080762124124,19.181401923481992,A Estrada,Tabeirós (Santiago),2,PNOA-2024-GAL-543-4724-H29-NPC01.LAZ
570,4721,3.6281034884134837,15.508273774859507,19.13637726327299,Lalín,Botos (San Xoán),2,PNOA-2024-GAL-570-4721-H29-NPC01.LAZ
512,4682,2.112154538980572,16.99812311620791,19.110277655188483,Cangas,O Hío (Santo André),1,PNOA-2024-GAL-512-4682-H29-NPC01.LAZ
538,4659,2.779262804318676,16.287616350286402,19.06687915460508,Salvaterra de Miño,Arantei (San Pedro),1,PNOA-2024-GAL-538-4659-H29-NPC01.LAZ
538,4676,0.7783059563265472,18.28156714856953,19.059873104896077,Ponteareas,Padróns (San Salvador),1,PNOA-2024-GAL-538-4676-H29-NPC01.LAZ
521,4697,0.0,19.045450928742746,19.045450928742746,Poio,Samieira (Santa María),1,PNOA-2024-GAL-521-4697-H29-NPC01.LAZ
548,4726,6.36540969001426,12.678122700487016,19.043532390501277,A Estrada,Lamas (San Breixo),2,PNOA-2024-GAL-548-4726-H29-NPC01.LAZ
557,4667,2.7812068547895925,16.25059507493021,19.0318019297198,Arbo,Mourentán (San Cristovo),1,PNOA-2024-GAL-557-4667-H29-NPC01.LAZ
560,4668,3.4807888769809647,15.537262746268999,19.018051623249963,A Cañiza,Valeixe (Santa Cristina),2,PNOA-2024-GAL-560-4668-H29-NPC01.LAZ
545,4688,0.0,19.008132493928862,19.008132493928862,Fornelos de Montes,Fornelos de Montes (San Lourenzo),1,PNOA-2024-GAL-545-4688-H29-NPC01.LAZ
550,4673,3.2553968005676115,15.749353429986181,19.004750230553793,Covelo,Paraños (Santa María),1,PNOA-2024-GAL-550-4673-H29-NPC01.LAZ
547,4731,7.6322811824651495,11.371508585317768,19.00378976778292,A Estrada,San Tomé de Ancorados (San Tomé),3,PNOA-2024-GAL-547-4731-H29-NPC01.LAZ
539,4665,0.5574565349567542,18.42571584579231,18.983172380749064,Ponteareas,Nogueira (San Salvador),3,PNOA-2024-GAL-539-4665-H29-NPC01.LAZ
532,4664,9.081935899327213,9.89976440511718,18.981700304444395,O Porriño,San Salvador de Budiño (San Salvador),2,PNOA-2024-GAL-532-4664-H29-NPC01.LAZ
544,4733,5.2974898062743625,13.675212720887274,18.972702527161637,A Estrada,Paradela (Santa María),3,PNOA-2024-GAL-544-4733-H29-NPC01.LAZ
548,4660,0.3827469003934049,18.588804444682733,18.971551345076136,As Neves,As Neves (Santa María),2,PNOA-2024-GAL-548-4660-H29-NPC01.LAZ
518,4707,13.80607766281608,5.1587409129981445,18.964818575814224,Ribadumia,Ribadumia (Santa Baia),2,PNOA-2024-GAL-518-4707-H29-NPC01.LAZ
549,4736,6.101308280171067,12.843350025972825,18.944658306143893,A Estrada,San Miguel de Castro (San Miguel),2,PNOA-2024-GAL-549-4736-H29-NPC01.LAZ
538,4718,8.434582931257097,10.507240313353538,18.941823244610635,Cuntis,Cuntis (Santa María),2,PNOA-2024-GAL-538-4718-H29-NPC01.LAZ
525,4727,10.936643272241199,7.98961654489773,18.926259817138927,Valga,Cordeiro (Santa Comba),2,PNOA-2024-GAL-525-4727-H29-NPC01.LAZ
567,4669,1.664752758752797,17.23969905929801,18.90445181805081,Crecente,Sendelle (Santa Cruz),1,PNOA-2024-GAL-567-4669-H29-NPC01.LAZ
539,4707,0.0,18.90361619000898,18.90361619000898,Cotobade,Sacos (San Xurxo),1,PNOA-2024-GAL-539-4707-H29-NPC01.LAZ
564,4727,1.4670604592826253,17.43526922040523,18.902329679687856,Silleda,Taboada (Santiago),1,PNOA-2024-GAL-564-4727-H29-NPC01.LAZ
545,4718,5.675670805153866,13.212777888830937,18.888448693984802,A Estrada,Codeseda (San Xurxo),1,PNOA-2024-GAL-545-4718-H29-NPC01.LAZ
546,4667,5.816665939639176,13.064071809437632,18.880737749076808,As Neves,Taboexa (Santa María),2,PNOA-2024-GAL-546-4667-H29-NPC01.LAZ
568,4723,7.291428459470306,11.559058098099147,18.850486557569454,Lalín,Donsión (Santa Baia),2,PNOA-2024-GAL-568-4723-H29-NPC01.LAZ
537,4660,7.96547925641789,10.878795336295935,18.844274592713823,Salvaterra de Miño,Cabreira (San Miguel),3,PNOA-2024-GAL-537-4660-H29-NPC01.LAZ
553,4716,0.0,18.837817020614136,18.837817020614136,Forcarei,Forcarei (San Martiño),1,PNOA-2024-GAL-553-4716-H29-NPC01.LAZ
545,4694,1.4210990865369326,17.38029251377948,18.801391600316414,A Lama,A Lama (San Salvador),1,PNOA-2024-GAL-545-4694-H29-NPC01.LAZ
548,4680,4.526985854041078,14.227068448454828,18.754054302495906,Covelo,Barcia de Mera (San Martiño),2,PNOA-2024-GAL-548-4680-H29-NPC01.LAZ
525,4708,0.0,18.74490794546515,18.74490794546515,Meis,San Lourenzo de Nogueira (San Lourenzo),2,PNOA-2024-GAL-525-4708-H29-NPC01.LAZ
545,4727,0.3345749935328132,18.39453108974018,18.729106083272992,A Estrada,Callobre (San Martiño),2,PNOA-2024-GAL-545-4727-H29-NPC01.LAZ
549,4664,10.788368440561056,7.921569857452168,18.709938298013224,As Neves,San Xosé de Ribarteme (San Xosé),1,PNOA-2024-GAL-549-4664-H29-NPC01.LAZ
543,4662,4.678808442527594,14.03054729822565,18.709355740753246,Salvaterra de Miño,Fiolledo (San Paio),2,PNOA-2024-GAL-543-4662-H29-NPC01.LAZ
534,4658,8.570404373763314,10.127436187693306,18.69784056145662,Tui,Baldráns (Santiago),2,PNOA-2024-GAL-534-4658-H29-NPC01.LAZ
513,4712,18.318522490272464,0.377497126099716,18.69601961637218,Vilanova de Arousa,Caleiro (Santa María),1,PNOA-2024-GAL-513-4712-H29-NPC01.LAZ
554,4661,2.3197424074758355,16.34642422599518,18.666166633471015,Arbo,Barcela (San Xoán),2,PNOA-2024-GAL-554-4661-H29-NPC01.LAZ
511,4639,10.34543431594338,8.284280882245342,18.629715198188723,A Guarda,Camposancos (Santa Isabel),3,PNOA-2024-GAL-511-4639-H29-NPC01.LAZ
540,4670,3.058580574627605,15.550780328962608,18.609360903590215,Ponteareas,Ponteareas (San Miguel),2,PNOA-2024-GAL-540-4670-H29-NPC01.LAZ
563,4669,3.9292757662807904,14.679809378368121,18.609085144648912,Crecente,Vilar (San Xorxe),2,PNOA-2024-GAL-563-4669-H29-NPC01.LAZ
542,4727,2.996997495343821,15.606393285571574,18.603390780915394,A Estrada,Guimarei (San Xiao),3,PNOA-2024-GAL-542-4727-H29-NPC01.LAZ
539,4730,2.967458354163752,15.589836812498962,18.557295166662716,A Estrada,Baloira (San Salvador),3,PNOA-2024-GAL-539-4730-H29-NPC01.LAZ
566,4721,2.6428049057966008,15.913382389519453,18.556187295316054,Lalín,Barcia (Santo Estevo),1,PNOA-2024-GAL-566-4721-H29-NPC01.LAZ
521,4706,0.0,18.55502567340744,18.55502567340744,Meis,San Martiño de Meis (San Martiño),2,PNOA-2024-GAL-521-4706-H29-NPC01.LAZ
549,4662,3.6487417986341386,14.905967859457956,18.554709658092094,As Neves,Santiago de Ribarteme (Santiago),1,PNOA-2024-GAL-549-4662-H29-NPC01.LAZ
571,4724,10.761543609957865,7.7606791269897855,18.52222273694765,Lalín,Donramiro (Santa María),3,PNOA-2024-GAL-571-4724-H29-NPC01.LAZ
533,4668,0.8118135877183057,17.704328514568516,18.51614210228682,O Porriño,Cans (Santo Estevo),2,PNOA-2024-GAL-533-4668-H29-NPC01.LAZ
545,4673,7.074035621158215,11.423553772842471,18.497589394000684,Mondariz,Vilasobroso (San Martiño),1,PNOA-2024-GAL-545-4673-H29-NPC01.LAZ
550,4727,4.146321260928624,14.345378056542213,18.491699317470836,A Estrada,Olives (Santa María),2,PNOA-2024-GAL-550-4727-H29-NPC01.LAZ
561,4671,0.6235575307161831,17.855398109285094,18.478955640001278,A Cañiza,O Couto (San Bartolomeu),1,PNOA-2024-GAL-561-4671-H29-NPC01.LAZ
557,4668,6.079256219523296,12.397024840885756,18.47628106040905,A Cañiza,Valeixe (Santa Cristina),3,PNOA-2024-GAL-557-4668-H29-NPC01.LAZ
523,4652,0.0,18.468681704977318,18.468681704977318,Tomiño,Taborda (San Miguel),3,PNOA-2024-GAL-523-4652-H29-NPC01.LAZ
536,4658,7.979674239453987,10.479912806088283,18.45958704554227,Salceda de Caselas,Entenza (Santos Xusto e Pastor),3,PNOA-2024-GAL-536-4658-H29-NPC01.LAZ
522,4724,0.0,18.444629817490124,18.444629817490124,Catoira,Catoira (San Miguel),1,PNOA-2024-GAL-522-4724-H29-NPC01.LAZ
535,4725,2.4271904151904424,15.98089694814359,18.408087363334033,Cuntis,Couselo (San Miguel),1,PNOA-2024-GAL-535-4725-H29-NPC01.LAZ
518,4696,0.7139801438202631,17.68981873266921,18.40379887648947,Sanxenxo,Dorrón (San Xoán),2,PNOA-2024-GAL-518-4696-H29-NPC01.LAZ
568,4720,6.009162489894132,12.35460458669512,18.36376707658925,Lalín,Soutolongo (Santa María),1,PNOA-2024-GAL-568-4720-H29-NPC01.LAZ
563,4730,5.912893565451443,12.42809420638156,18.340987771833003,Silleda,Ponte (San Miguel),1,PNOA-2024-GAL-563-4730-H29-NPC01.LAZ
551,4733,5.073137918328913,13.246988895283184,18.3201268136121,A Estrada,Loimil (Santa María),3,PNOA-2024-GAL-551-4733-H29-NPC01.LAZ
543,4722,8.783143607344686,9.52743211666437,18.310575724009055,A Estrada,Nigoi (Santa María),1,PNOA-2024-GAL-543-4722-H29-NPC01.LAZ
536,4659,6.558681335022483,11.751552380465387,18.31023371548787,Salceda de Caselas,Entenza (Santos Xusto e Pastor),1,PNOA-2024-GAL-536-4659-H29-NPC01.LAZ
518,4719,5.82101216885798,12.482361754303422,18.303373923161402,Vilagarcía de Arousa,O Carril (Santiago de Fóra),2,PNOA-2024-GAL-518-4719-H29-NPC01.LAZ
523,4712,2.8025975011042514,15.489815871573471,18.29241337267772,Vilanova de Arousa,Baión (San Xoán),2,PNOA-2024-GAL-523-4712-H29-NPC01.LAZ
544,4728,0.7504933902377109,17.528171738709943,18.278665128947654,A Estrada,Lagartóns (Santo Estevo),3,PNOA-2024-GAL-544-4728-H29-NPC01.LAZ
538,4660,13.347987653632892,4.891374584245092,18.239362237877984,Salvaterra de Miño,Cabreira (San Miguel),2,PNOA-2024-GAL-538-4660-H29-NPC01.LAZ
510,4637,11.859884820918033,6.373121294494729,18.233006115412763,A Guarda,Camposancos (Santa Isabel),2,PNOA-2024-GAL-510-4637-H29-NPC01.LAZ
550,4678,3.4549016223143805,14.744237989603365,18.199139611917744,Covelo,Barcia de Mera (San Martiño),2,PNOA-2024-GAL-550-4678-H29-NPC01.LAZ
546,4695,3.3351387349239223,14.851519333494068,18.18665806841799,A Lama,A Lama (San Salvador),2,PNOA-2024-GAL-546-4695-H29-NPC01.LAZ
520,4710,3.4000932256899694,14.761120889180157,18.161214114870127,Vilanova de Arousa,Baión (San Xoán),3,PNOA-2024-GAL-520-4710-H29-NPC01.LAZ
516,4699,8.714203976568054,9.44479203821617,18.158996014784222,Meaño,Dena (Santa Eulalia),4,PNOA-2024-GAL-516-4699-H29-NPC01.LAZ
524,4653,0.0,18.149703238883635,18.149703238883635,Tomiño,Piñeiro (San Salvador),2,PNOA-2024-GAL-524-4653-H29-NPC01.LAZ
527,4681,5.57535868050402,12.554288039313821,18.129646719817842,Redondela,Trasmañó (San Vicente),2,PNOA-2024-GAL-527-4681-H29-NPC01.LAZ
539,4669,0.016861203730135513,18.096508163317754,18.11336936704789,Ponteareas,Areas (Santa María),2,PNOA-2024-GAL-539-4669-H29-NPC01.LAZ
511,4637,10.512002885844723,7.595939793363897,18.10794267920862,A Guarda,Camposancos (Santa Isabel),2,PNOA-2024-GAL-511-4637-H29-NPC01.LAZ
553,4734,10.493131073733593,7.605176379365352,18.098307453098947,A Estrada,Orazo (San Pedro),3,PNOA-2024-GAL-553-4734-H29-NPC01.LAZ
566,4727,4.510308739551953,13.572689588253251,18.082998327805203,Lalín,Prado (San Martiño),3,PNOA-2024-GAL-566-4727-H29-NPC01.LAZ
571,4719,1.7931616741869907,16.276826292510243,18.069987966697234,Lalín,Vilanova (San Xoán),3,PNOA-2024-GAL-571-4719-H29-NPC01.LAZ
544,4668,0.763439074814044,17.303600904332978,18.067039979147022,Salvaterra de Miño,Lira (San Simón),2,PNOA-2024-GAL-544-4668-H29-NPC01.LAZ
542,4667,0.03372828776190153,18.02271230097781,18.05644058873971,Ponteareas,San Mateo de Oliveira (San Mateo),3,PNOA-2024-GAL-542-4667-H29-NPC01.LAZ
530,4666,3.678399712514045,14.366390019282372,18.044789731796417,O Porriño,Pontellas (Santiago),3,PNOA-2024-GAL-530-4666-H29-NPC01.LAZ
531,4671,0.0,18.04467152715615,18.04467152715615,Mos,Petelos (San Mamede),4,PNOA-2024-GAL-531-4671-H29-NPC01.LAZ
545,4666,2.8714658726706124,15.147770463763148,18.01923633643376,Salvaterra de Miño,Leirado (San Salvador),3,PNOA-2024-GAL-545-4666-H29-NPC01.LAZ
525,4714,1.7705875845362622,16.246201769988936,18.016789354525198,Portas,Lantaño (San Pedro),1,PNOA-2024-GAL-525-4714-H29-NPC01.LAZ
542,4665,1.6642631808270707,16.343165601798937,18.007428782626008,Salvaterra de Miño,Lourido (Santo André),2,PNOA-2024-GAL-542-4665-H29-NPC01.LAZ
546,4669,3.776311900751573,14.20684582267682,17.983157723428395,Ponteareas,Guillade (San Miguel),3,PNOA-2024-GAL-546-4669-H29-NPC01.LAZ
543,4675,0.0,17.981709389928188,17.981709389928188,Mondariz-Balneario,Mondariz-Balneario (Nosa Señora de Lurdes),1,PNOA-2024-GAL-543-4675-H29-NPC01.LAZ
527,4666,0.9233929548664668,17.03417813437699,17.95757108924346,Mos,Cela (San Pedro),3,PNOA-2024-GAL-527-4666-H29-NPC01.LAZ
566,4722,5.928004996017583,12.0025822431127,17.930587239130283,Lalín,Barcia (Santo Estevo),3,PNOA-2024-GAL-566-4722-H29-NPC01.LAZ
547,4733,4.153029238738596,13.775415414243998,17.928444652982595,A Estrada,Berres (San Vicenzo),1,PNOA-2024-GAL-547-4733-H29-NPC01.LAZ
536,4670,3.2487621571890557,14.667601787168099,17.916363944357155,Ponteareas,Xinzo (Santa Mariña),2,PNOA-2024-GAL-536-4670-H29-NPC01.LAZ
536,4719,3.467611487148229,14.448695483800204,17.916306970948433,Cuntis,Cuntis (Santa María),1,PNOA-2024-GAL-536-4719-H29-NPC01.LAZ
535,4716,0.0,17.9013278401236,17.9013278401236,Moraña,Lamas (Santa Cruz),3,PNOA-2024-GAL-535-4716-H29-NPC01.LAZ
538,4677,1.7376929340602085,16.155673224976827,17.893366159037036,Ponteareas,Padróns (San Salvador),1,PNOA-2024-GAL-538-4677-H29-NPC01.LAZ
543,4664,3.338426984452166,14.53148978478186,17.869916769234024,Salvaterra de Miño,Soutolobre (Santa Comba),3,PNOA-2024-GAL-543-4664-H29-NPC01.LAZ
569,4720,7.068197664061235,10.786649018470492,17.854846682531726,Lalín,Soutolongo (Santa María),1,PNOA-2024-GAL-569-4720-H29-NPC01.LAZ
545,4725,2.2526442130816884,15.600601399245981,17.85324561232767,A Estrada,Vinseiro (Santa Cristina),3,PNOA-2024-GAL-545-4725-H29-NPC01.LAZ
569,4722,2.379958221809791,15.45014176169588,17.830099983505672,Lalín,Botos (San Xoán),1,PNOA-2024-GAL-569-4722-H29-NPC01.LAZ
545,4671,2.3554142319613853,15.47256761533915,17.827981847300535,Ponteareas,Oliveira (Santiago),2,PNOA-2024-GAL-545-4671-H29-NPC01.LAZ
520,4716,1.8746067660335464,15.944789102157527,17.819395868191073,Vilagarcía de Arousa,Cea (San Pedro),3,PNOA-2024-GAL-520-4716-H29-NPC01.LAZ
574,4725,6.2574407743775655,11.555269307309395,17.81271008168696,Lalín,Goiás (San Miguel),2,PNOA-2024-GAL-574-4725-H29-NPC01.LAZ
529,4689,0.0,17.81115939404657,17.81115939404657,Vilaboa,Vilaboa (San Martiño),1,PNOA-2024-GAL-529-4689-H29-NPC01.LAZ
573,4721,1.5114849563008301,16.29164414515786,17.80312910145869,Lalín,Catasós (Santiago),1,PNOA-2024-GAL-573-4721-H29-NPC01.LAZ
525,4692,0.0,17.798813392151455,17.798813392151455,Marín,Marín (San Xián),1,PNOA-2024-GAL-525-4692-H29-NPC01.LAZ
563,4728,0.6933311174801564,17.09462449275422,17.787955610234377,Silleda,Vilar (San Martiño),3,PNOA-2024-GAL-563-4728-H29-NPC01.LAZ
527,4726,4.848200484672759,12.937349099257792,17.785549583930553,Valga,Setecoros (San Salvador),3,PNOA-2024-GAL-527-4726-H29-NPC01.LAZ
567,4722,1.8987525661730602,15.88419491315855,17.78294747933161,Lalín,Gresande (Santiago),2,PNOA-2024-GAL-567-4722-H29-NPC01.LAZ
533,4664,0.5412531205791635,17.240835495084244,17.782088615663408,O Porriño,San Salvador de Budiño (San Salvador),1,PNOA-2024-GAL-533-4664-H29-NPC01.LAZ
538,4730,5.505465713938715,12.269293110707121,17.774758824645836,A Estrada,San Xiao de Vea (San Xiao),2,PNOA-2024-GAL-538-4730-H29-NPC01.LAZ
527,4721,0.35202908304563846,17.420471691151842,17.772500774197482,Caldas de Reis,Bemil (Santa María),1,PNOA-2024-GAL-527-4721-H29-NPC01.LAZ
536,4671,2.384595715478192,15.382586628587541,17.767182344065734,Ponteareas,Xinzo (Santa Mariña),1,PNOA-2024-GAL-536-4671-H29-NPC01.LAZ
533,4674,0.0,17.75353837617135,17.75353837617135,Mos,Mos (Santa Eulalia),2,PNOA-2024-GAL-533-4674-H29-NPC01.LAZ
529,4719,4.274789724698198,13.459179660247559,17.733969384945755,Caldas de Reis,Santo André de Cesar (Santo André),2,PNOA-2024-GAL-529-4719-H29-NPC01.LAZ
520,4649,0.0,17.725309523916728,17.725309523916728,Tomiño,Tomiño (Santa María),1,PNOA-2024-GAL-520-4649-H29-NPC01.LAZ
526,4701,0.0,17.719248026086902,17.719248026086902,Poio,Poio (San Xoán),1,PNOA-2024-GAL-526-4701-H29-NPC01.LAZ
552,4736,8.393811820194225,9.310547605055389,17.704359425249613,Silleda,Cira (Santa Baia),1,PNOA-2024-GAL-552-4736-H29-NPC01.LAZ
523,4651,0.0,17.693548503379148,17.693548503379148,Tomiño,Taborda (San Miguel),1,PNOA-2024-GAL-523-4651-H29-NPC01.LAZ
513,4698,2.31615838875243,15.372521746420714,17.688680135173144,Sanxenxo,Gondar (San Tomé),3,PNOA-2024-GAL-513-4698-H29-NPC01.LAZ
551,4730,11.276718767696343,6.406071314223422,17.682790081919766,A Estrada,Orazo (San Pedro),3,PNOA-2024-GAL-551-4730-H29-NPC01.LAZ
534,4713,0.9502536933529887,16.723880884684117,17.674134578037105,Moraña,Gargantáns (San Martiño),3,PNOA-2024-GAL-534-4713-H29-NPC01.LAZ
521,4715,2.986706958897439,14.663534421748924,17.650241380646364,Vilagarcía de Arousa,Rubiáns (Santa María),1,PNOA-2024-GAL-521-4715-H29-NPC01.LAZ
523,4709,2.9547187852371692,14.693140520561766,17.647859305798935,Meis,Nogueira (San Vicente),2,PNOA-2024-GAL-523-4709-H29-NPC01.LAZ
528,4663,3.0250700023043193,14.601848255649148,17.626918257953466,O Porriño,Mosende (San Xurxo),1,PNOA-2024-GAL-528-4663-H29-NPC01.LAZ
536,4667,0.3163388804692221,17.259448790153154,17.575787670622375,Ponteareas,Guláns (San Xulián),1,PNOA-2024-GAL-536-4667-H29-NPC01.LAZ
532,4670,2.385827415017817,15.179818490816034,17.56564590583385,O Porriño,O Porriño (Santa María),3,PNOA-2024-GAL-532-4670-H29-NPC01.LAZ
524,4726,0.0,17.558525384998028,17.558525384998028,Catoira,Dimo (San Pedro),2,PNOA-2024-GAL-524-4726-H29-NPC01.LAZ
561,4726,8.80285280073101,8.752893857837746,17.555746658568758,Silleda,Siador (San Miguel),2,PNOA-2024-GAL-561-4726-H29-NPC01.LAZ
519,4717,7.499351242529642,10.026591201116604,17.525942443646244,Vilagarcía de Arousa,Arealonga (Santa Baia),2,PNOA-2024-GAL-519-4717-H29-NPC01.LAZ
536,4716,0.2677265069250168,17.25244206631029,17.520168573235306,Moraña,Lamas (Santa Cruz),1,PNOA-2024-GAL-536-4716-H29-NPC01.LAZ
553,4676,1.9427422895441504,15.571885590733714,17.514627880277864,Covelo,Santiago de Covelo (Santiago),1,PNOA-2024-GAL-553-4676-H29-NPC01.LAZ
551,4662,4.812380242232074,12.690971366754015,17.503351608986087,As Neves,San Cibrán de Ribarteme (San Cibrán),2,PNOA-2024-GAL-551-4662-H29-NPC01.LAZ
516,4710,12.243744015895349,5.244390164147684,17.488134180043033,Cambados,Corvillón (San Amedio),3,PNOA-2024-GAL-516-4710-H29-NPC01.LAZ
522,4663,0.0,17.47469612935852,17.47469612935852,Gondomar,Morgadáns (Santiago),2,PNOA-2024-GAL-522-4663-H29-NPC01.LAZ
516,4663,0.0,17.471838815687974,17.471838815687974,Nigrán,A Ramallosa (San Pedro),2,PNOA-2024-GAL-516-4663-H29-NPC01.LAZ
529,4717,5.782549305294666,11.669718644993868,17.452267950288533,Caldas de Reis,Caldas de Reis (Santa María),3,PNOA-2024-GAL-529-4717-H29-NPC01.LAZ
546,4726,2.086105160546112,15.350607764922746,17.436712925468857,A Estrada,Cereixo (San Xurxo),2,PNOA-2024-GAL-546-4726-H29-NPC01.LAZ
531,4683,9.1840913498053,8.229400731855344,17.413492081660642,Redondela,Cesantes (San Pedro),3,PNOA-2024-GAL-531-4683-H29-NPC01.LAZ
566,4725,2.336353043074137,15.069643387567703,17.405996430641842,Lalín,Cristimil (San Xurxo),1,PNOA-2024-GAL-566-4725-H29-NPC01.LAZ
528,4673,0.0,17.393136690113767,17.393136690113767,Mos,Tameiga (San Martiño),1,PNOA-2024-GAL-528-4673-H29-NPC01.LAZ
571,4734,3.0968605036998342,14.28395887315366,17.380819376853495,Lalín,Cercio (Santiago),3,PNOA-2024-GAL-571-4734-H29-NPC01.LAZ
558,4725,3.5880277612900637,13.779346855085613,17.367374616375677,Silleda,Graba (Santa María),1,PNOA-2024-GAL-558-4725-H29-NPC01.LAZ
567,4729,3.5561095945267214,13.79025252787444,17.34636212240116,Lalín,Madriñán (Santo Adrao),3,PNOA-2024-GAL-567-4729-H29-NPC01.LAZ
558,4674,2.251263691226613,15.094592377752756,17.34585606897937,A Cañiza,As Achas (San Sebastián),1,PNOA-2024-GAL-558-4674-H29-NPC01.LAZ
557,4674,0.9061055636898949,16.434555389511186,17.34066095320108,A Cañiza,As Achas (San Sebastián),1,PNOA-2024-GAL-557-4674-H29-NPC01.LAZ
516,4704,3.1938107489352725,14.139744772828848,17.333555521764122,Cambados,Castrelo (Santa Cruz),3,PNOA-2024-GAL-516-4704-H29-NPC01.LAZ
534,4719,1.305753816265967,16.02653009471136,17.332283910977328,Cuntis,Troáns (Santa María),2,PNOA-2024-GAL-534-4719-H29-NPC01.LAZ
522,4706,0.0,17.332062999758865,17.332062999758865,Meis,Meis (San Salvador),3,PNOA-2024-GAL-522-4706-H29-NPC01.LAZ
510,4698,2.863643981017719,14.46198566270386,17.32562964372158,Sanxenxo,Noalla (Santo Estevo),1,PNOA-2024-GAL-510-4698-H29-NPC01.LAZ
540,4664,3.7358878309780494,13.535409420363454,17.271297251341505,Ponteareas,Nogueira (San Salvador),2,PNOA-2024-GAL-540-4664-H29-NPC01.LAZ
539,4664,4.832553584145529,12.43840156562127,17.2709551497668,Ponteareas,Nogueira (San Salvador),1,PNOA-2024-GAL-539-4664-H29-NPC01.LAZ
536,4660,7.030815594070195,10.239480014391917,17.270295608462114,Salceda de Caselas,Entenza (Santos Xusto e Pastor),1,PNOA-2024-GAL-536-4660-H29-NPC01.LAZ
513,4680,6.117385052096742,11.140518462663207,17.25790351475995,Cangas,O Hío (Santo André),1,PNOA-2024-GAL-513-4680-H29-NPC01.LAZ
542,4679,2.0076309042323865,15.25015612941428,17.257787033646668,Mondariz,Toutón (San Mateo),2,PNOA-2024-GAL-542-4679-H29-NPC01.LAZ
523,4683,0.0,17.243543971477376,17.243543971477376,Moaña,Meira (Santa Eulalia),1,PNOA-2024-GAL-523-4683-H29-NPC01.LAZ
518,4644,0.0,17.240577218587166,17.240577218587166,Tomiño,Goián (San Cristovo),1,PNOA-2024-GAL-518-4644-H29-NPC01.LAZ
524,4692,0.0,17.2342671566222,17.2342671566222,Marín,Marín (San Xián),1,PNOA-2024-GAL-524-4692-H29-NPC01.LAZ
532,4686,7.503666240458816,9.71836312912593,17.222029369584746,Redondela,O Viso (Santa María),2,PNOA-2024-GAL-532-4686-H29-NPC01.LAZ
545,4668,1.2668907262804172,15.95417720334435,17.221067929624766,Ponteareas,Celeiros (San Fins),2,PNOA-2024-GAL-545-4668-H29-NPC01.LAZ
549,4663,0.7786906064474101,16.435164036483997,17.213854642931405,As Neves,San Xosé de Ribarteme (San Xosé),2,PNOA-2024-GAL-549-4663-H29-NPC01.LAZ
519,4648,0.0,17.184279272912633,17.184279272912633,Tomiño,Estás (Santiago),2,PNOA-2024-GAL-519-4648-H29-NPC01.LAZ
515,4679,9.78308352101597,7.399594923599858,17.182678444615828,Cangas,Darbo (Santa María),2,PNOA-2024-GAL-515-4679-H29-NPC01.LAZ
515,4708,3.5462860178474935,13.635307314471685,17.181593332319178,Cambados,Vilariño (Santo Adrián),3,PNOA-2024-GAL-515-4708-H29-NPC01.LAZ
516,4695,0.2625734030354723,16.910301097120012,17.172874500155483,Sanxenxo,Padriñán (San Xenxo),1,PNOA-2024-GAL-516-4695-H29-NPC01.LAZ
522,4690,0.0,17.170573037554483,17.170573037554483,Marín,San Tomé de Piñeiro (San Tomé),3,PNOA-2024-GAL-522-4690-H29-NPC01.LAZ
545,4691,10.046618167880647,7.114394981642347,17.161013149522994,Ponte Caldelas,Forzáns (San Fiz),2,PNOA-2024-GAL-545-4691-H29-NPC01.LAZ
566,4729,5.762182565492252,11.373198617312754,17.135381182805006,Lalín,Madriñán (Santo Adrao),2,PNOA-2024-GAL-566-4729-H29-NPC01.LAZ
527,4685,0.0,17.134247457646367,17.134247457646367,Vilaboa,Cobres (Santo Adrán),1,PNOA-2024-GAL-527-4685-H29-NPC01.LAZ
512,4642,3.021314400629431,14.095276668059906,17.11659106868934,O Rosal,O Rosal (Santa Mariña),2,PNOA-2024-GAL-512-4642-H29-NPC01.LAZ
558,4664,4.543559100900508,12.57193333501405,17.115492435914557,Arbo,Arbo (Santa María),2,PNOA-2024-GAL-558-4664-H29-NPC01.LAZ
520,4712,5.352453088103989,11.756315277414407,17.108768365518394,Vilanova de Arousa,Baión (San Xoán),2,PNOA-2024-GAL-520-4712-H29-NPC01.LAZ
543,4694,11.909756358929485,5.187874827000193,17.09763118592968,Ponte Caldelas,Ponte Caldelas (Santa Eulalia),2,PNOA-2024-GAL-543-4694-H29-NPC01.LAZ
552,4699,0.0,17.091759457368767,17.091759457368767,A Lama,Seixido (San Bartolomeu),1,PNOA-2024-GAL-552-4699-H29-NPC01.LAZ
545,4698,0.0,17.091451628873447,17.091451628873447,Cotobade,Aguasantas (Santa María),1,PNOA-2024-GAL-545-4698-H29-NPC01.LAZ
530,4709,0.0,17.08246410057942,17.08246410057942,Barro,Perdecanai (Santa María),1,PNOA-2024-GAL-530-4709-H29-NPC01.LAZ
524,4700,0.0,17.03652357921097,17.03652357921097,Poio,Poio (San Xoán),1,PNOA-2024-GAL-524-4700-H29-NPC01.LAZ
527,4657,1.1476031346062538,15.885082969784454,17.03268610439071,Tui,Pazos de Reis (O Sagrario),2,PNOA-2024-GAL-527-4657-H29-NPC01.LAZ
530,4675,0.0,17.009419410839698,17.009419410839698,Mos,Torroso (San Mamede),2,PNOA-2024-GAL-530-4675-H29-NPC01.LAZ
549,4731,6.454936782012107,10.553224866995398,17.008161649007505,A Estrada,Remesar (San Cristovo),3,PNOA-2024-GAL-549-4731-H29-NPC01.LAZ
528,4715,3.2681699837324087,13.733804611175179,17.001974594907587,Portas,Portas (Santa María),2,PNOA-2024-GAL-528-4715-H29-NPC01.LAZ
517,4709,1.9919886911187354,15.009554774310589,17.001543465429325,Vilanova de Arousa,Tremoedo (Santo Estevo),2,PNOA-2024-GAL-517-4709-H29-NPC01.LAZ
552,4661,3.27284273959281,13.706722823937895,16.979565563530706,Arbo,Sela (Santa María),1,PNOA-2024-GAL-552-4661-H29-NPC01.LAZ
566,4723,4.110662551397541,12.861058278038522,16.971720829436062,Lalín,Gresande (Santiago),1,PNOA-2024-GAL-566-4723-H29-NPC01.LAZ
547,4727,2.2383778607225437,14.72936716930698,16.967745030029526,A Estrada,Rubín (Santa María),3,PNOA-2024-GAL-547-4727-H29-NPC01.LAZ
541,4663,1.3273585515810604,15.628532647260888,16.95589119884195,Salvaterra de Miño,Pesqueiras (Santa Mariña),3,PNOA-2024-GAL-541-4663-H29-NPC01.LAZ
530,4710,0.0,16.951320974212393,16.951320974212393,Barro,Perdecanai (Santa María),2,PNOA-2024-GAL-530-4710-H29-NPC01.LAZ
546,4692,0.9784161818668661,15.97129084698869,16.949707028855556,A Lama,Gaxate (San Pedro),1,PNOA-2024-GAL-546-4692-H29-NPC01.LAZ
543,4679,3.302024440417323,13.645576085498083,16.947600525915405,Mondariz,Frades (San Martiño),3,PNOA-2024-GAL-543-4679-H29-NPC01.LAZ
515,4698,0.5475290256863932,16.386572501376882,16.934101527063277,Sanxenxo,Nantes (Santa Baia),1,PNOA-2024-GAL-515-4698-H29-NPC01.LAZ
533,4667,1.4796127367038825,15.44477713030579,16.924389867009673,O Porriño,Atios (Santa Eulalia),1,PNOA-2024-GAL-533-4667-H29-NPC01.LAZ
544,4722,5.0758721693174245,11.828655296429323,16.904527465746746,A Estrada,Nigoi (Santa María),2,PNOA-2024-GAL-544-4722-H29-NPC01.LAZ
528,4706,0.0,16.85224060949166,16.85224060949166,Barro,Portela (San Mamede),2,PNOA-2024-GAL-528-4706-H29-NPC01.LAZ
532,4677,3.8900439260111277,12.961704130122454,16.85174805613358,Redondela,Vilar de Infesta (San Martiño),3,PNOA-2024-GAL-532-4677-H29-NPC01.LAZ
516,4711,2.668838577073899,14.174808027193375,16.843646604267274,Vilanova de Arousa,Deiro (San Miguel),2,PNOA-2024-GAL-516-4711-H29-NPC01.LAZ
520,4701,0.0,16.820892847308436,16.820892847308436,Meis,A Armenteira (Santa María),1,PNOA-2024-GAL-520-4701-H29-NPC01.LAZ
565,4718,6.085864911162311,10.729623511353351,16.815488422515664,Lalín,Vilatuxe (San Lourenzo),1,PNOA-2024-GAL-565-4718-H29-NPC01.LAZ
527,4653,7.046766710285692,9.761690789994944,16.808457500280635,Tui,Areas (Santa Mariña),2,PNOA-2024-GAL-527-4653-H29-NPC01.LAZ
513,4644,0.0,16.78079179077715,16.78079179077715,O Rosal,O Rosal (Santa Mariña),1,PNOA-2024-GAL-513-4644-H29-NPC01.LAZ
522,4651,0.0,16.76409965236762,16.76409965236762,Tomiño,Tomiño (Santa María),2,PNOA-2024-GAL-522-4651-H29-NPC01.LAZ
520,4696,0.0,16.744644312864043,16.744644312864043,Poio,Raxó (San Gregorio),2,PNOA-2024-GAL-520-4696-H29-NPC01.LAZ
520,4651,0.0,16.74099095037004,16.74099095037004,Tomiño,Barrantes (San Vicente),2,PNOA-2024-GAL-520-4651-H29-NPC01.LAZ
536,4696,3.9093279321641945,12.828603483279371,16.737931415443565,Ponte Caldelas,Tourón (Santa María),1,PNOA-2024-GAL-536-4696-H29-NPC01.LAZ
517,4698,4.232164972243382,12.494148986068135,16.726313958311515,Meaño,Lores (San Miguel),1,PNOA-2024-GAL-517-4698-H29-NPC01.LAZ
560,4733,8.040553980406534,8.658072473453407,16.69862645385994,Silleda,Carboeiro (Santa María),4,PNOA-2024-GAL-560-4733-H29-NPC01.LAZ
544,4665,1.237655370889637,15.460530642588754,16.69818601347839,Salvaterra de Miño,Leirado (San Salvador),2,PNOA-2024-GAL-544-4665-H29-NPC01.LAZ
531,4727,6.230391907614941,10.431141494398727,16.661533402013667,Valga,Valga (San Miguel),1,PNOA-2024-GAL-531-4727-H29-NPC01.LAZ
536,4725,14.89318696427867,1.7625706111304509,16.65575757540912,Cuntis,Couselo (San Miguel),2,PNOA-2024-GAL-536-4725-H29-NPC01.LAZ
534,4657,0.9477596979502914,15.704221742431361,16.651981440381654,Tui,Baldráns (Santiago),2,PNOA-2024-GAL-534-4657-H29-NPC01.LAZ
558,4728,2.0490892685600706,14.601139353644301,16.650228622204374,Silleda,Escuadro (San Salvador),2,PNOA-2024-GAL-558-4728-H29-NPC01.LAZ
524,4693,0.0,16.64243693169227,16.64243693169227,Marín,Marín (San Xián),3,PNOA-2024-GAL-524-4693-H29-NPC01.LAZ
527,4730,3.4252318225108183,13.20487563787125,16.630107460382067,Valga,Campaña (Santa Cristina),2,PNOA-2024-GAL-527-4730-H29-NPC01.LAZ
549,4726,1.796030010080457,14.83285651820611,16.628886528286568,A Estrada,Pardemarín (Santa Baia),2,PNOA-2024-GAL-549-4726-H29-NPC01.LAZ
548,4736,2.1240052037733217,14.4863358628577,16.610341066631022,A Estrada,Arnois (San Xiao),1,PNOA-2024-GAL-548-4736-H29-NPC01.LAZ
536,4726,6.016054419523116,10.593191940094615,16.60924635961773,Cuntis,Portela (Santa Eulalia),1,PNOA-2024-GAL-536-4726-H29-NPC01.LAZ
563,4671,1.8260140446606998,14.779446109280906,16.605460153941607,A Cañiza,O Couto (San Bartolomeu),1,PNOA-2024-GAL-563-4671-H29-NPC01.LAZ
522,4713,10.467940894557527,6.131603879491753,16.59954477404928,Vilanova de Arousa,Baión (San Xoán),1,PNOA-2024-GAL-522-4713-H29-NPC01.LAZ
548,4731,3.2702764361132406,13.317443267374928,16.58771970348817,A Estrada,San Tomé de Ancorados (San Tomé),2,PNOA-2024-GAL-548-4731-H29-NPC01.LAZ
559,4677,1.7356856783120724,14.847168359929778,16.58285403824185,A Cañiza,Petán (San Xián),1,PNOA-2024-GAL-559-4677-H29-NPC01.LAZ
560,4670,0.9732298756409596,15.604220232423968,16.577450108064927,A Cañiza,Valeixe (Santa Cristina),1,PNOA-2024-GAL-560-4670-H29-NPC01.LAZ
531,4717,1.9931406430833376,14.569168608429106,16.562309251512442,Caldas de Reis,Santo André de Cesar (Santo André),3,PNOA-2024-GAL-531-4717-H29-NPC01.LAZ
548,4729,8.97028918047504,7.580107837430046,16.550397017905087,A Estrada,Rubín (Santa María),2,PNOA-2024-GAL-548-4729-H29-NPC01.LAZ
562,4724,4.550670813898279,11.998579443609165,16.549250257507445,Silleda,Cortegada (Santa María),1,PNOA-2024-GAL-562-4724-H29-NPC01.LAZ
522,4697,0.0,16.544147908195995,16.544147908195995,Poio,Samieira (Santa María),2,PNOA-2024-GAL-522-4697-H29-NPC01.LAZ
550,4730,6.473853739480539,10.064312676608283,16.53816641608882,A Estrada,Agar (Santa Mariña),1,PNOA-2024-GAL-550-4730-H29-NPC01.LAZ
551,4670,0.9076908949063525,15.629471807881165,16.53716270278752,A Cañiza,A Franqueira (Santa María),2,PNOA-2024-GAL-551-4670-H29-NPC01.LAZ
576,4723,8.605937474030686,7.927798429726767,16.533735903757453,Lalín,Maceira (San Martiño),2,PNOA-2024-GAL-576-4723-H29-NPC01.LAZ
541,4732,5.752498790635565,10.775396463695174,16.527895254330737,A Estrada,Santeles (San Xoán),1,PNOA-2024-GAL-541-4732-H29-NPC01.LAZ
546,4661,3.615628329803377,12.907390172209755,16.523018502013134,As Neves,Liñares (Santa María),2,PNOA-2024-GAL-546-4661-H29-NPC01.LAZ
512,4639,13.697758563329065,2.8154900950648356,16.513248658393902,A Guarda,Camposancos (Santa Isabel),2,PNOA-2024-GAL-512-4639-H29-NPC01.LAZ
547,4664,2.7008457488088062,13.77795874798836,16.478804496797167,As Neves,Rubiós (San Xoán),2,PNOA-2024-GAL-547-4664-H29-NPC01.LAZ
529,4680,16.47391544884657,0.0,16.47391544884657,Redondela,Trasmañó (San Vicente),2,PNOA-2024-GAL-529-4680-H29-NPC01.LAZ
524,4655,0.0,16.45963581750179,16.45963581750179,Tui,Pexegueiro (San Miguel),1,PNOA-2024-GAL-524-4655-H29-NPC01.LAZ
520,4707,3.2459009334256357,13.211941654610046,16.457842588035682,Ribadumia,Ribadumia (Santa Baia),2,PNOA-2024-GAL-520-4707-H29-NPC01.LAZ
536,4709,3.0477298987771495,13.404416423688911,16.45214632246606,Campo Lameiro,Fragas (Santa Mariña),2,PNOA-2024-GAL-536-4709-H29-NPC01.LAZ
552,4712,0.0,16.450597804519795,16.450597804519795,Cerdedo,Parada (San Pedro),1,PNOA-2024-GAL-552-4712-H29-NPC01.LAZ
537,4725,4.791424536076191,11.656147634251276,16.44757217032747,Cuntis,Arcos (San Breixo),2,PNOA-2024-GAL-537-4725-H29-NPC01.LAZ
558,4676,2.0899532515351167,14.354640472991283,16.4445937245264,A Cañiza,Petán (San Xián),2,PNOA-2024-GAL-558-4676-H29-NPC01.LAZ
566,4728,3.2832710282098496,13.144487093056329,16.42775812126618,Lalín,Noceda (Santa María),1,PNOA-2024-GAL-566-4728-H29-NPC01.LAZ
518,4711,2.078429053149478,14.346650575586473,16.42507962873595,Vilanova de Arousa,Tremoedo (Santo Estevo),2,PNOA-2024-GAL-518-4711-H29-NPC01.LAZ
543,4728,5.847182984457477,10.576651355933585,16.42383434039106,A Estrada,Aguións (Santa María),3,PNOA-2024-GAL-543-4728-H29-NPC01.LAZ
554,4731,5.539022770763692,10.877847850483903,16.416870621247597,Silleda,Cervaña (San Salvador),1,PNOA-2024-GAL-554-4731-H29-NPC01.LAZ
549,4732,3.240968988262714,13.161877908712977,16.402846896975692,A Estrada,Riobó (San Martiño),2,PNOA-2024-GAL-549-4732-H29-NPC01.LAZ
554,4663,0.20915707627224484,16.189261199279922,16.398418275552167,Arbo,Cabeiras (San Sebastián),1,PNOA-2024-GAL-554-4663-H29-NPC01.LAZ
511,4638,2.0234486574723705,14.368707728302077,16.39215638577445,A Guarda,Camposancos (Santa Isabel),1,PNOA-2024-GAL-511-4638-H29-NPC01.LAZ
513,4701,11.300804909957268,5.070776614300893,16.37158152425816,Sanxenxo,Vilalonga (San Pedro),1,PNOA-2024-GAL-513-4701-H29-NPC01.LAZ
531,4667,1.1654588416460825,15.203236963363004,16.368695805009086,O Porriño,Atios (Santa Eulalia),2,PNOA-2024-GAL-531-4667-H29-NPC01.LAZ
519,4661,0.0,16.36801790363929,16.36801790363929,Gondomar,Gondomar (San Bieito),2,PNOA-2024-GAL-519-4661-H29-NPC01.LAZ
513,4645,0.0,16.364507036790698,16.364507036790698,O Rosal,O Rosal (Santa Mariña),1,PNOA-2024-GAL-513-4645-H29-NPC01.LAZ
521,4705,0.0,16.363528972691558,16.363528972691558,Meis,Meis (San Salvador),2,PNOA-2024-GAL-521-4705-H29-NPC01.LAZ
516,4667,0.0,16.35732701174216,16.35732701174216,Nigrán,Nigrán (San Fiz),2,PNOA-2024-GAL-516-4667-H29-NPC01.LAZ
527,4665,2.826140473647319,13.521621672913604,16.34776214656092,O Porriño,Mosende (San Xurxo),2,PNOA-2024-GAL-527-4665-H29-NPC01.LAZ
542,4663,0.02717755608911012,16.3116911884975,16.338868744586613,Salvaterra de Miño,Pesqueiras (Santa Mariña),1,PNOA-2024-GAL-542-4663-H29-NPC01.LAZ
528,4710,0.0,16.336712223816555,16.336712223816555,Barro,Agudelo (San Martiño),2,PNOA-2024-GAL-528-4710-H29-NPC01.LAZ
537,4664,6.6574468568906084,9.674984359911077,16.332431216801687,Salceda de Caselas,Santa María de Salceda (Santa María),2,PNOA-2024-GAL-537-4664-H29-NPC01.LAZ
530,4665,6.269350890763424,10.05528705604064,16.324637946804064,O Porriño,Atios (Santa Eulalia),3,PNOA-2024-GAL-530-4665-H29-NPC01.LAZ
547,4696,1.7677321823543957,14.544554159205031,16.312286341559428,A Lama,Antas (Santiago),1,PNOA-2024-GAL-547-4696-H29-NPC01.LAZ
543,4676,0.009114522483035415,16.30048073934593,16.309595261828964,Mondariz,Riofrío (San Miguel),4,PNOA-2024-GAL-543-4676-H29-NPC01.LAZ
562,4720,10.151411594722308,6.156797582170168,16.308209176892476,Silleda,Laro (San Salvador),2,PNOA-2024-GAL-562-4720-H29-NPC01.LAZ
550,4699,0.0,16.267458070489784,16.267458070489784,A Lama,Covelo (San Sebastián),1,PNOA-2024-GAL-550-4699-H29-NPC01.LAZ
544,4666,3.1883303990466727,13.075128049912125,16.263458448958797,Salvaterra de Miño,Leirado (San Salvador),3,PNOA-2024-GAL-544-4666-H29-NPC01.LAZ
533,4722,3.7881895723807912,12.445967653390229,16.23415722577102,Cuntis,Cuntis (Santa María),3,PNOA-2024-GAL-533-4722-H29-NPC01.LAZ
535,4668,1.745720983903675,14.480767309705193,16.226488293608867,Ponteareas,Guláns (San Xulián),1,PNOA-2024-GAL-535-4668-H29-NPC01.LAZ
537,4662,7.831414502967531,8.382025983260402,16.21344048622793,Salceda de Caselas,Santa María de Salceda (Santa María),2,PNOA-2024-GAL-537-4662-H29-NPC01.LAZ
543,4731,6.221609753378766,9.97262902439709,16.19423877777586,A Estrada,Barbude (San Martiño),1,PNOA-2024-GAL-543-4731-H29-NPC01.LAZ
518,4694,2.50057544437568,13.680860646766426,16.181436091142107,Sanxenxo,Dorrón (San Xoán),2,PNOA-2024-GAL-518-4694-H29-NPC01.LAZ
529,4673,0.0,16.16796250440502,16.16796250440502,Mos,Tameiga (San Martiño),2,PNOA-2024-GAL-529-4673-H29-NPC01.LAZ
572,4731,4.073389466942233,12.078355947320148,16.15174541426238,Lalín,Palmou (San Xoán),2,PNOA-2024-GAL-572-4731-H29-NPC01.LAZ
535,4663,1.5008997850323673,14.63046038524807,16.131360170280438,Salceda de Caselas,San Xurxo de Salceda (San Xurxo),2,PNOA-2024-GAL-535-4663-H29-NPC01.LAZ
521,4682,0.0,16.131040135617237,16.131040135617237,Moaña,Moaña (Virxe do Carme),2,PNOA-2024-GAL-521-4682-H29-NPC01.LAZ
569,4719,1.4315595543240174,14.691406479393475,16.122966033717493,Lalín,Soutolongo (Santa María),2,PNOA-2024-GAL-569-4719-H29-NPC01.LAZ
549,4677,2.6849522610117966,13.434503756024702,16.119456017036498,Covelo,Casteláns (Santo Estevo),2,PNOA-2024-GAL-549-4677-H29-NPC01.LAZ
529,4712,0.5887962684072927,15.527135371180862,16.115931639588155,Barro,Barro (San Breixo),3,PNOA-2024-GAL-529-4712-H29-NPC01.LAZ
540,4726,3.4945242187090613,12.610897306013836,16.105421524722896,A Estrada,Ouzande (San Lourenzo),2,PNOA-2024-GAL-540-4726-H29-NPC01.LAZ
531,4665,8.389565380579247,7.711236893619393,16.100802274198642,O Porriño,Atios (Santa Eulalia),2,PNOA-2024-GAL-531-4665-H29-NPC01.LAZ
523,4693,0.0,16.099778707047573,16.099778707047573,Marín,Mogor (San Xurxo),2,PNOA-2024-GAL-523-4693-H29-NPC01.LAZ
531,4669,0.0,16.096431180311985,16.096431180311985,Mos,Sanguiñeda (Santa María),2,PNOA-2024-GAL-531-4669-H29-NPC01.LAZ
573,4722,11.243746399310867,4.849938227831082,16.093684627141947,Lalín,Catasós (Santiago),3,PNOA-2024-GAL-573-4722-H29-NPC01.LAZ
557,4728,5.333559134246103,10.74521604461471,16.078775178860813,Silleda,Escuadro (San Salvador),1,PNOA-2024-GAL-557-4728-H29-NPC01.LAZ
551,4700,1.2415938125146726,14.83532533740298,16.076919149917654,A Lama,A Barcia do Seixo (Santa Ana),2,PNOA-2024-GAL-551-4700-H29-NPC01.LAZ
529,4661,0.2611683323205863,15.810478934849694,16.07164726717028,Tui,Ribadelouro (Santa Comba),1,PNOA-2024-GAL-529-4661-H29-NPC01.LAZ
534,4682,12.0249616579121,4.035972057872667,16.060933715784767,Redondela,Reboreda (Santa María),1,PNOA-2024-GAL-534-4682-H29-NPC01.LAZ
566,4672,1.4276742805675042,14.625887223666286,16.05356150423379,Crecente,Rebordechán (Santa María),1,PNOA-2024-GAL-566-4672-H29-NPC01.LAZ
521,4649,0.0,16.04217292526323,16.04217292526323,Tomiño,Tomiño (Santa María),2,PNOA-2024-GAL-521-4649-H29-NPC01.LAZ
517,4666,0.0,16.033852930887452,16.033852930887452,Nigrán,Nigrán (San Fiz),2,PNOA-2024-GAL-517-4666-H29-NPC01.LAZ
522,4711,4.217054359677182,11.781961581237061,15.999015940914244,Meis,Paradela (Santa María),3,PNOA-2024-GAL-522-4711-H29-NPC01.LAZ
517,4663,0.0,15.976553531362589,15.976553531362589,Nigrán,A Ramallosa (San Pedro),3,PNOA-2024-GAL-517-4663-H29-NPC01.LAZ
557,4727,3.5508913936534885,12.416165738558169,15.967057132211657,Silleda,Escuadro (San Salvador),2,PNOA-2024-GAL-557-4727-H29-NPC01.LAZ
536,4731,6.549020710488114,9.410955845624942,15.959976556113055,A Estrada,San Xurxo de Vea (San Xurxo),3,PNOA-2024-GAL-536-4731-H29-NPC01.LAZ
554,4680,4.220912539106266,11.72960142527511,15.950513964381376,Covelo,Maceira (San Salvador),1,PNOA-2024-GAL-554-4680-H29-NPC01.LAZ
520,4706,0.3065094545020378,15.638845068009076,15.945354522511114,Meis,San Martiño de Meis (San Martiño),2,PNOA-2024-GAL-520-4706-H29-NPC01.LAZ
549,4725,2.4110576917327653,13.52953698116291,15.940594672895674,A Estrada,Pardemarín (Santa Baia),1,PNOA-2024-GAL-549-4725-H29-NPC01.LAZ
523,4711,0.0,15.934797852018546,15.934797852018546,Meis,Paradela (Santa María),1,PNOA-2024-GAL-523-4711-H29-NPC01.LAZ
521,4661,0.0,15.93325149741722,15.93325149741722,Gondomar,Peitieiros (San Miguel),1,PNOA-2024-GAL-521-4661-H29-NPC01.LAZ
544,4688,0.0,15.92364448433949,15.92364448433949,Fornelos de Montes,Fornelos de Montes (San Lourenzo),1,PNOA-2024-GAL-544-4688-H29-NPC01.LAZ
535,4689,1.4903904963645354,14.426693124206379,15.917083620570914,Soutomaior,Soutomaior (San Salvador),1,PNOA-2024-GAL-535-4689-H29-NPC01.LAZ
538,4662,4.813285329048611,11.097366024030865,15.910651353079476,Salvaterra de Miño,Alxén (San Paio),2,PNOA-2024-GAL-538-4662-H29-NPC01.LAZ
530,4711,0.0,15.904385465726664,15.904385465726664,Barro,Barro (San Breixo),2,PNOA-2024-GAL-530-4711-H29-NPC01.LAZ
568,4729,2.395886826637797,13.499229253836994,15.895116080474791,Lalín,Méixome (Santiago),1,PNOA-2024-GAL-568-4729-H29-NPC01.LAZ
575,4728,15.88986040319202,0.0,15.88986040319202,Lalín,A Veiga (San Ramón),1,PNOA-2024-GAL-575-4728-H29-NPC01.LAZ
525,4699,0.0,15.882129568386034,15.882129568386034,Poio,Poio (San Xoán),1,PNOA-2024-GAL-525-4699-H29-NPC01.LAZ
526,4693,0.0,15.879075970092465,15.879075970092465,Marín,Marín (San Xián),1,PNOA-2024-GAL-526-4693-H29-NPC01.LAZ
569,4728,4.271223235502749,11.596558011453636,15.867781246956385,Lalín,Santiso (San Román),1,PNOA-2024-GAL-569-4728-H29-NPC01.LAZ
518,4709,1.6971444362922328,14.16934428683428,15.866488723126512,Cambados,Oubiña (San Vicenzo),4,PNOA-2024-GAL-518-4709-H29-NPC01.LAZ
551,4660,0.014942526443617083,15.844266364808371,15.859208891251988,As Neves,Vide (Santa María),1,PNOA-2024-GAL-551-4660-H29-NPC01.LAZ
513,4681,1.34123971478392,14.50783137431638,15.849071089100299,Cangas,O Hío (Santo André),1,PNOA-2024-GAL-513-4681-H29-NPC01.LAZ
561,4730,6.542674883328552,9.296630822167856,15.839305705496407,Silleda,O Castro (San Mamede),2,PNOA-2024-GAL-561-4730-H29-NPC01.LAZ
521,4667,0.0,15.832687312931624,15.832687312931624,Gondomar,Vincios (Santa Mariña),1,PNOA-2024-GAL-521-4667-H29-NPC01.LAZ
532,4668,2.442683043026595,13.377900684445144,15.820583727471739,O Porriño,Atios (Santa Eulalia),3,PNOA-2024-GAL-532-4668-H29-NPC01.LAZ
521,4710,8.972485344996263,6.833062684060554,15.805548029056817,Ribadumia,Leiro (San Xoán),3,PNOA-2024-GAL-521-4710-H29-NPC01.LAZ
528,4671,0.0,15.796688715945674,15.796688715945674,Mos,Tameiga (San Martiño),3,PNOA-2024-GAL-528-4671-H29-NPC01.LAZ
546,4697,3.447396585563166,12.335403433446539,15.782800019009704,A Lama,Escuadra (San Lourenzo),2,PNOA-2024-GAL-546-4697-H29-NPC01.LAZ
555,4661,0.739673608068764,15.032311062522904,15.771984670591667,Arbo,Barcela (San Xoán),2,PNOA-2024-GAL-555-4661-H29-NPC01.LAZ
532,4660,3.5794620500462004,12.189322141740115,15.768784191786317,Salceda de Caselas,Santo Estevo de Budiño (Santo Estevo),3,PNOA-2024-GAL-532-4660-H29-NPC01.LAZ
557,4733,5.421430543080905,10.33252796419133,15.753958507272234,Silleda,Manduas (San Tirso),2,PNOA-2024-GAL-557-4733-H29-NPC01.LAZ
519,4647,0.0,15.730878730385864,15.730878730385864,Tomiño,Estás (Santiago),2,PNOA-2024-GAL-519-4647-H29-NPC01.LAZ
530,4691,0.0,15.728989581434481,15.728989581434481,Vilaboa,Figueirido (Santo André),2,PNOA-2024-GAL-530-4691-H29-NPC01.LAZ
532,4662,4.4023855727867,11.295433546396415,15.697819119183116,O Porriño,San Salvador de Budiño (San Salvador),2,PNOA-2024-GAL-532-4662-H29-NPC01.LAZ
521,4653,0.0,15.69491629276526,15.69491629276526,Tomiño,Vilameán (San Bieito),1,PNOA-2024-GAL-521-4653-H29-NPC01.LAZ
565,4667,2.38642114575611,13.304384883151638,15.690806028907748,Crecente,Quintela (San Caetano),1,PNOA-2024-GAL-565-4667-H29-NPC01.LAZ
538,4691,5.708776013579914,9.977865176135715,15.68664118971563,Ponte Caldelas,A Insua (Santa Mariña),1,PNOA-2024-GAL-538-4691-H29-NPC01.LAZ
530,4677,2.0441611040848477,13.633992361196732,15.67815346528158,Redondela,Vilar de Infesta (San Martiño),1,PNOA-2024-GAL-530-4677-H29-NPC01.LAZ
571,4736,3.7056481729458635,11.972203168719917,15.67785134166578,Lalín,Galegos (San Miguel),1,PNOA-2024-GAL-571-4736-H29-NPC01.LAZ
521,4654,0.0,15.673656940289087,15.673656940289087,Tomiño,Vilameán (San Bieito),2,PNOA-2024-GAL-521-4654-H29-NPC01.LAZ
539,4701,0.0,15.65699658728983,15.65699658728983,Cotobade,Borela (San Martiño),1,PNOA-2024-GAL-539-4701-H29-NPC01.LAZ
520,4680,0.0,15.642070285704973,15.642070285704973,Moaña,Tirán (San Xoán),1,PNOA-2024-GAL-520-4680-H29-NPC01.LAZ
518,4665,0.0,15.616021567349677,15.616021567349677,Nigrán,Parada (Santiago),2,PNOA-2024-GAL-518-4665-H29-NPC01.LAZ
521,4691,0.0,15.614732326530268,15.614732326530268,Marín,Ardán (Santa María),2,PNOA-2024-GAL-521-4691-H29-NPC01.LAZ
513,4643,0.0,15.597489348580073,15.597489348580073,O Rosal,O Rosal (Santa Mariña),1,PNOA-2024-GAL-513-4643-H29-NPC01.LAZ
550,4728,2.9495527249218108,12.647416561224956,15.596969286146766,A Estrada,Curantes (San Miguel),1,PNOA-2024-GAL-550-4728-H29-NPC01.LAZ
521,4655,0.0,15.595226075382158,15.595226075382158,Tomiño,Tebra (Santa María),1,PNOA-2024-GAL-521-4655-H29-NPC01.LAZ
521,4662,0.0,15.590864143663376,15.590864143663376,Gondomar,Peitieiros (San Miguel),3,PNOA-2024-GAL-521-4662-H29-NPC01.LAZ
532,4719,3.5314464993557326,12.044740903286698,15.57618740264243,Cuntis,Troáns (Santa María),1,PNOA-2024-GAL-532-4719-H29-NPC01.LAZ
526,4717,5.844278440152518,9.7287927579128,15.573071198065318,Caldas de Reis,Saiar (Santo Estevo),1,PNOA-2024-GAL-526-4717-H29-NPC01.LAZ
547,4690,2.680823681709751,12.89195964767239,15.57278332938214,A Lama,Verducido (San Martiño),1,PNOA-2024-GAL-547-4690-H29-NPC01.LAZ
539,4729,6.6152673186054995,8.956972647784658,15.572239966390157,A Estrada,Matalobos (Santa Baia),3,PNOA-2024-GAL-539-4729-H29-NPC01.LAZ
558,4668,3.865568701225897,11.694784026427977,15.560352727653873,A Cañiza,Valeixe (Santa Cristina),2,PNOA-2024-GAL-558-4668-H29-NPC01.LAZ
544,4693,10.262484219569485,5.2894940613849535,15.551978280954438,Ponte Caldelas,Caritel (Santa María),1,PNOA-2024-GAL-544-4693-H29-NPC01.LAZ
514,4643,0.0,15.546827421782686,15.546827421782686,O Rosal,O Rosal (Santa Mariña),2,PNOA-2024-GAL-514-4643-H29-NPC01.LAZ
566,4726,3.609104764930076,11.922356632536061,15.531461397466138,Lalín,Prado (San Martiño),2,PNOA-2024-GAL-566-4726-H29-NPC01.LAZ
550,4698,4.884899445598333,10.645133415550116,15.530032861148449,A Lama,Covelo (San Sebastián),2,PNOA-2024-GAL-550-4698-H29-NPC01.LAZ
551,4697,0.0,15.524184049662843,15.524184049662843,A Lama,Seixido (San Bartolomeu),1,PNOA-2024-GAL-551-4697-H29-NPC01.LAZ
534,4712,2.120156730862882,13.393401682232124,15.513558413095005,Moraña,San Lourenzo de Moraña (San Lourenzo),3,PNOA-2024-GAL-534-4712-H29-NPC01.LAZ
547,4659,1.2811864912706359,14.222758111147774,15.50394460241841,As Neves,As Neves (Santa María),1,PNOA-2024-GAL-547-4659-H29-NPC01.LAZ
550,4709,0.0,15.50320204202958,15.50320204202958,Cerdedo,Cerdedo (San Xoán),1,PNOA-2024-GAL-550-4709-H29-NPC01.LAZ
527,4707,0.0,15.500294900341176,15.500294900341176,Barro,Curro (Santa María),2,PNOA-2024-GAL-527-4707-H29-NPC01.LAZ
546,4723,4.808579917095469,10.680724805501573,15.48930472259704,A Estrada,Parada (San Pedro),1,PNOA-2024-GAL-546-4723-H29-NPC01.LAZ
565,4732,3.991884426614354,11.486180584889626,15.478065011503979,Lalín,Losón (Santa Baia),1,PNOA-2024-GAL-565-4732-H29-NPC01.LAZ
514,4661,0.0,15.470700846520698,15.470700846520698,Baiona,Belesar (San Lourenzo),2,PNOA-2024-GAL-514-4661-H29-NPC01.LAZ
543,4669,0.0,15.465662080897808,15.465662080897808,Ponteareas,Arcos (San Breixo),3,PNOA-2024-GAL-543-4669-H29-NPC01.LAZ
535,4680,0.0,15.461052829209207,15.461052829209207,Pazos de Borbén,Cepeda (San Pedro),2,PNOA-2024-GAL-535-4680-H29-NPC01.LAZ
518,4698,4.938540725047107,10.512595047424375,15.451135772471481,Meaño,Simes (Santa María),2,PNOA-2024-GAL-518-4698-H29-NPC01.LAZ
547,4705,0.0,15.442076803401442,15.442076803401442,Cotobade,Caroi (Santiago),2,PNOA-2024-GAL-547-4705-H29-NPC01.LAZ
518,4645,0.0,15.43515263782424,15.43515263782424,Tomiño,Goián (San Cristovo),1,PNOA-2024-GAL-518-4645-H29-NPC01.LAZ
529,4724,1.7686326192837836,13.662763934294931,15.431396553578715,Valga,Setecoros (San Salvador),2,PNOA-2024-GAL-529-4724-H29-NPC01.LAZ
572,4721,2.6176407329475686,12.812609593325536,15.430250326273105,Lalín,Catasós (Santiago),2,PNOA-2024-GAL-572-4721-H29-NPC01.LAZ
534,4663,1.382797820992915,14.042836287012104,15.425634108005019,O Porriño,San Salvador de Budiño (San Salvador),3,PNOA-2024-GAL-534-4663-H29-NPC01.LAZ
554,4682,3.4056794274939195,11.994106159674137,15.399785587168058,Covelo,Fofe (San Miguel),2,PNOA-2024-GAL-554-4682-H29-NPC01.LAZ
571,4722,7.162031040412239,8.228805357158611,15.390836397570851,Lalín,Botos (San Xoán),1,PNOA-2024-GAL-571-4722-H29-NPC01.LAZ
517,4680,1.109618686548245,14.256993854127634,15.36661254067588,Cangas,Darbo (Santa María),3,PNOA-2024-GAL-517-4680-H29-NPC01.LAZ
548,4727,3.8494145317505346,11.514099827974498,15.363514359725032,A Estrada,Rubín (Santa María),2,PNOA-2024-GAL-548-4727-H29-NPC01.LAZ
557,4665,5.093445856702434,10.259519582354331,15.352965439056765,Arbo,Mourentán (San Cristovo),2,PNOA-2024-GAL-557-4665-H29-NPC01.LAZ
521,4660,0.0,15.343517443317491,15.343517443317491,Gondomar,Couso (San Cristovo),1,PNOA-2024-GAL-521-4660-H29-NPC01.LAZ
548,4688,0.0,15.336413707199814,15.336413707199814,Fornelos de Montes,As Estacas (Santa María),1,PNOA-2024-GAL-548-4688-H29-NPC01.LAZ
529,4708,0.0,15.326203809056024,15.326203809056024,Barro,Portela (San Mamede),3,PNOA-2024-GAL-529-4708-H29-NPC01.LAZ
538,4683,0.0,15.319829788767711,15.319829788767711,Pazos de Borbén,Pazos (Santa María),2,PNOA-2024-GAL-538-4683-H29-NPC01.LAZ
513,4679,11.541202536910214,3.7737169006638345,15.314919437574048,Cangas,O Hío (Santo André),1,PNOA-2024-GAL-513-4679-H29-NPC01.LAZ
532,4716,0.0,15.309404458972612,15.309404458972612,Moraña,Saiáns (San Salvador),1,PNOA-2024-GAL-532-4716-H29-NPC01.LAZ
536,4697,7.199199474828851,8.104345919752262,15.303545394581114,Ponte Caldelas,Tourón (Santa María),1,PNOA-2024-GAL-536-4697-H29-NPC01.LAZ
563,4674,4.967788901798238,10.334869523798279,15.302658425596517,Crecente,A Ameixeira (San Bernabeu),2,PNOA-2024-GAL-563-4674-H29-NPC01.LAZ
554,4714,0.0,15.27415995061778,15.27415995061778,Forcarei,Forcarei (San Martiño),1,PNOA-2024-GAL-554-4714-H29-NPC01.LAZ
573,4734,3.7497292651034146,11.510238434640636,15.25996769974405,Lalín,Rodís (San Xiao),3,PNOA-2024-GAL-573-4734-H29-NPC01.LAZ
541,4679,2.5569324646235283,12.694111605348041,15.25104406997157,Mondariz,Toutón (San Mateo),1,PNOA-2024-GAL-541-4679-H29-NPC01.LAZ
528,4713,2.798595555423474,12.42735225365285,15.225947809076324,Portas,Briallos (San Cristovo),1,PNOA-2024-GAL-528-4713-H29-NPC01.LAZ
535,4723,4.139045150049469,11.07573194158377,15.21477709163324,Cuntis,Piñeiro (San Mamede),1,PNOA-2024-GAL-535-4723-H29-NPC01.LAZ
514,4710,15.12346279537649,0.08773230753222187,15.211195102908713,Vilanova de Arousa,Deiro (San Miguel),1,PNOA-2024-GAL-514-4710-H29-NPC01.LAZ
557,4725,3.9842026117156197,11.224411243252172,15.208613854967792,Silleda,Graba (Santa María),1,PNOA-2024-GAL-557-4725-H29-NPC01.LAZ
533,4718,3.7797735193617448,11.40847673931423,15.188250258675975,Cuntis,Troáns (Santa María),1,PNOA-2024-GAL-533-4718-H29-NPC01.LAZ
524,4712,0.291463254970299,14.896037345440874,15.187500600411173,Meis,Paradela (Santa María),2,PNOA-2024-GAL-524-4712-H29-NPC01.LAZ
540,4665,2.3417055719712745,12.838115506680111,15.179821078651386,Ponteareas,Nogueira (San Salvador),3,PNOA-2024-GAL-540-4665-H29-NPC01.LAZ
563,4721,5.717100768993411,9.45475630984777,15.171857078841182,Silleda,Laro (San Salvador),3,PNOA-2024-GAL-563-4721-H29-NPC01.LAZ
547,4734,6.0101609608457975,9.122593667988124,15.132754628833922,A Estrada,Berres (San Vicenzo),2,PNOA-2024-GAL-547-4734-H29-NPC01.LAZ
579,4742,0.0,15.127354940255271,15.127354940255271,Agolada,Berredo (Santa María),2,PNOA-2024-GAL-579-4742-H29-NPC01.LAZ
517,4642,0.0,15.094146372125678,15.094146372125678,O Rosal,As Eiras (San Bartolomeu),2,PNOA-2024-GAL-517-4642-H29-NPC01.LAZ
559,4730,4.862853711309689,10.227083681060591,15.089937392370281,Silleda,Negreiros (San Martiño),2,PNOA-2024-GAL-559-4730-H29-NPC01.LAZ
541,4694,2.931497630566239,12.15496694074176,15.086464571308,Ponte Caldelas,Ponte Caldelas (Santa Eulalia),1,PNOA-2024-GAL-541-4694-H29-NPC01.LAZ
541,4702,0.0,15.081663891997863,15.081663891997863,Cotobade,Rebordelo (San Martiño),1,PNOA-2024-GAL-541-4702-H29-NPC01.LAZ
540,4669,1.2257418057193898,13.833698611999129,15.059440417718518,Ponteareas,Angoares (San Pedro),2,PNOA-2024-GAL-540-4669-H29-NPC01.LAZ
511,4641,2.688059662530695,12.36920427022369,15.057263932754385,A Guarda,Salcidos (San Lourenzo),1,PNOA-2024-GAL-511-4641-H29-NPC01.LAZ
570,4726,4.144064236341431,10.892324985528033,15.036389221869463,Lalín,Filgueira (Santa María),1,PNOA-2024-GAL-570-4726-H29-NPC01.LAZ
516,4664,0.0,15.027586455147615,15.027586455147615,Nigrán,A Ramallosa (San Pedro),1,PNOA-2024-GAL-516-4664-H29-NPC01.LAZ
525,4709,0.7791701540448782,14.235354581367963,15.014524735412841,Meis,San Lourenzo de Nogueira (San Lourenzo),2,PNOA-2024-GAL-525-4709-H29-NPC01.LAZ
538,4672,0.8068712894158439,14.18726162126581,14.994132910681653,Ponteareas,Ribadetea (San Xurxo),1,PNOA-2024-GAL-538-4672-H29-NPC01.LAZ
538,4729,2.2506263307656638,12.738628299316257,14.989254630081922,A Estrada,San Xiao de Vea (San Xiao),1,PNOA-2024-GAL-538-4729-H29-NPC01.LAZ
562,4675,1.4167832000209053,13.566390761645293,14.983173961666198,A Cañiza,Oroso (Santa María),1,PNOA-2024-GAL-562-4675-H29-NPC01.LAZ
534,4662,7.8061356506502015,7.162723889816935,14.968859540467136,Salceda de Caselas,Parderrubias (San Tomé),4,PNOA-2024-GAL-534-4662-H29-NPC01.LAZ
544,4667,4.360410001457713,10.606056634921277,14.966466636378989,Salvaterra de Miño,Lira (San Simón),1,PNOA-2024-GAL-544-4667-H29-NPC01.LAZ
538,4733,1.842062110568717,13.116140084041154,14.958202194609871,A Estrada,Cora (San Miguel),1,PNOA-2024-GAL-538-4733-H29-NPC01.LAZ
528,4659,6.826950569647926,8.130976082236435,14.95792665188436,Tui,Rebordáns (San Bartolomeu),1,PNOA-2024-GAL-528-4659-H29-NPC01.LAZ
511,4700,3.6234871178472012,11.314732275759216,14.938219393606417,Sanxenxo,Noalla (Santo Estevo),2,PNOA-2024-GAL-511-4700-H29-NPC01.LAZ
548,4668,1.3159902310653266,13.620287851212963,14.936278082278289,As Neves,San Pedro de Batalláns (San Pedro),2,PNOA-2024-GAL-548-4668-H29-NPC01.LAZ
520,4682,0.0,14.93605648092504,14.93605648092504,Moaña,Moaña (San Martiño),1,PNOA-2024-GAL-520-4682-H29-NPC01.LAZ
548,4672,9.765656239488921,5.168507411395115,14.934163650884036,Mondariz,Mouriscados (San Cibrán),1,PNOA-2024-GAL-548-4672-H29-NPC01.LAZ
530,4658,0.6607752006246322,14.266597317441542,14.927372518066175,Tui,Guillarei (San Mamede),2,PNOA-2024-GAL-530-4658-H29-NPC01.LAZ
523,4724,0.0,14.924155679466862,14.924155679466862,Catoira,Catoira (San Miguel),2,PNOA-2024-GAL-523-4724-H29-NPC01.LAZ
538,4695,3.542016704215494,11.376620264303257,14.91863696851875,Ponte Caldelas,Tourón (Santa María),1,PNOA-2024-GAL-538-4695-H29-NPC01.LAZ
570,4734,1.8900078251415464,13.021512348107139,14.911520173248686,Lalín,Camposancos (San Cristovo),3,PNOA-2024-GAL-570-4734-H29-NPC01.LAZ
510,4638,8.2382275433672,6.67014939442727,14.90837693779447,A Guarda,A Guarda (Santa María),2,PNOA-2024-GAL-510-4638-H29-NPC01.LAZ
523,4692,0.0,14.906160851474398,14.906160851474398,Marín,Seixo (Nosa Señora do Carme),4,PNOA-2024-GAL-523-4692-H29-NPC01.LAZ
557,4682,1.6095111880612252,13.28926772380226,14.898778911863484,Covelo,Godóns (Santa María),2,PNOA-2024-GAL-557-4682-H29-NPC01.LAZ
524,4656,0.6760739568230733,14.212426138238001,14.888500095061074,Tui,Pexegueiro (San Miguel),2,PNOA-2024-GAL-524-4656-H29-NPC01.LAZ
556,4669,2.0203887167651065,12.857998643321473,14.87838736008658,A Cañiza,Luneda (Santa María),2,PNOA-2024-GAL-556-4669-H29-NPC01.LAZ
523,4715,1.3120390090834135,13.5617671451993,14.873806154282713,Caldas de Reis,Godos (Santa María),1,PNOA-2024-GAL-523-4715-H29-NPC01.LAZ
570,4724,14.86767097651755,0.0,14.86767097651755,Lalín,Donramiro (Santa María),2,PNOA-2024-GAL-570-4724-H29-NPC01.LAZ
569,4725,3.2093201651273633,11.657495175554207,14.866815340681569,Lalín,Donsión (Santa Baia),2,PNOA-2024-GAL-569-4725-H29-NPC01.LAZ
532,4663,0.5473430880700937,14.318291581760654,14.865634669830747,O Porriño,San Salvador de Budiño (San Salvador),1,PNOA-2024-GAL-532-4663-H29-NPC01.LAZ
566,4720,2.158285202653806,12.700566155513611,14.858851358167417,Lalín,Barcia (Santo Estevo),1,PNOA-2024-GAL-566-4720-H29-NPC01.LAZ
513,4653,0.0,14.856810645000772,14.856810645000772,Oia,Burgueira (San Pedro),1,PNOA-2024-GAL-513-4653-H29-NPC01.LAZ
516,4707,5.79288874223979,9.061655639257099,14.85454438149689,Cambados,Vilariño (Santo Adrián),2,PNOA-2024-GAL-516-4707-H29-NPC01.LAZ
546,4660,5.634264740057173,9.187869981293836,14.82213472135101,As Neves,Liñares (Santa María),3,PNOA-2024-GAL-546-4660-H29-NPC01.LAZ
530,4726,3.8133469334803975,11.007617340967041,14.820964274447439,Valga,Xanza (Santa María),2,PNOA-2024-GAL-530-4726-H29-NPC01.LAZ
558,4729,6.539579416397607,8.246588932326963,14.78616834872457,Silleda,Rellas (San Martiño),2,PNOA-2024-GAL-558-4729-H29-NPC01.LAZ
530,4662,3.22370863700589,11.546989775082151,14.770698412088041,O Porriño,San Salvador de Budiño (San Salvador),2,PNOA-2024-GAL-530-4662-H29-NPC01.LAZ
546,4698,3.583219905935345,11.176382464867746,14.75960237080309,A Lama,Escuadra (San Lourenzo),2,PNOA-2024-GAL-546-4698-H29-NPC01.LAZ
529,4690,0.0,14.751587759227359,14.751587759227359,Vilaboa,Vilaboa (San Martiño),1,PNOA-2024-GAL-529-4690-H29-NPC01.LAZ
553,4673,2.282483566250773,12.46245850683524,14.744942073086014,Covelo,A Lamosa (San Bartolomeu),2,PNOA-2024-GAL-553-4673-H29-NPC01.LAZ
535,4715,0.22169234519580897,14.519826945164294,14.741519290360102,Moraña,Santa Xusta de Moraña (Santa Xusta),2,PNOA-2024-GAL-535-4715-H29-NPC01.LAZ
556,4667,1.7903505073945187,12.94928067790573,14.739631185300249,Arbo,Mourentán (San Cristovo),2,PNOA-2024-GAL-556-4667-H29-NPC01.LAZ
561,4674,4.299175820921763,10.42898076736649,14.728156588288254,A Cañiza,Oroso (Santa María),1,PNOA-2024-GAL-561-4674-H29-NPC01.LAZ
527,4713,2.281011920211473,12.444381414259558,14.72539333447103,Portas,Portas (Santa María),2,PNOA-2024-GAL-527-4713-H29-NPC01.LAZ
557,4671,3.610203764875891,11.111587960828832,14.721791725704723,A Cañiza,Parada das Achas (Santiago),1,PNOA-2024-GAL-557-4671-H29-NPC01.LAZ
531,4686,9.399501598457931,5.3131671573193335,14.712668755777266,Redondela,O Viso (Santa María),2,PNOA-2024-GAL-531-4686-H29-NPC01.LAZ
522,4691,0.0,14.710304545596122,14.710304545596122,Marín,Seixo (Nosa Señora do Carme),3,PNOA-2024-GAL-522-4691-H29-NPC01.LAZ
515,4680,3.07720705712198,11.617525116569276,14.694732173691255,Cangas,O Hío (Santo André),2,PNOA-2024-GAL-515-4680-H29-NPC01.LAZ
561,4669,2.3957710333153224,12.274518666996025,14.670289700311347,A Cañiza,Valeixe (Santa Cristina),2,PNOA-2024-GAL-561-4669-H29-NPC01.LAZ
546,4668,2.4796941872153244,12.186678564178036,14.66637275139336,Salvaterra de Miño,Vilacova (San Xoán),3,PNOA-2024-GAL-546-4668-H29-NPC01.LAZ
555,4730,3.7841054199870294,10.865643532479321,14.64974895246635,Silleda,Moalde (San Mamede),2,PNOA-2024-GAL-555-4730-H29-NPC01.LAZ
550,4696,2.018683471683659,12.630726438838629,14.649409910522287,A Lama,Seixido (San Bartolomeu),2,PNOA-2024-GAL-550-4696-H29-NPC01.LAZ
515,4705,4.057427758118063,10.585030800210195,14.642458558328258,Cambados,Castrelo (Santa Cruz),1,PNOA-2024-GAL-515-4705-H29-NPC01.LAZ
517,4696,1.9787102479567076,12.647869384154204,14.62657963211091,Sanxenxo,Bordóns (San Pedro),2,PNOA-2024-GAL-517-4696-H29-NPC01.LAZ
547,4726,1.8861418622383375,12.728374252439867,14.614516114678205,A Estrada,Lamas (San Breixo),2,PNOA-2024-GAL-547-4726-H29-NPC01.LAZ
536,4699,0.0,14.61164333715294,14.61164333715294,Cotobade,Almofrei (San Lourenzo),2,PNOA-2024-GAL-536-4699-H29-NPC01.LAZ
540,4661,2.1855495893943138,12.423945975921173,14.609495565315488,Salvaterra de Miño,Salvaterra (San Lourenzo),2,PNOA-2024-GAL-540-4661-H29-NPC01.LAZ
563,4719,3.4071205471776973,11.189635382242503,14.596755929420201,Silleda,Parada (San Tomé),1,PNOA-2024-GAL-563-4719-H29-NPC01.LAZ
524,4714,0.7931869529927076,13.802142972573657,14.595329925566364,Caldas de Reis,Godos (Santa María),1,PNOA-2024-GAL-524-4714-H29-NPC01.LAZ
526,4718,0.2646718577553101,14.315141816578016,14.579813674333327,Caldas de Reis,Saiar (Santo Estevo),1,PNOA-2024-GAL-526-4718-H29-NPC01.LAZ
526,4712,1.5992312045648969,12.966662096155662,14.565893300720559,Portas,Romai (San Xián),1,PNOA-2024-GAL-526-4712-H29-NPC01.LAZ
536,4713,0.5060552883623461,14.052227231870468,14.558282520232813,Campo Lameiro,O Couso (San Cristovo),3,PNOA-2024-GAL-536-4713-H29-NPC01.LAZ
520,4683,0.0,14.551688838575618,14.551688838575618,Moaña,Moaña (San Martiño),1,PNOA-2024-GAL-520-4683-H29-NPC01.LAZ
560,4732,5.3078417597141865,9.238834168245832,14.546675927960019,Silleda,Breixa (Santiago),1,PNOA-2024-GAL-560-4732-H29-NPC01.LAZ
528,4679,13.158891900376778,1.38478513266638,14.543677033043158,Redondela,Chapela (San Fausto),1,PNOA-2024-GAL-528-4679-H29-NPC01.LAZ
539,4695,2.6470614661281795,11.894769053530421,14.5418305196586,Ponte Caldelas,Ponte Caldelas (Santa Eulalia),2,PNOA-2024-GAL-539-4695-H29-NPC01.LAZ
527,4706,0.0,14.539763629158914,14.539763629158914,Barro,Curro (Santa María),2,PNOA-2024-GAL-527-4706-H29-NPC01.LAZ
533,4710,1.4158592920182822,13.10518614171473,14.521045433733013,Moraña,Rebón (San Pedro),2,PNOA-2024-GAL-533-4710-H29-NPC01.LAZ
535,4694,5.831043368017033,8.68480839785242,14.515851765869453,Ponte Caldelas,Xustáns (San Martiño),1,PNOA-2024-GAL-535-4694-H29-NPC01.LAZ
523,4726,0.0,14.497884690165217,14.497884690165217,Catoira,Oeste (Santa Baia),1,PNOA-2024-GAL-523-4726-H29-NPC01.LAZ
571,4727,6.983137422853792,7.505578058011726,14.488715480865519,Lalín,Filgueira (Santa María),2,PNOA-2024-GAL-571-4727-H29-NPC01.LAZ
537,4710,0.893071408980047,13.575750069466816,14.468821478446863,Campo Lameiro,O Campo (San Miguel),1,PNOA-2024-GAL-537-4710-H29-NPC01.LAZ
549,4720,1.4717591802946082,12.997008773252405,14.468767953547014,A Estrada,Liripio (San Xoán Bautista),1,PNOA-2024-GAL-549-4720-H29-NPC01.LAZ
549,4711,0.0,14.43981589821794,14.43981589821794,Cerdedo,Figueiroa (San Martiño),1,PNOA-2024-GAL-549-4711-H29-NPC01.LAZ
557,4719,0.0,14.432364993276183,14.432364993276183,Forcarei,Aciveiro (Santa María),1,PNOA-2024-GAL-557-4719-H29-NPC01.LAZ
530,4681,3.608144348760217,10.820584369932302,14.428728718692518,Redondela,Cedeira (Santo André),1,PNOA-2024-GAL-530-4681-H29-NPC01.LAZ
550,4732,2.2305622268519665,12.185285987256682,14.41584821410865,A Estrada,Remesar (San Cristovo),1,PNOA-2024-GAL-550-4732-H29-NPC01.LAZ
567,4727,7.197506609344634,7.208783722901263,14.406290332245897,Lalín,Bendoiro (San Miguel),3,PNOA-2024-GAL-567-4727-H29-NPC01.LAZ
575,4730,14.403034745918996,0.0,14.403034745918996,Lalín,Moimenta (San Lourenzo),3,PNOA-2024-GAL-575-4730-H29-NPC01.LAZ
524,4689,0.0,14.387298153062265,14.387298153062265,Marín,San Tomé de Piñeiro (San Tomé),1,PNOA-2024-GAL-524-4689-H29-NPC01.LAZ
525,4657,2.984745939539037,11.384914296016293,14.36966023555533,Tui,Malvas (Santiago),1,PNOA-2024-GAL-525-4657-H29-NPC01.LAZ
516,4696,4.426836676710167,9.937399272396219,14.364235949106385,Sanxenxo,Padriñán (San Xenxo),2,PNOA-2024-GAL-516-4696-H29-NPC01.LAZ
524,4713,1.210255861131413,13.150754025091366,14.36100988622278,Vilanova de Arousa,Baión (San Xoán),3,PNOA-2024-GAL-524-4713-H29-NPC01.LAZ
532,4659,2.187977457824185,12.165919497223355,14.353896955047539,Salceda de Caselas,Soutelo (San Vicente),2,PNOA-2024-GAL-532-4659-H29-NPC01.LAZ
543,4692,7.910296440443412,6.442889529571754,14.353185970015165,Ponte Caldelas,Anceu (Santo André),2,PNOA-2024-GAL-543-4692-H29-NPC01.LAZ
548,4734,5.365674624187055,8.96941864635944,14.335093270546494,A Estrada,Arnois (San Xiao),4,PNOA-2024-GAL-548-4734-H29-NPC01.LAZ
516,4659,0.0,14.327524230625341,14.327524230625341,Gondomar,Borreiros (San Martiño),3,PNOA-2024-GAL-516-4659-H29-NPC01.LAZ
525,4683,0.0,14.3257968626104,14.3257968626104,Moaña,Domaio (San Pedro),1,PNOA-2024-GAL-525-4683-H29-NPC01.LAZ
538,4689,14.318076200391987,0.0,14.318076200391987,Ponte Caldelas,A Insua (Santa Mariña),1,PNOA-2024-GAL-538-4689-H29-NPC01.LAZ
529,4664,1.664387416126877,12.648086371255031,14.312473787381908,O Porriño,Pontellas (Santiago),1,PNOA-2024-GAL-529-4664-H29-NPC01.LAZ
522,4665,0.0,14.303793124263288,14.303793124263288,Gondomar,Vincios (Santa Mariña),1,PNOA-2024-GAL-522-4665-H29-NPC01.LAZ
544,4661,0.07532691335287885,14.22060915399888,14.295936067351759,Salvaterra de Miño,Fiolledo (San Paio),2,PNOA-2024-GAL-544-4661-H29-NPC01.LAZ
572,4730,3.3980530773834685,10.884328675835738,14.282381753219205,Lalín,O Cello (San Martiño),1,PNOA-2024-GAL-572-4730-H29-NPC01.LAZ
527,4667,2.1527629111702518,12.127703990516874,14.280466901687126,O Porriño,Pontellas (Santiago),2,PNOA-2024-GAL-527-4667-H29-NPC01.LAZ
565,4730,1.4543353673417396,12.815629771828457,14.269965139170196,Lalín,Anzo (San Xoán),1,PNOA-2024-GAL-565-4730-H29-NPC01.LAZ
525,4713,0.0,14.25822043276237,14.25822043276237,Portas,Lantaño (San Pedro),2,PNOA-2024-GAL-525-4713-H29-NPC01.LAZ
535,4659,1.4873148224121526,12.767407569843641,14.254722392255793,Salceda de Caselas,Entenza (Santos Xusto e Pastor),2,PNOA-2024-GAL-535-4659-H29-NPC01.LAZ
526,4716,6.66928315514477,7.579473522250092,14.248756677394862,Caldas de Reis,Saiar (Santo Estevo),2,PNOA-2024-GAL-526-4716-H29-NPC01.LAZ
525,4690,0.0,14.234683775231202,14.234683775231202,Marín,San Tomé de Piñeiro (San Tomé),1,PNOA-2024-GAL-525-4690-H29-NPC01.LAZ
556,4687,3.360699360727915,10.862702061223969,14.223401421951884,Covelo,A Graña (San Bernabeu),1,PNOA-2024-GAL-556-4687-H29-NPC01.LAZ
574,4722,1.5803207837098041,12.629325388729686,14.209646172439491,Lalín,Catasós (Santiago),1,PNOA-2024-GAL-574-4722-H29-NPC01.LAZ
547,4660,1.7972529328716023,12.411574752210651,14.208827685082253,As Neves,Tortoreos (Santiago),2,PNOA-2024-GAL-547-4660-H29-NPC01.LAZ
555,4682,1.7872344748934081,12.385891201611235,14.173125676504643,Covelo,Godóns (Santa María),2,PNOA-2024-GAL-555-4682-H29-NPC01.LAZ
531,4722,0.91207345428479,13.249731463704274,14.161804917989064,Caldas de Reis,San Clemente de Cesar (San Clemente),1,PNOA-2024-GAL-531-4722-H29-NPC01.LAZ
544,4699,0.0,14.155519807271984,14.155519807271984,Cotobade,Valongo (Santo André),2,PNOA-2024-GAL-544-4699-H29-NPC01.LAZ
513,4642,0.0,14.151230405034314,14.151230405034314,O Rosal,O Rosal (Santa Mariña),2,PNOA-2024-GAL-513-4642-H29-NPC01.LAZ
522,4649,0.0,14.132476458574892,14.132476458574892,Tomiño,Forcadela (San Pedro),2,PNOA-2024-GAL-522-4649-H29-NPC01.LAZ
517,4679,2.187327341841109,11.94465025744037,14.13197759928148,Cangas,Cangas (Santiago e San Salvador),2,PNOA-2024-GAL-517-4679-H29-NPC01.LAZ
538,4680,0.0,14.093089520205558,14.093089520205558,Pazos de Borbén,Borbén (Santiago),1,PNOA-2024-GAL-538-4680-H29-NPC01.LAZ
572,4735,2.241979440594709,11.847203817887184,14.089183258481892,Lalín,Cercio (Santiago),1,PNOA-2024-GAL-572-4735-H29-NPC01.LAZ
546,4714,0.0,14.079135622406659,14.079135622406659,Cerdedo,Quireza (San Tomé),1,PNOA-2024-GAL-546-4714-H29-NPC01.LAZ
546,4687,0.0,14.078273310883002,14.078273310883002,Fornelos de Montes,Ventín (San Miguel),2,PNOA-2024-GAL-546-4687-H29-NPC01.LAZ
546,4706,0.0,14.076698845214926,14.076698845214926,Cotobade,Corredoira (San Gregorio),1,PNOA-2024-GAL-546-4706-H29-NPC01.LAZ
514,4701,10.001419531146249,4.058853525506839,14.060273056653088,Meaño,Dena (Santa Eulalia),3,PNOA-2024-GAL-514-4701-H29-NPC01.LAZ
538,4715,2.827482455541829,11.232345215803946,14.059827671345776,Campo Lameiro,O Couso (San Cristovo),1,PNOA-2024-GAL-538-4715-H29-NPC01.LAZ
523,4707,0.0,14.05842537903099,14.05842537903099,Meis,Nogueira (San Vicente),2,PNOA-2024-GAL-523-4707-H29-NPC01.LAZ
569,4730,2.68516537449689,11.325408765209232,14.010574139706122,Lalín,Bermés (Santa María),2,PNOA-2024-GAL-569-4730-H29-NPC01.LAZ
520,4689,0.0,13.99510047257638,13.99510047257638,Marín,Ardán (Santa María),1,PNOA-2024-GAL-520-4689-H29-NPC01.LAZ
551,4710,0.0,13.993591358909026,13.993591358909026,Cerdedo,Cerdedo (San Xoán),1,PNOA-2024-GAL-551-4710-H29-NPC01.LAZ
558,4731,6.120297222480966,7.854315071485908,13.974612293966874,Silleda,Chapa (San Cibrao),3,PNOA-2024-GAL-558-4731-H29-NPC01.LAZ
520,4650,0.0,13.967545300757235,13.967545300757235,Tomiño,Tomiño (Santa María),2,PNOA-2024-GAL-520-4650-H29-NPC01.LAZ
582,4723,3.6948358009266453,10.272135988989213,13.966971789915858,Lalín,Castro de Cabras (San Pedro),1,PNOA-2024-GAL-582-4723-H29-NPC01.LAZ
514,4681,2.831277176622666,11.134954812223887,13.966231988846552,Cangas,O Hío (Santo André),2,PNOA-2024-GAL-514-4681-H29-NPC01.LAZ
522,4704,0.0,13.959303083259464,13.959303083259464,Meis,Meis (San Salvador),2,PNOA-2024-GAL-522-4704-H29-NPC01.LAZ
547,4729,7.6922021257305415,6.248170821673398,13.94037294740394,A Estrada,Rubín (Santa María),2,PNOA-2024-GAL-547-4729-H29-NPC01.LAZ
558,4732,4.081563998044628,9.840010362143946,13.921574360188576,Silleda,Manduas (San Tirso),1,PNOA-2024-GAL-558-4732-H29-NPC01.LAZ
558,4663,1.3350739391554147,12.582508293787876,13.91758223294329,Arbo,Arbo (Santa María),1,PNOA-2024-GAL-558-4663-H29-NPC01.LAZ
516,4706,6.289348684797988,7.616664001931523,13.906012686729511,Ribadumia,Sisán (San Clemenzo),3,PNOA-2024-GAL-516-4706-H29-NPC01.LAZ
544,4680,3.5918318410601735,10.302745199672021,13.894577040732194,Mondariz,Gargamala (Santa María),1,PNOA-2024-GAL-544-4680-H29-NPC01.LAZ
516,4715,5.193365568701919,8.694841356380257,13.888206925082176,Vilagarcía de Arousa,Sobrán (San Martiño de Fóra),2,PNOA-2024-GAL-516-4715-H29-NPC01.LAZ
522,4654,0.0,13.872017078020635,13.872017078020635,Tomiño,San Salvador de Tebra (San Salvador),3,PNOA-2024-GAL-522-4654-H29-NPC01.LAZ
522,4684,0.0,13.869903370381586,13.869903370381586,Moaña,Meira (Santa Eulalia),2,PNOA-2024-GAL-522-4684-H29-NPC01.LAZ
555,4717,0.0,13.863984664984665,13.863984664984665,Forcarei,Dúas Igrexas (Santa María),1,PNOA-2024-GAL-555-4717-H29-NPC01.LAZ
562,4729,4.8131181956781015,9.04399354119095,13.85711173686905,Silleda,Silleda (Santa Baia),2,PNOA-2024-GAL-562-4729-H29-NPC01.LAZ
553,4710,0.0,13.848963510745586,13.848963510745586,Cerdedo,Folgoso (Santa María),1,PNOA-2024-GAL-553-4710-H29-NPC01.LAZ
515,4664,0.0,13.846647998618511,13.846647998618511,Nigrán,A Ramallosa (San Pedro),1,PNOA-2024-GAL-515-4664-H29-NPC01.LAZ
535,4731,1.7264798858790815,12.116976987108396,13.843456872987478,A Estrada,San Xurxo de Vea (San Xurxo),2,PNOA-2024-GAL-535-4731-H29-NPC01.LAZ
521,4651,0.0,13.842628746470615,13.842628746470615,Tomiño,Tomiño (Santa María),2,PNOA-2024-GAL-521-4651-H29-NPC01.LAZ
526,4707,0.0,13.834402614863787,13.834402614863787,Barro,Curro (Santa María),2,PNOA-2024-GAL-526-4707-H29-NPC01.LAZ
542,4695,4.560181421835714,9.236336581564196,13.79651800339991,Ponte Caldelas,Ponte Caldelas (Santa Eulalia),1,PNOA-2024-GAL-542-4695-H29-NPC01.LAZ
529,4727,1.4824706989234926,12.30622859247898,13.788699291402473,Valga,Valga (San Miguel),2,PNOA-2024-GAL-529-4727-H29-NPC01.LAZ
514,4712,0.6116278458546286,13.16034110033909,13.77196894619372,Vilanova de Arousa,Caleiro (Santa María),2,PNOA-2024-GAL-514-4712-H29-NPC01.LAZ
515,4706,6.356171835425142,7.396653384633545,13.752825220058687,Cambados,Cambados (Santa Mariña),2,PNOA-2024-GAL-515-4706-H29-NPC01.LAZ
538,4681,0.0,13.750562506143366,13.750562506143366,Pazos de Borbén,Borbén (Santiago),1,PNOA-2024-GAL-538-4681-H29-NPC01.LAZ
518,4712,4.393439201884384,9.355025876244389,13.748465078128772,Vilanova de Arousa,András (San Lourenzo),1,PNOA-2024-GAL-518-4712-H29-NPC01.LAZ
552,4694,0.0,13.744677748525332,13.744677748525332,A Lama,Xesta (San Bartolomeu),1,PNOA-2024-GAL-552-4694-H29-NPC01.LAZ
562,4721,5.382640521828732,8.360933890112506,13.743574411941237,Silleda,Laro (San Salvador),1,PNOA-2024-GAL-562-4721-H29-NPC01.LAZ
520,4720,3.6700191443354093,10.053568905449351,13.72358804978476,Vilagarcía de Arousa,Bamio (San Xens),1,PNOA-2024-GAL-520-4720-H29-NPC01.LAZ
581,4726,4.793786456742803,8.927931933189317,13.72171838993212,Lalín,Alemparte (Santa María),1,PNOA-2024-GAL-581-4726-H29-NPC01.LAZ
538,4713,3.572984898860989,10.147751056948216,13.720735955809205,Campo Lameiro,Moimenta (Santa María),3,PNOA-2024-GAL-538-4713-H29-NPC01.LAZ
543,4666,4.463877428533853,9.240474184688619,13.704351613222471,Salvaterra de Miño,Fornelos (San Xoán),4,PNOA-2024-GAL-543-4666-H29-NPC01.LAZ
553,4677,1.5576256143875877,12.137679698434756,13.695305312822343,Covelo,Santiago de Covelo (Santiago),2,PNOA-2024-GAL-553-4677-H29-NPC01.LAZ
549,4668,0.4228464784225799,13.259445006582823,13.682291485005402,As Neves,Batalláns (Santa Eulalia),1,PNOA-2024-GAL-549-4668-H29-NPC01.LAZ
540,4695,3.7054233704192003,9.976820395285875,13.682243765705076,Ponte Caldelas,Ponte Caldelas (Santa Eulalia),1,PNOA-2024-GAL-540-4695-H29-NPC01.LAZ
564,4723,2.457839397122895,11.223912992003237,13.681752389126132,Silleda,Oleiros (San Miguel),2,PNOA-2024-GAL-564-4723-H29-NPC01.LAZ
545,4722,1.464782692671322,12.21436551940515,13.679148212076473,A Estrada,Parada (San Pedro),2,PNOA-2024-GAL-545-4722-H29-NPC01.LAZ
576,4729,3.9640452338364263,9.686892703864855,13.650937937701281,Lalín,A Veiga (San Ramón),1,PNOA-2024-GAL-576-4729-H29-NPC01.LAZ
519,4652,0.0,13.650546113537644,13.650546113537644,Tomiño,Barrantes (San Vicente),1,PNOA-2024-GAL-519-4652-H29-NPC01.LAZ
535,4701,0.0,13.616171638504891,13.616171638504891,Cotobade,Tenorio (San Pedro),1,PNOA-2024-GAL-535-4701-H29-NPC01.LAZ
526,4709,0.0,13.610729627486194,13.610729627486194,Meis,San Lourenzo de Nogueira (San Lourenzo),1,PNOA-2024-GAL-526-4709-H29-NPC01.LAZ
550,4737,1.917636313054344,11.67867227336143,13.596308586415773,A Estrada,San Miguel de Castro (San Miguel),1,PNOA-2024-GAL-550-4737-H29-NPC01.LAZ
531,4661,3.893190897743087,9.699533422049939,13.592724319793026,Salceda de Caselas,Santo Estevo de Budiño (Santo Estevo),2,PNOA-2024-GAL-531-4661-H29-NPC01.LAZ
544,4731,2.32615219524466,11.260804339824338,13.586956535068998,A Estrada,Barbude (San Martiño),3,PNOA-2024-GAL-544-4731-H29-NPC01.LAZ
568,4715,0.585178107608306,12.99924646188382,13.584424569492125,Lalín,Lebozán (Santiago),1,PNOA-2024-GAL-568-4715-H29-NPC01.LAZ
521,4702,0.0,13.573396756794256,13.573396756794256,Meis,A Armenteira (Santa María),1,PNOA-2024-GAL-521-4702-H29-NPC01.LAZ
548,4693,3.3842128539253347,10.17240428258807,13.556617136513406,A Lama,Xende (San Paulo),1,PNOA-2024-GAL-548-4693-H29-NPC01.LAZ
526,4724,0.0,13.50322321401758,13.50322321401758,Catoira,Dimo (San Pedro),1,PNOA-2024-GAL-526-4724-H29-NPC01.LAZ
532,4722,3.167833605839031,10.314291649048835,13.482125254887865,Cuntis,Estacas (San Fiz),1,PNOA-2024-GAL-532-4722-H29-NPC01.LAZ
511,4699,3.303390834062166,10.169648953739486,13.473039787801651,Sanxenxo,Noalla (Santo Estevo),1,PNOA-2024-GAL-511-4699-H29-NPC01.LAZ
556,4712,0.0,13.46266299438734,13.46266299438734,Forcarei,Millarada (San Amedio),2,PNOA-2024-GAL-556-4712-H29-NPC01.LAZ
533,4678,0.6412745899608198,12.798529405833403,13.439803995794222,Redondela,Saxamonde (San Román),2,PNOA-2024-GAL-533-4678-H29-NPC01.LAZ
523,4727,6.207018532529256,7.23192777161703,13.438946304146285,Valga,Cordeiro (Santa Comba),2,PNOA-2024-GAL-523-4727-H29-NPC01.LAZ
577,4735,0.0,13.423066964926331,13.423066964926331,Agolada,Vilariño (Santa María),2,PNOA-2024-GAL-577-4735-H29-NPC01.LAZ
528,4723,0.221022106511711,13.192874661704732,13.413896768216443,Caldas de Reis,Carracedo (Santa Mariña),1,PNOA-2024-GAL-528-4723-H29-NPC01.LAZ
538,4704,0.0,13.413724054906371,13.413724054906371,Cotobade,Viascón (Santiago),1,PNOA-2024-GAL-538-4704-H29-NPC01.LAZ
542,4702,0.0,13.408421999746997,13.408421999746997,Cotobade,Rebordelo (San Martiño),2,PNOA-2024-GAL-542-4702-H29-NPC01.LAZ
536,4728,4.22227730038054,9.184769264484675,13.407046564865215,A Estrada,Santo André de Vea (Santo André),1,PNOA-2024-GAL-536-4728-H29-NPC01.LAZ
556,4710,0.0,13.398118761318791,13.398118761318791,Forcarei,Ventoxo (San Nicolao),3,PNOA-2024-GAL-556-4710-H29-NPC01.LAZ
557,4714,0.0,13.396297025024992,13.396297025024992,Forcarei,Millarada (San Amedio),1,PNOA-2024-GAL-557-4714-H29-NPC01.LAZ
537,4658,5.938252652317154,7.429147951396337,13.367400603713492,Salceda de Caselas,Entenza (Santos Xusto e Pastor),3,PNOA-2024-GAL-537-4658-H29-NPC01.LAZ
539,4689,3.623635163731516,9.743390526746374,13.36702569047789,Ponte Caldelas,A Insua (Santa Mariña),1,PNOA-2024-GAL-539-4689-H29-NPC01.LAZ
522,4667,0.0,13.363465649562604,13.363465649562604,Gondomar,Vincios (Santa Mariña),1,PNOA-2024-GAL-522-4667-H29-NPC01.LAZ
560,4673,9.53704714592352,3.8084616434686396,13.34550878939216,A Cañiza,A Cañiza (Santa Teresa),2,PNOA-2024-GAL-560-4673-H29-NPC01.LAZ
559,4727,0.7612931842070862,12.579096541025315,13.340389725232402,Silleda,Fiestras (San Martiño),2,PNOA-2024-GAL-559-4727-H29-NPC01.LAZ
568,4718,2.2710466709116957,11.068412493011502,13.339459163923198,Lalín,Lodeiro (San Paio),1,PNOA-2024-GAL-568-4718-H29-NPC01.LAZ
514,4667,0.0,13.335961032990959,13.335961032990959,Nigrán,Panxón (San Xoán),1,PNOA-2024-GAL-514-4667-H29-NPC01.LAZ
548,4689,0.0,13.33168354609267,13.33168354609267,A Lama,Verducido (San Martiño),2,PNOA-2024-GAL-548-4689-H29-NPC01.LAZ
545,4699,0.0,13.307798696476793,13.307798696476793,Cotobade,Valongo (Santo André),2,PNOA-2024-GAL-545-4699-H29-NPC01.LAZ
541,4687,0.0,13.301975760054034,13.301975760054034,Fornelos de Montes,Calvos (Santo Adrián),1,PNOA-2024-GAL-541-4687-H29-NPC01.LAZ
524,4711,0.0,13.301691009857151,13.301691009857151,Meis,Paradela (Santa María),2,PNOA-2024-GAL-524-4711-H29-NPC01.LAZ
521,4723,0.0,13.297646838930731,13.297646838930731,Catoira,Abalo (San Mamede),1,PNOA-2024-GAL-521-4723-H29-NPC01.LAZ
535,4696,0.955378501104523,12.327548840725957,13.28292734183048,Ponte Caldelas,Tourón (Santa María),1,PNOA-2024-GAL-535-4696-H29-NPC01.LAZ
528,4722,2.8474110080267367,10.435108362721387,13.282519370748123,Caldas de Reis,Carracedo (Santa Mariña),1,PNOA-2024-GAL-528-4722-H29-NPC01.LAZ
568,4719,5.426621176731629,7.85227977150419,13.278900948235819,Lalín,Soutolongo (Santa María),2,PNOA-2024-GAL-568-4719-H29-NPC01.LAZ
519,4698,7.68883336180161,5.566221106443849,13.255054468245458,Meaño,Simes (Santa María),1,PNOA-2024-GAL-519-4698-H29-NPC01.LAZ
557,4664,2.569955093113456,10.678531849500596,13.24848694261405,Arbo,Arbo (Santa María),2,PNOA-2024-GAL-557-4664-H29-NPC01.LAZ
566,4724,2.495436266220987,10.750858923622664,13.24629518984365,Lalín,Cristimil (San Xurxo),2,PNOA-2024-GAL-566-4724-H29-NPC01.LAZ
549,4672,11.763347291182875,1.4463796169434906,13.209726908126365,Mondariz,Mouriscados (San Cibrán),1,PNOA-2024-GAL-549-4672-H29-NPC01.LAZ
549,4675,5.176914375797255,8.022502108198458,13.199416483995712,Mondariz,Lougares (San Fiz),2,PNOA-2024-GAL-549-4675-H29-NPC01.LAZ
538,4727,1.9057604768099925,11.257908533942159,13.163669010752152,A Estrada,Matalobos (Santa Baia),1,PNOA-2024-GAL-538-4727-H29-NPC01.LAZ
534,4660,3.8421231825691473,9.30368360898802,13.145806791557167,Salceda de Caselas,Parderrubias (San Tomé),1,PNOA-2024-GAL-534-4660-H29-NPC01.LAZ
528,4658,0.3907090370851179,12.752569152770047,13.143278189855165,Tui,Rebordáns (San Bartolomeu),1,PNOA-2024-GAL-528-4658-H29-NPC01.LAZ
528,4654,6.178209030171833,6.956755369310911,13.134964399482744,Tui,Areas (Santa Mariña),2,PNOA-2024-GAL-528-4654-H29-NPC01.LAZ
534,4696,5.562254221426511,7.566436177498742,13.128690398925254,Ponte Caldelas,Tourón (Santa María),1,PNOA-2024-GAL-534-4696-H29-NPC01.LAZ
554,4732,4.924305232621352,8.20353410917825,13.127839341799602,Silleda,Cervaña (San Salvador),2,PNOA-2024-GAL-554-4732-H29-NPC01.LAZ
544,4724,1.0704079951429002,12.053375480665235,13.123783475808136,A Estrada,Tabeirós (Santiago),1,PNOA-2024-GAL-544-4724-H29-NPC01.LAZ
523,4690,0.0,13.120399544113633,13.120399544113633,Marín,San Tomé de Piñeiro (San Tomé),2,PNOA-2024-GAL-523-4690-H29-NPC01.LAZ
515,4681,1.1434785070692641,11.967812571104568,13.111291078173833,Cangas,Aldán (San Cibrán),2,PNOA-2024-GAL-515-4681-H29-NPC01.LAZ
548,4673,8.048800516419764,5.042896027079874,13.091696543499637,Mondariz,Meirol (Santo André),2,PNOA-2024-GAL-548-4673-H29-NPC01.LAZ
528,4726,0.9193510025435042,12.168037580546562,13.087388583090066,Valga,Setecoros (San Salvador),2,PNOA-2024-GAL-528-4726-H29-NPC01.LAZ
535,4686,1.9901134357734764,11.092319013437248,13.082432449210724,Soutomaior,Soutomaior (San Salvador),1,PNOA-2024-GAL-535-4686-H29-NPC01.LAZ
530,4715,0.5817924347995294,12.496574909693349,13.078367344492879,Caldas de Reis,Arcos da Condesa (Santa Mariña),1,PNOA-2024-GAL-530-4715-H29-NPC01.LAZ
549,4728,2.329814903713489,10.728111156646412,13.0579260603599,A Estrada,Rubín (Santa María),2,PNOA-2024-GAL-549-4728-H29-NPC01.LAZ
539,4663,0.9019542701419955,12.153894023830198,13.055848293972193,Salvaterra de Miño,Alxén (San Paio),2,PNOA-2024-GAL-539-4663-H29-NPC01.LAZ
521,4704,0.0,13.055823801335304,13.055823801335304,Meis,Meis (San Salvador),3,PNOA-2024-GAL-521-4704-H29-NPC01.LAZ
529,4663,3.5413439205057644,9.503406085688857,13.044750006194622,O Porriño,Mosende (San Xurxo),3,PNOA-2024-GAL-529-4663-H29-NPC01.LAZ
521,4664,0.0,13.04351383784007,13.04351383784007,Gondomar,Chaín (Santa María),2,PNOA-2024-GAL-521-4664-H29-NPC01.LAZ
524,4710,5.276081273951361,7.757835024477708,13.03391629842907,Portas,Romai (San Xián),4,PNOA-2024-GAL-524-4710-H29-NPC01.LAZ
547,4692,0.0,13.027539156002943,13.027539156002943,A Lama,Gaxate (San Pedro),1,PNOA-2024-GAL-547-4692-H29-NPC01.LAZ
548,4705,0.0,13.018760894205768,13.018760894205768,Cotobade,Caroi (Santiago),2,PNOA-2024-GAL-548-4705-H29-NPC01.LAZ
533,4669,0.5401878225180835,12.47507387449639,13.015261697014473,O Porriño,Cans (Santo Estevo),1,PNOA-2024-GAL-533-4669-H29-NPC01.LAZ
520,4652,0.0,13.012869486078888,13.012869486078888,Tomiño,Barrantes (San Vicente),2,PNOA-2024-GAL-520-4652-H29-NPC01.LAZ
530,4719,6.275686328104325,6.7251317918923945,13.000818119996719,Caldas de Reis,Santo André de Cesar (Santo André),2,PNOA-2024-GAL-530-4719-H29-NPC01.LAZ
519,4704,0.9248760313852338,12.060669628659992,12.985545660045226,Meis,A Armenteira (Santa María),2,PNOA-2024-GAL-519-4704-H29-NPC01.LAZ
548,4677,8.481564786649031,4.4726316511629465,12.954196437811976,Mondariz,Lougares (San Fiz),3,PNOA-2024-GAL-548-4677-H29-NPC01.LAZ
549,4665,0.04750005352271956,12.906022817486,12.95352287100872,As Neves,San Xosé de Ribarteme (San Xosé),1,PNOA-2024-GAL-549-4665-H29-NPC01.LAZ
562,4727,4.511309974103882,8.429599323017422,12.940909297121305,Silleda,Silleda (Santa Baia),2,PNOA-2024-GAL-562-4727-H29-NPC01.LAZ
551,4737,5.541192082705212,7.356720293138425,12.897912375843637,A Estrada,San Miguel de Castro (San Miguel),1,PNOA-2024-GAL-551-4737-H29-NPC01.LAZ
537,4688,1.535605763786097,11.352914560990131,12.888520324776227,Soutomaior,Soutomaior (San Salvador),2,PNOA-2024-GAL-537-4688-H29-NPC01.LAZ
548,4721,3.5512871854423373,9.336550305798745,12.887837491241083,A Estrada,Ribela (Santa Mariña),2,PNOA-2024-GAL-548-4721-H29-NPC01.LAZ
567,4672,1.2472201893228019,11.635312624752745,12.882532814075546,Crecente,Rebordechán (Santa María),1,PNOA-2024-GAL-567-4672-H29-NPC01.LAZ
581,4721,11.591952188867147,1.2834383701997871,12.875390559066934,Lalín,Castro de Cabras (San Pedro),1,PNOA-2024-GAL-581-4721-H29-NPC01.LAZ
522,4650,0.0,12.870233364254792,12.870233364254792,Tomiño,Tomiño (Santa María),1,PNOA-2024-GAL-522-4650-H29-NPC01.LAZ
549,4661,6.9514477136731125,5.890928942277774,12.842376655950886,As Neves,Setados (Santa Euxenia),2,PNOA-2024-GAL-549-4661-H29-NPC01.LAZ
566,4674,2.7348215764859574,10.062387359916876,12.797208936402834,Crecente,Filgueira (San Pedro),1,PNOA-2024-GAL-566-4674-H29-NPC01.LAZ
538,4724,2.802313054843652,9.994791964987797,12.797105019831449,Cuntis,Arcos (San Breixo),1,PNOA-2024-GAL-538-4724-H29-NPC01.LAZ
534,4722,8.251600593791544,4.510653976666163,12.762254570457706,Cuntis,Cuntis (Santa María),1,PNOA-2024-GAL-534-4722-H29-NPC01.LAZ
560,4721,2.516635080700497,10.245406872186956,12.762041952887454,Silleda,Refoxos (San Paio),1,PNOA-2024-GAL-560-4721-H29-NPC01.LAZ
565,4728,2.2717355985807033,10.484314107414813,12.756049705995515,Lalín,Noceda (Santa María),1,PNOA-2024-GAL-565-4728-H29-NPC01.LAZ
535,4664,1.5428108020815872,11.210924690013229,12.753735492094815,Salceda de Caselas,San Xurxo de Salceda (San Xurxo),2,PNOA-2024-GAL-535-4664-H29-NPC01.LAZ
538,4721,10.291963382640764,2.445214920442758,12.737178303083523,Cuntis,Cuntis (Santa María),1,PNOA-2024-GAL-538-4721-H29-NPC01.LAZ
514,4708,12.728807834761234,0.0,12.728807834761234,Cambados,Corvillón (San Amedio),1,PNOA-2024-GAL-514-4708-H29-NPC01.LAZ
557,4715,0.0,12.72246014451817,12.72246014451817,Forcarei,Millarada (San Amedio),1,PNOA-2024-GAL-557-4715-H29-NPC01.LAZ
539,4681,0.0,12.721301161278465,12.721301161278465,Pazos de Borbén,Borbén (Santiago),1,PNOA-2024-GAL-539-4681-H29-NPC01.LAZ
525,4701,0.0,12.707551285739516,12.707551285739516,Poio,Poio (San Xoán),1,PNOA-2024-GAL-525-4701-H29-NPC01.LAZ
557,4678,1.0710810933385102,11.630373779883659,12.701454873222168,A Cañiza,Petán (San Xián),1,PNOA-2024-GAL-557-4678-H29-NPC01.LAZ
561,4731,4.042066699314621,8.642807711724855,12.684874411039475,Silleda,O Castro (San Mamede),3,PNOA-2024-GAL-561-4731-H29-NPC01.LAZ
526,4652,0.0,12.682406366256393,12.682406366256393,Tomiño,Sobrada (San Salvador),2,PNOA-2024-GAL-526-4652-H29-NPC01.LAZ
524,4717,0.679729645147054,11.999808853068503,12.679538498215557,Caldas de Reis,Saiar (Santo Estevo),1,PNOA-2024-GAL-524-4717-H29-NPC01.LAZ
545,4690,0.0,12.678031824233003,12.678031824233003,Fornelos de Montes,Fornelos de Montes (San Lourenzo),1,PNOA-2024-GAL-545-4690-H29-NPC01.LAZ
558,4734,12.587493924787282,0.08981520941569351,12.677309134202975,Silleda,Pazos (San Martiño),3,PNOA-2024-GAL-558-4734-H29-NPC01.LAZ
545,4723,4.589055127662892,8.08704510777796,12.676100235440853,A Estrada,Parada (San Pedro),2,PNOA-2024-GAL-545-4723-H29-NPC01.LAZ
534,4720,0.8584087666590726,11.81571288660972,12.674121653268793,Cuntis,Troáns (Santa María),2,PNOA-2024-GAL-534-4720-H29-NPC01.LAZ
537,4683,0.0,12.660885563507527,12.660885563507527,Pazos de Borbén,Amoedo (San Sadurniño),1,PNOA-2024-GAL-537-4683-H29-NPC01.LAZ
550,4735,5.7168797148199335,6.920993529968278,12.637873244788212,A Estrada,San Miguel de Castro (San Miguel),2,PNOA-2024-GAL-550-4735-H29-NPC01.LAZ
554,4706,0.0,12.622299167663483,12.622299167663483,Forcarei,Santa Mariña de Presqueiras (Santa Mariña),1,PNOA-2024-GAL-554-4706-H29-NPC01.LAZ
569,4735,7.742615836294198,4.854081309063773,12.596697145357972,Lalín,Galegos (San Miguel),2,PNOA-2024-GAL-569-4735-H29-NPC01.LAZ
557,4673,1.0324539383789704,11.549116937594313,12.581570875973284,A Cañiza,As Achas (San Sebastián),2,PNOA-2024-GAL-557-4673-H29-NPC01.LAZ
533,4712,3.0606235526931638,9.481526552867075,12.54215010556024,Moraña,Rebón (San Pedro),2,PNOA-2024-GAL-533-4712-H29-NPC01.LAZ
527,4680,3.2034294333122952,9.335822533097952,12.539251966410248,Redondela,Chapela (San Fausto),1,PNOA-2024-GAL-527-4680-H29-NPC01.LAZ
523,4706,0.0,12.530734629647453,12.530734629647453,Meis,Meis (San Salvador),2,PNOA-2024-GAL-523-4706-H29-NPC01.LAZ
533,4713,0.0,12.523657682667551,12.523657682667551,Moraña,Gargantáns (San Martiño),2,PNOA-2024-GAL-533-4713-H29-NPC01.LAZ
530,4694,0.0,12.508264683312362,12.508264683312362,Vilaboa,Santa Comba de Bértola (Santa Comba),1,PNOA-2024-GAL-530-4694-H29-NPC01.LAZ
509,4653,0.0,12.43484735279778,12.43484735279778,Oia,Pedornes (San Mamede),1,PNOA-2024-GAL-509-4653-H29-NPC01.LAZ
553,4709,0.0,12.43073393639427,12.43073393639427,Forcarei,San Miguel de Presqueiras (San Miguel),1,PNOA-2024-GAL-553-4709-H29-NPC01.LAZ
559,4673,7.622654167256882,4.800205990922307,12.422860158179189,A Cañiza,As Achas (San Sebastián),2,PNOA-2024-GAL-559-4673-H29-NPC01.LAZ
522,4692,0.0,12.416731885179649,12.416731885179649,Marín,Seixo (Nosa Señora do Carme),2,PNOA-2024-GAL-522-4692-H29-NPC01.LAZ
521,4652,0.0,12.412993643624032,12.412993643624032,Tomiño,Barrantes (San Vicente),3,PNOA-2024-GAL-521-4652-H29-NPC01.LAZ
529,4658,0.0,12.412559507815526,12.412559507815526,Tui,Rebordáns (San Bartolomeu),1,PNOA-2024-GAL-529-4658-H29-NPC01.LAZ
527,4712,0.0,12.409761383058134,12.409761383058134,Portas,Romai (San Xián),3,PNOA-2024-GAL-527-4712-H29-NPC01.LAZ
572,4728,5.04840893630481,7.354199877867591,12.402608814172401,Lalín,O Cello (San Martiño),2,PNOA-2024-GAL-572-4728-H29-NPC01.LAZ
554,4679,0.9296833713809455,11.442146622445854,12.3718299938268,Covelo,Maceira (San Salvador),1,PNOA-2024-GAL-554-4679-H29-NPC01.LAZ
519,4653,0.0,12.345853843202345,12.345853843202345,Tomiño,Barrantes (San Vicente),1,PNOA-2024-GAL-519-4653-H29-NPC01.LAZ
528,4709,0.0,12.336756951595106,12.336756951595106,Barro,Agudelo (San Martiño),1,PNOA-2024-GAL-528-4709-H29-NPC01.LAZ
548,4676,1.107083849105324,11.22623376490997,12.333317614015295,Mondariz,Lougares (San Fiz),1,PNOA-2024-GAL-548-4676-H29-NPC01.LAZ
543,4701,0.0,12.309639682483647,12.309639682483647,Cotobade,Loureiro (Santiago),1,PNOA-2024-GAL-543-4701-H29-NPC01.LAZ
551,4699,0.0,12.298885076553274,12.298885076553274,A Lama,Seixido (San Bartolomeu),3,PNOA-2024-GAL-551-4699-H29-NPC01.LAZ
534,4689,5.6476630021190495,6.650777135565154,12.298440137684203,Soutomaior,Soutomaior (San Salvador),1,PNOA-2024-GAL-534-4689-H29-NPC01.LAZ
543,4725,2.599066214826908,9.698734549669439,12.297800764496348,A Estrada,Guimarei (San Xiao),2,PNOA-2024-GAL-543-4725-H29-NPC01.LAZ
534,4669,4.444526031489571,7.851631467641348,12.296157499130919,O Porriño,Cans (Santo Estevo),3,PNOA-2024-GAL-534-4669-H29-NPC01.LAZ
570,4735,4.517292753206794,7.769244425736129,12.286537178942922,Lalín,Cercio (Santiago),3,PNOA-2024-GAL-570-4735-H29-NPC01.LAZ
554,4734,4.01460513522336,8.269739660941601,12.284344796164962,Silleda,Dornelas (San Martiño),3,PNOA-2024-GAL-554-4734-H29-NPC01.LAZ
554,4718,0.0,12.281100129536464,12.281100129536464,Forcarei,Dúas Igrexas (Santa María),1,PNOA-2024-GAL-554-4718-H29-NPC01.LAZ
549,4729,1.1454989063372398,11.112885262502518,12.258384168839758,A Estrada,Curantes (San Miguel),4,PNOA-2024-GAL-549-4729-H29-NPC01.LAZ
572,4734,7.7090213861054835,4.548674392406168,12.257695778511652,Lalín,Cercio (Santiago),2,PNOA-2024-GAL-572-4734-H29-NPC01.LAZ
547,4693,0.0,12.242973169228017,12.242973169228017,A Lama,Xende (San Paulo),2,PNOA-2024-GAL-547-4693-H29-NPC01.LAZ
538,4717,5.650585152242097,6.588667909636962,12.239253061879058,Cuntis,Cequeril (Santa María),1,PNOA-2024-GAL-538-4717-H29-NPC01.LAZ
573,4733,2.5682881396868,9.658316863626798,12.226605003313598,Lalín,Cangas (Santa Mariña),1,PNOA-2024-GAL-573-4733-H29-NPC01.LAZ
520,4703,0.0,12.21503023602242,12.21503023602242,Meis,A Armenteira (Santa María),1,PNOA-2024-GAL-520-4703-H29-NPC01.LAZ
539,4726,4.931375392985581,7.241998705232687,12.173374098218268,A Estrada,Matalobos (Santa Baia),3,PNOA-2024-GAL-539-4726-H29-NPC01.LAZ
530,4661,3.5314627265441114,8.641434492265924,12.172897218810036,O Porriño,San Salvador de Budiño (San Salvador),3,PNOA-2024-GAL-530-4661-H29-NPC01.LAZ
541,4724,2.3301198084277814,9.84164559764366,12.171765406071442,A Estrada,A Somoza (Santo André),1,PNOA-2024-GAL-541-4724-H29-NPC01.LAZ
527,4655,3.06998017170621,9.099631623565195,12.169611795271404,Tui,Areas (Santa Mariña),2,PNOA-2024-GAL-527-4655-H29-NPC01.LAZ
536,4717,0.09867605654657777,12.039941750644841,12.13861780719142,Moraña,Lamas (Santa Cruz),1,PNOA-2024-GAL-536-4717-H29-NPC01.LAZ
554,4671,1.4090434044859566,10.701940225472597,12.110983629958554,A Cañiza,Parada das Achas (Santiago),1,PNOA-2024-GAL-554-4671-H29-NPC01.LAZ
516,4665,0.0,12.101704209879834,12.101704209879834,Nigrán,Nigrán (San Fiz),2,PNOA-2024-GAL-516-4665-H29-NPC01.LAZ
550,4660,1.4164233034190643,10.66817750850789,12.084600811926954,As Neves,Vide (Santa María),2,PNOA-2024-GAL-550-4660-H29-NPC01.LAZ
571,4730,1.2910752305399849,10.783975463354821,12.075050693894806,Lalín,Bermés (Santa María),2,PNOA-2024-GAL-571-4730-H29-NPC01.LAZ
566,4668,2.757902604773832,9.309725387066944,12.067627991840777,Crecente,O Freixo (San Roque),3,PNOA-2024-GAL-566-4668-H29-NPC01.LAZ
514,4703,7.680465280602057,4.355824484326932,12.036289764928988,Cambados,Castrelo (Santa Cruz),1,PNOA-2024-GAL-514-4703-H29-NPC01.LAZ
546,4677,3.964254436782032,8.070585862242607,12.034840299024639,Mondariz,Mondariz (Santa Baia),2,PNOA-2024-GAL-546-4677-H29-NPC01.LAZ
530,4718,0.6526291217831806,11.364195371720019,12.016824493503199,Caldas de Reis,Santo André de Cesar (Santo André),1,PNOA-2024-GAL-530-4718-H29-NPC01.LAZ
556,4714,0.0,12.014296634383197,12.014296634383197,Forcarei,Millarada (San Amedio),1,PNOA-2024-GAL-556-4714-H29-NPC01.LAZ
553,4722,0.0,12.008668263821637,12.008668263821637,Forcarei,Meavía (San Xoán),2,PNOA-2024-GAL-553-4722-H29-NPC01.LAZ
579,4731,4.833011193323489,7.175398420919675,12.008409614243163,Lalín,Parada (Santa María),1,PNOA-2024-GAL-579-4731-H29-NPC01.LAZ
564,4724,1.9208873930873989,10.082077809071805,12.002965202159205,Silleda,Cortegada (Santa María),2,PNOA-2024-GAL-564-4724-H29-NPC01.LAZ
549,4669,7.659036151155245,4.3402475759946695,11.999283727149916,Salvaterra de Miño,Uma (Santo André),2,PNOA-2024-GAL-549-4669-H29-NPC01.LAZ
554,4712,0.0,11.969003725242134,11.969003725242134,Forcarei,Millarada (San Amedio),3,PNOA-2024-GAL-554-4712-H29-NPC01.LAZ
582,4744,0.0,11.967198145138909,11.967198145138909,Agolada,Basadre (Santa María),2,PNOA-2024-GAL-582-4744-H29-NPC01.LAZ
566,4717,0.39163854519414465,11.57209603002358,11.963734575217725,Lalín,Vilatuxe (San Lourenzo),1,PNOA-2024-GAL-566-4717-H29-NPC01.LAZ
514,4652,0.0,11.95299173489389,11.95299173489389,Oia,Burgueira (San Pedro),1,PNOA-2024-GAL-514-4652-H29-NPC01.LAZ
553,4733,2.290808678997432,9.6599593243963,11.950768003393733,A Estrada,Orazo (San Pedro),1,PNOA-2024-GAL-553-4733-H29-NPC01.LAZ
521,4650,0.0,11.920908451712732,11.920908451712732,Tomiño,Tomiño (Santa María),1,PNOA-2024-GAL-521-4650-H29-NPC01.LAZ
544,4730,4.031387693394144,7.883288094770503,11.914675788164647,A Estrada,Moreira (San Miguel),1,PNOA-2024-GAL-544-4730-H29-NPC01.LAZ
537,4728,5.587964504769585,6.322982955296596,11.91094746006618,A Estrada,Santo André de Vea (Santo André),2,PNOA-2024-GAL-537-4728-H29-NPC01.LAZ
558,4677,6.5521650431008425,5.335744344560435,11.887909387661278,A Cañiza,Petán (San Xián),1,PNOA-2024-GAL-558-4677-H29-NPC01.LAZ
539,4731,2.349464121138834,9.526581917851399,11.876046038990232,A Estrada,Baloira (San Salvador),2,PNOA-2024-GAL-539-4731-H29-NPC01.LAZ
527,4711,1.7138414549138798,10.15211041331689,11.86595186823077,Barro,Valiñas (Santo André),2,PNOA-2024-GAL-527-4711-H29-NPC01.LAZ
535,4665,2.220000845715252,9.636222355607261,11.856223201322512,Salceda de Caselas,A Picoña (San Martiño),1,PNOA-2024-GAL-535-4665-H29-NPC01.LAZ
517,4706,7.757668735434606,4.093161359853363,11.85083009528797,Cambados,Vilariño (Santo Adrián),2,PNOA-2024-GAL-517-4706-H29-NPC01.LAZ
536,4706,1.3496939673149622,10.496514567603077,11.84620853491804,Campo Lameiro,Fragas (Santa Mariña),1,PNOA-2024-GAL-536-4706-H29-NPC01.LAZ
509,4662,0.0,11.833962807870094,11.833962807870094,Baiona,Baredo (Santa María),1,PNOA-2024-GAL-509-4662-H29-NPC01.LAZ
529,4711,0.0,11.831749125195945,11.831749125195945,Barro,Barro (San Breixo),1,PNOA-2024-GAL-529-4711-H29-NPC01.LAZ
573,4719,0.0,11.818442151347114,11.818442151347114,Lalín,A Xesta (San Fiz),1,PNOA-2024-GAL-573-4719-H29-NPC01.LAZ
560,4730,2.926904147973006,8.88915144718386,11.816055595156865,Silleda,Negreiros (San Martiño),2,PNOA-2024-GAL-560-4730-H29-NPC01.LAZ
563,4727,4.759336744185729,7.027782834195429,11.787119578381159,Silleda,Taboada (Santiago),2,PNOA-2024-GAL-563-4727-H29-NPC01.LAZ
520,4697,0.0,11.783143254070481,11.783143254070481,Poio,Samieira (Santa María),1,PNOA-2024-GAL-520-4697-H29-NPC01.LAZ
528,4692,0.0,11.782893847888891,11.782893847888891,Vilaboa,Vilaboa (San Martiño),1,PNOA-2024-GAL-528-4692-H29-NPC01.LAZ
546,4709,0.0,11.770581686982695,11.770581686982695,Cerdedo,Pedre (Santo Estevo),1,PNOA-2024-GAL-546-4709-H29-NPC01.LAZ
539,4694,6.0189486510460455,5.742412730008021,11.761361381054066,Ponte Caldelas,Ponte Caldelas (Santa Eulalia),2,PNOA-2024-GAL-539-4694-H29-NPC01.LAZ
581,4722,3.1675249263788627,8.592666482380029,11.760191408758892,Lalín,Castro de Cabras (San Pedro),1,PNOA-2024-GAL-581-4722-H29-NPC01.LAZ
527,4725,1.2692779255816375,10.484578342067227,11.753856267648864,Valga,Setecoros (San Salvador),1,PNOA-2024-GAL-527-4725-H29-NPC01.LAZ
530,4727,3.1861396556265476,8.563103354044635,11.749243009671183,Valga,Valga (San Miguel),1,PNOA-2024-GAL-530-4727-H29-NPC01.LAZ
524,4652,0.0,11.712843968519651,11.712843968519651,Tomiño,Piñeiro (San Salvador),1,PNOA-2024-GAL-524-4652-H29-NPC01.LAZ
540,4733,3.699967864795859,8.004759154943407,11.704727019739266,A Estrada,Cora (San Miguel),3,PNOA-2024-GAL-540-4733-H29-NPC01.LAZ
540,4701,0.0,11.684076156201574,11.684076156201574,Cotobade,Borela (San Martiño),2,PNOA-2024-GAL-540-4701-H29-NPC01.LAZ
537,4712,0.46965685698922094,11.204602791212162,11.674259648201383,Campo Lameiro,O Campo (San Miguel),1,PNOA-2024-GAL-537-4712-H29-NPC01.LAZ
512,4680,5.1403638573465535,6.520924003498038,11.661287860844592,Cangas,O Hío (Santo André),1,PNOA-2024-GAL-512-4680-H29-NPC01.LAZ
530,4668,0.0,11.64377706837608,11.64377706837608,O Porriño,Torneiros (San Salvador),3,PNOA-2024-GAL-530-4668-H29-NPC01.LAZ
572,4736,2.401519191849481,9.209932272817696,11.611451464667176,Lalín,Cercio (Santiago),2,PNOA-2024-GAL-572-4736-H29-NPC01.LAZ
531,4728,1.1380546465915538,10.461073384239324,11.599128030830878,Valga,Valga (San Miguel),1,PNOA-2024-GAL-531-4728-H29-NPC01.LAZ
541,4688,0.0,11.59839797530784,11.59839797530784,Fornelos de Montes,Calvos (Santo Adrián),1,PNOA-2024-GAL-541-4688-H29-NPC01.LAZ
565,4668,6.133011494048937,5.463175594419685,11.596187088468621,Crecente,Quintela (San Caetano),3,PNOA-2024-GAL-565-4668-H29-NPC01.LAZ
536,4730,0.6324741802831073,10.950687528477197,11.583161708760304,A Estrada,Santo André de Vea (Santo André),2,PNOA-2024-GAL-536-4730-H29-NPC01.LAZ
538,4665,0.0,11.580600564450242,11.580600564450242,Ponteareas,Cristiñade (San Salvador),1,PNOA-2024-GAL-538-4665-H29-NPC01.LAZ
562,4676,5.315996819890107,6.264108460824662,11.580105280714768,A Cañiza,Oroso (Santa María),1,PNOA-2024-GAL-562-4676-H29-NPC01.LAZ
543,4690,3.4418999528152026,8.138141626823238,11.58004157963844,Ponte Caldelas,Anceu (Santo André),1,PNOA-2024-GAL-543-4690-H29-NPC01.LAZ
548,4722,2.326896533112829,9.237284858065077,11.564181391177907,A Estrada,Ribela (Santa Mariña),1,PNOA-2024-GAL-548-4722-H29-NPC01.LAZ
539,4700,0.0,11.562197846649857,11.562197846649857,Cotobade,Borela (San Martiño),2,PNOA-2024-GAL-539-4700-H29-NPC01.LAZ
535,4670,2.3450600844119758,9.207257838191907,11.552317922603883,Ponteareas,Xinzo (Santa Mariña),1,PNOA-2024-GAL-535-4670-H29-NPC01.LAZ
538,4710,1.9990512052615972,9.551766365215093,11.55081757047669,Campo Lameiro,O Campo (San Miguel),1,PNOA-2024-GAL-538-4710-H29-NPC01.LAZ
517,4710,4.822303958020162,6.723769903035832,11.546073861055994,Vilanova de Arousa,Tremoedo (Santo Estevo),1,PNOA-2024-GAL-517-4710-H29-NPC01.LAZ
546,4678,4.794918572672446,6.750735332218372,11.545653904890818,Mondariz,Riofrío (San Miguel),3,PNOA-2024-GAL-546-4678-H29-NPC01.LAZ
526,4651,0.0,11.522933598608494,11.522933598608494,Tomiño,Currás (San Martiño),2,PNOA-2024-GAL-526-4651-H29-NPC01.LAZ
546,4675,2.3105957564772157,9.195631533456687,11.506227289933904,Mondariz,Queimadelos (Santa María),2,PNOA-2024-GAL-546-4675-H29-NPC01.LAZ
514,4641,0.0,11.501699843462692,11.501699843462692,O Rosal,San Miguel de Tabagón (San Miguel),2,PNOA-2024-GAL-514-4641-H29-NPC01.LAZ
528,4707,0.0,11.497376579549838,11.497376579549838,Barro,Portela (San Mamede),2,PNOA-2024-GAL-528-4707-H29-NPC01.LAZ
577,4725,7.215186811904889,4.274379873370963,11.489566685275852,Lalín,Maceira (San Martiño),1,PNOA-2024-GAL-577-4725-H29-NPC01.LAZ
533,4720,0.32057502232491253,11.157747759047682,11.478322781372595,Cuntis,Troáns (Santa María),2,PNOA-2024-GAL-533-4720-H29-NPC01.LAZ
542,4730,1.614754800473754,9.842993005274899,11.457747805748653,A Estrada,Aguións (Santa María),2,PNOA-2024-GAL-542-4730-H29-NPC01.LAZ
523,4700,0.0,11.435045763567038,11.435045763567038,Poio,Poio (San Xoán),1,PNOA-2024-GAL-523-4700-H29-NPC01.LAZ
540,4734,3.9048857418135627,7.523152969810654,11.428038711624216,A Estrada,Cora (San Miguel),2,PNOA-2024-GAL-540-4734-H29-NPC01.LAZ
580,4735,0.0,11.426095291248862,11.426095291248862,Agolada,Ferreiroa (San Pedro),1,PNOA-2024-GAL-580-4735-H29-NPC01.LAZ
551,4728,2.244301475649462,9.181209709260528,11.42551118490999,A Estrada,Curantes (San Miguel),1,PNOA-2024-GAL-551-4728-H29-NPC01.LAZ
529,4687,0.0,11.401139898307132,11.401139898307132,Vilaboa,Santa Cristina de Cobres (Santa Cristina),1,PNOA-2024-GAL-529-4687-H29-NPC01.LAZ
520,4659,0.0,11.370687885847541,11.370687885847541,Gondomar,Couso (San Cristovo),1,PNOA-2024-GAL-520-4659-H29-NPC01.LAZ
543,4700,0.0,11.355649240922343,11.355649240922343,Cotobade,Aguasantas (Santa María),2,PNOA-2024-GAL-543-4700-H29-NPC01.LAZ
515,4659,0.0,11.355195981492855,11.355195981492855,Baiona,Belesar (San Lourenzo),1,PNOA-2024-GAL-515-4659-H29-NPC01.LAZ
537,4687,0.8375643817430828,10.503245635971838,11.34081001771492,Soutomaior,Soutomaior (San Salvador),1,PNOA-2024-GAL-537-4687-H29-NPC01.LAZ
536,4723,5.793517271479194,5.5191596985815,11.312676970060695,Cuntis,Arcos (San Breixo),2,PNOA-2024-GAL-536-4723-H29-NPC01.LAZ
556,4666,0.10222556539055778,11.188169714298073,11.290395279688632,Arbo,Mourentán (San Cristovo),1,PNOA-2024-GAL-556-4666-H29-NPC01.LAZ
530,4722,0.47275873529931695,10.816108778434863,11.28886751373418,Caldas de Reis,San Clemente de Cesar (San Clemente),2,PNOA-2024-GAL-530-4722-H29-NPC01.LAZ
541,4672,0.0,11.261042593107248,11.261042593107248,Ponteareas,Bugarín (Santa Cristina),1,PNOA-2024-GAL-541-4672-H29-NPC01.LAZ
544,4697,0.0,11.25865274869942,11.25865274869942,Cotobade,Aguasantas (Santa María),1,PNOA-2024-GAL-544-4697-H29-NPC01.LAZ
548,4707,0.0,11.243774842775288,11.243774842775288,Cerdedo,Cerdedo (San Xoán),1,PNOA-2024-GAL-548-4707-H29-NPC01.LAZ
511,4643,0.0,11.238849191213943,11.238849191213943,O Rosal,O Rosal (Santa Mariña),1,PNOA-2024-GAL-511-4643-H29-NPC01.LAZ
511,4684,11.226980628640678,0.0,11.226980628640678,Cangas,O Hío (Santo André),1,PNOA-2024-GAL-511-4684-H29-NPC01.LAZ
565,4731,5.377766848846767,5.837670164578488,11.215437013425255,Lalín,Anzo (San Xoán),2,PNOA-2024-GAL-565-4731-H29-NPC01.LAZ
561,4676,2.62569100792712,8.587179689695336,11.212870697622456,A Cañiza,Oroso (Santa María),1,PNOA-2024-GAL-561-4676-H29-NPC01.LAZ
574,4733,5.188256950900207,6.018370306499897,11.206627257400104,Lalín,Cangas (Santa Mariña),1,PNOA-2024-GAL-574-4733-H29-NPC01.LAZ
541,4662,2.251457067337594,8.949354977781676,11.20081204511927,Salvaterra de Miño,Salvaterra (San Lourenzo),2,PNOA-2024-GAL-541-4662-H29-NPC01.LAZ
541,4707,0.0,11.199329524407858,11.199329524407858,Cotobade,Sacos (Santa María),1,PNOA-2024-GAL-541-4707-H29-NPC01.LAZ
544,4718,4.842365320455324,6.355663110372904,11.198028430828227,A Estrada,Codeseda (San Xurxo),2,PNOA-2024-GAL-544-4718-H29-NPC01.LAZ
573,4720,0.7637434176073994,10.430606140785734,11.194349558393133,Lalín,Catasós (Santiago),2,PNOA-2024-GAL-573-4720-H29-NPC01.LAZ
559,4671,0.973580247880555,10.215160758247327,11.188741006127882,A Cañiza,Valeixe (Santa Cristina),2,PNOA-2024-GAL-559-4671-H29-NPC01.LAZ
571,4720,3.273208949742569,7.913251559062689,11.186460508805258,Lalín,A Xesta (San Fiz),3,PNOA-2024-GAL-571-4720-H29-NPC01.LAZ
532,4665,9.993277034539588,1.1506919121804853,11.143968946720074,O Porriño,San Salvador de Budiño (San Salvador),2,PNOA-2024-GAL-532-4665-H29-NPC01.LAZ
570,4736,2.957492505757111,8.174170923793252,11.131663429550363,Lalín,Galegos (San Miguel),1,PNOA-2024-GAL-570-4736-H29-NPC01.LAZ
550,4664,0.0,11.130115290285554,11.130115290285554,As Neves,San Xosé de Ribarteme (San Xosé),2,PNOA-2024-GAL-550-4664-H29-NPC01.LAZ
542,4675,3.184848909867905,7.938828005392419,11.123676915260324,Ponteareas,Pías (Santa Mariña),2,PNOA-2024-GAL-542-4675-H29-NPC01.LAZ
548,4674,0.8545536655578876,10.268740144692108,11.123293810249995,Mondariz,Meirol (Santo André),1,PNOA-2024-GAL-548-4674-H29-NPC01.LAZ
535,4730,3.2704642838153153,7.852004197086832,11.122468480902148,A Estrada,Frades (Santa María),1,PNOA-2024-GAL-535-4730-H29-NPC01.LAZ
557,4672,5.972574777688964,5.147632923690461,11.120207701379424,A Cañiza,Parada das Achas (Santiago),1,PNOA-2024-GAL-557-4672-H29-NPC01.LAZ
542,4682,3.3220014139245597,7.786087195439921,11.108088609364481,Mondariz,Toutón (San Mateo),4,PNOA-2024-GAL-542-4682-H29-NPC01.LAZ
565,4723,2.604357218007502,8.491428387806513,11.095785605814015,Lalín,Anseán (Santiago),2,PNOA-2024-GAL-565-4723-H29-NPC01.LAZ
512,4698,0.0,11.08776841369363,11.08776841369363,Sanxenxo,Noalla (Santo Estevo),2,PNOA-2024-GAL-512-4698-H29-NPC01.LAZ
516,4660,0.0,11.086516529968113,11.086516529968113,Gondomar,Donas (Santa Baia),2,PNOA-2024-GAL-516-4660-H29-NPC01.LAZ
550,4689,0.0,11.08299036247948,11.08299036247948,Fornelos de Montes,A Laxe (San Xosé),2,PNOA-2024-GAL-550-4689-H29-NPC01.LAZ
548,4692,0.0,11.081951423097127,11.081951423097127,A Lama,Verducido (San Martiño),3,PNOA-2024-GAL-548-4692-H29-NPC01.LAZ
553,4711,0.0,11.080579111538537,11.080579111538537,Cerdedo,Folgoso (Santa María),1,PNOA-2024-GAL-553-4711-H29-NPC01.LAZ
516,4642,0.0,11.063344781347565,11.063344781347565,O Rosal,Tabagón (San Xoán),1,PNOA-2024-GAL-516-4642-H29-NPC01.LAZ
539,4699,0.0,11.059863010047486,11.059863010047486,Cotobade,Borela (San Martiño),1,PNOA-2024-GAL-539-4699-H29-NPC01.LAZ
555,4671,1.4395733877302854,9.619399098507127,11.058972486237412,A Cañiza,Parada das Achas (Santiago),1,PNOA-2024-GAL-555-4671-H29-NPC01.LAZ
582,4732,0.0,11.054727647393985,11.054727647393985,Agolada,Ventosa (San Xulián),1,PNOA-2024-GAL-582-4732-H29-NPC01.LAZ
517,4644,0.0,11.0355364790343,11.0355364790343,Tomiño,Goián (San Cristovo),2,PNOA-2024-GAL-517-4644-H29-NPC01.LAZ
539,4705,0.0,11.02490968764929,11.02490968764929,Cotobade,Sacos (San Xurxo),1,PNOA-2024-GAL-539-4705-H29-NPC01.LAZ
533,4727,3.6638585663473386,7.354494555676904,11.018353122024243,A Estrada,Frades (Santa María),1,PNOA-2024-GAL-533-4727-H29-NPC01.LAZ
544,4707,0.0,11.01291701583863,11.01291701583863,Cotobade,Sacos (Santa María),1,PNOA-2024-GAL-544-4707-H29-NPC01.LAZ
567,4724,1.1683387995174184,9.837540412675505,11.005879212192923,Lalín,Cristimil (San Xurxo),2,PNOA-2024-GAL-567-4724-H29-NPC01.LAZ
511,4662,0.0,10.98871327940839,10.98871327940839,Baiona,Baíña (Santa Mariña),3,PNOA-2024-GAL-511-4662-H29-NPC01.LAZ
562,4732,5.887969491083635,5.09697669450843,10.984946185592065,Silleda,Saídres (San Xoán),1,PNOA-2024-GAL-562-4732-H29-NPC01.LAZ
551,4689,0.0,10.981278890949294,10.981278890949294,Fornelos de Montes,A Laxe (San Xosé),1,PNOA-2024-GAL-551-4689-H29-NPC01.LAZ
527,4718,1.3518168320373958,9.61980595427347,10.971622786310867,Caldas de Reis,Bemil (Santa María),1,PNOA-2024-GAL-527-4718-H29-NPC01.LAZ
551,4679,0.8499997962281391,10.103698915881822,10.953698712109961,Covelo,Casteláns (Santo Estevo),1,PNOA-2024-GAL-551-4679-H29-NPC01.LAZ
519,4679,3.9304571497387504,7.022897217751796,10.953354367490546,Cangas,Coiro (San Salvador),2,PNOA-2024-GAL-519-4679-H29-NPC01.LAZ
561,4668,3.3316396630419116,7.611418814088703,10.943058477130615,A Cañiza,Valeixe (Santa Cristina),3,PNOA-2024-GAL-561-4668-H29-NPC01.LAZ
546,4720,2.4363093271447416,8.492358598207023,10.928667925351764,A Estrada,Codeseda (San Xurxo),1,PNOA-2024-GAL-546-4720-H29-NPC01.LAZ
567,4728,2.0150536771687646,8.91310116462559,10.928154841794356,Lalín,Noceda (Santa María),2,PNOA-2024-GAL-567-4728-H29-NPC01.LAZ
533,4730,2.779353978239345,8.14839343047628,10.927747408715625,A Estrada,Barcala (Santa Mariña),1,PNOA-2024-GAL-533-4730-H29-NPC01.LAZ
579,4741,0.0,10.920881322539472,10.920881322539472,Agolada,Artoño (Santalla),1,PNOA-2024-GAL-579-4741-H29-NPC01.LAZ
543,4729,7.7416298852517125,3.1788172339233585,10.920447119175071,A Estrada,Aguións (Santa María),2,PNOA-2024-GAL-543-4729-H29-NPC01.LAZ
550,4731,2.1605172079037454,8.757909972528928,10.918427180432673,A Estrada,Agar (Santa Mariña),2,PNOA-2024-GAL-550-4731-H29-NPC01.LAZ
537,4704,0.0,10.910764389055782,10.910764389055782,Cotobade,Viascón (Santiago),2,PNOA-2024-GAL-537-4704-H29-NPC01.LAZ
526,4658,1.8370552315936137,9.071879683795151,10.908934915388764,Tui,Pazos de Reis (O Sagrario),2,PNOA-2024-GAL-526-4658-H29-NPC01.LAZ
510,4654,0.0,10.893597223911437,10.893597223911437,Oia,Viladesuso (San Miguel),1,PNOA-2024-GAL-510-4654-H29-NPC01.LAZ
557,4669,2.6012817727148136,8.281927230147462,10.883209002862275,A Cañiza,Parada das Achas (Santiago),3,PNOA-2024-GAL-557-4669-H29-NPC01.LAZ
535,4712,2.882041269798701,7.993388020382852,10.875429290181554,Moraña,Cosoirado (Santa María),3,PNOA-2024-GAL-535-4712-H29-NPC01.LAZ
528,4714,0.0,10.875012512742792,10.875012512742792,Portas,Portas (Santa María),1,PNOA-2024-GAL-528-4714-H29-NPC01.LAZ
545,4678,3.0251781281901433,7.839483581217978,10.864661709408121,Mondariz,Riofrío (San Miguel),2,PNOA-2024-GAL-545-4678-H29-NPC01.LAZ
569,4727,7.0616274507648535,3.795853676542952,10.857481127307805,Lalín,Santiso (San Román),1,PNOA-2024-GAL-569-4727-H29-NPC01.LAZ
570,4720,5.353562584544205,5.492310440816708,10.845873025360913,Lalín,Soutolongo (Santa María),1,PNOA-2024-GAL-570-4720-H29-NPC01.LAZ
531,4657,0.0,10.84246520865501,10.84246520865501,Tui,Guillarei (San Mamede),2,PNOA-2024-GAL-531-4657-H29-NPC01.LAZ
553,4679,1.4185899833640054,9.415847276283582,10.834437259647588,Covelo,Maceira (San Salvador),1,PNOA-2024-GAL-553-4679-H29-NPC01.LAZ
532,4713,0.607835808860161,10.215900425770243,10.823736234630404,Moraña,Rebón (San Pedro),2,PNOA-2024-GAL-532-4713-H29-NPC01.LAZ
548,4704,0.0,10.81610346580913,10.81610346580913,Cotobade,Caroi (Santiago),1,PNOA-2024-GAL-548-4704-H29-NPC01.LAZ
559,4734,4.950420117139422,5.851342398603391,10.801762515742812,Silleda,Pazos (San Martiño),2,PNOA-2024-GAL-559-4734-H29-NPC01.LAZ
542,4716,0.0,10.796076059545742,10.796076059545742,A Estrada,Souto (Santo André),1,PNOA-2024-GAL-542-4716-H29-NPC01.LAZ
546,4724,0.7539621158753318,10.036453413136757,10.790415529012089,A Estrada,Vinseiro (Santa Cristina),2,PNOA-2024-GAL-546-4724-H29-NPC01.LAZ
574,4741,0.0,10.789605930851431,10.789605930851431,Agolada,Val de Sangorza (Santa María),1,PNOA-2024-GAL-574-4741-H29-NPC01.LAZ
525,4689,0.0,10.789320197905713,10.789320197905713,Marín,San Tomé de Piñeiro (San Tomé),2,PNOA-2024-GAL-525-4689-H29-NPC01.LAZ
536,4693,3.446991400697616,7.338359768302911,10.785351169000528,Ponte Caldelas,Xustáns (San Martiño),2,PNOA-2024-GAL-536-4693-H29-NPC01.LAZ
564,4666,4.813418887133956,5.962919608297909,10.776338495431865,Crecente,Ribeira (Santa Mariña),2,PNOA-2024-GAL-564-4666-H29-NPC01.LAZ
554,4662,2.2910599292912552,8.472893163068996,10.76395309236025,Arbo,Barcela (San Xoán),3,PNOA-2024-GAL-554-4662-H29-NPC01.LAZ
567,4719,5.721424550920896,5.020168369956551,10.741592920877448,Lalín,Barcia (Santo Estevo),3,PNOA-2024-GAL-567-4719-H29-NPC01.LAZ
538,4693,2.860417351700495,7.875688670052139,10.736106021752635,Ponte Caldelas,Ponte Caldelas (Santa Eulalia),1,PNOA-2024-GAL-538-4693-H29-NPC01.LAZ
543,4693,5.349494086598065,5.380285517693461,10.729779604291526,Ponte Caldelas,Caritel (Santa María),1,PNOA-2024-GAL-543-4693-H29-NPC01.LAZ
569,4729,2.014639689285052,8.714588172889963,10.729227862175016,Lalín,Bermés (Santa María),3,PNOA-2024-GAL-569-4729-H29-NPC01.LAZ
514,4713,2.691619970653406,8.034910683943048,10.726530654596454,Vilanova de Arousa,Caleiro (Santa María),2,PNOA-2024-GAL-514-4713-H29-NPC01.LAZ
565,4727,4.781510423923371,5.9311295328221085,10.71263995674548,Silleda,Taboada (Santiago),2,PNOA-2024-GAL-565-4727-H29-NPC01.LAZ
564,4728,0.22471524586194835,10.483192278215842,10.70790752407779,Silleda,Vilar (San Martiño),1,PNOA-2024-GAL-564-4728-H29-NPC01.LAZ
522,4653,0.0,10.706605023689471,10.706605023689471,Tomiño,San Salvador de Tebra (San Salvador),2,PNOA-2024-GAL-522-4653-H29-NPC01.LAZ
556,4732,3.5829310045770484,7.101315711833443,10.684246716410492,Silleda,Manduas (San Tirso),2,PNOA-2024-GAL-556-4732-H29-NPC01.LAZ
519,4646,0.0,10.67615929152362,10.67615929152362,Tomiño,Figueiró (San Martiño),1,PNOA-2024-GAL-519-4646-H29-NPC01.LAZ
535,4671,1.8193622106005867,8.844746916157279,10.664109126757864,Ponteareas,Xinzo (Santa Mariña),1,PNOA-2024-GAL-535-4671-H29-NPC01.LAZ
571,4735,4.890251305967836,5.772778722331821,10.663030028299657,Lalín,Cercio (Santiago),2,PNOA-2024-GAL-571-4735-H29-NPC01.LAZ
545,4703,0.0,10.652251132481611,10.652251132481611,Cotobade,Loureiro (Santiago),1,PNOA-2024-GAL-545-4703-H29-NPC01.LAZ
567,4671,0.625892634500441,10.025713469172677,10.651606103673117,Crecente,Angudes (San Xoán),1,PNOA-2024-GAL-567-4671-H29-NPC01.LAZ
564,4673,0.47581744680265337,10.174289383666489,10.650106830469142,Crecente,A Ameixeira (San Bernabeu),1,PNOA-2024-GAL-564-4673-H29-NPC01.LAZ
525,4662,0.0,10.647329556386746,10.647329556386746,Gondomar,Morgadáns (Santiago),1,PNOA-2024-GAL-525-4662-H29-NPC01.LAZ
547,4674,2.60344410438227,8.037545248249913,10.640989352632182,Mondariz,Meirol (Santo André),2,PNOA-2024-GAL-547-4674-H29-NPC01.LAZ
535,4719,4.333989463542762,6.303321891904591,10.637311355447352,Cuntis,Cuntis (Santa María),1,PNOA-2024-GAL-535-4719-H29-NPC01.LAZ
551,4675,0.6757936452591868,9.95981090446239,10.635604549721577,Covelo,Covelo (Santa Mariña),1,PNOA-2024-GAL-551-4675-H29-NPC01.LAZ
541,4704,0.0,10.615335572034757,10.615335572034757,Cotobade,Carballedo (San Miguel),1,PNOA-2024-GAL-541-4704-H29-NPC01.LAZ
521,4648,0.0,10.614928896753886,10.614928896753886,Tomiño,Forcadela (San Pedro),2,PNOA-2024-GAL-521-4648-H29-NPC01.LAZ
526,4650,0.0,10.607411342579683,10.607411342579683,Tomiño,Amorín (San Xoán),1,PNOA-2024-GAL-526-4650-H29-NPC01.LAZ
523,4698,0.0,10.591056990761347,10.591056990761347,Poio,Combarro (San Roque),1,PNOA-2024-GAL-523-4698-H29-NPC01.LAZ
538,4726,1.9264517191683934,8.664200432952189,10.590652152120583,A Estrada,Matalobos (Santa Baia),3,PNOA-2024-GAL-538-4726-H29-NPC01.LAZ
539,4674,2.149417469879995,8.423488527999126,10.572905997879122,Ponteareas,Padróns (San Salvador),3,PNOA-2024-GAL-539-4674-H29-NPC01.LAZ
510,4651,0.0,10.57224692914833,10.57224692914833,Oia,Oia (Santa María),1,PNOA-2024-GAL-510-4651-H29-NPC01.LAZ
510,4656,0.0,10.561685684722683,10.561685684722683,Oia,Mougás (Santa Uxía),1,PNOA-2024-GAL-510-4656-H29-NPC01.LAZ
549,4709,0.0,10.552583218458341,10.552583218458341,Cerdedo,Cerdedo (San Xoán),1,PNOA-2024-GAL-549-4709-H29-NPC01.LAZ
517,4656,0.0,10.55192917506529,10.55192917506529,Tomiño,Pinzás (Santa María),1,PNOA-2024-GAL-517-4656-H29-NPC01.LAZ
574,4720,6.710815950198366,3.8394619047038825,10.550277854902248,Lalín,Catasós (Santiago),1,PNOA-2024-GAL-574-4720-H29-NPC01.LAZ
572,4733,0.9658868823350498,9.54709850651772,10.512985388852771,Lalín,Sello (Santiago),2,PNOA-2024-GAL-572-4733-H29-NPC01.LAZ
517,4682,1.4777465425081349,9.032970279301912,10.510716821810046,Cangas,Darbo (Santa María),2,PNOA-2024-GAL-517-4682-H29-NPC01.LAZ
560,4666,4.377939694029501,6.130506652301066,10.508446346330567,Arbo,Cequeliños (San Miguel),2,PNOA-2024-GAL-560-4666-H29-NPC01.LAZ
531,4693,0.0,10.505637699380745,10.505637699380745,Vilaboa,Santa Comba de Bértola (Santa Comba),1,PNOA-2024-GAL-531-4693-H29-NPC01.LAZ
530,4660,5.626671510125821,4.869593949553878,10.496265459679698,Tui,Guillarei (San Mamede),4,PNOA-2024-GAL-530-4660-H29-NPC01.LAZ
550,4675,1.546254871231487,8.949755857181913,10.496010728413399,Covelo,Covelo (Santa Mariña),1,PNOA-2024-GAL-550-4675-H29-NPC01.LAZ
544,4692,0.7909517362348136,9.7045946829511,10.495546419185914,Ponte Caldelas,Forzáns (San Fiz),3,PNOA-2024-GAL-544-4692-H29-NPC01.LAZ
544,4732,4.431364254015705,6.057317547893811,10.488681801909514,A Estrada,Barbude (San Martiño),3,PNOA-2024-GAL-544-4732-H29-NPC01.LAZ
537,4699,0.0,10.487800373736775,10.487800373736775,Cotobade,Almofrei (San Lourenzo),2,PNOA-2024-GAL-537-4699-H29-NPC01.LAZ
550,4682,0.10755833185301317,10.368865220140984,10.476423551993998,Covelo,O Piñeiro (San Xoán),1,PNOA-2024-GAL-550-4682-H29-NPC01.LAZ
535,4724,4.502716656630576,5.966566449021741,10.469283105652316,Cuntis,Piñeiro (San Mamede),1,PNOA-2024-GAL-535-4724-H29-NPC01.LAZ
578,4735,0.0,10.457869740512692,10.457869740512692,Agolada,Esperante (San Cibrao),1,PNOA-2024-GAL-578-4735-H29-NPC01.LAZ
551,4676,0.9554803460008069,9.499541053805146,10.455021399805952,Covelo,Covelo (Santa Mariña),1,PNOA-2024-GAL-551-4676-H29-NPC01.LAZ
542,4704,0.0,10.448468661293996,10.448468661293996,Cotobade,Carballedo (San Miguel),1,PNOA-2024-GAL-542-4704-H29-NPC01.LAZ
527,4652,0.0,10.439870148139088,10.439870148139088,Tomiño,Sobrada (San Salvador),2,PNOA-2024-GAL-527-4652-H29-NPC01.LAZ
514,4683,6.62799347073372,3.809156261846723,10.437149732580442,Cangas,Aldán (San Cibrán),1,PNOA-2024-GAL-514-4683-H29-NPC01.LAZ
565,4722,3.134324844639014,7.302046025651726,10.436370870290741,Lalín,Anseán (Santiago),2,PNOA-2024-GAL-565-4722-H29-NPC01.LAZ
537,4690,0.18860700541254952,10.24383434068869,10.432441346101239,Ponte Caldelas,A Insua (Santa Mariña),1,PNOA-2024-GAL-537-4690-H29-NPC01.LAZ
555,4669,1.9328569201748709,8.49846750683769,10.43132442701256,A Cañiza,Luneda (Santa María),1,PNOA-2024-GAL-555-4669-H29-NPC01.LAZ
558,4675,1.8125328209744518,8.616922500607592,10.429455321582044,A Cañiza,As Achas (San Sebastián),2,PNOA-2024-GAL-558-4675-H29-NPC01.LAZ
562,4731,3.4839465228239104,6.943227754026855,10.427174276850765,Silleda,Ponte (San Miguel),2,PNOA-2024-GAL-562-4731-H29-NPC01.LAZ
561,4734,5.512271086603452,4.900764668651666,10.413035755255118,Silleda,Carboeiro (Santa María),1,PNOA-2024-GAL-561-4734-H29-NPC01.LAZ
543,4684,0.0,10.410938774610461,10.410938774610461,Fornelos de Montes,Traspielas (Santa María),1,PNOA-2024-GAL-543-4684-H29-NPC01.LAZ
520,4702,0.0,10.409983181492624,10.409983181492624,Meis,A Armenteira (Santa María),1,PNOA-2024-GAL-520-4702-H29-NPC01.LAZ
570,4729,6.154038938190208,4.255613598358659,10.409652536548867,Lalín,Bermés (Santa María),1,PNOA-2024-GAL-570-4729-H29-NPC01.LAZ
514,4647,0.0,10.378405205938696,10.378405205938696,Oia,Loureza (San Mamede),1,PNOA-2024-GAL-514-4647-H29-NPC01.LAZ
570,4733,4.039144024267011,6.337717488836186,10.376861513103197,Lalín,Val do Carrio (Santo André),1,PNOA-2024-GAL-570-4733-H29-NPC01.LAZ
534,4670,1.467721616142882,8.861620978044204,10.329342594187086,Ponteareas,Xinzo (Santa Mariña),2,PNOA-2024-GAL-534-4670-H29-NPC01.LAZ
548,4709,0.0,10.314223122262927,10.314223122262927,Cerdedo,Cerdedo (San Xoán),1,PNOA-2024-GAL-548-4709-H29-NPC01.LAZ
548,4659,0.4383474405532053,9.869233483991726,10.307580924544931,As Neves,As Neves (Santa María),1,PNOA-2024-GAL-548-4659-H29-NPC01.LAZ
517,4645,0.0,10.299063866699342,10.299063866699342,Tomiño,Goián (San Cristovo),1,PNOA-2024-GAL-517-4645-H29-NPC01.LAZ
533,4661,0.5261953743868752,9.768467333437364,10.294662707824239,Salceda de Caselas,Santo Estevo de Budiño (Santo Estevo),2,PNOA-2024-GAL-533-4661-H29-NPC01.LAZ
540,4732,1.529163184027281,8.75965783524778,10.28882101927506,A Estrada,Santeles (San Xoán),2,PNOA-2024-GAL-540-4732-H29-NPC01.LAZ
538,4707,0.0,10.28093132043841,10.28093132043841,Cotobade,Sacos (San Xurxo),1,PNOA-2024-GAL-538-4707-H29-NPC01.LAZ
546,4733,0.9012383053283953,9.362962535633436,10.26420084096183,A Estrada,Berres (San Vicenzo),2,PNOA-2024-GAL-546-4733-H29-NPC01.LAZ
555,4712,0.0,10.258836358933168,10.258836358933168,Forcarei,Ventoxo (San Nicolao),2,PNOA-2024-GAL-555-4712-H29-NPC01.LAZ
514,4651,0.0,10.25414481773147,10.25414481773147,Oia,Burgueira (San Pedro),1,PNOA-2024-GAL-514-4651-H29-NPC01.LAZ
519,4714,4.004337915594105,6.24182461566073,10.246162531254836,Vilagarcía de Arousa,Cornazo (San Pedro),2,PNOA-2024-GAL-519-4714-H29-NPC01.LAZ
525,4682,0.0,10.189767654053329,10.189767654053329,Moaña,Domaio (San Pedro),1,PNOA-2024-GAL-525-4682-H29-NPC01.LAZ
531,4716,0.0,10.178386400970451,10.178386400970451,Caldas de Reis,Arcos da Condesa (Santa Mariña),3,PNOA-2024-GAL-531-4716-H29-NPC01.LAZ
565,4714,0.0,10.174371851678462,10.174371851678462,Lalín,Zobra (Santa Mariña),1,PNOA-2024-GAL-565-4714-H29-NPC01.LAZ
524,4663,0.0,10.172601440623739,10.172601440623739,Gondomar,Morgadáns (Santiago),1,PNOA-2024-GAL-524-4663-H29-NPC01.LAZ
526,4715,5.86312967533948,4.302328743375603,10.165458418715083,Portas,Lantaño (San Pedro),2,PNOA-2024-GAL-526-4715-H29-NPC01.LAZ
557,4735,3.5294532308012028,6.633293785570978,10.162747016372181,Silleda,Abades (Santa María),1,PNOA-2024-GAL-557-4735-H29-NPC01.LAZ
512,4640,2.985036607554589,7.16497369737292,10.150010304927509,A Guarda,Salcidos (San Lourenzo),1,PNOA-2024-GAL-512-4640-H29-NPC01.LAZ
559,4710,0.0,10.147172079403754,10.147172079403754,Forcarei,A Madanela de Montes (Santa María Madanela),1,PNOA-2024-GAL-559-4710-H29-NPC01.LAZ
568,4730,2.4906624588423454,7.648794500162614,10.13945695900496,Lalín,Méixome (Santiago),1,PNOA-2024-GAL-568-4730-H29-NPC01.LAZ
534,4684,6.3373821001988855,3.7995872584185757,10.136969358617462,Redondela,Ventosela (San Martiño),1,PNOA-2024-GAL-534-4684-H29-NPC01.LAZ
539,4712,0.0,10.13649757375187,10.13649757375187,Campo Lameiro,Moimenta (Santa María),1,PNOA-2024-GAL-539-4712-H29-NPC01.LAZ
518,4654,0.0,10.130635777429234,10.130635777429234,Tomiño,Barrantes (San Vicente),1,PNOA-2024-GAL-518-4654-H29-NPC01.LAZ
553,4736,5.917045739911677,4.204583361660859,10.121629101572536,Silleda,Cira (Santa Baia),2,PNOA-2024-GAL-553-4736-H29-NPC01.LAZ
525,4652,0.0,10.08411271730351,10.08411271730351,Tomiño,Piñeiro (San Salvador),2,PNOA-2024-GAL-525-4652-H29-NPC01.LAZ
513,4693,8.884113688476335,1.1834321581651055,10.06754584664144,Sanxenxo,Adina (Santa María),1,PNOA-2024-GAL-513-4693-H29-NPC01.LAZ
537,4711,0.9859217874610879,9.073459204529891,10.05938099199098,Campo Lameiro,O Campo (San Miguel),1,PNOA-2024-GAL-537-4711-H29-NPC01.LAZ
525,4656,0.18692618741976186,9.8589136613825,10.045839848802261,Tui,Pexegueiro (San Miguel),2,PNOA-2024-GAL-525-4656-H29-NPC01.LAZ
546,4686,0.0,10.0374671245904,10.0374671245904,Fornelos de Montes,Ventín (San Miguel),1,PNOA-2024-GAL-546-4686-H29-NPC01.LAZ
550,4694,0.2016358419453677,9.833847831636993,10.03548367358236,A Lama,Xesta (San Bartolomeu),1,PNOA-2024-GAL-550-4694-H29-NPC01.LAZ
538,4688,0.0,10.011213074626799,10.011213074626799,Soutomaior,Soutomaior (San Salvador),1,PNOA-2024-GAL-538-4688-H29-NPC01.LAZ
556,4662,5.042725042952672,4.968288983960054,10.011014026912726,Arbo,Arbo (Santa María),1,PNOA-2024-GAL-556-4662-H29-NPC01.LAZ
528,4689,0.0,10.00735800271249,10.00735800271249,Vilaboa,Vilaboa (San Martiño),2,PNOA-2024-GAL-528-4689-H29-NPC01.LAZ
552,4727,1.6535362087914298,8.335640596506355,9.989176805297785,A Estrada,Olives (Santa María),2,PNOA-2024-GAL-552-4727-H29-NPC01.LAZ
582,4736,0.0,9.981800630138062,9.981800630138062,Agolada,As Trabancas (San Mamede),1,PNOA-2024-GAL-582-4736-H29-NPC01.LAZ
538,4678,0.49575109262691597,9.484519844580145,9.980270937207061,Ponteareas,Padróns (San Salvador),1,PNOA-2024-GAL-538-4678-H29-NPC01.LAZ
536,4687,3.8168671463135664,6.162545146505724,9.97941229281929,Soutomaior,Soutomaior (San Salvador),1,PNOA-2024-GAL-536-4687-H29-NPC01.LAZ
555,4664,1.163536628942272,8.807760254954694,9.971296883896965,Arbo,Arbo (Santa María),2,PNOA-2024-GAL-555-4664-H29-NPC01.LAZ
537,4697,1.0299350434427041,8.938367654862862,9.968302698305566,Ponte Caldelas,Tourón (Santa María),1,PNOA-2024-GAL-537-4697-H29-NPC01.LAZ
528,4656,0.3637906650786098,9.595963986882348,9.959754651960957,Tui,Randufe (Santa María da Guía),2,PNOA-2024-GAL-528-4656-H29-NPC01.LAZ
546,4671,0.0,9.959306823573694,9.959306823573694,Ponteareas,Guillade (San Miguel),2,PNOA-2024-GAL-546-4671-H29-NPC01.LAZ
563,4668,3.671408769876772,6.276315787414222,9.947724557290995,Crecente,Crecente (San Pedro),2,PNOA-2024-GAL-563-4668-H29-NPC01.LAZ
543,4698,0.0,9.94181046184027,9.94181046184027,Cotobade,Aguasantas (Santa María),1,PNOA-2024-GAL-543-4698-H29-NPC01.LAZ
535,4695,3.5596420624148126,6.379100347940917,9.93874241035573,Ponte Caldelas,Tourón (Santa María),2,PNOA-2024-GAL-535-4695-H29-NPC01.LAZ
558,4678,3.4315787606346624,6.506794031494686,9.938372792129348,A Cañiza,Petán (San Xián),1,PNOA-2024-GAL-558-4678-H29-NPC01.LAZ
551,4693,0.0,9.937118626995893,9.937118626995893,A Lama,Xesta (San Bartolomeu),1,PNOA-2024-GAL-551-4693-H29-NPC01.LAZ
547,4677,1.872928094136289,8.05872130425288,9.931649398389169,Mondariz,Lougares (San Fiz),1,PNOA-2024-GAL-547-4677-H29-NPC01.LAZ
549,4681,0.11519919318171712,9.808726978538296,9.923926171720012,Covelo,Barcia de Mera (San Martiño),1,PNOA-2024-GAL-549-4681-H29-NPC01.LAZ
530,4659,3.2569439099054796,6.665038199354267,9.921982109259748,Tui,Guillarei (San Mamede),1,PNOA-2024-GAL-530-4659-H29-NPC01.LAZ
517,4664,0.0,9.91964864665984,9.91964864665984,Nigrán,A Ramallosa (San Pedro),2,PNOA-2024-GAL-517-4664-H29-NPC01.LAZ
575,4731,2.750902471713049,7.1574922067337114,9.908394678446761,Lalín,Moimenta (San Lourenzo),1,PNOA-2024-GAL-575-4731-H29-NPC01.LAZ
578,4724,7.422691711195687,2.4812733499467874,9.903965061142474,Lalín,Maceira (San Martiño),1,PNOA-2024-GAL-578-4724-H29-NPC01.LAZ
509,4642,9.90186381895108,0.0,9.90186381895108,A Guarda,Salcidos (San Lourenzo),1,PNOA-2024-GAL-509-4642-H29-NPC01.LAZ
571,4743,0.0,9.880999699733774,9.880999699733774,Agolada,Brocos (San Miguel),2,PNOA-2024-GAL-571-4743-H29-NPC01.LAZ
563,4734,4.077977535160496,5.788312233785606,9.866289768946103,Lalín,Losón (Santa Baia),1,PNOA-2024-GAL-563-4734-H29-NPC01.LAZ
567,4673,0.0,9.863300526148066,9.863300526148066,Crecente,Rebordechán (Santa María),1,PNOA-2024-GAL-567-4673-H29-NPC01.LAZ
522,4716,3.724371728664037,6.129400212250926,9.853771940914964,Vilagarcía de Arousa,Cea (San Pedro),1,PNOA-2024-GAL-522-4716-H29-NPC01.LAZ
530,4717,2.227329824505745,7.622580150397451,9.849909974903197,Caldas de Reis,Santo André de Cesar (Santo André),3,PNOA-2024-GAL-530-4717-H29-NPC01.LAZ
582,4733,0.0,9.84088743363905,9.84088743363905,Agolada,Ventosa (San Xulián),1,PNOA-2024-GAL-582-4733-H29-NPC01.LAZ
534,4686,1.641077646315857,8.199669185759529,9.840746832075386,Soutomaior,Soutomaior (San Salvador),1,PNOA-2024-GAL-534-4686-H29-NPC01.LAZ
530,4690,0.0,9.838463283963138,9.838463283963138,Vilaboa,Vilaboa (San Martiño),1,PNOA-2024-GAL-530-4690-H29-NPC01.LAZ
534,4721,5.919309382236556,3.9104076093198135,9.82971699155637,Cuntis,Cuntis (Santa María),2,PNOA-2024-GAL-534-4721-H29-NPC01.LAZ
534,4678,0.0,9.819125250862275,9.819125250862275,Pazos de Borbén,Nespereira (San Martiño),1,PNOA-2024-GAL-534-4678-H29-NPC01.LAZ
555,4711,0.0,9.81382671484228,9.81382671484228,Forcarei,Ventoxo (San Nicolao),1,PNOA-2024-GAL-555-4711-H29-NPC01.LAZ
558,4673,1.9275358180012103,7.886226213529306,9.813762031530516,A Cañiza,As Achas (San Sebastián),1,PNOA-2024-GAL-558-4673-H29-NPC01.LAZ
530,4712,0.8753922445448784,8.934102660831295,9.809494905376173,Barro,Barro (San Breixo),2,PNOA-2024-GAL-530-4712-H29-NPC01.LAZ
550,4697,0.0,9.808849211109877,9.808849211109877,A Lama,Seixido (San Bartolomeu),1,PNOA-2024-GAL-550-4697-H29-NPC01.LAZ
519,4667,0.0,9.805050337628371,9.805050337628371,Nigrán,Camos (Santa Baia),1,PNOA-2024-GAL-519-4667-H29-NPC01.LAZ
541,4720,2.1053623806250767,7.694986503432864,9.800348884057941,A Estrada,Arca (San Miguel),1,PNOA-2024-GAL-541-4720-H29-NPC01.LAZ
553,4715,0.0,9.793777039953243,9.793777039953243,Forcarei,Forcarei (San Martiño),1,PNOA-2024-GAL-553-4715-H29-NPC01.LAZ
557,4729,5.7681938760171345,4.0109075395552924,9.779101415572427,Silleda,Rellas (San Martiño),2,PNOA-2024-GAL-557-4729-H29-NPC01.LAZ
522,4655,0.0,9.766275491608871,9.766275491608871,Tomiño,Tebra (Santa María),2,PNOA-2024-GAL-522-4655-H29-NPC01.LAZ
540,4707,0.0,9.760780480975164,9.760780480975164,Cotobade,Sacos (San Xurxo),2,PNOA-2024-GAL-540-4707-H29-NPC01.LAZ
520,4668,0.0,9.741397024498832,9.741397024498832,Nigrán,Chandebrito (San Xosé),1,PNOA-2024-GAL-520-4668-H29-NPC01.LAZ
511,4695,3.323001400969154,6.4128417846696895,9.735843185638844,Sanxenxo,Noalla (Santo Estevo),2,PNOA-2024-GAL-511-4695-H29-NPC01.LAZ
581,4737,0.0,9.728762774514852,9.728762774514852,Agolada,As Trabancas (San Mamede),2,PNOA-2024-GAL-581-4737-H29-NPC01.LAZ
557,4730,4.4404250169509005,5.2749741549309945,9.715399171881895,Silleda,Chapa (San Cibrao),2,PNOA-2024-GAL-557-4730-H29-NPC01.LAZ
541,4730,3.8292061392479546,5.877693947777185,9.70690008702514,A Estrada,Toedo (San Pedro),2,PNOA-2024-GAL-541-4730-H29-NPC01.LAZ
521,4696,0.0,9.705815138058208,9.705815138058208,Poio,Samieira (Santa María),2,PNOA-2024-GAL-521-4696-H29-NPC01.LAZ
528,4688,0.0,9.705715669057218,9.705715669057218,Vilaboa,Santa Cristina de Cobres (Santa Cristina),2,PNOA-2024-GAL-528-4688-H29-NPC01.LAZ
555,4663,2.782977768312813,6.920432690101286,9.7034104584141,Arbo,Cabeiras (San Sebastián),2,PNOA-2024-GAL-555-4663-H29-NPC01.LAZ
570,4714,0.349140602141168,9.339709125965612,9.68884972810678,Lalín,Lebozán (Santiago),1,PNOA-2024-GAL-570-4714-H29-NPC01.LAZ
562,4730,6.505913260004527,3.1760530049496345,9.681966264954161,Silleda,Ponte (San Miguel),1,PNOA-2024-GAL-562-4730-H29-NPC01.LAZ
532,4658,0.0,9.675332077443892,9.675332077443892,Tui,Paramos (San Xoán),3,PNOA-2024-GAL-532-4658-H29-NPC01.LAZ
537,4700,0.0,9.670981040927314,9.670981040927314,Cotobade,Tenorio (San Pedro),3,PNOA-2024-GAL-537-4700-H29-NPC01.LAZ
563,4675,2.0957006826255244,7.573543216670657,9.669243899296182,A Cañiza,Oroso (Santa María),2,PNOA-2024-GAL-563-4675-H29-NPC01.LAZ
551,4698,0.0,9.661009909173767,9.661009909173767,A Lama,Seixido (San Bartolomeu),1,PNOA-2024-GAL-551-4698-H29-NPC01.LAZ
543,4680,0.6296068410962429,9.029041378362633,9.658648219458875,Mondariz,Gargamala (Santa María),2,PNOA-2024-GAL-543-4680-H29-NPC01.LAZ
537,4689,3.405224296940198,6.2460369718368245,9.651261268777022,Ponte Caldelas,A Insua (Santa Mariña),1,PNOA-2024-GAL-537-4689-H29-NPC01.LAZ
533,4673,0.0,9.649582535719755,9.649582535719755,Mos,Mos (Santa Eulalia),1,PNOA-2024-GAL-533-4673-H29-NPC01.LAZ
522,4662,0.0,9.646046245768689,9.646046245768689,Gondomar,Morgadáns (Santiago),2,PNOA-2024-GAL-522-4662-H29-NPC01.LAZ
549,4678,3.4004293583461425,6.232396217773615,9.632825576119757,Covelo,Barcia de Mera (San Martiño),2,PNOA-2024-GAL-549-4678-H29-NPC01.LAZ
543,4674,1.5473314642227534,8.076365789501008,9.623697253723762,Ponteareas,Pías (Santa Mariña),2,PNOA-2024-GAL-543-4674-H29-NPC01.LAZ
511,4642,0.02878864149654624,9.585218101692494,9.61400674318904,O Rosal,O Rosal (Santa Mariña),2,PNOA-2024-GAL-511-4642-H29-NPC01.LAZ
513,4667,0.0,9.607433489157222,9.607433489157222,Nigrán,Panxón (San Xoán),1,PNOA-2024-GAL-513-4667-H29-NPC01.LAZ
543,4703,0.0,9.593976843193813,9.593976843193813,Cotobade,Carballedo (San Miguel),2,PNOA-2024-GAL-543-4703-H29-NPC01.LAZ
549,4693,0.0,9.579547729511964,9.579547729511964,A Lama,Xesta (San Bartolomeu),1,PNOA-2024-GAL-549-4693-H29-NPC01.LAZ
542,4717,3.569768622340069,6.008849688470426,9.578618310810494,A Estrada,Souto (Santo André),1,PNOA-2024-GAL-542-4717-H29-NPC01.LAZ
583,4735,0.0,9.565995631806603,9.565995631806603,Agolada,As Trabancas (San Mamede),1,PNOA-2024-GAL-583-4735-H29-NPC01.LAZ
566,4675,0.38385223951940267,9.173623253958114,9.557475493477517,Crecente,Filgueira (San Pedro),1,PNOA-2024-GAL-566-4675-H29-NPC01.LAZ
545,4687,0.0,9.53983255234319,9.53983255234319,Fornelos de Montes,Ventín (San Miguel),2,PNOA-2024-GAL-545-4687-H29-NPC01.LAZ
509,4657,0.0,9.5153343738605,9.5153343738605,Oia,Mougás (Santa Uxía),1,PNOA-2024-GAL-509-4657-H29-NPC01.LAZ
580,4740,0.0,9.508664057024946,9.508664057024946,Agolada,Borraxeiros (San Cristovo),1,PNOA-2024-GAL-580-4740-H29-NPC01.LAZ
544,4700,0.0,9.50302168223044,9.50302168223044,Cotobade,Valongo (Santo André),2,PNOA-2024-GAL-544-4700-H29-NPC01.LAZ
521,4711,3.4535235402279674,6.049047684731038,9.502571224959006,Vilanova de Arousa,Baión (San Xoán),2,PNOA-2024-GAL-521-4711-H29-NPC01.LAZ
515,4707,1.084907078666746,8.404686174757956,9.489593253424701,Cambados,Cambados (Santa Mariña),2,PNOA-2024-GAL-515-4707-H29-NPC01.LAZ
567,4718,1.3597776964441874,8.096185963969079,9.455963660413266,Lalín,Vilatuxe (San Lourenzo),2,PNOA-2024-GAL-567-4718-H29-NPC01.LAZ
551,4720,0.0,9.434389211119875,9.434389211119875,Forcarei,Quintillán (San Pedro),1,PNOA-2024-GAL-551-4720-H29-NPC01.LAZ
543,4671,0.902758533820319,8.520284918216445,9.423043452036765,Ponteareas,Arcos (San Breixo),2,PNOA-2024-GAL-543-4671-H29-NPC01.LAZ
521,4703,0.0,9.418198242895794,9.418198242895794,Meis,A Armenteira (Santa María),1,PNOA-2024-GAL-521-4703-H29-NPC01.LAZ
564,4726,2.944876274780338,6.464683362918999,9.409559637699337,Silleda,Taboada (Santiago),1,PNOA-2024-GAL-564-4726-H29-NPC01.LAZ
512,4644,0.0,9.40721011689643,9.40721011689643,O Rosal,O Rosal (Santa Mariña),1,PNOA-2024-GAL-512-4644-H29-NPC01.LAZ
519,4699,4.317822914349709,5.085828523400928,9.403651437750637,Meaño,Simes (Santa María),1,PNOA-2024-GAL-519-4699-H29-NPC01.LAZ
528,4690,0.0,9.402922566526911,9.402922566526911,Vilaboa,Vilaboa (San Martiño),1,PNOA-2024-GAL-528-4690-H29-NPC01.LAZ
519,4668,0.0,9.394919165030469,9.394919165030469,Nigrán,Chandebrito (San Xosé),2,PNOA-2024-GAL-519-4668-H29-NPC01.LAZ
538,4663,0.64059810686093,8.75175251980746,9.39235062666839,Salvaterra de Miño,Alxén (San Paio),2,PNOA-2024-GAL-538-4663-H29-NPC01.LAZ
556,4672,0.10999840849930415,9.280903009722351,9.390901418221656,A Cañiza,Parada das Achas (Santiago),1,PNOA-2024-GAL-556-4672-H29-NPC01.LAZ
555,4680,5.407874370223634,3.9774638569852026,9.385338227208836,Covelo,Maceira (San Salvador),1,PNOA-2024-GAL-555-4680-H29-NPC01.LAZ
545,4711,0.0,9.384131337047984,9.384131337047984,Cerdedo,Castro (Santa Baia),2,PNOA-2024-GAL-545-4711-H29-NPC01.LAZ
514,4682,3.407498426150868,5.966044419150286,9.373542845301154,Cangas,Aldán (San Cibrán),1,PNOA-2024-GAL-514-4682-H29-NPC01.LAZ
556,4730,2.4892160703408677,6.871661635892637,9.360877706233504,Silleda,Moalde (San Mamede),1,PNOA-2024-GAL-556-4730-H29-NPC01.LAZ
539,4682,0.0,9.33827850689061,9.33827850689061,Pazos de Borbén,Pazos (Santa María),2,PNOA-2024-GAL-539-4682-H29-NPC01.LAZ
544,4720,0.6833116886381416,8.652046774124688,9.33535846276283,A Estrada,Souto (Santo André),2,PNOA-2024-GAL-544-4720-H29-NPC01.LAZ
545,4696,1.3473218483522544,7.9832814593226695,9.330603307674924,A Lama,A Lama (San Salvador),3,PNOA-2024-GAL-545-4696-H29-NPC01.LAZ
519,4650,0.0,9.330039718282094,9.330039718282094,Tomiño,Tomiño (Santa María),1,PNOA-2024-GAL-519-4650-H29-NPC01.LAZ
543,4720,0.1190821308943163,9.184026647049642,9.303108777943958,A Estrada,Arca (San Miguel),2,PNOA-2024-GAL-543-4720-H29-NPC01.LAZ
553,4718,0.0,9.27937492307394,9.27937492307394,Forcarei,Dúas Igrexas (Santa María),1,PNOA-2024-GAL-553-4718-H29-NPC01.LAZ
576,4731,2.558208264063519,6.7154131650253275,9.273621429088847,Lalín,Moimenta (San Lourenzo),1,PNOA-2024-GAL-576-4731-H29-NPC01.LAZ
545,4675,9.211994675804888,0.051317556023214396,9.263312231828102,Mondariz,Mondariz (Santa Baia),2,PNOA-2024-GAL-545-4675-H29-NPC01.LAZ
539,4683,0.0,9.258963434774559,9.258963434774559,Pazos de Borbén,Pazos (Santa María),1,PNOA-2024-GAL-539-4683-H29-NPC01.LAZ
557,4711,0.0,9.257722357580459,9.257722357580459,Forcarei,A Madanela de Montes (Santa María Madanela),1,PNOA-2024-GAL-557-4711-H29-NPC01.LAZ
547,4724,1.1964176512762894,8.0527505695324,9.24916822080869,A Estrada,Vinseiro (Santa Cristina),2,PNOA-2024-GAL-547-4724-H29-NPC01.LAZ
522,4648,0.0,9.24486657153271,9.24486657153271,Tomiño,Forcadela (San Pedro),1,PNOA-2024-GAL-522-4648-H29-NPC01.LAZ
519,4654,0.0,9.240823341833526,9.240823341833526,Tomiño,Barrantes (San Vicente),1,PNOA-2024-GAL-519-4654-H29-NPC01.LAZ
556,4715,0.0,9.237388724536752,9.237388724536752,Forcarei,Millarada (San Amedio),1,PNOA-2024-GAL-556-4715-H29-NPC01.LAZ
556,4686,0.8780511955481658,8.357387569249076,9.235438764797241,Covelo,A Graña (San Bernabeu),1,PNOA-2024-GAL-556-4686-H29-NPC01.LAZ
533,4724,1.1095498317843075,8.121380196467808,9.230930028252114,Cuntis,Piñeiro (San Mamede),1,PNOA-2024-GAL-533-4724-H29-NPC01.LAZ
563,4713,1.8908766052886412,7.339433963684765,9.230310568973406,Lalín,Zobra (Santa Mariña),1,PNOA-2024-GAL-563-4713-H29-NPC01.LAZ
539,4709,0.0,9.22981829135374,9.22981829135374,Cotobade,Sacos (San Xurxo),1,PNOA-2024-GAL-539-4709-H29-NPC01.LAZ
561,4733,6.186915519090397,3.038234040089933,9.22514955918033,Silleda,Saídres (San Xoán),2,PNOA-2024-GAL-561-4733-H29-NPC01.LAZ
550,4679,0.0,9.218112214074024,9.218112214074024,Covelo,Barcia de Mera (San Martiño),1,PNOA-2024-GAL-550-4679-H29-NPC01.LAZ
555,4716,0.0,9.217525170184171,9.217525170184171,Forcarei,Dúas Igrexas (Santa María),1,PNOA-2024-GAL-555-4716-H29-NPC01.LAZ
519,4703,0.0,9.210612751709641,9.210612751709641,Meis,A Armenteira (Santa María),2,PNOA-2024-GAL-519-4703-H29-NPC01.LAZ
516,4669,0.0,9.205389912962612,9.205389912962612,Nigrán,Priegue (San Mamede),1,PNOA-2024-GAL-516-4669-H29-NPC01.LAZ
526,4702,0.0,9.193760361619148,9.193760361619148,Poio,Poio (San Xoán),1,PNOA-2024-GAL-526-4702-H29-NPC01.LAZ
541,4683,0.0,9.192459187787808,9.192459187787808,Pazos de Borbén,Xunqueiras (San Salvador),2,PNOA-2024-GAL-541-4683-H29-NPC01.LAZ
568,4721,1.7851174193599626,7.387360655206763,9.172478074566726,Lalín,Soutolongo (Santa María),1,PNOA-2024-GAL-568-4721-H29-NPC01.LAZ
554,4707,0.0,9.165599376240882,9.165599376240882,Forcarei,Santa Mariña de Presqueiras (Santa Mariña),1,PNOA-2024-GAL-554-4707-H29-NPC01.LAZ
574,4734,2.18288008084902,6.978809623648162,9.161689704497181,Lalín,Rodís (San Xiao),2,PNOA-2024-GAL-574-4734-H29-NPC01.LAZ
537,4705,0.0,9.160331544208853,9.160331544208853,Cotobade,Viascón (Santiago),1,PNOA-2024-GAL-537-4705-H29-NPC01.LAZ
538,4666,0.05712399600884533,9.098554328753744,9.15567832476259,Ponteareas,Cristiñade (San Salvador),1,PNOA-2024-GAL-538-4666-H29-NPC01.LAZ
517,4659,0.0,9.15399119479563,9.15399119479563,Gondomar,Donas (Santa Baia),1,PNOA-2024-GAL-517-4659-H29-NPC01.LAZ
520,4661,0.0,9.150907062881489,9.150907062881489,Gondomar,Gondomar (San Bieito),3,PNOA-2024-GAL-520-4661-H29-NPC01.LAZ
581,4743,0.0,9.148959103629343,9.148959103629343,Agolada,Eidián (Santiago),2,PNOA-2024-GAL-581-4743-H29-NPC01.LAZ
542,4708,0.0,9.14742338153766,9.14742338153766,Cotobade,Sacos (Santa María),1,PNOA-2024-GAL-542-4708-H29-NPC01.LAZ
536,4704,0.0,9.136115609085218,9.136115609085218,Cotobade,Tenorio (San Pedro),1,PNOA-2024-GAL-536-4704-H29-NPC01.LAZ
509,4655,0.0,9.123732803710693,9.123732803710693,Oia,Mougás (Santa Uxía),2,PNOA-2024-GAL-509-4655-H29-NPC01.LAZ
542,4677,1.9549780550842,7.168486293287786,9.123464348371986,Mondariz,Vilar (San Mamede),1,PNOA-2024-GAL-542-4677-H29-NPC01.LAZ
550,4733,4.118892048545572,4.998370100574347,9.117262149119918,A Estrada,Oca (Santo Estevo),2,PNOA-2024-GAL-550-4733-H29-NPC01.LAZ
545,4661,2.5485404858749505,6.568583709540428,9.117124195415379,As Neves,Liñares (Santa María),4,PNOA-2024-GAL-545-4661-H29-NPC01.LAZ
581,4739,0.0,9.1072612006231,9.1072612006231,Agolada,Borraxeiros (San Cristovo),1,PNOA-2024-GAL-581-4739-H29-NPC01.LAZ
547,4680,2.4057850505739826,6.6906236308144615,9.096408681388445,Mondariz,Sabaxáns (San Mamede),1,PNOA-2024-GAL-547-4680-H29-NPC01.LAZ
542,4694,6.390846294516654,2.703821462303278,9.094667756819932,Ponte Caldelas,Ponte Caldelas (Santa Eulalia),1,PNOA-2024-GAL-542-4694-H29-NPC01.LAZ
523,4687,0.0,9.088960621506367,9.088960621506367,Moaña,Moaña (Virxe do Carme),4,PNOA-2024-GAL-523-4687-H29-NPC01.LAZ
520,4655,0.0,9.08725086917466,9.08725086917466,Tomiño,Tebra (Santa María),1,PNOA-2024-GAL-520-4655-H29-NPC01.LAZ
536,4688,1.4156334239658996,7.668795820799989,9.08442924476589,Soutomaior,Soutomaior (San Salvador),1,PNOA-2024-GAL-536-4688-H29-NPC01.LAZ
576,4733,3.49655321045455,5.579361056859058,9.075914267313609,Lalín,Cadrón (Santo Estevo),1,PNOA-2024-GAL-576-4733-H29-NPC01.LAZ
526,4657,0.0,9.073954728821848,9.073954728821848,Tui,Randufe (Santa María da Guía),2,PNOA-2024-GAL-526-4657-H29-NPC01.LAZ
509,4645,0.0,9.071657857098616,9.071657857098616,O Rosal,O Rosal (Santa Mariña),1,PNOA-2024-GAL-509-4645-H29-NPC01.LAZ
535,4679,0.0,9.067629493379965,9.067629493379965,Pazos de Borbén,Nespereira (San Martiño),2,PNOA-2024-GAL-535-4679-H29-NPC01.LAZ
558,4665,3.074120434057218,5.990247221229618,9.064367655286835,Arbo,Mourentán (San Cristovo),2,PNOA-2024-GAL-558-4665-H29-NPC01.LAZ
518,4668,0.0,9.06051965552026,9.06051965552026,Nigrán,Camos (Santa Baia),1,PNOA-2024-GAL-518-4668-H29-NPC01.LAZ
554,4664,1.0604918670187393,7.988214314069428,9.048706181088168,Arbo,Cabeiras (San Sebastián),1,PNOA-2024-GAL-554-4664-H29-NPC01.LAZ
524,4662,0.0,9.041690276150282,9.041690276150282,Gondomar,Morgadáns (Santiago),1,PNOA-2024-GAL-524-4662-H29-NPC01.LAZ
512,4694,3.1913561605822656,5.832377073988371,9.023733234570637,Sanxenxo,Adina (Santa María),2,PNOA-2024-GAL-512-4694-H29-NPC01.LAZ
561,4721,5.018398709511249,4.002306144214211,9.02070485372546,Silleda,Refoxos (San Paio),1,PNOA-2024-GAL-561-4721-H29-NPC01.LAZ
546,4731,6.6651598824812215,2.3521407996468,9.01730068212802,A Estrada,Berres (San Vicenzo),2,PNOA-2024-GAL-546-4731-H29-NPC01.LAZ
552,4671,3.1234120768794,5.890469427756543,9.013881504635943,A Cañiza,A Franqueira (Santa María),3,PNOA-2024-GAL-552-4671-H29-NPC01.LAZ
556,4727,5.190392172344132,3.819265314009948,9.00965748635408,Silleda,Escuadro (San Salvador),1,PNOA-2024-GAL-556-4727-H29-NPC01.LAZ
562,4670,1.0614390179575381,7.946525671189091,9.007964689146629,A Cañiza,O Couto (San Bartolomeu),1,PNOA-2024-GAL-562-4670-H29-NPC01.LAZ
552,4700,7.144083730497519,1.8441670409407065,8.988250771438224,A Lama,A Barcia do Seixo (Santa Ana),3,PNOA-2024-GAL-552-4700-H29-NPC01.LAZ
552,4702,1.7494890822101397,7.237899398439677,8.987388480649816,A Lama,A Barcia do Seixo (Santa Ana),1,PNOA-2024-GAL-552-4702-H29-NPC01.LAZ
550,4718,1.888131469642554,7.09476686056611,8.982898330208664,A Estrada,Liripio (San Xoán Bautista),3,PNOA-2024-GAL-550-4718-H29-NPC01.LAZ
555,4729,2.0352635316867844,6.9441523169516275,8.979415848638412,Silleda,Moalde (San Mamede),2,PNOA-2024-GAL-555-4729-H29-NPC01.LAZ
552,4724,0.0,8.96636742073709,8.96636742073709,Forcarei,Meavía (San Xoán),1,PNOA-2024-GAL-552-4724-H29-NPC01.LAZ
573,4739,0.0,8.952555500803165,8.952555500803165,Agolada,Brántega (San Lourenzo),1,PNOA-2024-GAL-573-4739-H29-NPC01.LAZ
510,4640,2.3176017943842258,6.63452421540491,8.952126009789136,A Guarda,Salcidos (San Lourenzo),2,PNOA-2024-GAL-510-4640-H29-NPC01.LAZ
510,4652,0.0,8.942679568873285,8.942679568873285,Oia,Pedornes (San Mamede),2,PNOA-2024-GAL-510-4652-H29-NPC01.LAZ
552,4717,0.0,8.920066223003342,8.920066223003342,Forcarei,Forcarei (San Martiño),1,PNOA-2024-GAL-552-4717-H29-NPC01.LAZ
529,4720,3.106919555772647,5.804014092569366,8.910933648342013,Caldas de Reis,Santo André de Cesar (Santo André),3,PNOA-2024-GAL-529-4720-H29-NPC01.LAZ
525,4650,0.0,8.897880547072676,8.897880547072676,Tomiño,Amorín (San Xoán),1,PNOA-2024-GAL-525-4650-H29-NPC01.LAZ
546,4730,3.4189804870064693,5.475399728031891,8.89438021503836,A Estrada,Callobre (San Martiño),3,PNOA-2024-GAL-546-4730-H29-NPC01.LAZ
538,4685,0.0,8.890576046820666,8.890576046820666,Pazos de Borbén,A Ermida (Nosa Señora da Anunciación),1,PNOA-2024-GAL-538-4685-H29-NPC01.LAZ
549,4698,1.483550027389104,7.396723989199416,8.88027401658852,A Lama,Covelo (San Sebastián),1,PNOA-2024-GAL-549-4698-H29-NPC01.LAZ
524,4684,0.0,8.87815314845402,8.87815314845402,Moaña,Domaio (San Pedro),1,PNOA-2024-GAL-524-4684-H29-NPC01.LAZ
540,4692,2.583051652742317,6.291202358527974,8.87425401127029,Ponte Caldelas,A Insua (Santa Mariña),1,PNOA-2024-GAL-540-4692-H29-NPC01.LAZ
558,4726,0.058832288109258946,8.812266739086766,8.871099027196026,Silleda,Graba (Santa María),2,PNOA-2024-GAL-558-4726-H29-NPC01.LAZ
576,4724,8.869594321389823,0.0,8.869594321389823,Lalín,Maceira (San Martiño),1,PNOA-2024-GAL-576-4724-H29-NPC01.LAZ
551,4714,0.0,8.862735907307979,8.862735907307979,Forcarei,Castrelo (Santa Mariña),1,PNOA-2024-GAL-551-4714-H29-NPC01.LAZ
548,4687,0.0,8.859552377357224,8.859552377357224,Fornelos de Montes,As Estacas (Santa María),2,PNOA-2024-GAL-548-4687-H29-NPC01.LAZ
555,4714,0.0,8.844197234202758,8.844197234202758,Forcarei,Forcarei (San Martiño),1,PNOA-2024-GAL-555-4714-H29-NPC01.LAZ
525,4715,0.9614949575005751,7.876174717977631,8.837669675478207,Portas,Lantaño (San Pedro),3,PNOA-2024-GAL-525-4715-H29-NPC01.LAZ
541,4684,0.0,8.82592030521535,8.82592030521535,Pazos de Borbén,Xunqueiras (San Salvador),1,PNOA-2024-GAL-541-4684-H29-NPC01.LAZ
529,4657,0.0,8.823973461689638,8.823973461689638,Tui,Rebordáns (San Bartolomeu),2,PNOA-2024-GAL-529-4657-H29-NPC01.LAZ
552,4718,0.0,8.816187048808976,8.816187048808976,Forcarei,Forcarei (San Martiño),1,PNOA-2024-GAL-552-4718-H29-NPC01.LAZ
548,4697,2.0362467749383546,6.7643213445327435,8.800568119471098,A Lama,Covelo (San Sebastián),3,PNOA-2024-GAL-548-4697-H29-NPC01.LAZ
518,4700,6.895271329225625,1.9051440384242517,8.800415367649876,Meaño,Meaño (San Xoán),1,PNOA-2024-GAL-518-4700-H29-NPC01.LAZ
544,4679,2.0577370244674102,6.740221826531799,8.797958850999208,Mondariz,Gargamala (Santa María),2,PNOA-2024-GAL-544-4679-H29-NPC01.LAZ
547,4694,0.0,8.788761803218149,8.788761803218149,A Lama,Xende (San Paulo),1,PNOA-2024-GAL-547-4694-H29-NPC01.LAZ
516,4678,3.8156945706573198,4.969720669449933,8.785415240107254,Cangas,Darbo (Santa María),1,PNOA-2024-GAL-516-4678-H29-NPC01.LAZ
515,4649,0.0,8.777324465405979,8.777324465405979,Oia,Loureza (San Mamede),1,PNOA-2024-GAL-515-4649-H29-NPC01.LAZ
518,4646,0.0,8.753983836137342,8.753983836137342,Tomiño,Figueiró (San Martiño),2,PNOA-2024-GAL-518-4646-H29-NPC01.LAZ
540,4702,0.0,8.751340729025292,8.751340729025292,Cotobade,Rebordelo (San Martiño),2,PNOA-2024-GAL-540-4702-H29-NPC01.LAZ
536,4715,2.0666500806591257,6.661627947722614,8.728278028381741,Campo Lameiro,O Couso (San Cristovo),2,PNOA-2024-GAL-536-4715-H29-NPC01.LAZ
526,4655,1.3334226206055084,7.393878271567603,8.727300892173112,Tui,Areas (Santa Mariña),2,PNOA-2024-GAL-526-4655-H29-NPC01.LAZ
556,4729,2.400120550547763,6.30780714160545,8.707927692153213,Silleda,Escuadro (San Salvador),2,PNOA-2024-GAL-556-4729-H29-NPC01.LAZ
581,4740,0.0,8.691716687925656,8.691716687925656,Agolada,Borraxeiros (San Cristovo),1,PNOA-2024-GAL-581-4740-H29-NPC01.LAZ
521,4685,0.0,8.68316123347634,8.68316123347634,Moaña,Moaña (San Martiño),2,PNOA-2024-GAL-521-4685-H29-NPC01.LAZ
565,4734,4.719318517974153,3.9625972467839916,8.681915764758145,Lalín,Losón (Santa Baia),1,PNOA-2024-GAL-565-4734-H29-NPC01.LAZ
546,4722,0.0,8.66912248798437,8.66912248798437,A Estrada,Parada (San Pedro),3,PNOA-2024-GAL-546-4722-H29-NPC01.LAZ
576,4732,2.8216808052142293,5.846066226361358,8.667747031575587,Lalín,Moimenta (San Lourenzo),2,PNOA-2024-GAL-576-4732-H29-NPC01.LAZ
569,4734,2.492000343873802,6.167470427543709,8.65947077141751,Lalín,Camposancos (San Cristovo),2,PNOA-2024-GAL-569-4734-H29-NPC01.LAZ
577,4733,1.6918837970281602,6.9643722562056745,8.656256053233834,Lalín,Cadrón (Santo Estevo),1,PNOA-2024-GAL-577-4733-H29-NPC01.LAZ
550,4693,0.0,8.646353516202538,8.646353516202538,A Lama,Xesta (San Bartolomeu),1,PNOA-2024-GAL-550-4693-H29-NPC01.LAZ
524,4709,0.08818827327367552,8.549291479169938,8.637479752443614,Meis,Nogueira (San Vicente),3,PNOA-2024-GAL-524-4709-H29-NPC01.LAZ
536,4718,3.0015316301126647,5.6352198512422325,8.636751481354898,Cuntis,Cuntis (Santa María),2,PNOA-2024-GAL-536-4718-H29-NPC01.LAZ
547,4697,7.6867225959953505,0.9202459842958151,8.606968580291166,A Lama,Escuadra (San Lourenzo),3,PNOA-2024-GAL-547-4697-H29-NPC01.LAZ
522,4685,0.0,8.599827097774844,8.599827097774844,Moaña,Moaña (Virxe do Carme),1,PNOA-2024-GAL-522-4685-H29-NPC01.LAZ
514,4660,0.0,8.584265278497389,8.584265278497389,Baiona,Belesar (San Lourenzo),1,PNOA-2024-GAL-514-4660-H29-NPC01.LAZ
530,4663,1.8706095326232373,6.711376006081474,8.581985538704712,O Porriño,San Salvador de Budiño (San Salvador),3,PNOA-2024-GAL-530-4663-H29-NPC01.LAZ
532,4724,0.0,8.57465123249252,8.57465123249252,Cuntis,Estacas (San Fiz),1,PNOA-2024-GAL-532-4724-H29-NPC01.LAZ
542,4662,1.035917885808026,7.53799765594027,8.573915541748296,Salvaterra de Miño,Salvaterra (San Lourenzo),3,PNOA-2024-GAL-542-4662-H29-NPC01.LAZ
563,4722,0.9692808237211473,7.597988073353579,8.567268897074726,Silleda,Oleiros (San Miguel),2,PNOA-2024-GAL-563-4722-H29-NPC01.LAZ
567,4675,0.9500938381026384,7.613570217197794,8.563664055300432,Crecente,Filgueira (San Pedro),1,PNOA-2024-GAL-567-4675-H29-NPC01.LAZ
525,4707,0.0,8.525705904706557,8.525705904706557,Meis,San Tomé de Nogueira (San Tomé),1,PNOA-2024-GAL-525-4707-H29-NPC01.LAZ
541,4692,3.309086826670469,5.207529249616992,8.51661607628746,Ponte Caldelas,A Insua (Santa Mariña),1,PNOA-2024-GAL-541-4692-H29-NPC01.LAZ
569,4718,6.779112415019221,1.7338989949381418,8.513011409957363,Lalín,Doade (San Pedro),3,PNOA-2024-GAL-569-4718-H29-NPC01.LAZ
560,4710,0.0,8.510131231153899,8.510131231153899,Forcarei,A Madanela de Montes (Santa María Madanela),1,PNOA-2024-GAL-560-4710-H29-NPC01.LAZ
513,4697,2.2120960852260696,6.2929238971662285,8.505019982392298,Sanxenxo,Adina (Santa María),2,PNOA-2024-GAL-513-4697-H29-NPC01.LAZ
518,4702,3.8044907772387684,4.698921181045167,8.503411958283936,Meaño,Xil (Santa Eulalia),2,PNOA-2024-GAL-518-4702-H29-NPC01.LAZ
515,4663,0.0,8.492393437256041,8.492393437256041,Gondomar,Borreiros (San Martiño),3,PNOA-2024-GAL-515-4663-H29-NPC01.LAZ
540,4686,0.0,8.48093641324631,8.48093641324631,Pazos de Borbén,Moscoso (San Paio),2,PNOA-2024-GAL-540-4686-H29-NPC01.LAZ
521,4721,3.6822205521697438,4.793860939854623,8.476081492024367,Vilagarcía de Arousa,Bamio (San Xens),2,PNOA-2024-GAL-521-4721-H29-NPC01.LAZ
515,4642,0.0,8.475296095820347,8.475296095820347,O Rosal,San Miguel de Tabagón (San Miguel),2,PNOA-2024-GAL-515-4642-H29-NPC01.LAZ
524,4702,0.0,8.46632844056923,8.46632844056923,Poio,Poio (San Xoán),1,PNOA-2024-GAL-524-4702-H29-NPC01.LAZ
513,4662,0.0,8.46217263290043,8.46217263290043,Baiona,Baíña (Santa Mariña),2,PNOA-2024-GAL-513-4662-H29-NPC01.LAZ
558,4720,0.0,8.459496821435248,8.459496821435248,Forcarei,Aciveiro (Santa María),1,PNOA-2024-GAL-558-4720-H29-NPC01.LAZ
562,4674,2.7320741351983995,5.717885643479122,8.449959778677522,A Cañiza,Oroso (Santa María),1,PNOA-2024-GAL-562-4674-H29-NPC01.LAZ
542,4687,0.0,8.441773757012857,8.441773757012857,Fornelos de Montes,Oitavén (San Vicente),2,PNOA-2024-GAL-542-4687-H29-NPC01.LAZ
537,4685,0.10190680231249365,8.32750337180261,8.429410174115104,Pazos de Borbén,Amoedo (San Sadurniño),2,PNOA-2024-GAL-537-4685-H29-NPC01.LAZ
537,4723,2.556185017035168,5.867777319664378,8.423962336699546,Cuntis,Arcos (San Breixo),2,PNOA-2024-GAL-537-4723-H29-NPC01.LAZ
512,4638,1.0502341786284397,7.3652709104676175,8.415505089096058,A Guarda,Camposancos (Santa Isabel),1,PNOA-2024-GAL-512-4638-H29-NPC01.LAZ
523,4667,0.0,8.41187012065334,8.41187012065334,Gondomar,Vincios (Santa Mariña),1,PNOA-2024-GAL-523-4667-H29-NPC01.LAZ
541,4734,2.899988032469357,5.505782817548329,8.405770850017687,A Estrada,Santeles (San Xoán),1,PNOA-2024-GAL-541-4734-H29-NPC01.LAZ
578,4737,0.0,8.384129324990688,8.384129324990688,Agolada,Merlín (San Pedro),2,PNOA-2024-GAL-578-4737-H29-NPC01.LAZ
544,4660,0.7329669916473277,7.646477393696517,8.379444385343845,Salvaterra de Miño,Oleiros (Santa María),1,PNOA-2024-GAL-544-4660-H29-NPC01.LAZ
539,4717,1.8305269908704898,6.546178924663419,8.37670591553391,Cuntis,Cequeril (Santa María),1,PNOA-2024-GAL-539-4717-H29-NPC01.LAZ
514,4662,0.0,8.374496237719413,8.374496237719413,Baiona,Santa Cristina da Ramallosa (Santa Cristina),1,PNOA-2024-GAL-514-4662-H29-NPC01.LAZ
531,4694,0.0,8.368390630440825,8.368390630440825,Vilaboa,Santa Comba de Bértola (Santa Comba),1,PNOA-2024-GAL-531-4694-H29-NPC01.LAZ
534,4695,1.0625817162865197,7.305109899670861,8.36769161595738,Ponte Caldelas,Tourón (Santa María),2,PNOA-2024-GAL-534-4695-H29-NPC01.LAZ
553,4662,1.0158626526998775,7.325891599163641,8.341754251863518,Arbo,Sela (Santa María),1,PNOA-2024-GAL-553-4662-H29-NPC01.LAZ
519,4651,0.0,8.319789105992097,8.319789105992097,Tomiño,Barrantes (San Vicente),2,PNOA-2024-GAL-519-4651-H29-NPC01.LAZ
549,4667,0.09515621411628508,8.222347959726436,8.317504173842721,As Neves,Batalláns (Santa Eulalia),1,PNOA-2024-GAL-549-4667-H29-NPC01.LAZ
541,4691,2.0835665307447466,6.221847595971771,8.305414126716517,Ponte Caldelas,A Insua (Santa Mariña),2,PNOA-2024-GAL-541-4691-H29-NPC01.LAZ
523,4682,0.0,8.30048714495462,8.30048714495462,Moaña,Meira (Santa Eulalia),1,PNOA-2024-GAL-523-4682-H29-NPC01.LAZ
538,4700,0.0,8.299067527268212,8.299067527268212,Cotobade,Tenorio (San Pedro),3,PNOA-2024-GAL-538-4700-H29-NPC01.LAZ
535,4704,0.0,8.284292901484088,8.284292901484088,Cotobade,Tenorio (San Pedro),2,PNOA-2024-GAL-535-4704-H29-NPC01.LAZ
568,4725,7.392314079889671,0.8686255786038708,8.260939658493541,Lalín,Bendoiro (San Miguel),3,PNOA-2024-GAL-568-4725-H29-NPC01.LAZ
539,4693,3.287327588008919,4.9642624745231805,8.251590062532099,Ponte Caldelas,Ponte Caldelas (Santa Eulalia),1,PNOA-2024-GAL-539-4693-H29-NPC01.LAZ
535,4705,0.0,8.241025516523614,8.241025516523614,Campo Lameiro,Fragas (Santa Mariña),1,PNOA-2024-GAL-535-4705-H29-NPC01.LAZ
512,4663,0.0,8.22671480907875,8.22671480907875,Baiona,Baiona (Santa María),2,PNOA-2024-GAL-512-4663-H29-NPC01.LAZ
518,4659,0.0,8.208457684993464,8.208457684993464,Gondomar,Mañufe (San Vicente),1,PNOA-2024-GAL-518-4659-H29-NPC01.LAZ
556,4708,0.0,8.208370122070237,8.208370122070237,Forcarei,Pardesoa (Santiago),1,PNOA-2024-GAL-556-4708-H29-NPC01.LAZ
528,4655,0.0,8.200787992260185,8.200787992260185,Tui,Randufe (Santa María da Guía),3,PNOA-2024-GAL-528-4655-H29-NPC01.LAZ
555,4724,1.152956880568052,7.043997699858509,8.19695458042656,Silleda,Xestoso (Santa María),2,PNOA-2024-GAL-555-4724-H29-NPC01.LAZ
526,4706,0.0,8.19615952311178,8.19615952311178,Barro,Curro (Santa María),1,PNOA-2024-GAL-526-4706-H29-NPC01.LAZ
510,4641,3.5001626875550955,4.681483415499649,8.181646103054744,A Guarda,Salcidos (San Lourenzo),1,PNOA-2024-GAL-510-4641-H29-NPC01.LAZ
555,4721,0.0,8.181241597240255,8.181241597240255,Forcarei,Pereira (San Bartolomeu),1,PNOA-2024-GAL-555-4721-H29-NPC01.LAZ
534,4694,1.7465270977673932,6.43342776780959,8.179954865576983,Ponte Caldelas,Xustáns (San Martiño),2,PNOA-2024-GAL-534-4694-H29-NPC01.LAZ
526,4729,2.9608888882188,5.204882149260101,8.165771037478901,Valga,Campaña (Santa Cristina),2,PNOA-2024-GAL-526-4729-H29-NPC01.LAZ
545,4724,0.030754937295547142,8.134530297589315,8.165285234884863,A Estrada,Vinseiro (Santa Cristina),3,PNOA-2024-GAL-545-4724-H29-NPC01.LAZ
564,4720,2.6265304519125636,5.535562405368803,8.162092857281367,Silleda,Parada (San Tomé),2,PNOA-2024-GAL-564-4720-H29-NPC01.LAZ
565,4726,3.5413812811942837,4.6198648991429625,8.161246180337246,Lalín,Prado (San Martiño),1,PNOA-2024-GAL-565-4726-H29-NPC01.LAZ
542,4681,0.13632292709206123,8.018927333398558,8.15525026049062,Mondariz,Toutón (San Mateo),1,PNOA-2024-GAL-542-4681-H29-NPC01.LAZ
532,4669,1.4148830200445093,6.725575139172576,8.140458159217085,O Porriño,Cans (Santo Estevo),2,PNOA-2024-GAL-532-4669-H29-NPC01.LAZ
536,4703,0.0,8.131164269404097,8.131164269404097,Cotobade,Tenorio (San Pedro),1,PNOA-2024-GAL-536-4703-H29-NPC01.LAZ
562,4725,4.799208795687317,3.3262530304639495,8.125461826151266,Silleda,Cortegada (Santa María),2,PNOA-2024-GAL-562-4725-H29-NPC01.LAZ
540,4699,0.0,8.123693268910921,8.123693268910921,Cotobade,Borela (San Martiño),1,PNOA-2024-GAL-540-4699-H29-NPC01.LAZ
510,4663,0.0,8.109618959155828,8.109618959155828,Baiona,Baredo (Santa María),1,PNOA-2024-GAL-510-4663-H29-NPC01.LAZ
542,4732,1.881941482797833,6.226510816499946,8.10845229929778,A Estrada,Santeles (San Xoán),1,PNOA-2024-GAL-542-4732-H29-NPC01.LAZ
556,4681,4.6674057968469675,3.4365383371551204,8.103944134002088,Covelo,Godóns (Santa María),1,PNOA-2024-GAL-556-4681-H29-NPC01.LAZ
527,4651,0.0,8.087875386467244,8.087875386467244,Tomiño,Currás (San Martiño),2,PNOA-2024-GAL-527-4651-H29-NPC01.LAZ
563,4726,3.3845743693271677,4.690965178538711,8.07553954786588,Silleda,Taboada (Santiago),4,PNOA-2024-GAL-563-4726-H29-NPC01.LAZ
557,4677,2.969058124261263,5.106399313868806,8.07545743813007,A Cañiza,Petán (San Xián),1,PNOA-2024-GAL-557-4677-H29-NPC01.LAZ
554,4721,0.0,8.075093336335746,8.075093336335746,Forcarei,Pereira (San Bartolomeu),1,PNOA-2024-GAL-554-4721-H29-NPC01.LAZ
550,4670,0.6572105898797452,7.413623932402441,8.070834522282187,A Cañiza,A Franqueira (Santa María),2,PNOA-2024-GAL-550-4670-H29-NPC01.LAZ
533,4717,0.0,8.06649301580767,8.06649301580767,Cuntis,Troáns (Santa María),2,PNOA-2024-GAL-533-4717-H29-NPC01.LAZ
535,4708,2.2351320316054757,5.810131577575496,8.04526360918097,Campo Lameiro,Fragas (Santa Mariña),1,PNOA-2024-GAL-535-4708-H29-NPC01.LAZ
536,4710,6.087159806044467,1.9485125486376755,8.035672354682143,Campo Lameiro,O Campo (San Miguel),1,PNOA-2024-GAL-536-4710-H29-NPC01.LAZ
512,4645,0.0,8.018223546705217,8.018223546705217,O Rosal,O Rosal (Santa Mariña),1,PNOA-2024-GAL-512-4645-H29-NPC01.LAZ
548,4714,0.0,8.013868173114448,8.013868173114448,Cerdedo,Tomonde (Santa María),1,PNOA-2024-GAL-548-4714-H29-NPC01.LAZ
548,4715,0.0,8.00426938451333,8.00426938451333,Cerdedo,Tomonde (Santa María),2,PNOA-2024-GAL-548-4715-H29-NPC01.LAZ
543,4721,1.6492006490543765,6.34803457868674,7.9972352277411165,A Estrada,Nigoi (Santa María),2,PNOA-2024-GAL-543-4721-H29-NPC01.LAZ
538,4716,1.8975809976087445,6.096258397968914,7.993839395577658,Cuntis,Cequeril (Santa María),1,PNOA-2024-GAL-538-4716-H29-NPC01.LAZ
554,4730,2.0193307603548423,5.973319106983046,7.992649867337888,Silleda,Moalde (San Mamede),2,PNOA-2024-GAL-554-4730-H29-NPC01.LAZ
511,4681,0.26580010056391434,7.726705546099872,7.992505646663786,Cangas,O Hío (Santo André),1,PNOA-2024-GAL-511-4681-H29-NPC01.LAZ
573,4732,6.292185739352165,1.7001488135642415,7.9923345529164065,Lalín,Palmou (San Xoán),2,PNOA-2024-GAL-573-4732-H29-NPC01.LAZ
541,4677,0.2359061025600855,7.750424723543407,7.986330826103493,Mondariz,Vilar (San Mamede),1,PNOA-2024-GAL-541-4677-H29-NPC01.LAZ
541,4718,1.3495002998632828,6.634702930100742,7.984203229964025,A Estrada,Souto (Santo André),1,PNOA-2024-GAL-541-4718-H29-NPC01.LAZ
516,4681,3.1161125997579884,4.863574305157375,7.979686904915363,Cangas,Aldán (San Cibrán),2,PNOA-2024-GAL-516-4681-H29-NPC01.LAZ
510,4699,1.622127874731891,6.34769406623758,7.969821940969471,Sanxenxo,Noalla (Santo Estevo),1,PNOA-2024-GAL-510-4699-H29-NPC01.LAZ
536,4733,0.7761176367206096,7.18372799233509,7.9598456290557,A Estrada,Couso (Santa María),2,PNOA-2024-GAL-536-4733-H29-NPC01.LAZ
555,4683,1.5808949954092952,6.361575948698604,7.9424709441078996,Covelo,Campo (Santa María),1,PNOA-2024-GAL-555-4683-H29-NPC01.LAZ
525,4654,1.9044948745700803,6.037765755782855,7.942260630352935,Tui,Pexegueiro (San Miguel),1,PNOA-2024-GAL-525-4654-H29-NPC01.LAZ
520,4647,0.0,7.9330484840649085,7.9330484840649085,Tomiño,Estás (Santiago),3,PNOA-2024-GAL-520-4647-H29-NPC01.LAZ
574,4735,0.42229362501097656,7.496162783159935,7.918456408170911,Lalín,Rodís (San Xiao),1,PNOA-2024-GAL-574-4735-H29-NPC01.LAZ
546,4727,1.1357352369128892,6.782465709336888,7.918200946249778,A Estrada,Callobre (San Martiño),1,PNOA-2024-GAL-546-4727-H29-NPC01.LAZ
523,4716,4.095427570328482,3.8147855494813863,7.910213119809868,Caldas de Reis,Godos (Santa María),3,PNOA-2024-GAL-523-4716-H29-NPC01.LAZ
523,4689,0.0,7.897718991047221,7.897718991047221,Marín,San Tomé de Piñeiro (San Tomé),1,PNOA-2024-GAL-523-4689-H29-NPC01.LAZ
541,4709,0.0,7.894507271981531,7.894507271981531,Campo Lameiro,Montes (San Isidro),1,PNOA-2024-GAL-541-4709-H29-NPC01.LAZ
571,4718,0.024333913299637425,7.858489443729975,7.882823357029612,Lalín,Doade (San Pedro),2,PNOA-2024-GAL-571-4718-H29-NPC01.LAZ
557,4713,0.0,7.882324506424736,7.882324506424736,Forcarei,Millarada (San Amedio),1,PNOA-2024-GAL-557-4713-H29-NPC01.LAZ
547,4676,5.079887649120652,2.7966485458294428,7.876536194950095,Mondariz,Lougares (San Fiz),2,PNOA-2024-GAL-547-4676-H29-NPC01.LAZ
543,4697,0.0,7.873799018302208,7.873799018302208,Cotobade,Aguasantas (Santa María),1,PNOA-2024-GAL-543-4697-H29-NPC01.LAZ
546,4676,1.8282831093384528,6.038315899341006,7.866599008679459,Mondariz,Mondariz (Santa Baia),1,PNOA-2024-GAL-546-4676-H29-NPC01.LAZ
511,4680,2.7336113915201574,5.128931231845387,7.862542623365544,Cangas,O Hío (Santo André),1,PNOA-2024-GAL-511-4680-H29-NPC01.LAZ
527,4710,0.0,7.859576644819817,7.859576644819817,Portas,Romai (San Xián),3,PNOA-2024-GAL-527-4710-H29-NPC01.LAZ
524,4650,0.0,7.855926036872781,7.855926036872781,Tomiño,Amorín (San Xoán),1,PNOA-2024-GAL-524-4650-H29-NPC01.LAZ
539,4691,6.322834744088461,1.5124212015968803,7.835255945685342,Ponte Caldelas,A Insua (Santa Mariña),1,PNOA-2024-GAL-539-4691-H29-NPC01.LAZ
511,4663,0.0,7.82770313780248,7.82770313780248,Baiona,Baiona (Santa María),1,PNOA-2024-GAL-511-4663-H29-NPC01.LAZ
554,4711,0.0,7.81990983129096,7.81990983129096,Forcarei,Ventoxo (San Nicolao),3,PNOA-2024-GAL-554-4711-H29-NPC01.LAZ
552,4713,0.0,7.804346908444197,7.804346908444197,Forcarei,Castrelo (Santa Mariña),2,PNOA-2024-GAL-552-4713-H29-NPC01.LAZ
548,4725,1.229838389990644,6.565043995197062,7.794882385187706,A Estrada,Pardemarín (Santa Baia),2,PNOA-2024-GAL-548-4725-H29-NPC01.LAZ
548,4724,1.4875621431276471,6.289885353359885,7.777447496487532,A Estrada,Vinseiro (Santa Cristina),2,PNOA-2024-GAL-548-4724-H29-NPC01.LAZ
553,4674,3.14795663920055,4.619380498905963,7.767337138106513,Covelo,A Lamosa (San Bartolomeu),1,PNOA-2024-GAL-553-4674-H29-NPC01.LAZ
553,4717,0.0,7.7609903496837696,7.7609903496837696,Forcarei,Dúas Igrexas (Santa María),2,PNOA-2024-GAL-553-4717-H29-NPC01.LAZ
517,4654,0.0,7.7588505454043135,7.7588505454043135,Tomiño,Barrantes (San Vicente),1,PNOA-2024-GAL-517-4654-H29-NPC01.LAZ
540,4693,4.54021446744128,3.213698561244656,7.753913028685936,Ponte Caldelas,Ponte Caldelas (Santa Eulalia),2,PNOA-2024-GAL-540-4693-H29-NPC01.LAZ
545,4705,0.0,7.7519433108992075,7.7519433108992075,Cotobade,Corredoira (San Gregorio),1,PNOA-2024-GAL-545-4705-H29-NPC01.LAZ
551,4677,1.2829874097655714,6.468939715652712,7.751927125418283,Covelo,Covelo (Santa Mariña),1,PNOA-2024-GAL-551-4677-H29-NPC01.LAZ
531,4718,3.593722862093765,4.145002922242137,7.738725784335902,Caldas de Reis,Santo André de Cesar (Santo André),2,PNOA-2024-GAL-531-4718-H29-NPC01.LAZ
573,4728,6.050188966071519,1.6874376708611767,7.737626636932696,Lalín,O Cello (San Martiño),1,PNOA-2024-GAL-573-4728-H29-NPC01.LAZ
554,4727,2.7216243840110903,5.014449617297936,7.736074001309026,Silleda,Escuadro (San Salvador),2,PNOA-2024-GAL-554-4727-H29-NPC01.LAZ
569,4726,0.12775556137992522,7.602288501360187,7.730044062740112,Lalín,Filgueira (Santa María),3,PNOA-2024-GAL-569-4726-H29-NPC01.LAZ
559,4722,0.7454414899281856,6.982274132799484,7.727715622727669,Silleda,Refoxos (San Paio),2,PNOA-2024-GAL-559-4722-H29-NPC01.LAZ
577,4724,1.2141635805942677,6.500415208439701,7.714578789033969,Lalín,Maceira (San Martiño),1,PNOA-2024-GAL-577-4724-H29-NPC01.LAZ
526,4665,0.0,7.713770939338072,7.713770939338072,O Porriño,Chenlo (San Xoán),1,PNOA-2024-GAL-526-4665-H29-NPC01.LAZ
540,4659,6.783107072777245,0.9286448356668486,7.711751908444094,Salvaterra de Miño,Salvaterra (San Lourenzo),1,PNOA-2024-GAL-540-4659-H29-NPC01.LAZ
540,4711,1.9139276001411214,5.796085657564404,7.710013257705526,Campo Lameiro,Morillas (Santiago),1,PNOA-2024-GAL-540-4711-H29-NPC01.LAZ
549,4730,1.0305145125812714,6.663072398646667,7.693586911227939,A Estrada,Agar (Santa Mariña),3,PNOA-2024-GAL-549-4730-H29-NPC01.LAZ
548,4686,0.0,7.692058260025452,7.692058260025452,Fornelos de Montes,As Estacas (Santa María),2,PNOA-2024-GAL-548-4686-H29-NPC01.LAZ
553,4708,0.0,7.691753177619828,7.691753177619828,Forcarei,San Miguel de Presqueiras (San Miguel),2,PNOA-2024-GAL-553-4708-H29-NPC01.LAZ
520,4700,0.0,7.689785646506178,7.689785646506178,Meis,A Armenteira (Santa María),1,PNOA-2024-GAL-520-4700-H29-NPC01.LAZ
519,4649,0.0,7.6888021063229335,7.6888021063229335,Tomiño,Tomiño (Santa María),1,PNOA-2024-GAL-519-4649-H29-NPC01.LAZ
550,4690,0.0,7.683711576331918,7.683711576331918,Fornelos de Montes,A Laxe (San Xosé),1,PNOA-2024-GAL-550-4690-H29-NPC01.LAZ
557,4724,0.0,7.683440250539201,7.683440250539201,Silleda,Graba (Santa María),1,PNOA-2024-GAL-557-4724-H29-NPC01.LAZ
531,4690,0.0,7.679519221317149,7.679519221317149,Vilaboa,Vilaboa (San Martiño),1,PNOA-2024-GAL-531-4690-H29-NPC01.LAZ
535,4658,6.377751187194259,1.3004135602885476,7.678164747482807,Tui,Baldráns (Santiago),3,PNOA-2024-GAL-535-4658-H29-NPC01.LAZ
519,4645,0.0,7.67713392505048,7.67713392505048,Tomiño,Goián (San Cristovo),1,PNOA-2024-GAL-519-4645-H29-NPC01.LAZ
550,4710,0.0,7.65549653936369,7.65549653936369,Cerdedo,Cerdedo (San Xoán),1,PNOA-2024-GAL-550-4710-H29-NPC01.LAZ
521,4659,0.0,7.649674122445676,7.649674122445676,Gondomar,Couso (San Cristovo),1,PNOA-2024-GAL-521-4659-H29-NPC01.LAZ
566,4732,0.0,7.645092808497854,7.645092808497854,Lalín,Busto (San Facundo),1,PNOA-2024-GAL-566-4732-H29-NPC01.LAZ
534,4685,7.637827229268996,0.0,7.637827229268996,Redondela,O Viso (Santa María),2,PNOA-2024-GAL-534-4685-H29-NPC01.LAZ
516,4682,2.266750227173208,5.357222521856095,7.623972749029303,Cangas,Aldán (San Cibrán),1,PNOA-2024-GAL-516-4682-H29-NPC01.LAZ
547,4722,1.572180143467745,6.046819551482204,7.618999694949949,A Estrada,Ribela (Santa Mariña),1,PNOA-2024-GAL-547-4722-H29-NPC01.LAZ
548,4671,0.48087190186401224,7.114966818929064,7.595838720793076,Mondariz,Mouriscados (San Cibrán),1,PNOA-2024-GAL-548-4671-H29-NPC01.LAZ
566,4673,1.1858416424786506,6.407062066060298,7.592903708538949,Crecente,Filgueira (San Pedro),1,PNOA-2024-GAL-566-4673-H29-NPC01.LAZ
545,4667,4.341246925229251,3.2389725473708397,7.580219472600091,As Neves,Taboexa (Santa María),3,PNOA-2024-GAL-545-4667-H29-NPC01.LAZ
539,4678,2.1866656962352744,5.38260727226007,7.569272968495344,Ponteareas,Padróns (San Salvador),2,PNOA-2024-GAL-539-4678-H29-NPC01.LAZ
572,4724,0.5161560435590944,7.035056088791391,7.551212132350486,Lalín,Lalín (Santa María das Dores),2,PNOA-2024-GAL-572-4724-H29-NPC01.LAZ
578,4725,7.531752803606932,0.0,7.531752803606932,Lalín,Maceira (San Martiño),1,PNOA-2024-GAL-578-4725-H29-NPC01.LAZ
531,4713,0.0,7.508318115543107,7.508318115543107,Barro,Barro (San Breixo),3,PNOA-2024-GAL-531-4713-H29-NPC01.LAZ
523,4663,0.0,7.507581393115448,7.507581393115448,Gondomar,Morgadáns (Santiago),1,PNOA-2024-GAL-523-4663-H29-NPC01.LAZ
526,4682,0.0,7.5028114162367014,7.5028114162367014,Moaña,Domaio (San Pedro),1,PNOA-2024-GAL-526-4682-H29-NPC01.LAZ
529,4688,0.0,7.499951269909016,7.499951269909016,Vilaboa,Vilaboa (San Martiño),2,PNOA-2024-GAL-529-4688-H29-NPC01.LAZ
527,4684,0.0,7.4998626747085275,7.4998626747085275,Vilaboa,Cobres (Santo Adrán),1,PNOA-2024-GAL-527-4684-H29-NPC01.LAZ
539,4711,1.3461025172799448,6.144696301539561,7.490798818819506,Campo Lameiro,Moimenta (Santa María),2,PNOA-2024-GAL-539-4711-H29-NPC01.LAZ
547,4691,1.1772322791078866,6.2961609332472195,7.473393212355106,A Lama,Gaxate (San Pedro),2,PNOA-2024-GAL-547-4691-H29-NPC01.LAZ
527,4691,0.0,7.467679963308316,7.467679963308316,Vilaboa,Vilaboa (San Martiño),1,PNOA-2024-GAL-527-4691-H29-NPC01.LAZ
571,4713,0.583481455503192,6.879517258655663,7.462998714158855,Lalín,Lebozán (Santiago),2,PNOA-2024-GAL-571-4713-H29-NPC01.LAZ
575,4738,0.0,7.4617608783798195,7.4617608783798195,Agolada,Brántega (San Lourenzo),2,PNOA-2024-GAL-575-4738-H29-NPC01.LAZ
537,4684,0.0,7.453942110133598,7.453942110133598,Pazos de Borbén,Amoedo (San Sadurniño),1,PNOA-2024-GAL-537-4684-H29-NPC01.LAZ
518,4660,0.0,7.450424791764055,7.450424791764055,Gondomar,Mañufe (San Vicente),2,PNOA-2024-GAL-518-4660-H29-NPC01.LAZ
546,4713,0.0,7.450247674923147,7.450247674923147,Cerdedo,Quireza (San Tomé),2,PNOA-2024-GAL-546-4713-H29-NPC01.LAZ
519,4697,0.0016415749829780484,7.439167903830438,7.440809478813416,Sanxenxo,Dorrón (San Xoán),2,PNOA-2024-GAL-519-4697-H29-NPC01.LAZ
532,4720,0.4847001173913692,6.954106860228937,7.438806977620306,Cuntis,Troáns (Santa María),2,PNOA-2024-GAL-532-4720-H29-NPC01.LAZ
528,4731,0.0,7.436578175861961,7.436578175861961,Pontecesures,Pontecesures (San Xulián),1,PNOA-2024-GAL-528-4731-H29-NPC01.LAZ
539,4706,0.0,7.426905651608604,7.426905651608604,Cotobade,Sacos (San Xurxo),1,PNOA-2024-GAL-539-4706-H29-NPC01.LAZ
541,4727,0.5376319648695664,6.879017671418856,7.416649636288422,A Estrada,A Estrada (San Paio),2,PNOA-2024-GAL-541-4727-H29-NPC01.LAZ
525,4661,0.0,7.415981363710996,7.415981363710996,Gondomar,Morgadáns (Santiago),1,PNOA-2024-GAL-525-4661-H29-NPC01.LAZ
580,4721,7.396062072251719,0.0,7.396062072251719,Lalín,Castro de Cabras (San Pedro),1,PNOA-2024-GAL-580-4721-H29-NPC01.LAZ
526,4684,0.0,7.386813874662039,7.386813874662039,Moaña,Domaio (San Pedro),1,PNOA-2024-GAL-526-4684-H29-NPC01.LAZ
544,4662,0.003876915724071683,7.381652103644639,7.385529019368711,Salvaterra de Miño,Fiolledo (San Paio),3,PNOA-2024-GAL-544-4662-H29-NPC01.LAZ
529,4692,0.0,7.384168442187079,7.384168442187079,Vilaboa,Figueirido (Santo André),1,PNOA-2024-GAL-529-4692-H29-NPC01.LAZ
571,4716,1.917943525489537,5.441677418130198,7.359620943619735,Lalín,Doade (San Pedro),1,PNOA-2024-GAL-571-4716-H29-NPC01.LAZ
518,4647,0.0,7.345450519162525,7.345450519162525,Tomiño,Figueiró (San Martiño),2,PNOA-2024-GAL-518-4647-H29-NPC01.LAZ
556,4721,0.0,7.321005322066868,7.321005322066868,Forcarei,Pereira (San Bartolomeu),1,PNOA-2024-GAL-556-4721-H29-NPC01.LAZ
515,4665,0.0,7.302053310917925,7.302053310917925,Nigrán,A Ramallosa (San Pedro),2,PNOA-2024-GAL-515-4665-H29-NPC01.LAZ
547,4689,1.3639230083095113,5.929883356070633,7.293806364380144,A Lama,Verducido (San Martiño),1,PNOA-2024-GAL-547-4689-H29-NPC01.LAZ
523,4697,0.0,7.281069739437461,7.281069739437461,Poio,Combarro (San Roque),1,PNOA-2024-GAL-523-4697-H29-NPC01.LAZ
558,4727,1.6938954647075315,5.575333178728434,7.269228643435966,Silleda,Escuadro (San Salvador),2,PNOA-2024-GAL-558-4727-H29-NPC01.LAZ
557,4734,2.39648126257355,4.865766577723559,7.262247840297109,Silleda,Abades (Santa María),2,PNOA-2024-GAL-557-4734-H29-NPC01.LAZ
510,4650,0.0,7.253754836667242,7.253754836667242,Oia,Oia (Santa María),1,PNOA-2024-GAL-510-4650-H29-NPC01.LAZ
550,4674,2.7847764882804804,4.459445844004278,7.2442223322847585,Covelo,Paraños (Santa María),2,PNOA-2024-GAL-550-4674-H29-NPC01.LAZ
552,4674,2.336674705265441,4.896847571464299,7.23352227672974,Covelo,A Lamosa (San Bartolomeu),3,PNOA-2024-GAL-552-4674-H29-NPC01.LAZ
548,4675,0.9414743569815053,6.285750693024194,7.227225050005699,Mondariz,Lougares (San Fiz),2,PNOA-2024-GAL-548-4675-H29-NPC01.LAZ
514,4649,0.0,7.226390307503354,7.226390307503354,Oia,Loureza (San Mamede),1,PNOA-2024-GAL-514-4649-H29-NPC01.LAZ
512,4697,2.2676160753244843,4.954961251063088,7.222577326387572,Sanxenxo,Noalla (Santo Estevo),1,PNOA-2024-GAL-512-4697-H29-NPC01.LAZ
548,4661,0.0,7.219936338993243,7.219936338993243,As Neves,Setados (Santa Euxenia),4,PNOA-2024-GAL-548-4661-H29-NPC01.LAZ
537,4692,3.2665225200155037,3.948066080619419,7.214588600634922,Ponte Caldelas,Taboadelo (Santiago),1,PNOA-2024-GAL-537-4692-H29-NPC01.LAZ
556,4685,0.8947954117040902,6.298251464164431,7.1930468758685215,Covelo,A Graña (San Bernabeu),1,PNOA-2024-GAL-556-4685-H29-NPC01.LAZ
553,4727,4.30671046863548,2.878076317170275,7.184786785805755,A Estrada,Curantes (San Miguel),2,PNOA-2024-GAL-553-4727-H29-NPC01.LAZ
522,4725,0.0,7.174872450835626,7.174872450835626,Catoira,Oeste (Santa Baia),2,PNOA-2024-GAL-522-4725-H29-NPC01.LAZ
549,4710,0.0,7.168163703183342,7.168163703183342,Cerdedo,Cerdedo (San Xoán),2,PNOA-2024-GAL-549-4710-H29-NPC01.LAZ
553,4721,0.0,7.1518731279470344,7.1518731279470344,Forcarei,Pereira (San Bartolomeu),2,PNOA-2024-GAL-553-4721-H29-NPC01.LAZ
545,4713,0.0,7.135586246027475,7.135586246027475,Cerdedo,Quireza (San Tomé),1,PNOA-2024-GAL-545-4713-H29-NPC01.LAZ
536,4683,0.0,7.125106575804549,7.125106575804549,Pazos de Borbén,Amoedo (San Sadurniño),1,PNOA-2024-GAL-536-4683-H29-NPC01.LAZ
514,4678,7.119042712461663,0.0,7.119042712461663,Cangas,O Hío (Santo André),1,PNOA-2024-GAL-514-4678-H29-NPC01.LAZ
566,4669,1.2389694171397185,5.8786955668824,7.1176649840221184,Crecente,O Freixo (San Roque),2,PNOA-2024-GAL-566-4669-H29-NPC01.LAZ
526,4708,0.0,7.112495226025628,7.112495226025628,Meis,San Lourenzo de Nogueira (San Lourenzo),2,PNOA-2024-GAL-526-4708-H29-NPC01.LAZ
529,4722,0.780972964174537,6.312642505243912,7.093615469418449,Caldas de Reis,Carracedo (Santa Mariña),1,PNOA-2024-GAL-529-4722-H29-NPC01.LAZ
514,4702,5.049353184407992,2.0393615263141287,7.088714710722121,Cambados,Castrelo (Santa Cruz),1,PNOA-2024-GAL-514-4702-H29-NPC01.LAZ
537,4716,7.079268247988455,0.0,7.079268247988455,Cuntis,Cequeril (Santa María),3,PNOA-2024-GAL-537-4716-H29-NPC01.LAZ
542,4707,0.0,7.076453801209777,7.076453801209777,Cotobade,Sacos (Santa María),1,PNOA-2024-GAL-542-4707-H29-NPC01.LAZ
535,4660,2.0426334169617193,5.0323147192671955,7.074948136228915,Salceda de Caselas,Parderrubias (San Tomé),1,PNOA-2024-GAL-535-4660-H29-NPC01.LAZ
538,4690,4.30197459239897,2.7693428264902904,7.071317418889261,Ponte Caldelas,A Insua (Santa Mariña),1,PNOA-2024-GAL-538-4690-H29-NPC01.LAZ
552,4711,0.0,7.067422253848524,7.067422253848524,Cerdedo,Folgoso (Santa María),2,PNOA-2024-GAL-552-4711-H29-NPC01.LAZ
529,4730,0.0,7.0636901472182565,7.0636901472182565,Pontecesures,Pontecesures (San Xulián),1,PNOA-2024-GAL-529-4730-H29-NPC01.LAZ
574,4721,3.7784641511646053,3.2616921485496464,7.040156299714251,Lalín,Catasós (Santiago),1,PNOA-2024-GAL-574-4721-H29-NPC01.LAZ
560,4734,0.903256470422472,6.135231927932137,7.038488398354609,Silleda,Martixe (San Cristovo),1,PNOA-2024-GAL-560-4734-H29-NPC01.LAZ
524,4649,0.0,7.030091739288129,7.030091739288129,Tomiño,Amorín (San Xoán),1,PNOA-2024-GAL-524-4649-H29-NPC01.LAZ
541,4690,0.27003444543438837,6.759109310119961,7.029143755554349,Ponte Caldelas,Castro Barbudo (Santa María),1,PNOA-2024-GAL-541-4690-H29-NPC01.LAZ
560,4672,0.031990593700684924,6.986297759368017,7.0182883530687015,A Cañiza,A Cañiza (Santa Teresa),1,PNOA-2024-GAL-560-4672-H29-NPC01.LAZ
546,4732,0.0,7.013294534421191,7.013294534421191,A Estrada,Berres (San Vicenzo),1,PNOA-2024-GAL-546-4732-H29-NPC01.LAZ
544,4674,0.8184920434010846,6.189559968768792,7.008052012169877,Mondariz,Mondariz (Santa Baia),2,PNOA-2024-GAL-544-4674-H29-NPC01.LAZ
577,4737,0.0,7.004880929659011,7.004880929659011,Agolada,Santa Comba (San Xoán),1,PNOA-2024-GAL-577-4737-H29-NPC01.LAZ
517,4678,2.5076165381268334,4.4676409206516245,6.975257458778458,Cangas,Darbo (Santa María),1,PNOA-2024-GAL-517-4678-H29-NPC01.LAZ
577,4723,5.107181642578413,1.8644069281179814,6.971588570696395,Lalín,Maceira (San Martiño),2,PNOA-2024-GAL-577-4723-H29-NPC01.LAZ
579,4736,0.0,6.953386109323767,6.953386109323767,Agolada,Ferreiroa (San Pedro),1,PNOA-2024-GAL-579-4736-H29-NPC01.LAZ
523,4657,0.9970095168743761,5.933461842141872,6.930471359016249,Tui,Malvas (Santiago),1,PNOA-2024-GAL-523-4657-H29-NPC01.LAZ
549,4715,0.0,6.9285903791535555,6.9285903791535555,Cerdedo,Tomonde (Santa María),1,PNOA-2024-GAL-549-4715-H29-NPC01.LAZ
524,4651,0.0,6.925892657501396,6.925892657501396,Tomiño,Taborda (San Miguel),1,PNOA-2024-GAL-524-4651-H29-NPC01.LAZ
580,4736,0.0,6.909940722530211,6.909940722530211,Agolada,Ferreiroa (San Pedro),1,PNOA-2024-GAL-580-4736-H29-NPC01.LAZ
509,4652,0.0,6.9088172547264675,6.9088172547264675,Oia,Pedornes (San Mamede),2,PNOA-2024-GAL-509-4652-H29-NPC01.LAZ
517,4683,0.0,6.902760616550038,6.902760616550038,Cangas,Darbo (Santa María),2,PNOA-2024-GAL-517-4683-H29-NPC01.LAZ
548,4728,4.761127711222815,2.1269100968207213,6.888037808043537,A Estrada,Rubín (Santa María),1,PNOA-2024-GAL-548-4728-H29-NPC01.LAZ
555,4726,3.4063757929558687,3.4733495487663504,6.879725341722219,Silleda,Escuadro (San Salvador),1,PNOA-2024-GAL-555-4726-H29-NPC01.LAZ
530,4664,1.2569449773822217,5.619936804512103,6.876881781894324,O Porriño,San Salvador de Budiño (San Salvador),3,PNOA-2024-GAL-530-4664-H29-NPC01.LAZ
553,4712,0.0,6.875636072810347,6.875636072810347,Cerdedo,Folgoso (Santa María),1,PNOA-2024-GAL-553-4712-H29-NPC01.LAZ
554,4735,2.6413076215198545,4.227003017762984,6.868310639282838,Silleda,Dornelas (San Martiño),2,PNOA-2024-GAL-554-4735-H29-NPC01.LAZ
572,4727,2.6335786351777974,4.226202053787359,6.859780688965157,Lalín,Goiás (San Miguel),3,PNOA-2024-GAL-572-4727-H29-NPC01.LAZ
543,4682,2.6357732402520933,4.217345353467387,6.85311859371948,Fornelos de Montes,Traspielas (Santa María),2,PNOA-2024-GAL-543-4682-H29-NPC01.LAZ
510,4639,0.8554895977061698,5.9878256628400495,6.84331526054622,A Guarda,A Guarda (Santa María),1,PNOA-2024-GAL-510-4639-H29-NPC01.LAZ
519,4721,4.40364815944673,2.4394354727985177,6.843083632245248,Vilagarcía de Arousa,Bamio (San Xens),1,PNOA-2024-GAL-519-4721-H29-NPC01.LAZ
552,4721,0.0,6.841006025580238,6.841006025580238,Forcarei,Quintillán (San Pedro),1,PNOA-2024-GAL-552-4721-H29-NPC01.LAZ
576,4740,0.0,6.831111382913763,6.831111382913763,Agolada,Órrea (Santo André),1,PNOA-2024-GAL-576-4740-H29-NPC01.LAZ
579,4730,2.3798807465730993,4.444515354603648,6.824396101176747,Lalín,Parada (Santa María),1,PNOA-2024-GAL-579-4730-H29-NPC01.LAZ
574,4744,0.0,6.803087158016138,6.803087158016138,Agolada,Agra (San Miguel),1,PNOA-2024-GAL-574-4744-H29-NPC01.LAZ
574,4732,1.323839018787622,5.477279207735363,6.801118226522985,Lalín,Cangas (Santa Mariña),1,PNOA-2024-GAL-574-4732-H29-NPC01.LAZ
548,4690,0.0,6.791767100249025,6.791767100249025,A Lama,Verducido (San Martiño),1,PNOA-2024-GAL-548-4690-H29-NPC01.LAZ
523,4699,0.0,6.7913655962351696,6.7913655962351696,Poio,Combarro (San Roque),2,PNOA-2024-GAL-523-4699-H29-NPC01.LAZ
521,4656,0.0,6.771073240315672,6.771073240315672,Tomiño,Tebra (Santa María),1,PNOA-2024-GAL-521-4656-H29-NPC01.LAZ
515,4652,0.0,6.760766161260342,6.760766161260342,Oia,Burgueira (San Pedro),1,PNOA-2024-GAL-515-4652-H29-NPC01.LAZ
545,4710,3.7552105523368975,2.991488670246641,6.746699222583539,Cerdedo,Pedre (Santo Estevo),2,PNOA-2024-GAL-545-4710-H29-NPC01.LAZ
510,4636,4.469290450747478,2.26029647610432,6.729586926851798,A Guarda,Camposancos (Santa Isabel),1,PNOA-2024-GAL-510-4636-H29-NPC01.LAZ
518,4643,0.0,6.719886047986044,6.719886047986044,O Rosal,As Eiras (San Bartolomeu),1,PNOA-2024-GAL-518-4643-H29-NPC01.LAZ
561,4670,1.8539833726064308,4.85954786622906,6.713531238835491,A Cañiza,O Couto (San Bartolomeu),2,PNOA-2024-GAL-561-4670-H29-NPC01.LAZ
552,4735,4.761121458131945,1.9521946488927953,6.71331610702474,A Estrada,Loimil (Santa María),2,PNOA-2024-GAL-552-4735-H29-NPC01.LAZ
568,4728,0.0,6.713065811643598,6.713065811643598,Lalín,Santiso (San Román),1,PNOA-2024-GAL-568-4728-H29-NPC01.LAZ
561,4672,0.19803616785753725,6.509933053050572,6.707969220908109,A Cañiza,O Couto (San Bartolomeu),1,PNOA-2024-GAL-561-4672-H29-NPC01.LAZ
562,4666,1.6512128253891845,5.055537425861818,6.706750251251003,Crecente,Albeos (San Xoán),2,PNOA-2024-GAL-562-4666-H29-NPC01.LAZ
547,4713,0.0,6.706024480768093,6.706024480768093,Cerdedo,Castro (Santa Baia),1,PNOA-2024-GAL-547-4713-H29-NPC01.LAZ
575,4727,5.294500227553547,1.4096667413218877,6.704166968875435,Lalín,Goiás (San Miguel),2,PNOA-2024-GAL-575-4727-H29-NPC01.LAZ
539,4660,6.303674993109969,0.39925386255266304,6.702928855662632,Salvaterra de Miño,Arantei (San Pedro),3,PNOA-2024-GAL-539-4660-H29-NPC01.LAZ
518,4657,0.0,6.693198773868359,6.693198773868359,Tomiño,Pinzás (Santa María),1,PNOA-2024-GAL-518-4657-H29-NPC01.LAZ
580,4739,0.0,6.686869561903129,6.686869561903129,Agolada,Borraxeiros (San Cristovo),1,PNOA-2024-GAL-580-4739-H29-NPC01.LAZ
520,4665,0.0,6.686457054157237,6.686457054157237,Gondomar,Vilaza (Santa María),1,PNOA-2024-GAL-520-4665-H29-NPC01.LAZ
551,4727,0.9923241460853848,5.685572582404781,6.677896728490166,A Estrada,Curantes (San Miguel),2,PNOA-2024-GAL-551-4727-H29-NPC01.LAZ
538,4712,0.0,6.653283940442219,6.653283940442219,Campo Lameiro,Moimenta (Santa María),2,PNOA-2024-GAL-538-4712-H29-NPC01.LAZ
509,4656,0.0,6.633889055072966,6.633889055072966,Oia,Mougás (Santa Uxía),1,PNOA-2024-GAL-509-4656-H29-NPC01.LAZ
539,4718,3.040454065021607,3.5907225521372994,6.631176617158907,Cuntis,Cequeril (Santa María),1,PNOA-2024-GAL-539-4718-H29-NPC01.LAZ
550,4669,0.02800936293435178,6.602637682898191,6.630647045832543,As Neves,Batalláns (Santa Eulalia),1,PNOA-2024-GAL-550-4669-H29-NPC01.LAZ
563,4723,6.628180324665278,0.0,6.628180324665278,Silleda,Oleiros (San Miguel),2,PNOA-2024-GAL-563-4723-H29-NPC01.LAZ
545,4679,0.5152938152984088,6.10668968241556,6.621983497713969,Mondariz,Gargamala (Santa María),1,PNOA-2024-GAL-545-4679-H29-NPC01.LAZ
554,4716,0.0,6.606374009263801,6.606374009263801,Forcarei,Forcarei (San Martiño),2,PNOA-2024-GAL-554-4716-H29-NPC01.LAZ
535,4722,3.396652270511269,3.209302316565191,6.60595458707646,Cuntis,Cuntis (Santa María),2,PNOA-2024-GAL-535-4722-H29-NPC01.LAZ
522,4688,0.0,6.604776589843766,6.604776589843766,Marín,Ardán (Santa María),1,PNOA-2024-GAL-522-4688-H29-NPC01.LAZ
516,4683,0.5150661243389033,6.08630474393947,6.601370868278374,Cangas,Aldán (San Cibrán),1,PNOA-2024-GAL-516-4683-H29-NPC01.LAZ
520,4704,0.0,6.599903161157203,6.599903161157203,Meis,A Armenteira (Santa María),2,PNOA-2024-GAL-520-4704-H29-NPC01.LAZ
572,4742,0.0,6.58469133267929,6.58469133267929,Agolada,Sesto (San Cibrao),1,PNOA-2024-GAL-572-4742-H29-NPC01.LAZ
534,4732,1.014324710556933,5.569654930677484,6.583979641234418,A Estrada,San Miguel de Barcala (San Miguel),1,PNOA-2024-GAL-534-4732-H29-NPC01.LAZ
527,4709,0.0,6.582149935509376,6.582149935509376,Barro,Agudelo (San Martiño),1,PNOA-2024-GAL-527-4709-H29-NPC01.LAZ
515,4684,6.396935307592012,0.17812967186512393,6.575064979457136,Cangas,Aldán (San Cibrán),1,PNOA-2024-GAL-515-4684-H29-NPC01.LAZ
527,4678,6.570767357742604,0.0,6.570767357742604,Redondela,Chapela (San Fausto),1,PNOA-2024-GAL-527-4678-H29-NPC01.LAZ
547,4725,1.1518904707279356,5.414558164740447,6.566448635468382,A Estrada,Vinseiro (Santa Cristina),1,PNOA-2024-GAL-547-4725-H29-NPC01.LAZ
514,4645,0.0,6.552759106003808,6.552759106003808,O Rosal,O Rosal (Santa Mariña),1,PNOA-2024-GAL-514-4645-H29-NPC01.LAZ
542,4731,1.1305959970953492,5.401595758623668,6.532191755719017,A Estrada,Santeles (San Xoán),2,PNOA-2024-GAL-542-4731-H29-NPC01.LAZ
528,4661,3.5778046248561797,2.951817771996166,6.5296223968523455,Tui,Ribadelouro (Santa Comba),1,PNOA-2024-GAL-528-4661-H29-NPC01.LAZ
524,4658,0.5712814900352841,5.9502263574679155,6.5215078475032,Tui,Malvas (Santiago),1,PNOA-2024-GAL-524-4658-H29-NPC01.LAZ
537,4695,0.0,6.519967646870432,6.519967646870432,Ponte Caldelas,Tourón (Santa María),1,PNOA-2024-GAL-537-4695-H29-NPC01.LAZ
537,4669,0.0886205683859109,6.428643049220527,6.517263617606438,Ponteareas,Guláns (San Xulián),2,PNOA-2024-GAL-537-4669-H29-NPC01.LAZ
536,4675,0.0,6.515333229722745,6.515333229722745,Ponteareas,Padróns (San Salvador),1,PNOA-2024-GAL-536-4675-H29-NPC01.LAZ
565,4713,0.8088952480814375,5.705395824699699,6.514291072781137,Lalín,Zobra (Santa Mariña),1,PNOA-2024-GAL-565-4713-H29-NPC01.LAZ
567,4717,0.0,6.50535645399624,6.50535645399624,Lalín,Vilatuxe (San Lourenzo),1,PNOA-2024-GAL-567-4717-H29-NPC01.LAZ
510,4661,0.0,6.502003219254766,6.502003219254766,Baiona,Baredo (Santa María),1,PNOA-2024-GAL-510-4661-H29-NPC01.LAZ
544,4702,0.0,6.499366223565579,6.499366223565579,Cotobade,Loureiro (Santiago),1,PNOA-2024-GAL-544-4702-H29-NPC01.LAZ
529,4659,1.4007829605196187,5.097925734679701,6.49870869519932,Tui,Rebordáns (San Bartolomeu),1,PNOA-2024-GAL-529-4659-H29-NPC01.LAZ
544,4669,2.4294563972287366,4.051087346530058,6.480543743758794,Ponteareas,Celeiros (San Fins),2,PNOA-2024-GAL-544-4669-H29-NPC01.LAZ
519,4666,0.0,6.474354935892234,6.474354935892234,Nigrán,Camos (Santa Baia),1,PNOA-2024-GAL-519-4666-H29-NPC01.LAZ
576,4727,0.0,6.466177474569723,6.466177474569723,Lalín,A Veiga (San Ramón),2,PNOA-2024-GAL-576-4727-H29-NPC01.LAZ
530,4723,1.251030946490237,5.205759823308878,6.456790769799115,Caldas de Reis,Carracedo (Santa Mariña),1,PNOA-2024-GAL-530-4723-H29-NPC01.LAZ
555,4681,0.04476868347287074,6.383550795422625,6.428319478895496,Covelo,Godóns (Santa María),1,PNOA-2024-GAL-555-4681-H29-NPC01.LAZ
521,4681,0.0,6.425718058669003,6.425718058669003,Moaña,Tirán (San Xoán),1,PNOA-2024-GAL-521-4681-H29-NPC01.LAZ
549,4696,0.6259958941236275,5.799281781255596,6.425277675379223,A Lama,Antas (Santiago),2,PNOA-2024-GAL-549-4696-H29-NPC01.LAZ
575,4744,0.0,6.42441432415394,6.42441432415394,Agolada,O Sexo (Santiago),2,PNOA-2024-GAL-575-4744-H29-NPC01.LAZ
548,4696,0.0,6.419330123611483,6.419330123611483,A Lama,Antas (Santiago),1,PNOA-2024-GAL-548-4696-H29-NPC01.LAZ
533,4721,1.6174672367206324,4.780086939025436,6.397554175746068,Cuntis,Estacas (San Fiz),1,PNOA-2024-GAL-533-4721-H29-NPC01.LAZ
531,4689,0.0,6.363675601853052,6.363675601853052,Vilaboa,Vilaboa (San Martiño),2,PNOA-2024-GAL-531-4689-H29-NPC01.LAZ
523,4703,0.0,6.362347718467255,6.362347718467255,Meis,Meis (San Salvador),2,PNOA-2024-GAL-523-4703-H29-NPC01.LAZ
557,4726,1.622628984527035,4.735277386411102,6.357906370938137,Silleda,Graba (Santa María),2,PNOA-2024-GAL-557-4726-H29-NPC01.LAZ
567,4670,0.0,6.333192546460993,6.333192546460993,Crecente,Angudes (San Xoán),2,PNOA-2024-GAL-567-4670-H29-NPC01.LAZ
538,4731,2.9389378318301986,3.3857714214444297,6.324709253274628,A Estrada,Baloira (San Salvador),2,PNOA-2024-GAL-538-4731-H29-NPC01.LAZ
543,4686,0.0,6.3143567040980395,6.3143567040980395,Fornelos de Montes,Oitavén (San Vicente),2,PNOA-2024-GAL-543-4686-H29-NPC01.LAZ
569,4721,0.040117903814762816,6.267359171460493,6.307477075275256,Lalín,Botos (San Xoán),2,PNOA-2024-GAL-569-4721-H29-NPC01.LAZ
510,4696,3.562106364303173,2.7430423719279178,6.305148736231091,Sanxenxo,Noalla (Santo Estevo),1,PNOA-2024-GAL-510-4696-H29-NPC01.LAZ
541,4686,0.0,6.292364672005448,6.292364672005448,Pazos de Borbén,Moscoso (San Paio),1,PNOA-2024-GAL-541-4686-H29-NPC01.LAZ
536,4714,1.161324619509711,5.11599090686061,6.277315526370321,Campo Lameiro,O Couso (San Cristovo),1,PNOA-2024-GAL-536-4714-H29-NPC01.LAZ
571,4715,0.9561690149983375,5.310430993931944,6.266600008930282,Lalín,Doade (San Pedro),1,PNOA-2024-GAL-571-4715-H29-NPC01.LAZ
559,4708,0.0,6.251069466423988,6.251069466423988,Forcarei,Pardesoa (Santiago),2,PNOA-2024-GAL-559-4708-H29-NPC01.LAZ
544,4701,0.0,6.24818851818416,6.24818851818416,Cotobade,Loureiro (Santiago),1,PNOA-2024-GAL-544-4701-H29-NPC01.LAZ
583,4736,0.0,6.247930922371251,6.247930922371251,Agolada,As Trabancas (San Mamede),1,PNOA-2024-GAL-583-4736-H29-NPC01.LAZ
541,4708,0.0,6.240998765146067,6.240998765146067,Cotobade,Sacos (Santa María),1,PNOA-2024-GAL-541-4708-H29-NPC01.LAZ
519,4669,0.0,6.234399989328679,6.234399989328679,Nigrán,Chandebrito (San Xosé),1,PNOA-2024-GAL-519-4669-H29-NPC01.LAZ
538,4714,3.069907732505265,3.153416452401674,6.223324184906939,Campo Lameiro,O Couso (San Cristovo),2,PNOA-2024-GAL-538-4714-H29-NPC01.LAZ
576,4736,0.0,6.216854306404077,6.216854306404077,Agolada,Vilariño (Santa María),2,PNOA-2024-GAL-576-4736-H29-NPC01.LAZ
530,4667,0.20979826085305076,5.999196516403517,6.208994777256567,O Porriño,Torneiros (San Salvador),2,PNOA-2024-GAL-530-4667-H29-NPC01.LAZ
551,4681,1.5460443043029408,4.661051412399992,6.207095716702932,Covelo,O Piñeiro (San Xoán),1,PNOA-2024-GAL-551-4681-H29-NPC01.LAZ
547,4678,0.8040002171322715,5.398475077671042,6.202475294803314,Mondariz,Sabaxáns (San Mamede),1,PNOA-2024-GAL-547-4678-H29-NPC01.LAZ
551,4663,1.0759590496063343,5.110276513263465,6.1862355628698,As Neves,San Cibrán de Ribarteme (San Cibrán),1,PNOA-2024-GAL-551-4663-H29-NPC01.LAZ
533,4679,2.7838353671404708,3.4019313102062307,6.1857666773467015,Redondela,Quintela (San Mamede),3,PNOA-2024-GAL-533-4679-H29-NPC01.LAZ
558,4712,0.0,6.1688291614624315,6.1688291614624315,Forcarei,Millarada (San Amedio),2,PNOA-2024-GAL-558-4712-H29-NPC01.LAZ
546,4712,0.0,6.161478797399152,6.161478797399152,Cerdedo,Castro (Santa Baia),2,PNOA-2024-GAL-546-4712-H29-NPC01.LAZ
509,4654,0.0,6.159954155696617,6.159954155696617,Oia,Viladesuso (San Miguel),2,PNOA-2024-GAL-509-4654-H29-NPC01.LAZ
564,4674,2.6705564340643537,3.4797148386774905,6.150271272741844,Crecente,A Ameixeira (San Bernabeu),1,PNOA-2024-GAL-564-4674-H29-NPC01.LAZ
552,4716,0.0,6.146943005894107,6.146943005894107,Forcarei,Forcarei (San Martiño),1,PNOA-2024-GAL-552-4716-H29-NPC01.LAZ
559,4728,1.327773646390763,4.81629539788616,6.144069044276923,Silleda,Margaride (San Fiz),2,PNOA-2024-GAL-559-4728-H29-NPC01.LAZ
556,4709,0.0,6.132784594562484,6.132784594562484,Forcarei,Pardesoa (Santiago),1,PNOA-2024-GAL-556-4709-H29-NPC01.LAZ
527,4673,0.0,6.129154848389047,6.129154848389047,Mos,Tameiga (San Martiño),1,PNOA-2024-GAL-527-4673-H29-NPC01.LAZ
540,4712,2.133448343998914,3.9904857162515084,6.123934060250422,Campo Lameiro,Moimenta (Santa María),2,PNOA-2024-GAL-540-4712-H29-NPC01.LAZ
571,4733,2.252101526327869,3.871170479770112,6.123272006097981,Lalín,Sello (Santiago),3,PNOA-2024-GAL-571-4733-H29-NPC01.LAZ
567,4730,0.09164976674340067,6.023423109281726,6.115072876025127,Lalín,Madriñán (Santo Adrao),1,PNOA-2024-GAL-567-4730-H29-NPC01.LAZ
580,4723,6.113448145667409,0.0,6.113448145667409,Lalín,Castro de Cabras (San Pedro),1,PNOA-2024-GAL-580-4723-H29-NPC01.LAZ
551,4715,0.0,6.109607011147285,6.109607011147285,Forcarei,Castrelo (Santa Mariña),1,PNOA-2024-GAL-551-4715-H29-NPC01.LAZ
544,4690,0.0855158611229357,6.019467964993418,6.104983826116354,Ponte Caldelas,Anceu (Santo André),2,PNOA-2024-GAL-544-4690-H29-NPC01.LAZ
555,4722,0.0,6.098410072984845,6.098410072984845,Forcarei,Aciveiro (Santa María),1,PNOA-2024-GAL-555-4722-H29-NPC01.LAZ
546,4705,0.0,6.086029038154708,6.086029038154708,Cotobade,Corredoira (San Gregorio),1,PNOA-2024-GAL-546-4705-H29-NPC01.LAZ
535,4713,0.0,6.055443694318841,6.055443694318841,Moraña,San Lourenzo de Moraña (San Lourenzo),1,PNOA-2024-GAL-535-4713-H29-NPC01.LAZ
575,4718,0.43652021255873236,5.6050694119398,6.041589624498532,Lalín,Catasós (Santiago),1,PNOA-2024-GAL-575-4718-H29-NPC01.LAZ
543,4695,2.0577184068869894,3.9806745701056965,6.038392976992686,Ponte Caldelas,Ponte Caldelas (Santa Eulalia),1,PNOA-2024-GAL-543-4695-H29-NPC01.LAZ
556,4673,0.8824191923616929,5.152669169926044,6.035088362287738,A Cañiza,Parada das Achas (Santiago),1,PNOA-2024-GAL-556-4673-H29-NPC01.LAZ
562,4714,0.0,6.0292772957906955,6.0292772957906955,Lalín,Zobra (Santa Mariña),1,PNOA-2024-GAL-562-4714-H29-NPC01.LAZ
519,4694,0.9865618278329715,5.038938348629528,6.025500176462499,Sanxenxo,Dorrón (San Xoán),1,PNOA-2024-GAL-519-4694-H29-NPC01.LAZ
545,4660,0.12159817705115432,5.901977255742656,6.023575432793811,As Neves,Liñares (Santa María),2,PNOA-2024-GAL-545-4660-H29-NPC01.LAZ
514,4644,0.0,6.019976653141028,6.019976653141028,O Rosal,O Rosal (Santa Mariña),1,PNOA-2024-GAL-514-4644-H29-NPC01.LAZ
550,4667,0.0,6.016568627998565,6.016568627998565,As Neves,Cerdeira (San Xoán),1,PNOA-2024-GAL-550-4667-H29-NPC01.LAZ
566,4731,0.41325291112496715,5.592858805164262,6.0061117162892295,Lalín,Busto (San Facundo),2,PNOA-2024-GAL-566-4731-H29-NPC01.LAZ
538,4679,0.0,5.982845884183695,5.982845884183695,Ponteareas,Padróns (San Salvador),2,PNOA-2024-GAL-538-4679-H29-NPC01.LAZ
576,4730,1.1919484884414313,4.783537222621163,5.9754857110625945,Lalín,A Veiga (San Ramón),2,PNOA-2024-GAL-576-4730-H29-NPC01.LAZ
529,4694,0.0,5.963488262630199,5.963488262630199,Vilaboa,Santa Comba de Bértola (Santa Comba),1,PNOA-2024-GAL-529-4694-H29-NPC01.LAZ
577,4741,0.0,5.951711812295629,5.951711812295629,Agolada,A Baíña (San Pedro),2,PNOA-2024-GAL-577-4741-H29-NPC01.LAZ
565,4724,0.9448967893490733,5.003827467711493,5.948724257060566,Silleda,Cortegada (Santa María),2,PNOA-2024-GAL-565-4724-H29-NPC01.LAZ
548,4716,1.5133064688305853,4.424371393648375,5.93767786247896,A Estrada,Sabucedo (San Lourenzo),1,PNOA-2024-GAL-548-4716-H29-NPC01.LAZ
548,4718,1.6616230120614808,4.269926393875447,5.931549405936927,A Estrada,Codeseda (San Xurxo),1,PNOA-2024-GAL-548-4718-H29-NPC01.LAZ
567,4716,1.662138151697133,4.267407471934467,5.9295456236316,Lalín,Vilatuxe (San Lourenzo),2,PNOA-2024-GAL-567-4716-H29-NPC01.LAZ
537,4718,0.2449460649351721,5.68107403479907,5.9260200997342425,Cuntis,Cuntis (Santa María),2,PNOA-2024-GAL-537-4718-H29-NPC01.LAZ
571,4728,4.436362507571129,1.4869871469436515,5.92334965451478,Lalín,O Cello (San Martiño),2,PNOA-2024-GAL-571-4728-H29-NPC01.LAZ
564,4732,0.5679065259597835,5.350672882717584,5.918579408677367,Lalín,Losón (Santa Baia),1,PNOA-2024-GAL-564-4732-H29-NPC01.LAZ
572,4716,0.6762147718095796,5.225424999322094,5.9016397711316735,Lalín,Vilanova (San Xoán),2,PNOA-2024-GAL-572-4716-H29-NPC01.LAZ
556,4720,0.0,5.900018762578644,5.900018762578644,Forcarei,Aciveiro (Santa María),2,PNOA-2024-GAL-556-4720-H29-NPC01.LAZ
550,4712,0.0,5.895846567260536,5.895846567260536,Cerdedo,Figueiroa (San Martiño),1,PNOA-2024-GAL-550-4712-H29-NPC01.LAZ
546,4688,0.0,5.8909511678307656,5.8909511678307656,Fornelos de Montes,Ventín (San Miguel),2,PNOA-2024-GAL-546-4688-H29-NPC01.LAZ
517,4653,0.0,5.888437043828549,5.888437043828549,Tomiño,Barrantes (San Vicente),1,PNOA-2024-GAL-517-4653-H29-NPC01.LAZ
547,4702,1.930713068304501,3.9462682809567795,5.87698134926128,Cotobade,Caroi (Santiago),2,PNOA-2024-GAL-547-4702-H29-NPC01.LAZ
510,4653,0.0,5.866719500636343,5.866719500636343,Oia,Pedornes (San Mamede),1,PNOA-2024-GAL-510-4653-H29-NPC01.LAZ
551,4694,4.391489176041312,1.4728621887862603,5.864351364827573,A Lama,Xesta (San Bartolomeu),1,PNOA-2024-GAL-551-4694-H29-NPC01.LAZ
530,4713,0.0,5.860596586504786,5.860596586504786,Portas,Briallos (San Cristovo),2,PNOA-2024-GAL-530-4713-H29-NPC01.LAZ
536,4686,0.0,5.8531091833416955,5.8531091833416955,Soutomaior,Soutomaior (San Salvador),1,PNOA-2024-GAL-536-4686-H29-NPC01.LAZ
550,4722,0.0,5.85255931097256,5.85255931097256,Forcarei,Meavía (San Xoán),1,PNOA-2024-GAL-550-4722-H29-NPC01.LAZ
518,4656,0.0,5.850165353068442,5.850165353068442,Tomiño,Pinzás (Santa María),1,PNOA-2024-GAL-518-4656-H29-NPC01.LAZ
547,4701,5.843990502386887,0.0,5.843990502386887,A Lama,Covelo (San Sebastián),1,PNOA-2024-GAL-547-4701-H29-NPC01.LAZ
534,4659,1.6279724869484566,4.203824380752951,5.831796867701407,Salceda de Caselas,Soutelo (San Vicente),4,PNOA-2024-GAL-534-4659-H29-NPC01.LAZ
543,4688,0.0,5.830142518859657,5.830142518859657,Fornelos de Montes,Fornelos de Montes (San Lourenzo),1,PNOA-2024-GAL-543-4688-H29-NPC01.LAZ
520,4666,0.0,5.818335335118079,5.818335335118079,Gondomar,Vincios (Santa Mariña),1,PNOA-2024-GAL-520-4666-H29-NPC01.LAZ
545,4697,0.0,5.817525283371518,5.817525283371518,Cotobade,Aguasantas (Santa María),2,PNOA-2024-GAL-545-4697-H29-NPC01.LAZ
546,4721,0.6017491479026558,5.205026684417163,5.806775832319818,A Estrada,Codeseda (San Xurxo),1,PNOA-2024-GAL-546-4721-H29-NPC01.LAZ
551,4665,3.079955008709079,2.7147563363051646,5.794711345014243,As Neves,Cerdeira (San Xoán),1,PNOA-2024-GAL-551-4665-H29-NPC01.LAZ
585,4733,0.0,5.790423912507196,5.790423912507196,Agolada,Ventosa (San Xulián),1,PNOA-2024-GAL-585-4733-H29-NPC01.LAZ
536,4701,0.0,5.784931941418473,5.784931941418473,Cotobade,Tenorio (San Pedro),1,PNOA-2024-GAL-536-4701-H29-NPC01.LAZ
544,4691,0.07299531537350704,5.709309392630146,5.782304708003654,Ponte Caldelas,Forzáns (San Fiz),2,PNOA-2024-GAL-544-4691-H29-NPC01.LAZ
533,4731,0.9954192338373333,4.782648368889381,5.778067602726715,A Estrada,Barcala (Santa Mariña),2,PNOA-2024-GAL-533-4731-H29-NPC01.LAZ
556,4707,0.0,5.765965458914706,5.765965458914706,Forcarei,Pardesoa (Santiago),1,PNOA-2024-GAL-556-4707-H29-NPC01.LAZ
551,4722,0.0,5.765429780866499,5.765429780866499,Forcarei,Meavía (San Xoán),1,PNOA-2024-GAL-551-4722-H29-NPC01.LAZ
551,4673,2.388174541110389,3.3649227411039044,5.753097282214293,Covelo,Paraños (Santa María),1,PNOA-2024-GAL-551-4673-H29-NPC01.LAZ
528,4721,5.7389407020790175,0.014061524316759789,5.753002226395777,Caldas de Reis,Bemil (Santa María),1,PNOA-2024-GAL-528-4721-H29-NPC01.LAZ
524,4664,0.0,5.741950720491437,5.741950720491437,Gondomar,Morgadáns (Santiago),1,PNOA-2024-GAL-524-4664-H29-NPC01.LAZ
578,4723,0.6917607292054294,5.050023472487782,5.7417842016932115,Lalín,Albarellos (Santa María),1,PNOA-2024-GAL-578-4723-H29-NPC01.LAZ
523,4694,0.0,5.719303351043893,5.719303351043893,Marín,Mogor (San Xurxo),1,PNOA-2024-GAL-523-4694-H29-NPC01.LAZ
542,4678,1.8473018330754547,3.8706667708519267,5.717968603927382,Mondariz,Toutón (San Mateo),2,PNOA-2024-GAL-542-4678-H29-NPC01.LAZ
560,4726,1.3557907188705502,4.361200528578171,5.716991247448721,Silleda,Siador (San Miguel),1,PNOA-2024-GAL-560-4726-H29-NPC01.LAZ
581,4742,0.0,5.71094398554669,5.71094398554669,Agolada,Eidián (Santiago),1,PNOA-2024-GAL-581-4742-H29-NPC01.LAZ
551,4731,0.4053085478148018,5.299323538175635,5.704632085990437,A Estrada,Agar (Santa Mariña),2,PNOA-2024-GAL-551-4731-H29-NPC01.LAZ
538,4682,0.0,5.702795936495631,5.702795936495631,Pazos de Borbén,Borbén (Santiago),2,PNOA-2024-GAL-538-4682-H29-NPC01.LAZ
529,4706,0.0,5.692575484603213,5.692575484603213,Barro,Portela (San Mamede),1,PNOA-2024-GAL-529-4706-H29-NPC01.LAZ
547,4715,0.0,5.682051922089302,5.682051922089302,Cerdedo,Quireza (San Tomé),3,PNOA-2024-GAL-547-4715-H29-NPC01.LAZ
523,4686,0.0,5.658880026918448,5.658880026918448,Moaña,Moaña (Virxe do Carme),1,PNOA-2024-GAL-523-4686-H29-NPC01.LAZ
546,4680,0.9512363912759776,4.698488027107065,5.649724418383043,Mondariz,Gargamala (Santa María),1,PNOA-2024-GAL-546-4680-H29-NPC01.LAZ
541,4678,2.04105373828142,3.5995526521431644,5.640606390424584,Mondariz,Toutón (San Mateo),1,PNOA-2024-GAL-541-4678-H29-NPC01.LAZ
543,4709,0.7502814552842898,4.874257147770367,5.624538603054656,Campo Lameiro,Montes (San Isidro),1,PNOA-2024-GAL-543-4709-H29-NPC01.LAZ
548,4710,0.0,5.623805873773921,5.623805873773921,Cerdedo,Figueiroa (San Martiño),2,PNOA-2024-GAL-548-4710-H29-NPC01.LAZ
534,4666,0.0222957623892113,5.6005549763590174,5.6228507387482285,O Porriño,Atios (Santa Eulalia),1,PNOA-2024-GAL-534-4666-H29-NPC01.LAZ
524,4682,0.0,5.6227056375413795,5.6227056375413795,Moaña,Meira (Santa Eulalia),1,PNOA-2024-GAL-524-4682-H29-NPC01.LAZ
554,4717,0.0,5.614928981951894,5.614928981951894,Forcarei,Dúas Igrexas (Santa María),1,PNOA-2024-GAL-554-4717-H29-NPC01.LAZ
575,4729,5.614878166011904,0.0,5.614878166011904,Lalín,A Veiga (San Ramón),2,PNOA-2024-GAL-575-4729-H29-NPC01.LAZ
525,4655,1.0462028288816818,4.5650174290569625,5.611220257938644,Tui,Pexegueiro (San Miguel),1,PNOA-2024-GAL-525-4655-H29-NPC01.LAZ
521,4647,0.0,5.586246133813157,5.586246133813157,Tomiño,Forcadela (San Pedro),1,PNOA-2024-GAL-521-4647-H29-NPC01.LAZ
522,4718,1.6212115792612163,3.9616948307330744,5.58290640999429,Vilagarcía de Arousa,Cea (San Pedro),1,PNOA-2024-GAL-522-4718-H29-NPC01.LAZ
542,4680,2.1786101817406553,3.4023030533318495,5.580913235072504,Mondariz,Toutón (San Mateo),1,PNOA-2024-GAL-542-4680-H29-NPC01.LAZ
520,4658,0.0,5.568377826877579,5.568377826877579,Gondomar,Couso (San Cristovo),1,PNOA-2024-GAL-520-4658-H29-NPC01.LAZ
540,4688,0.0,5.559471022563667,5.559471022563667,Fornelos de Montes,Calvos (Santo Adrián),1,PNOA-2024-GAL-540-4688-H29-NPC01.LAZ
541,4719,0.1779620891742962,5.377066381128784,5.55502847030308,A Estrada,Arca (San Miguel),2,PNOA-2024-GAL-541-4719-H29-NPC01.LAZ
553,4701,0.6501263491477781,4.903233217896964,5.553359567044742,A Lama,A Barcia do Seixo (Santa Ana),1,PNOA-2024-GAL-553-4701-H29-NPC01.LAZ
563,4731,0.9839172181741318,4.545920256638806,5.529837474812938,Silleda,Ponte (San Miguel),1,PNOA-2024-GAL-563-4731-H29-NPC01.LAZ
565,4720,5.317780760911669,0.20850700243707962,5.526287763348749,Lalín,Vilatuxe (San Lourenzo),2,PNOA-2024-GAL-565-4720-H29-NPC01.LAZ
515,4658,0.0,5.5241046382582555,5.5241046382582555,Baiona,Belesar (San Lourenzo),1,PNOA-2024-GAL-515-4658-H29-NPC01.LAZ
553,4702,1.5899603292162765,3.927519973740811,5.517480302957088,A Lama,A Barcia do Seixo (Santa Ana),1,PNOA-2024-GAL-553-4702-H29-NPC01.LAZ
580,4730,0.0,5.513563385099487,5.513563385099487,Agolada,Gurgueiro (San Miguel),1,PNOA-2024-GAL-580-4730-H29-NPC01.LAZ
545,4693,5.510615452446347,0.0,5.510615452446347,Ponte Caldelas,Caritel (Santa María),2,PNOA-2024-GAL-545-4693-H29-NPC01.LAZ
559,4665,2.1008874682473184,3.3935664517415116,5.49445391998883,Arbo,Cequeliños (San Miguel),1,PNOA-2024-GAL-559-4665-H29-NPC01.LAZ
547,4672,1.2347092077944226,4.259090004243792,5.493799212038214,Mondariz,Mouriscados (San Cibrán),1,PNOA-2024-GAL-547-4672-H29-NPC01.LAZ
514,4648,0.0,5.488675058886087,5.488675058886087,Oia,Loureza (San Mamede),1,PNOA-2024-GAL-514-4648-H29-NPC01.LAZ
538,4709,0.0,5.468482481064965,5.468482481064965,Campo Lameiro,O Campo (San Miguel),2,PNOA-2024-GAL-538-4709-H29-NPC01.LAZ
540,4663,0.5110225066232701,4.9569644967746935,5.467987003397964,Ponteareas,Nogueira (San Salvador),2,PNOA-2024-GAL-540-4663-H29-NPC01.LAZ
543,4699,0.0,5.461295058540697,5.461295058540697,Cotobade,Aguasantas (Santa María),1,PNOA-2024-GAL-543-4699-H29-NPC01.LAZ
536,4700,0.0,5.459698838831507,5.459698838831507,Cotobade,Tenorio (San Pedro),1,PNOA-2024-GAL-536-4700-H29-NPC01.LAZ
556,4711,0.0,5.459420879534275,5.459420879534275,Forcarei,Ventoxo (San Nicolao),1,PNOA-2024-GAL-556-4711-H29-NPC01.LAZ
538,4708,0.0,5.458422305974866,5.458422305974866,Cotobade,Sacos (San Xurxo),1,PNOA-2024-GAL-538-4708-H29-NPC01.LAZ
553,4693,0.0,5.4526129464140345,5.4526129464140345,A Lama,Xesta (San Bartolomeu),1,PNOA-2024-GAL-553-4693-H29-NPC01.LAZ
526,4667,0.0,5.447256246481283,5.447256246481283,Mos,Cela (San Pedro),1,PNOA-2024-GAL-526-4667-H29-NPC01.LAZ
543,4723,0.8636467205899786,4.583526186204013,5.447172906793992,A Estrada,Nigoi (Santa María),3,PNOA-2024-GAL-543-4723-H29-NPC01.LAZ
544,4712,0.0,5.44298016296816,5.44298016296816,Cerdedo,Quireza (San Tomé),1,PNOA-2024-GAL-544-4712-H29-NPC01.LAZ
559,4678,0.4319123930980005,5.005986456238088,5.437898849336089,A Cañiza,Petán (San Xián),1,PNOA-2024-GAL-559-4678-H29-NPC01.LAZ
519,4712,1.383330000925613,4.047576513329903,5.430906514255517,Vilagarcía de Arousa,Solobeira (San Fins),1,PNOA-2024-GAL-519-4712-H29-NPC01.LAZ
562,4733,1.5130286613681034,3.913058755891157,5.426087417259261,Silleda,Saídres (San Xoán),1,PNOA-2024-GAL-562-4733-H29-NPC01.LAZ
548,4670,0.035528760228278916,5.38920673341618,5.424735493644459,Salvaterra de Miño,Uma (Santo André),1,PNOA-2024-GAL-548-4670-H29-NPC01.LAZ
533,4728,0.8765050645947624,4.54800769846135,5.4245127630561125,A Estrada,Frades (Santa María),1,PNOA-2024-GAL-533-4728-H29-NPC01.LAZ
579,4725,5.417968012966612,0.0,5.417968012966612,Lalín,Maceira (San Martiño),1,PNOA-2024-GAL-579-4725-H29-NPC01.LAZ
581,4724,5.4041000720618415,0.0,5.4041000720618415,Lalín,Castro de Cabras (San Pedro),2,PNOA-2024-GAL-581-4724-H29-NPC01.LAZ
547,4721,0.0,5.386096825790559,5.386096825790559,A Estrada,Ribela (Santa Mariña),1,PNOA-2024-GAL-547-4721-H29-NPC01.LAZ
541,4685,0.0,5.379554895989706,5.379554895989706,Pazos de Borbén,Moscoso (San Paio),2,PNOA-2024-GAL-541-4685-H29-NPC01.LAZ
559,4672,0.0,5.3612871462452185,5.3612871462452185,A Cañiza,A Cañiza (Santa Teresa),2,PNOA-2024-GAL-559-4672-H29-NPC01.LAZ
533,4660,2.857482558551711,2.5035993226318976,5.361081881183608,Salceda de Caselas,Soutelo (San Vicente),2,PNOA-2024-GAL-533-4660-H29-NPC01.LAZ
531,4730,0.0,5.352781781943335,5.352781781943335,Pontecesures,Pontecesures (San Xulián),1,PNOA-2024-GAL-531-4730-H29-NPC01.LAZ
522,4721,0.0,5.352329183417749,5.352329183417749,Catoira,Abalo (San Mamede),1,PNOA-2024-GAL-522-4721-H29-NPC01.LAZ
554,4683,0.8765629761590137,4.467381894336752,5.343944870495766,Covelo,Campo (Santa María),1,PNOA-2024-GAL-554-4683-H29-NPC01.LAZ
531,4719,0.0,5.339297895122355,5.339297895122355,Caldas de Reis,Santo André de Cesar (Santo André),2,PNOA-2024-GAL-531-4719-H29-NPC01.LAZ
575,4737,0.0,5.330208012792122,5.330208012792122,Agolada,Santa Comba (San Xoán),2,PNOA-2024-GAL-575-4737-H29-NPC01.LAZ
572,4714,0.4975630921624134,4.83042057019515,5.327983662357563,Lalín,Vilanova (San Xoán),1,PNOA-2024-GAL-572-4714-H29-NPC01.LAZ
573,4717,1.0285804210109106,4.297402648746397,5.325983069757307,Lalín,A Xesta (San Fiz),2,PNOA-2024-GAL-573-4717-H29-NPC01.LAZ
567,4715,2.2426515913766214,3.077114715056929,5.31976630643355,Lalín,Lebozán (Santiago),1,PNOA-2024-GAL-567-4715-H29-NPC01.LAZ
553,4730,1.4232509790273182,3.894992371608525,5.318243350635843,Silleda,Moalde (San Mamede),1,PNOA-2024-GAL-553-4730-H29-NPC01.LAZ
513,4711,2.564119647703457,2.743868653448808,5.307988301152265,Vilanova de Arousa,Caleiro (Santa María),2,PNOA-2024-GAL-513-4711-H29-NPC01.LAZ
563,4672,1.2116290597930988,4.0828914345860605,5.294520494379159,A Cañiza,O Couto (San Bartolomeu),2,PNOA-2024-GAL-563-4672-H29-NPC01.LAZ
518,4642,0.0,5.293549444027623,5.293549444027623,O Rosal,As Eiras (San Bartolomeu),1,PNOA-2024-GAL-518-4642-H29-NPC01.LAZ
525,4649,0.0,5.285254258046764,5.285254258046764,Tomiño,Amorín (San Xoán),1,PNOA-2024-GAL-525-4649-H29-NPC01.LAZ
539,4677,0.2647054528484134,5.017281401428871,5.281986854277284,Ponteareas,Padróns (San Salvador),2,PNOA-2024-GAL-539-4677-H29-NPC01.LAZ
555,4667,2.0389803196220435,3.241607027280297,5.28058734690234,A Cañiza,Luneda (Santa María),2,PNOA-2024-GAL-555-4667-H29-NPC01.LAZ
537,4706,0.0,5.2785303899468,5.2785303899468,Cotobade,Viascón (Santiago),1,PNOA-2024-GAL-537-4706-H29-NPC01.LAZ
523,4723,0.0,5.270757423987867,5.270757423987867,Catoira,Dimo (San Pedro),2,PNOA-2024-GAL-523-4723-H29-NPC01.LAZ
551,4682,0.96109564943841,4.297309784457888,5.258405433896298,Covelo,O Piñeiro (San Xoán),1,PNOA-2024-GAL-551-4682-H29-NPC01.LAZ
520,4695,0.0,5.2518869635800485,5.2518869635800485,Poio,Raxó (San Gregorio),1,PNOA-2024-GAL-520-4695-H29-NPC01.LAZ
581,4741,0.0,5.248179491547612,5.248179491547612,Agolada,Borraxeiros (San Cristovo),2,PNOA-2024-GAL-581-4741-H29-NPC01.LAZ
542,4733,1.8204340247301576,3.420343086246656,5.240777110976813,A Estrada,Santeles (San Xoán),1,PNOA-2024-GAL-542-4733-H29-NPC01.LAZ
542,4664,3.8840142122928984,1.3316416951839989,5.215655907476897,Salvaterra de Miño,Pesqueiras (Santa Mariña),3,PNOA-2024-GAL-542-4664-H29-NPC01.LAZ
534,4718,0.9543818298062055,4.2595728284765375,5.213954658282743,Moraña,Laxe (San Martiño),2,PNOA-2024-GAL-534-4718-H29-NPC01.LAZ
522,4703,0.0,5.20051371386337,5.20051371386337,Meis,A Armenteira (Santa María),2,PNOA-2024-GAL-522-4703-H29-NPC01.LAZ
539,4680,0.7459858027676431,4.431883316681328,5.177869119448971,Pazos de Borbén,Borbén (Santiago),2,PNOA-2024-GAL-539-4680-H29-NPC01.LAZ
548,4719,2.542335157851767,2.5759527406534195,5.118287898505186,A Estrada,Codeseda (San Xurxo),1,PNOA-2024-GAL-548-4719-H29-NPC01.LAZ
525,4725,0.0,5.093882263172111,5.093882263172111,Catoira,Dimo (San Pedro),1,PNOA-2024-GAL-525-4725-H29-NPC01.LAZ
567,4731,0.0,5.090576873782586,5.090576873782586,Lalín,Busto (San Facundo),1,PNOA-2024-GAL-567-4731-H29-NPC01.LAZ
551,4719,0.0,5.087718073069874,5.087718073069874,Forcarei,Quintillán (San Pedro),2,PNOA-2024-GAL-551-4719-H29-NPC01.LAZ
564,4725,1.4150645972527025,3.6719898375086304,5.087054434761333,Silleda,Cortegada (Santa María),1,PNOA-2024-GAL-564-4725-H29-NPC01.LAZ
556,4670,0.11474408656546947,4.972145400729323,5.086889487294792,A Cañiza,Parada das Achas (Santiago),1,PNOA-2024-GAL-556-4670-H29-NPC01.LAZ
543,4733,0.8122660452340091,4.266621939046827,5.078887984280836,A Estrada,Paradela (Santa María),2,PNOA-2024-GAL-543-4733-H29-NPC01.LAZ
565,4673,0.0,5.0750110561124675,5.0750110561124675,Crecente,Filgueira (San Pedro),1,PNOA-2024-GAL-565-4673-H29-NPC01.LAZ
574,4737,0.0,5.07338133146622,5.07338133146622,Agolada,Carmoega (San Pedro),1,PNOA-2024-GAL-574-4737-H29-NPC01.LAZ
556,4680,5.07265398779453,0.0,5.07265398779453,Covelo,Godóns (Santa María),1,PNOA-2024-GAL-556-4680-H29-NPC01.LAZ
558,4672,0.3668466568212012,4.69718135693801,5.064028013759211,A Cañiza,As Achas (San Sebastián),2,PNOA-2024-GAL-558-4672-H29-NPC01.LAZ
525,4653,0.0,5.055601161619059,5.055601161619059,Tomiño,Sobrada (San Salvador),3,PNOA-2024-GAL-525-4653-H29-NPC01.LAZ
552,4723,0.0,5.040036678189679,5.040036678189679,Forcarei,Meavía (San Xoán),1,PNOA-2024-GAL-552-4723-H29-NPC01.LAZ
549,4666,0.0,5.031647655341514,5.031647655341514,As Neves,San Xosé de Ribarteme (San Xosé),1,PNOA-2024-GAL-549-4666-H29-NPC01.LAZ
532,4717,0.945280869147953,4.080312352385572,5.0255932215335255,Caldas de Reis,Santo André de Cesar (Santo André),3,PNOA-2024-GAL-532-4717-H29-NPC01.LAZ
551,4666,0.0,5.0215409713643595,5.0215409713643595,As Neves,Cerdeira (San Xoán),1,PNOA-2024-GAL-551-4666-H29-NPC01.LAZ
535,4702,0.0,5.016803080211179,5.016803080211179,Cotobade,Tenorio (San Pedro),1,PNOA-2024-GAL-535-4702-H29-NPC01.LAZ
537,4702,0.0,5.006189975199306,5.006189975199306,Cotobade,Tenorio (San Pedro),1,PNOA-2024-GAL-537-4702-H29-NPC01.LAZ
548,4698,0.0,5.002951161308118,5.002951161308118,A Lama,Covelo (San Sebastián),1,PNOA-2024-GAL-548-4698-H29-NPC01.LAZ
540,4719,0.0,4.99086121627389,4.99086121627389,A Estrada,Arca (San Miguel),1,PNOA-2024-GAL-540-4719-H29-NPC01.LAZ
582,4722,4.4706663894617895,0.5201651429961891,4.990831532457978,Lalín,Castro de Cabras (San Pedro),1,PNOA-2024-GAL-582-4722-H29-NPC01.LAZ
565,4674,1.0289469209191677,3.9562341788020703,4.985181099721238,Crecente,Filgueira (San Pedro),1,PNOA-2024-GAL-565-4674-H29-NPC01.LAZ
582,4731,0.0,4.981357511011143,4.981357511011143,Agolada,Ventosa (San Xulián),1,PNOA-2024-GAL-582-4731-H29-NPC01.LAZ
547,4666,1.7829432887337968,3.1957376118275582,4.978680900561355,As Neves,Taboexa (Santa María),1,PNOA-2024-GAL-547-4666-H29-NPC01.LAZ
575,4733,3.161618281457056,1.8167259186078342,4.978344200064891,Lalín,Cadrón (Santo Estevo),2,PNOA-2024-GAL-575-4733-H29-NPC01.LAZ
535,4729,1.3280694305443235,3.63392771153119,4.961997142075513,A Estrada,Frades (Santa María),1,PNOA-2024-GAL-535-4729-H29-NPC01.LAZ
542,4688,0.0,4.956298138784646,4.956298138784646,Fornelos de Montes,Oitavén (San Vicente),3,PNOA-2024-GAL-542-4688-H29-NPC01.LAZ
562,4673,0.0,4.9547547648842745,4.9547547648842745,A Cañiza,Oroso (Santa María),1,PNOA-2024-GAL-562-4673-H29-NPC01.LAZ
550,4700,0.0,4.942767178242957,4.942767178242957,A Lama,Covelo (San Sebastián),2,PNOA-2024-GAL-550-4700-H29-NPC01.LAZ
528,4699,0.0,4.930772481531056,4.930772481531056,Poio,Poio (San Salvador),1,PNOA-2024-GAL-528-4699-H29-NPC01.LAZ
528,4684,0.0,4.92728864054005,4.92728864054005,Vilaboa,Cobres (Santo Adrán),1,PNOA-2024-GAL-528-4684-H29-NPC01.LAZ
548,4694,0.8713100837938756,4.050151554077708,4.921461637871584,A Lama,Xende (San Paulo),1,PNOA-2024-GAL-548-4694-H29-NPC01.LAZ
543,4719,1.615296274831765,3.298129115144178,4.913425389975943,A Estrada,Souto (Santo André),1,PNOA-2024-GAL-543-4719-H29-NPC01.LAZ
579,4738,0.0,4.91262278180775,4.91262278180775,Agolada,Borraxeiros (San Cristovo),1,PNOA-2024-GAL-579-4738-H29-NPC01.LAZ
543,4691,0.0,4.891302649573786,4.891302649573786,Ponte Caldelas,Anceu (Santo André),1,PNOA-2024-GAL-543-4691-H29-NPC01.LAZ
522,4687,0.0,4.884195439812906,4.884195439812906,Marín,Ardán (Santa María),1,PNOA-2024-GAL-522-4687-H29-NPC01.LAZ
553,4666,1.8820469948812524,3.0011005193570264,4.883147514238279,Arbo,Cabeiras (San Sebastián),2,PNOA-2024-GAL-553-4666-H29-NPC01.LAZ
575,4741,0.0,4.8716084591225135,4.8716084591225135,Agolada,Val de Sangorza (Santa María),1,PNOA-2024-GAL-575-4741-H29-NPC01.LAZ
556,4684,3.406671448624104,1.4610066951396508,4.867678143763754,Covelo,Campo (Santa María),1,PNOA-2024-GAL-556-4684-H29-NPC01.LAZ
525,4685,0.0,4.866703394659841,4.866703394659841,Moaña,Domaio (San Pedro),1,PNOA-2024-GAL-525-4685-H29-NPC01.LAZ
551,4713,0.0,4.856699168241604,4.856699168241604,Forcarei,Castrelo (Santa Mariña),2,PNOA-2024-GAL-551-4713-H29-NPC01.LAZ
536,4689,0.00863580647407535,4.844013896559652,4.852649703033727,Soutomaior,Soutomaior (San Salvador),1,PNOA-2024-GAL-536-4689-H29-NPC01.LAZ
565,4729,0.5722450079800009,4.272497493256568,4.844742501236569,Lalín,Noceda (Santa María),1,PNOA-2024-GAL-565-4729-H29-NPC01.LAZ
526,4662,0.0,4.84020777375771,4.84020777375771,O Porriño,Chenlo (San Xoán),2,PNOA-2024-GAL-526-4662-H29-NPC01.LAZ
525,4729,0.6410872181371388,4.190186564085931,4.83127378222307,Valga,Cordeiro (Santa Comba),1,PNOA-2024-GAL-525-4729-H29-NPC01.LAZ
535,4693,2.327783226185711,2.498983452467707,4.826766678653418,Ponte Caldelas,Xustáns (San Martiño),1,PNOA-2024-GAL-535-4693-H29-NPC01.LAZ
541,4706,0.0,4.817904507712155,4.817904507712155,Cotobade,Sacos (Santa María),1,PNOA-2024-GAL-541-4706-H29-NPC01.LAZ
545,4720,2.419646506771656,2.3916180576083077,4.811264564379964,A Estrada,Codeseda (San Xurxo),1,PNOA-2024-GAL-545-4720-H29-NPC01.LAZ
572,4744,0.0,4.793168003369925,4.793168003369925,Agolada,Brocos (San Miguel),2,PNOA-2024-GAL-572-4744-H29-NPC01.LAZ
532,4727,2.677082077456312,2.112084263255932,4.789166340712244,Valga,Valga (San Miguel),1,PNOA-2024-GAL-532-4727-H29-NPC01.LAZ
518,4653,0.0,4.781990001372152,4.781990001372152,Tomiño,Barrantes (San Vicente),1,PNOA-2024-GAL-518-4653-H29-NPC01.LAZ
552,4672,0.1214438795883833,4.660484198040042,4.781928077628426,Covelo,Prado de Canda (Santiago),1,PNOA-2024-GAL-552-4672-H29-NPC01.LAZ
537,4709,4.61722097876789,0.1617258608556692,4.7789468396235595,Campo Lameiro,O Campo (San Miguel),2,PNOA-2024-GAL-537-4709-H29-NPC01.LAZ
555,4723,0.0,4.76913037686186,4.76913037686186,Forcarei,Aciveiro (Santa María),2,PNOA-2024-GAL-555-4723-H29-NPC01.LAZ
564,4721,0.7300617865567531,4.000761394851815,4.730823181408568,Silleda,Laro (San Salvador),1,PNOA-2024-GAL-564-4721-H29-NPC01.LAZ
554,4708,0.0,4.728492207120151,4.728492207120151,Forcarei,San Miguel de Presqueiras (San Miguel),2,PNOA-2024-GAL-554-4708-H29-NPC01.LAZ
553,4714,0.0,4.727493975013174,4.727493975013174,Forcarei,Forcarei (San Martiño),1,PNOA-2024-GAL-553-4714-H29-NPC01.LAZ
556,4735,0.2544186804912615,4.471663039747186,4.726081720238448,Silleda,Abades (Santa María),1,PNOA-2024-GAL-556-4735-H29-NPC01.LAZ
522,4652,0.0,4.722828264033108,4.722828264033108,Tomiño,San Salvador de Tebra (San Salvador),2,PNOA-2024-GAL-522-4652-H29-NPC01.LAZ
573,4735,0.8089729300929169,3.9102772946926136,4.71925022478553,Lalín,Cercio (Santiago),2,PNOA-2024-GAL-573-4735-H29-NPC01.LAZ
538,4734,0.28317696171896267,4.426654221050015,4.709831182768977,A Estrada,Cora (San Miguel),1,PNOA-2024-GAL-538-4734-H29-NPC01.LAZ
578,4733,1.6843271180790804,3.02237053288386,4.706697650962941,Lalín,Cadrón (Santo Estevo),1,PNOA-2024-GAL-578-4733-H29-NPC01.LAZ
557,4736,2.152480539291265,2.5535164967399724,4.7059970360312375,Silleda,Abades (Santa María),1,PNOA-2024-GAL-557-4736-H29-NPC01.LAZ
527,4692,0.0,4.700583669500023,4.700583669500023,Vilaboa,Vilaboa (San Martiño),1,PNOA-2024-GAL-527-4692-H29-NPC01.LAZ
547,4719,0.753836866275632,3.9351675502182903,4.689004416493923,A Estrada,Codeseda (San Xurxo),1,PNOA-2024-GAL-547-4719-H29-NPC01.LAZ
536,4656,4.686100403268451,0.0,4.686100403268451,Tui,Caldelas de Tui (San Martiño),2,PNOA-2024-GAL-536-4656-H29-NPC01.LAZ
537,4696,2.884724803349432,1.7865451830184211,4.671269986367854,Ponte Caldelas,Tourón (Santa María),1,PNOA-2024-GAL-537-4696-H29-NPC01.LAZ
556,4724,0.7591029401753675,3.910238542044436,4.669341482219804,Silleda,Graba (Santa María),1,PNOA-2024-GAL-556-4724-H29-NPC01.LAZ
518,4717,4.366405646124307,0.2916876107989568,4.658093256923264,Vilagarcía de Arousa,Vilagarcía (Santa Baia),1,PNOA-2024-GAL-518-4717-H29-NPC01.LAZ
539,4692,1.2905579230591329,3.3671709505710146,4.657728873630147,Ponte Caldelas,A Insua (Santa Mariña),2,PNOA-2024-GAL-539-4692-H29-NPC01.LAZ
541,4729,1.7639817861507414,2.892079719324145,4.656061505474886,A Estrada,Toedo (San Pedro),2,PNOA-2024-GAL-541-4729-H29-NPC01.LAZ
523,4649,0.0,4.646435837176163,4.646435837176163,Tomiño,Forcadela (San Pedro),3,PNOA-2024-GAL-523-4649-H29-NPC01.LAZ
544,4711,0.0,4.634932172264403,4.634932172264403,Cerdedo,Quireza (San Tomé),1,PNOA-2024-GAL-544-4711-H29-NPC01.LAZ
580,4742,0.0,4.631754443000856,4.631754443000856,Agolada,Berredo (Santa María),2,PNOA-2024-GAL-580-4742-H29-NPC01.LAZ
564,4675,4.332435019051975,0.2951871576742611,4.627622176726237,Crecente,A Ameixeira (San Bernabeu),1,PNOA-2024-GAL-564-4675-H29-NPC01.LAZ
526,4697,0.0,4.620104726183618,4.620104726183618,Poio,Poio (San Salvador),1,PNOA-2024-GAL-526-4697-H29-NPC01.LAZ
548,4702,0.0,4.6155282436139276,4.6155282436139276,Cotobade,Caroi (Santiago),2,PNOA-2024-GAL-548-4702-H29-NPC01.LAZ
567,4725,1.720197923835807,2.8939821279291538,4.6141800517649605,Lalín,Cristimil (San Xurxo),2,PNOA-2024-GAL-567-4725-H29-NPC01.LAZ
522,4707,0.0,4.614031053252888,4.614031053252888,Meis,Nogueira (San Vicente),1,PNOA-2024-GAL-522-4707-H29-NPC01.LAZ
554,4725,3.1109105827522283,1.5028523914994936,4.613762974251722,Silleda,Xestoso (Santa María),2,PNOA-2024-GAL-554-4725-H29-NPC01.LAZ
578,4732,1.3325683592814195,3.277358027669006,4.609926386950425,Lalín,Cadrón (Santo Estevo),2,PNOA-2024-GAL-578-4732-H29-NPC01.LAZ
580,4733,0.0,4.606015303134427,4.606015303134427,Agolada,Ferreiroa (San Pedro),1,PNOA-2024-GAL-580-4733-H29-NPC01.LAZ
576,4725,2.2717619858404268,2.3324465011127455,4.604208486953173,Lalín,Maceira (San Martiño),1,PNOA-2024-GAL-576-4725-H29-NPC01.LAZ
508,4661,0.0,4.603534950911593,4.603534950911593,Oia,Mougás (Santa Uxía),1,PNOA-2024-GAL-508-4661-H29-NPC01.LAZ
549,4697,1.6134240787193268,2.9844256840485817,4.5978497627679085,A Lama,Antas (Santiago),2,PNOA-2024-GAL-549-4697-H29-NPC01.LAZ
559,4686,0.0,4.596915542722659,4.596915542722659,Covelo,Prado (San Salvador),1,PNOA-2024-GAL-559-4686-H29-NPC01.LAZ
531,4711,0.0,4.57669086345669,4.57669086345669,Barro,Barro (San Breixo),1,PNOA-2024-GAL-531-4711-H29-NPC01.LAZ
526,4710,0.6898037409201998,3.8846513823058744,4.574455123226074,Portas,Romai (San Xián),1,PNOA-2024-GAL-526-4710-H29-NPC01.LAZ
575,4724,4.574028743993225,0.0,4.574028743993225,Lalín,Catasós (Santiago),1,PNOA-2024-GAL-575-4724-H29-NPC01.LAZ
520,4667,0.0,4.555041270582555,4.555041270582555,Nigrán,Chandebrito (San Xosé),1,PNOA-2024-GAL-520-4667-H29-NPC01.LAZ
555,4731,0.007450158332013274,4.5451337949324015,4.552583953264415,Silleda,Lamela (San Miguel),4,PNOA-2024-GAL-555-4731-H29-NPC01.LAZ
513,4654,0.0,4.54886694603731,4.54886694603731,Oia,Burgueira (San Pedro),1,PNOA-2024-GAL-513-4654-H29-NPC01.LAZ
525,4698,0.0,4.5444665853477115,4.5444665853477115,Poio,Poio (San Xoán),2,PNOA-2024-GAL-525-4698-H29-NPC01.LAZ
516,4643,0.0,4.543451518161711,4.543451518161711,O Rosal,Tabagón (San Xoán),2,PNOA-2024-GAL-516-4643-H29-NPC01.LAZ
546,4696,0.0,4.533887172587123,4.533887172587123,A Lama,Antas (Santiago),2,PNOA-2024-GAL-546-4696-H29-NPC01.LAZ
552,4666,0.0,4.530232909416497,4.530232909416497,As Neves,Cerdeira (San Xoán),1,PNOA-2024-GAL-552-4666-H29-NPC01.LAZ
558,4711,0.0,4.52380210917108,4.52380210917108,Forcarei,A Madanela de Montes (Santa María Madanela),2,PNOA-2024-GAL-558-4711-H29-NPC01.LAZ
552,4673,0.5618515377041041,3.9593198629390685,4.521171400643173,Covelo,Prado de Canda (Santiago),2,PNOA-2024-GAL-552-4673-H29-NPC01.LAZ
526,4666,0.0,4.506907197887875,4.506907197887875,Mos,Cela (San Pedro),1,PNOA-2024-GAL-526-4666-H29-NPC01.LAZ
515,4641,0.0,4.49867246536262,4.49867246536262,O Rosal,San Miguel de Tabagón (San Miguel),1,PNOA-2024-GAL-515-4641-H29-NPC01.LAZ
540,4725,2.3698340385831953,2.1252232316607267,4.495057270243922,A Estrada,Ouzande (San Lourenzo),2,PNOA-2024-GAL-540-4725-H29-NPC01.LAZ
574,4728,4.481727010993252,0.0,4.481727010993252,Lalín,O Cello (San Martiño),3,PNOA-2024-GAL-574-4728-H29-NPC01.LAZ
556,4664,1.257228106526722,3.205934489120224,4.463162595646946,Arbo,Arbo (Santa María),2,PNOA-2024-GAL-556-4664-H29-NPC01.LAZ
563,4729,0.0,4.459716490896883,4.459716490896883,Silleda,Ponte (San Miguel),3,PNOA-2024-GAL-563-4729-H29-NPC01.LAZ
567,4723,0.020697880114183036,4.436518160437907,4.4572160405520895,Lalín,Gresande (Santiago),1,PNOA-2024-GAL-567-4723-H29-NPC01.LAZ
557,4676,1.1283574639894856,3.3255367629844117,4.4538942269738975,A Cañiza,As Achas (San Sebastián),1,PNOA-2024-GAL-557-4676-H29-NPC01.LAZ
568,4722,0.34508765587635565,4.1013795779501425,4.446467233826498,Lalín,Botos (San Xoán),1,PNOA-2024-GAL-568-4722-H29-NPC01.LAZ
547,4714,0.0,4.431732774992512,4.431732774992512,Cerdedo,Quireza (San Tomé),2,PNOA-2024-GAL-547-4714-H29-NPC01.LAZ
545,4700,0.0,4.415444743896245,4.415444743896245,Cotobade,Valongo (Santo André),1,PNOA-2024-GAL-545-4700-H29-NPC01.LAZ
509,4646,0.0,4.405442463265658,4.405442463265658,O Rosal,O Rosal (Santa Mariña),2,PNOA-2024-GAL-509-4646-H29-NPC01.LAZ
551,4721,0.0,4.38803822529998,4.38803822529998,Forcarei,Quintillán (San Pedro),1,PNOA-2024-GAL-551-4721-H29-NPC01.LAZ
527,4662,0.0,4.372814655351955,4.372814655351955,Tui,Ribadelouro (Santa Comba),1,PNOA-2024-GAL-527-4662-H29-NPC01.LAZ
553,4729,0.20641369229266426,4.159345407503155,4.365759099795819,Silleda,Moalde (San Mamede),1,PNOA-2024-GAL-553-4729-H29-NPC01.LAZ
521,4692,0.0,4.352227510363199,4.352227510363199,Marín,Seixo (Nosa Señora do Carme),1,PNOA-2024-GAL-521-4692-H29-NPC01.LAZ
536,4665,0.0,4.346788560542938,4.346788560542938,Salceda de Caselas,A Picoña (San Martiño),1,PNOA-2024-GAL-536-4665-H29-NPC01.LAZ
578,4722,3.6262594218759134,0.7183987191902083,4.344658141066121,Lalín,Albarellos (Santa María),2,PNOA-2024-GAL-578-4722-H29-NPC01.LAZ
540,4700,0.0,4.34252174017066,4.34252174017066,Cotobade,Borela (San Martiño),2,PNOA-2024-GAL-540-4700-H29-NPC01.LAZ
557,4720,0.0,4.31330401677592,4.31330401677592,Forcarei,Aciveiro (Santa María),1,PNOA-2024-GAL-557-4720-H29-NPC01.LAZ
538,4705,0.0,4.306620426965215,4.306620426965215,Cotobade,Viascón (Santiago),1,PNOA-2024-GAL-538-4705-H29-NPC01.LAZ
565,4671,0.09113161793589238,4.214869228327421,4.306000846263314,Crecente,Rebordechán (Santa María),1,PNOA-2024-GAL-565-4671-H29-NPC01.LAZ
565,4725,0.0,4.300655800703935,4.300655800703935,Lalín,Cristimil (San Xurxo),1,PNOA-2024-GAL-565-4725-H29-NPC01.LAZ
528,4660,1.897465257492843,2.402403090963462,4.299868348456306,Tui,Ribadelouro (Santa Comba),2,PNOA-2024-GAL-528-4660-H29-NPC01.LAZ
549,4714,0.0,4.292381262003499,4.292381262003499,Cerdedo,Tomonde (Santa María),1,PNOA-2024-GAL-549-4714-H29-NPC01.LAZ
523,4650,0.0,4.282803061268294,4.282803061268294,Tomiño,Taborda (San Miguel),2,PNOA-2024-GAL-523-4650-H29-NPC01.LAZ
575,4723,4.232028903354388,0.04787592340057217,4.279904826754961,Lalín,Catasós (Santiago),1,PNOA-2024-GAL-575-4723-H29-NPC01.LAZ
515,4669,0.0,4.277996506924983,4.277996506924983,Nigrán,Priegue (San Mamede),1,PNOA-2024-GAL-515-4669-H29-NPC01.LAZ
578,4739,0.0,4.277066274135664,4.277066274135664,Agolada,San Paio de Bais (San Paio),1,PNOA-2024-GAL-578-4739-H29-NPC01.LAZ
516,4661,0.0,4.266564904912129,4.266564904912129,Gondomar,Borreiros (San Martiño),2,PNOA-2024-GAL-516-4661-H29-NPC01.LAZ
536,4712,1.3113308609858596,2.942530801989604,4.2538616629754635,Campo Lameiro,O Campo (San Miguel),1,PNOA-2024-GAL-536-4712-H29-NPC01.LAZ
533,4714,0.0,4.238026781951702,4.238026781951702,Moraña,Saiáns (San Salvador),3,PNOA-2024-GAL-533-4714-H29-NPC01.LAZ
533,4672,0.0,4.219624794304355,4.219624794304355,Mos,Mos (Santa Eulalia),1,PNOA-2024-GAL-533-4672-H29-NPC01.LAZ
583,4733,0.0,4.201180527045416,4.201180527045416,Agolada,Ventosa (San Xulián),1,PNOA-2024-GAL-583-4733-H29-NPC01.LAZ
545,4706,0.0,4.199649940735641,4.199649940735641,Cotobade,Corredoira (San Gregorio),1,PNOA-2024-GAL-545-4706-H29-NPC01.LAZ
541,4703,0.0,4.198853611620011,4.198853611620011,Cotobade,Carballedo (San Miguel),2,PNOA-2024-GAL-541-4703-H29-NPC01.LAZ
512,4701,2.64106499142916,1.5549910303921903,4.1960560218213505,Sanxenxo,Vilalonga (San Pedro),1,PNOA-2024-GAL-512-4701-H29-NPC01.LAZ
537,4693,1.047292335904244,3.147832272184861,4.195124608089105,Ponte Caldelas,Taboadelo (Santiago),3,PNOA-2024-GAL-537-4693-H29-NPC01.LAZ
565,4733,0.0,4.185843766970147,4.185843766970147,Lalín,Losón (Santa Baia),1,PNOA-2024-GAL-565-4733-H29-NPC01.LAZ
522,4708,0.9794380514917183,3.201241746265876,4.180679797757595,Meis,Nogueira (San Vicente),3,PNOA-2024-GAL-522-4708-H29-NPC01.LAZ
568,4671,0.8341656828404579,3.3410987147967726,4.17526439763723,Crecente,Angudes (San Xoán),1,PNOA-2024-GAL-568-4671-H29-NPC01.LAZ
514,4650,0.0,4.159567672114233,4.159567672114233,Oia,Loureza (San Mamede),1,PNOA-2024-GAL-514-4650-H29-NPC01.LAZ
574,4718,2.857778598811087,1.300318740090244,4.158097338901332,Lalín,Catasós (Santiago),1,PNOA-2024-GAL-574-4718-H29-NPC01.LAZ
530,4689,0.0,4.156379279715895,4.156379279715895,Vilaboa,Vilaboa (San Martiño),1,PNOA-2024-GAL-530-4689-H29-NPC01.LAZ
534,4680,0.0,4.156035786285262,4.156035786285262,Pazos de Borbén,Nespereira (San Martiño),1,PNOA-2024-GAL-534-4680-H29-NPC01.LAZ
538,4725,2.3833155923761162,1.7669910721338518,4.1503066645099675,Cuntis,Arcos (San Breixo),1,PNOA-2024-GAL-538-4725-H29-NPC01.LAZ
555,4715,0.0,4.1436239084763855,4.1436239084763855,Forcarei,Forcarei (San Martiño),1,PNOA-2024-GAL-555-4715-H29-NPC01.LAZ
576,4728,1.4706512994811711,2.6718964547478006,4.142547754228971,Lalín,A Veiga (San Ramón),1,PNOA-2024-GAL-576-4728-H29-NPC01.LAZ
557,4679,0.0,4.138299533933492,4.138299533933492,A Cañiza,Petán (San Xián),1,PNOA-2024-GAL-557-4679-H29-NPC01.LAZ
555,4735,2.045392742751128,2.0887124629759275,4.134105205727055,Silleda,Piñeiro (San Xiao),2,PNOA-2024-GAL-555-4735-H29-NPC01.LAZ
559,4709,0.0,4.132147851768544,4.132147851768544,Forcarei,A Madanela de Montes (Santa María Madanela),1,PNOA-2024-GAL-559-4709-H29-NPC01.LAZ
545,4692,1.456369628325805,2.669983754884723,4.126353383210528,Ponte Caldelas,Forzáns (San Fiz),1,PNOA-2024-GAL-545-4692-H29-NPC01.LAZ
520,4669,0.0,4.1123062048587045,4.1123062048587045,Nigrán,Chandebrito (San Xosé),1,PNOA-2024-GAL-520-4669-H29-NPC01.LAZ
554,4737,0.964279612118493,3.1434454331124306,4.107725045230923,Silleda,Cira (Santa Baia),1,PNOA-2024-GAL-554-4737-H29-NPC01.LAZ
555,4727,2.9092223722619655,1.196957075136431,4.106179447398397,Silleda,Escuadro (San Salvador),1,PNOA-2024-GAL-555-4727-H29-NPC01.LAZ
548,4667,0.0,4.101484954463175,4.101484954463175,As Neves,San Pedro de Batalláns (San Pedro),1,PNOA-2024-GAL-548-4667-H29-NPC01.LAZ
530,4657,0.0,4.0997471837863095,4.0997471837863095,Tui,Rebordáns (San Bartolomeu),2,PNOA-2024-GAL-530-4657-H29-NPC01.LAZ
544,4719,0.0,4.099626769524662,4.099626769524662,A Estrada,Codeseda (San Xurxo),2,PNOA-2024-GAL-544-4719-H29-NPC01.LAZ
525,4712,0.17278820830908903,3.9172914280844155,4.090079636393504,Portas,Romai (San Xián),2,PNOA-2024-GAL-525-4712-H29-NPC01.LAZ
531,4662,0.00011660849928760615,4.086342582679201,4.086459191178489,O Porriño,San Salvador de Budiño (San Salvador),1,PNOA-2024-GAL-531-4662-H29-NPC01.LAZ
550,4723,0.0,4.082983044173453,4.082983044173453,Forcarei,Meavía (San Xoán),1,PNOA-2024-GAL-550-4723-H29-NPC01.LAZ
551,4723,0.0,4.075864438223936,4.075864438223936,Forcarei,Meavía (San Xoán),1,PNOA-2024-GAL-551-4723-H29-NPC01.LAZ
512,4679,4.075181991776566,0.0,4.075181991776566,Cangas,O Hío (Santo André),1,PNOA-2024-GAL-512-4679-H29-NPC01.LAZ
535,4656,2.361256910097864,1.7134240507233693,4.074680960821233,Tui,Caldelas de Tui (San Martiño),1,PNOA-2024-GAL-535-4656-H29-NPC01.LAZ
571,4732,2.2460895896302926,1.8016433913637588,4.047732980994051,Lalín,Palmou (San Xoán),1,PNOA-2024-GAL-571-4732-H29-NPC01.LAZ
521,4724,0.0,4.043271283211665,4.043271283211665,Catoira,Abalo (San Mamede),2,PNOA-2024-GAL-521-4724-H29-NPC01.LAZ
537,4715,2.0383308691055184,1.9677900818450769,4.006120950950596,Campo Lameiro,O Couso (San Cristovo),1,PNOA-2024-GAL-537-4715-H29-NPC01.LAZ
529,4655,0.0,4.003549906536194,4.003549906536194,Tui,Tui (O Sagrario),2,PNOA-2024-GAL-529-4655-H29-NPC01.LAZ
531,4724,0.6410776234405309,3.3541829069446,3.995260530385131,Caldas de Reis,San Clemente de Cesar (San Clemente),2,PNOA-2024-GAL-531-4724-H29-NPC01.LAZ
509,4641,3.9951422223171003,0.0,3.9951422223171003,A Guarda,Salcidos (San Lourenzo),1,PNOA-2024-GAL-509-4641-H29-NPC01.LAZ
553,4681,3.9932138743217966,0.0,3.9932138743217966,Covelo,Maceira (San Salvador),2,PNOA-2024-GAL-553-4681-H29-NPC01.LAZ
564,4722,2.178205854990819,1.8136308329008095,3.9918366878916287,Silleda,Oleiros (San Miguel),1,PNOA-2024-GAL-564-4722-H29-NPC01.LAZ
565,4669,0.030280422992211502,3.9581293852330477,3.988409808225259,Crecente,Crecente (San Pedro),2,PNOA-2024-GAL-565-4669-H29-NPC01.LAZ
564,4715,0.0,3.987947981072118,3.987947981072118,Lalín,Vilatuxe (San Lourenzo),2,PNOA-2024-GAL-564-4715-H29-NPC01.LAZ
509,4644,1.2378979068513714,2.7455745712130475,3.983472478064419,O Rosal,O Rosal (Santa Mariña),2,PNOA-2024-GAL-509-4644-H29-NPC01.LAZ
561,4716,2.5681147410786203,1.4153474583086294,3.9834621993872497,Lalín,Vilatuxe (San Lourenzo),1,PNOA-2024-GAL-561-4716-H29-NPC01.LAZ
510,4655,0.0,3.9831893752739482,3.9831893752739482,Oia,Viladesuso (San Miguel),2,PNOA-2024-GAL-510-4655-H29-NPC01.LAZ
539,4715,1.427957066802645,2.5271267954968772,3.955083862299522,Campo Lameiro,O Couso (San Cristovo),1,PNOA-2024-GAL-539-4715-H29-NPC01.LAZ
580,4722,3.9542713388230233,0.0,3.9542713388230233,Lalín,Castro de Cabras (San Pedro),1,PNOA-2024-GAL-580-4722-H29-NPC01.LAZ
526,4692,0.0,3.9365398679425185,3.9365398679425185,Marín,Marín (San Xián),1,PNOA-2024-GAL-526-4692-H29-NPC01.LAZ
536,4668,1.683337976335894,2.2403531397330854,3.923691116068979,Ponteareas,Guláns (San Xulián),1,PNOA-2024-GAL-536-4668-H29-NPC01.LAZ
547,4667,0.6856087444447597,3.2375593332241834,3.9231680776689433,As Neves,Taboexa (Santa María),3,PNOA-2024-GAL-547-4667-H29-NPC01.LAZ
557,4662,0.14801942000658813,3.7698832693999247,3.917902689406513,Arbo,Arbo (Santa María),1,PNOA-2024-GAL-557-4662-H29-NPC01.LAZ
553,4694,0.0,3.9172562539025657,3.9172562539025657,A Lama,Xesta (San Bartolomeu),1,PNOA-2024-GAL-553-4694-H29-NPC01.LAZ
512,4651,0.0,3.9167869599474097,3.9167869599474097,Oia,Burgueira (San Pedro),1,PNOA-2024-GAL-512-4651-H29-NPC01.LAZ
562,4677,1.9295721903158762,1.9768714339585263,3.9064436242744023,A Cañiza,Oroso (Santa María),1,PNOA-2024-GAL-562-4677-H29-NPC01.LAZ
557,4681,1.3158785868685174,2.586398001269564,3.9022765881380814,Covelo,Godóns (Santa María),1,PNOA-2024-GAL-557-4681-H29-NPC01.LAZ
583,4734,0.0,3.8959845284233476,3.8959845284233476,Agolada,Ventosa (San Xulián),2,PNOA-2024-GAL-583-4734-H29-NPC01.LAZ
557,4684,0.0,3.8956646015352026,3.8956646015352026,Covelo,Prado (San Salvador),1,PNOA-2024-GAL-557-4684-H29-NPC01.LAZ
552,4709,0.0,3.8920976280316473,3.8920976280316473,Cerdedo,Cerdedo (San Xoán),1,PNOA-2024-GAL-552-4709-H29-NPC01.LAZ
514,4668,0.0,3.891473999386421,3.891473999386421,Nigrán,Panxón (San Xoán),2,PNOA-2024-GAL-514-4668-H29-NPC01.LAZ
532,4689,0.009944424956990975,3.8747306072888126,3.8846750322458035,Soutomaior,Arcade (Santiago),1,PNOA-2024-GAL-532-4689-H29-NPC01.LAZ
553,4732,1.5083294715013653,2.375334785694682,3.883664257196047,A Estrada,Orazo (San Pedro),2,PNOA-2024-GAL-553-4732-H29-NPC01.LAZ
520,4645,0.0,3.8822007223130104,3.8822007223130104,Tomiño,Goián (San Cristovo),1,PNOA-2024-GAL-520-4645-H29-NPC01.LAZ
546,4674,0.17727541213046988,3.7046394495215567,3.8819148616520267,Mondariz,Queimadelos (Santa María),1,PNOA-2024-GAL-546-4674-H29-NPC01.LAZ
575,4739,0.0,3.878861507018526,3.878861507018526,Agolada,Brántega (San Lourenzo),1,PNOA-2024-GAL-575-4739-H29-NPC01.LAZ
554,4729,3.5556971816619365,0.3223865604273442,3.878083742089281,Silleda,Moalde (San Mamede),1,PNOA-2024-GAL-554-4729-H29-NPC01.LAZ
525,4688,0.0,3.875544424340932,3.875544424340932,Vilaboa,Cobres (Santo Adrán),1,PNOA-2024-GAL-525-4688-H29-NPC01.LAZ
564,4672,2.648898014791236,1.2250432078920395,3.8739412226832757,Crecente,A Ameixeira (San Bernabeu),1,PNOA-2024-GAL-564-4672-H29-NPC01.LAZ
529,4656,0.0,3.872267062120187,3.872267062120187,Tui,Tui (O Sagrario),4,PNOA-2024-GAL-529-4656-H29-NPC01.LAZ
563,4724,1.9669155149696818,1.903541721678717,3.8704572366483987,Silleda,Cortegada (Santa María),1,PNOA-2024-GAL-563-4724-H29-NPC01.LAZ
567,4734,0.0,3.8651798633215546,3.8651798633215546,Lalín,Losón (Santa Baia),1,PNOA-2024-GAL-567-4734-H29-NPC01.LAZ
544,4695,3.8633916238740684,0.0,3.8633916238740684,A Lama,A Lama (San Salvador),1,PNOA-2024-GAL-544-4695-H29-NPC01.LAZ
520,4690,0.0,3.858676397957963,3.858676397957963,Marín,Ardán (Santa María),1,PNOA-2024-GAL-520-4690-H29-NPC01.LAZ
523,4656,0.33835591847312557,3.5065266268278217,3.844882545300947,Tui,Malvas (Santiago),2,PNOA-2024-GAL-523-4656-H29-NPC01.LAZ
514,4664,0.0,3.8387049769666874,3.8387049769666874,Nigrán,A Ramallosa (San Pedro),1,PNOA-2024-GAL-514-4664-H29-NPC01.LAZ
565,4670,3.8320405844524528,0.0,3.8320405844524528,Crecente,O Freixo (San Roque),1,PNOA-2024-GAL-565-4670-H29-NPC01.LAZ
530,4656,0.0,3.8271867406963445,3.8271867406963445,Tui,Rebordáns (San Bartolomeu),1,PNOA-2024-GAL-530-4656-H29-NPC01.LAZ
555,4687,0.8134592110923659,3.0133440830396703,3.826803294132036,Covelo,A Graña (San Bernabeu),1,PNOA-2024-GAL-555-4687-H29-NPC01.LAZ
552,4703,0.0,3.8217277549225703,3.8217277549225703,A Lama,A Barcia do Seixo (Santa Ana),1,PNOA-2024-GAL-552-4703-H29-NPC01.LAZ
530,4714,0.7483979586284635,3.06642267671793,3.8148206353463934,Caldas de Reis,Arcos da Condesa (Santa Mariña),1,PNOA-2024-GAL-530-4714-H29-NPC01.LAZ
553,4672,0.0,3.8097357788674864,3.8097357788674864,Covelo,Prado de Canda (Santiago),1,PNOA-2024-GAL-553-4672-H29-NPC01.LAZ
541,4717,1.8217043157651216,1.98673255100171,3.8084368667668316,A Estrada,Souto (Santo André),1,PNOA-2024-GAL-541-4717-H29-NPC01.LAZ
553,4705,0.0,3.805551026738036,3.805551026738036,Forcarei,Santa Mariña de Presqueiras (Santa Mariña),1,PNOA-2024-GAL-553-4705-H29-NPC01.LAZ
579,4737,0.0,3.7941290179042486,3.7941290179042486,Agolada,Ferreiroa (San Pedro),2,PNOA-2024-GAL-579-4737-H29-NPC01.LAZ
518,4648,0.0,3.7882536450475714,3.7882536450475714,Tomiño,Estás (Santiago),1,PNOA-2024-GAL-518-4648-H29-NPC01.LAZ
539,4725,1.3955968482933965,2.381996816842217,3.7775936651356137,Cuntis,Arcos (San Breixo),1,PNOA-2024-GAL-539-4725-H29-NPC01.LAZ
540,4680,1.835855451508514,1.941163444139222,3.777018895647736,Mondariz,Toutón (San Mateo),1,PNOA-2024-GAL-540-4680-H29-NPC01.LAZ
546,4694,0.0,3.776426552434108,3.776426552434108,A Lama,A Lama (San Salvador),1,PNOA-2024-GAL-546-4694-H29-NPC01.LAZ
552,4665,0.0,3.7730551991233265,3.7730551991233265,As Neves,Cerdeira (San Xoán),1,PNOA-2024-GAL-552-4665-H29-NPC01.LAZ
514,4646,0.0,3.771781618394436,3.771781618394436,O Rosal,O Rosal (Santa Mariña),2,PNOA-2024-GAL-514-4646-H29-NPC01.LAZ
551,4735,3.443260241004222,0.3086715186741873,3.751931759678409,A Estrada,Loimil (Santa María),3,PNOA-2024-GAL-551-4735-H29-NPC01.LAZ
565,4672,0.03154430538512069,3.719165548138241,3.7507098535233614,Crecente,Rebordechán (Santa María),1,PNOA-2024-GAL-565-4672-H29-NPC01.LAZ
535,4666,1.5390230362870239,2.208493570179021,3.747516606466045,Salceda de Caselas,A Picoña (San Martiño),1,PNOA-2024-GAL-535-4666-H29-NPC01.LAZ
532,4730,0.8501989361686947,2.893810010455201,3.7440089466238957,A Estrada,Barcala (Santa Mariña),1,PNOA-2024-GAL-532-4730-H29-NPC01.LAZ
542,4709,0.0,3.7429326795139324,3.7429326795139324,Campo Lameiro,Montes (San Isidro),1,PNOA-2024-GAL-542-4709-H29-NPC01.LAZ
509,4638,1.3966094406017744,2.3436891527548966,3.740298593356671,A Guarda,A Guarda (Santa María),1,PNOA-2024-GAL-509-4638-H29-NPC01.LAZ
582,4724,3.1168977685432506,0.6172699468360308,3.7341677153792814,Lalín,Castro de Cabras (San Pedro),1,PNOA-2024-GAL-582-4724-H29-NPC01.LAZ
536,4702,0.0,3.73345548133765,3.73345548133765,Cotobade,Tenorio (San Pedro),1,PNOA-2024-GAL-536-4702-H29-NPC01.LAZ
577,4742,0.0,3.729385597957304,3.729385597957304,Agolada,A Baíña (San Pedro),1,PNOA-2024-GAL-577-4742-H29-NPC01.LAZ
541,4695,2.5794379139848402,1.139094637416986,3.718532551401826,Ponte Caldelas,Ponte Caldelas (Santa Eulalia),1,PNOA-2024-GAL-541-4695-H29-NPC01.LAZ
545,4686,0.0,3.6927965228267072,3.6927965228267072,Fornelos de Montes,Ventín (San Miguel),1,PNOA-2024-GAL-545-4686-H29-NPC01.LAZ
547,4675,0.0006914181548758456,3.6889493564852684,3.6896407746401443,Mondariz,Lougares (San Fiz),3,PNOA-2024-GAL-547-4675-H29-NPC01.LAZ
551,4674,3.679598611668099,0.0,3.679598611668099,Covelo,Paraños (Santa María),1,PNOA-2024-GAL-551-4674-H29-NPC01.LAZ
550,4681,3.133345450315807,0.5285885063276465,3.6619339566434537,Covelo,O Piñeiro (San Xoán),1,PNOA-2024-GAL-550-4681-H29-NPC01.LAZ
520,4688,0.0,3.6611284624282474,3.6611284624282474,Marín,Ardán (Santa María),1,PNOA-2024-GAL-520-4688-H29-NPC01.LAZ
538,4728,0.22726739468092,3.4316166713268457,3.6588840660077655,A Estrada,San Xiao de Vea (San Xiao),2,PNOA-2024-GAL-538-4728-H29-NPC01.LAZ
581,4723,3.64386047201642,0.0,3.64386047201642,Lalín,Castro de Cabras (San Pedro),1,PNOA-2024-GAL-581-4723-H29-NPC01.LAZ
550,4665,0.0,3.6319604093873514,3.6319604093873514,As Neves,San Xosé de Ribarteme (San Xosé),1,PNOA-2024-GAL-550-4665-H29-NPC01.LAZ
513,4649,0.0,3.625462295720505,3.625462295720505,Oia,Loureza (San Mamede),1,PNOA-2024-GAL-513-4649-H29-NPC01.LAZ
546,4718,0.5533642274056472,3.050111664709073,3.6034758921147203,A Estrada,Codeseda (San Xurxo),1,PNOA-2024-GAL-546-4718-H29-NPC01.LAZ
542,4705,0.0,3.597056386851193,3.597056386851193,Cotobade,Carballedo (San Miguel),1,PNOA-2024-GAL-542-4705-H29-NPC01.LAZ
552,4737,3.5903738996221897,0.0,3.5903738996221897,Silleda,Cira (Santa Baia),2,PNOA-2024-GAL-552-4737-H29-NPC01.LAZ
545,4721,3.583712117107371,0.0,3.583712117107371,A Estrada,Codeseda (San Xurxo),1,PNOA-2024-GAL-545-4721-H29-NPC01.LAZ
551,4709,0.0,3.583689123967311,3.583689123967311,Cerdedo,Cerdedo (San Xoán),1,PNOA-2024-GAL-551-4709-H29-NPC01.LAZ
579,4729,1.1579525740089056,2.4043543609324787,3.5623069349413843,Lalín,Parada (Santa María),1,PNOA-2024-GAL-579-4729-H29-NPC01.LAZ
520,4713,1.3610660017614091,2.196183548489663,3.557249550251072,Vilagarcía de Arousa,Rubiáns (Santa María),1,PNOA-2024-GAL-520-4713-H29-NPC01.LAZ
518,4664,0.0,3.553995636619051,3.553995636619051,Gondomar,Vilaza (Santa María),2,PNOA-2024-GAL-518-4664-H29-NPC01.LAZ
526,4654,1.1220125982279243,2.4288036808586098,3.550816279086534,Tui,Pexegueiro (San Miguel),3,PNOA-2024-GAL-526-4654-H29-NPC01.LAZ
577,4734,0.0,3.550284474435414,3.550284474435414,Agolada,Vilariño (Santa María),1,PNOA-2024-GAL-577-4734-H29-NPC01.LAZ
556,4722,0.0,3.5396196423578905,3.5396196423578905,Forcarei,Aciveiro (Santa María),2,PNOA-2024-GAL-556-4722-H29-NPC01.LAZ
526,4713,1.5219637454252197,2.017624805075673,3.5395885505008926,Portas,Lantaño (San Pedro),2,PNOA-2024-GAL-526-4713-H29-NPC01.LAZ
527,4705,0.0,3.539198008289005,3.539198008289005,Barro,Curro (Santa María),1,PNOA-2024-GAL-527-4705-H29-NPC01.LAZ
543,4710,0.0,3.528258076676699,3.528258076676699,Campo Lameiro,Montes (San Isidro),1,PNOA-2024-GAL-543-4710-H29-NPC01.LAZ
542,4684,0.0,3.5270007925684075,3.5270007925684075,Pazos de Borbén,Xunqueiras (San Salvador),1,PNOA-2024-GAL-542-4684-H29-NPC01.LAZ
555,4707,0.0,3.523175280927979,3.523175280927979,Forcarei,Pardesoa (Santiago),2,PNOA-2024-GAL-555-4707-H29-NPC01.LAZ
580,4737,0.0,3.506896288586101,3.506896288586101,Agolada,Ferreiroa (San Pedro),2,PNOA-2024-GAL-580-4737-H29-NPC01.LAZ
579,4735,0.0,3.505034185133151,3.505034185133151,Agolada,Ferreiroa (San Pedro),1,PNOA-2024-GAL-579-4735-H29-NPC01.LAZ
519,4682,0.8036128959367569,2.6649635051777603,3.4685764011145173,Cangas,Coiro (San Salvador),2,PNOA-2024-GAL-519-4682-H29-NPC01.LAZ
549,4671,3.4267091586740914,0.04159993041286276,3.4683090890869543,Mondariz,Mouriscados (San Cibrán),1,PNOA-2024-GAL-549-4671-H29-NPC01.LAZ
536,4684,0.0,3.4566662667555397,3.4566662667555397,Pazos de Borbén,Amoedo (San Sadurniño),1,PNOA-2024-GAL-536-4684-H29-NPC01.LAZ
544,4694,3.453844581101917,0.0,3.453844581101917,Ponte Caldelas,Caritel (Santa María),2,PNOA-2024-GAL-544-4694-H29-NPC01.LAZ
529,4707,0.0,3.446805550709517,3.446805550709517,Barro,Portela (San Mamede),1,PNOA-2024-GAL-529-4707-H29-NPC01.LAZ
555,4660,0.0,3.444745763553729,3.444745763553729,Arbo,Barcela (San Xoán),1,PNOA-2024-GAL-555-4660-H29-NPC01.LAZ
540,4675,2.0323861873195277,1.3877537213112001,3.420139908630728,Ponteareas,Fozara (San Bartolomeu),1,PNOA-2024-GAL-540-4675-H29-NPC01.LAZ
522,4693,0.0,3.4173749720692235,3.4173749720692235,Marín,Mogor (San Xurxo),1,PNOA-2024-GAL-522-4693-H29-NPC01.LAZ
549,4673,1.2243699353547706,2.1855444929965913,3.409914428351362,Covelo,Paraños (Santa María),1,PNOA-2024-GAL-549-4673-H29-NPC01.LAZ
556,4683,0.937915788050847,2.4630596078524056,3.4009753959032527,Covelo,Campo (Santa María),2,PNOA-2024-GAL-556-4683-H29-NPC01.LAZ
551,4724,0.0,3.391173980912745,3.391173980912745,Forcarei,Meavía (San Xoán),1,PNOA-2024-GAL-551-4724-H29-NPC01.LAZ
558,4718,0.0,3.3744163428439413,3.3744163428439413,Forcarei,Aciveiro (Santa María),1,PNOA-2024-GAL-558-4718-H29-NPC01.LAZ
545,4712,0.0,3.3648647328177566,3.3648647328177566,Cerdedo,Quireza (San Tomé),1,PNOA-2024-GAL-545-4712-H29-NPC01.LAZ
527,4683,0.0,3.3593821886000232,3.3593821886000232,Moaña,Domaio (San Pedro),1,PNOA-2024-GAL-527-4683-H29-NPC01.LAZ
519,4665,0.0,3.358799919217289,3.358799919217289,Nigrán,Parada (Santiago),2,PNOA-2024-GAL-519-4665-H29-NPC01.LAZ
559,4731,3.3507542504639884,0.0,3.3507542504639884,Silleda,Negreiros (San Martiño),1,PNOA-2024-GAL-559-4731-H29-NPC01.LAZ
521,4688,0.0,3.3451435523132456,3.3451435523132456,Marín,Ardán (Santa María),1,PNOA-2024-GAL-521-4688-H29-NPC01.LAZ
540,4713,0.0,3.344390165665203,3.344390165665203,Campo Lameiro,Moimenta (Santa María),1,PNOA-2024-GAL-540-4713-H29-NPC01.LAZ
552,4720,0.0,3.3366866892954454,3.3366866892954454,Forcarei,Quintillán (San Pedro),1,PNOA-2024-GAL-552-4720-H29-NPC01.LAZ
543,4687,0.0,3.334993806368389,3.334993806368389,Fornelos de Montes,Oitavén (San Vicente),1,PNOA-2024-GAL-543-4687-H29-NPC01.LAZ
548,4681,1.1908918456463158,2.138223662051793,3.3291155076981087,Mondariz,Sabaxáns (San Mamede),2,PNOA-2024-GAL-548-4681-H29-NPC01.LAZ
520,4654,0.0,3.314760835496186,3.314760835496186,Tomiño,Tebra (Santa María),1,PNOA-2024-GAL-520-4654-H29-NPC01.LAZ
535,4700,0.0,3.303667471409621,3.303667471409621,Cotobade,Tenorio (San Pedro),1,PNOA-2024-GAL-535-4700-H29-NPC01.LAZ
522,4660,0.0,3.2792055824390545,3.2792055824390545,Gondomar,Peitieiros (San Miguel),1,PNOA-2024-GAL-522-4660-H29-NPC01.LAZ
550,4676,1.8653754758282222,1.411678436089551,3.277053911917773,Covelo,Casteláns (Santo Estevo),2,PNOA-2024-GAL-550-4676-H29-NPC01.LAZ
523,4662,0.0,3.2686508560023104,3.2686508560023104,Gondomar,Morgadáns (Santiago),1,PNOA-2024-GAL-523-4662-H29-NPC01.LAZ
544,4696,3.2586671286249507,0.0,3.2586671286249507,A Lama,A Lama (San Salvador),1,PNOA-2024-GAL-544-4696-H29-NPC01.LAZ
548,4663,0.0,3.255365356551946,3.255365356551946,As Neves,Rubiós (San Xoán),1,PNOA-2024-GAL-548-4663-H29-NPC01.LAZ
528,4698,0.0,3.254202977004679,3.254202977004679,Poio,Poio (San Salvador),1,PNOA-2024-GAL-528-4698-H29-NPC01.LAZ
533,4726,0.0,3.253708388614529,3.253708388614529,A Estrada,Frades (Santa María),1,PNOA-2024-GAL-533-4726-H29-NPC01.LAZ
575,4740,0.0,3.24831945571371,3.24831945571371,Agolada,Órrea (Santo André),2,PNOA-2024-GAL-575-4740-H29-NPC01.LAZ
567,4732,0.0,3.2439107147399007,3.2439107147399007,Lalín,Busto (San Facundo),1,PNOA-2024-GAL-567-4732-H29-NPC01.LAZ
550,4659,3.2363235745548584,0.0,3.2363235745548584,As Neves,Setados (Santa Euxenia),2,PNOA-2024-GAL-550-4659-H29-NPC01.LAZ
521,4700,0.0,3.227388590921698,3.227388590921698,Meis,A Armenteira (Santa María),1,PNOA-2024-GAL-521-4700-H29-NPC01.LAZ
564,4730,3.2257226025162806,0.0,3.2257226025162806,Silleda,Vilar (San Martiño),1,PNOA-2024-GAL-564-4730-H29-NPC01.LAZ
546,4672,2.01419630863702,1.2111871211771905,3.225383429814211,Ponteareas,Cumiar (Santo Estevo),1,PNOA-2024-GAL-546-4672-H29-NPC01.LAZ
548,4703,0.0,3.211145766427732,3.211145766427732,Cotobade,Caroi (Santiago),1,PNOA-2024-GAL-548-4703-H29-NPC01.LAZ
509,4651,0.0,3.20361512703873,3.20361512703873,Oia,Oia (Santa María),1,PNOA-2024-GAL-509-4651-H29-NPC01.LAZ
517,4643,0.0,3.2032478633250445,3.2032478633250445,O Rosal,As Eiras (San Bartolomeu),2,PNOA-2024-GAL-517-4643-H29-NPC01.LAZ
555,4686,0.0,3.202232454133877,3.202232454133877,Covelo,A Graña (San Bernabeu),1,PNOA-2024-GAL-555-4686-H29-NPC01.LAZ
583,4731,0.0,3.198932604196872,3.198932604196872,Agolada,Ventosa (San Xulián),1,PNOA-2024-GAL-583-4731-H29-NPC01.LAZ
533,4689,1.79133697962255,1.404478262720862,3.195815242343412,Soutomaior,Arcade (Santiago),2,PNOA-2024-GAL-533-4689-H29-NPC01.LAZ
517,4668,0.0,3.188499403693375,3.188499403693375,Nigrán,Priegue (San Mamede),1,PNOA-2024-GAL-517-4668-H29-NPC01.LAZ
543,4704,0.0,3.1812899474373704,3.1812899474373704,Cotobade,Carballedo (San Miguel),1,PNOA-2024-GAL-543-4704-H29-NPC01.LAZ
564,4714,0.0,3.173231956819632,3.173231956819632,Lalín,Zobra (Santa Mariña),1,PNOA-2024-GAL-564-4714-H29-NPC01.LAZ
553,4671,1.8098144171673811,1.36091598351178,3.170730400679161,A Cañiza,A Franqueira (Santa María),2,PNOA-2024-GAL-553-4671-H29-NPC01.LAZ
511,4640,0.0,3.1615916648887756,3.1615916648887756,A Guarda,Salcidos (San Lourenzo),1,PNOA-2024-GAL-511-4640-H29-NPC01.LAZ
522,4715,0.02298585638814364,3.136900183398243,3.159886039786387,Caldas de Reis,Godos (Santa María),2,PNOA-2024-GAL-522-4715-H29-NPC01.LAZ
554,4713,0.0,3.1593414323542954,3.1593414323542954,Forcarei,Forcarei (San Martiño),1,PNOA-2024-GAL-554-4713-H29-NPC01.LAZ
540,4705,0.0,3.158003149668371,3.158003149668371,Cotobade,Sacos (San Xurxo),1,PNOA-2024-GAL-540-4705-H29-NPC01.LAZ
555,4710,0.0,3.1390720814697195,3.1390720814697195,Forcarei,Ventoxo (San Nicolao),2,PNOA-2024-GAL-555-4710-H29-NPC01.LAZ
549,4712,0.0,3.1372650095219017,3.1372650095219017,Cerdedo,Figueiroa (San Martiño),1,PNOA-2024-GAL-549-4712-H29-NPC01.LAZ
556,4682,1.8545382852088668,1.2755728313349755,3.1301111165438424,Covelo,Godóns (Santa María),1,PNOA-2024-GAL-556-4682-H29-NPC01.LAZ
532,4721,0.43021977184654514,2.693507081901853,3.123726853748398,Cuntis,Estacas (San Fiz),1,PNOA-2024-GAL-532-4721-H29-NPC01.LAZ
574,4738,0.0,3.1223326388096324,3.1223326388096324,Agolada,Brántega (San Lourenzo),2,PNOA-2024-GAL-574-4738-H29-NPC01.LAZ
527,4658,0.0,3.112895106249769,3.112895106249769,Tui,Pazos de Reis (O Sagrario),2,PNOA-2024-GAL-527-4658-H29-NPC01.LAZ
543,4689,3.0917293328030553,0.0,3.0917293328030553,Ponte Caldelas,Anceu (Santo André),1,PNOA-2024-GAL-543-4689-H29-NPC01.LAZ
532,4711,0.0,3.0820157087131137,3.0820157087131137,Moraña,Rebón (San Pedro),1,PNOA-2024-GAL-532-4711-H29-NPC01.LAZ
551,4696,0.0,3.075851387378534,3.075851387378534,A Lama,Seixido (San Bartolomeu),1,PNOA-2024-GAL-551-4696-H29-NPC01.LAZ
576,4741,0.0,3.0727164542372667,3.0727164542372667,Agolada,A Baíña (San Pedro),1,PNOA-2024-GAL-576-4741-H29-NPC01.LAZ
509,4647,0.0,3.0476781747886785,3.0476781747886785,O Rosal,O Rosal (Santa Mariña),2,PNOA-2024-GAL-509-4647-H29-NPC01.LAZ
547,4710,0.0,3.045094186870892,3.045094186870892,Cerdedo,Figueiroa (San Martiño),1,PNOA-2024-GAL-547-4710-H29-NPC01.LAZ
550,4672,0.09558537953101963,2.931271463402776,3.0268568429337956,Mondariz,Mouriscados (San Cibrán),1,PNOA-2024-GAL-550-4672-H29-NPC01.LAZ
578,4728,3.012371968070333,0.0,3.012371968070333,Lalín,Parada (Santa María),2,PNOA-2024-GAL-578-4728-H29-NPC01.LAZ
525,4694,0.0,3.0104051203120834,3.0104051203120834,Marín,Marín (San Xián),1,PNOA-2024-GAL-525-4694-H29-NPC01.LAZ
550,4708,0.0,3.0088635472337786,3.0088635472337786,Cerdedo,Cerdedo (San Xoán),1,PNOA-2024-GAL-550-4708-H29-NPC01.LAZ
548,4717,0.0,3.006240105583734,3.006240105583734,A Estrada,Codeseda (San Xurxo),2,PNOA-2024-GAL-548-4717-H29-NPC01.LAZ
508,4660,0.0,2.999999525942376,2.999999525942376,Oia,Mougás (Santa Uxía),1,PNOA-2024-GAL-508-4660-H29-NPC01.LAZ
526,4680,0.4420262515173725,2.5516571209136734,2.993683372431046,Redondela,Chapela (San Fausto),1,PNOA-2024-GAL-526-4680-H29-NPC01.LAZ
514,4642,0.0,2.97883367642265,2.97883367642265,O Rosal,San Miguel de Tabagón (San Miguel),2,PNOA-2024-GAL-514-4642-H29-NPC01.LAZ
542,4690,0.0,2.9727359826202644,2.9727359826202644,Ponte Caldelas,Castro Barbudo (Santa María),1,PNOA-2024-GAL-542-4690-H29-NPC01.LAZ
541,4725,0.0,2.9620672710704143,2.9620672710704143,A Estrada,Ouzande (San Lourenzo),1,PNOA-2024-GAL-541-4725-H29-NPC01.LAZ
536,4692,0.7410657672378076,2.219773759117807,2.960839526355614,Ponte Caldelas,Taboadelo (Santiago),1,PNOA-2024-GAL-536-4692-H29-NPC01.LAZ
570,4717,0.9867884527052182,1.9724037889750214,2.9591922416802396,Lalín,Doade (San Pedro),2,PNOA-2024-GAL-570-4717-H29-NPC01.LAZ
580,4738,0.0,2.9534566382699783,2.9534566382699783,Agolada,Borraxeiros (San Cristovo),1,PNOA-2024-GAL-580-4738-H29-NPC01.LAZ
535,4699,0.0,2.933826612840588,2.933826612840588,Cotobade,Almofrei (San Lourenzo),2,PNOA-2024-GAL-535-4699-H29-NPC01.LAZ
539,4708,0.0,2.9321169972049703,2.9321169972049703,Cotobade,Sacos (San Xurxo),1,PNOA-2024-GAL-539-4708-H29-NPC01.LAZ
576,4726,0.865783621423799,2.0607370566887453,2.9265206781125443,Lalín,Goiás (San Miguel),1,PNOA-2024-GAL-576-4726-H29-NPC01.LAZ
547,4723,0.0,2.924491564905037,2.924491564905037,A Estrada,Ribela (Santa Mariña),1,PNOA-2024-GAL-547-4723-H29-NPC01.LAZ
542,4683,0.0,2.9072273973022167,2.9072273973022167,Pazos de Borbén,Xunqueiras (San Salvador),2,PNOA-2024-GAL-542-4683-H29-NPC01.LAZ
580,4745,0.0,2.901571912261393,2.901571912261393,Agolada,Eidián (Santiago),1,PNOA-2024-GAL-580-4745-H29-NPC01.LAZ
554,4715,0.0,2.881113349733938,2.881113349733938,Forcarei,Forcarei (San Martiño),1,PNOA-2024-GAL-554-4715-H29-NPC01.LAZ
537,4708,2.1185345368330086,0.7564188764908111,2.8749534133238197,Campo Lameiro,Fragas (Santa Mariña),1,PNOA-2024-GAL-537-4708-H29-NPC01.LAZ
558,4722,0.040687931668061894,2.8315663820569665,2.8722543137250285,Forcarei,Aciveiro (Santa María),2,PNOA-2024-GAL-558-4722-H29-NPC01.LAZ
562,4716,0.0,2.8696184322316993,2.8696184322316993,Lalín,Vilatuxe (San Lourenzo),1,PNOA-2024-GAL-562-4716-H29-NPC01.LAZ
519,4716,0.0033960374576173457,2.8610254591767355,2.864421496634353,Vilagarcía de Arousa,Arealonga (Santa Baia),3,PNOA-2024-GAL-519-4716-H29-NPC01.LAZ
561,4720,0.3542061987098454,2.5029831851697217,2.8571893838795672,Silleda,Refoxos (San Paio),3,PNOA-2024-GAL-561-4720-H29-NPC01.LAZ
513,4640,0.7606629439810816,2.0912544804748046,2.8519174244558863,O Rosal,San Miguel de Tabagón (San Miguel),2,PNOA-2024-GAL-513-4640-H29-NPC01.LAZ
547,4716,0.5928807548735245,2.2433718205097737,2.8362525753832983,A Estrada,Sabucedo (San Lourenzo),1,PNOA-2024-GAL-547-4716-H29-NPC01.LAZ
524,4729,2.527135285430365,0.3052820469176916,2.8324173323480566,Valga,Cordeiro (Santa Comba),1,PNOA-2024-GAL-524-4729-H29-NPC01.LAZ
549,4737,2.086904202265658,0.744304302406736,2.831208504672394,A Estrada,San Miguel de Castro (San Miguel),1,PNOA-2024-GAL-549-4737-H29-NPC01.LAZ
564,4716,0.0632091107081047,2.7666833017793033,2.829892412487408,Lalín,Vilatuxe (San Lourenzo),2,PNOA-2024-GAL-564-4716-H29-NPC01.LAZ
553,4704,0.0,2.8202700766023634,2.8202700766023634,Forcarei,Santa Mariña de Presqueiras (Santa Mariña),1,PNOA-2024-GAL-553-4704-H29-NPC01.LAZ
563,4676,1.5027515526008215,1.3116965826228508,2.8144481352236723,A Cañiza,Oroso (Santa María),1,PNOA-2024-GAL-563-4676-H29-NPC01.LAZ
579,4744,0.0,2.806263982966856,2.806263982966856,Agolada,Berredo (Santa María),1,PNOA-2024-GAL-579-4744-H29-NPC01.LAZ
551,4729,0.11902753053208553,2.683994673549767,2.803022204081852,A Estrada,Curantes (San Miguel),1,PNOA-2024-GAL-551-4729-H29-NPC01.LAZ
569,4731,0.0,2.797836769382154,2.797836769382154,Lalín,Bermés (Santa María),1,PNOA-2024-GAL-569-4731-H29-NPC01.LAZ
552,4693,0.0,2.7817640577227043,2.7817640577227043,A Lama,Xesta (San Bartolomeu),1,PNOA-2024-GAL-552-4693-H29-NPC01.LAZ
577,4730,0.09339001285011474,2.6857152435624636,2.779105256412578,Lalín,A Veiga (San Ramón),1,PNOA-2024-GAL-577-4730-H29-NPC01.LAZ
515,4650,0.0,2.7743892099303964,2.7743892099303964,Oia,Loureza (San Mamede),1,PNOA-2024-GAL-515-4650-H29-NPC01.LAZ
517,4697,0.1708425414734047,2.5981448772140316,2.7689874186874364,Meaño,Lores (San Miguel),2,PNOA-2024-GAL-517-4697-H29-NPC01.LAZ
583,4732,0.0,2.75568305941048,2.75568305941048,Agolada,Ventosa (San Xulián),1,PNOA-2024-GAL-583-4732-H29-NPC01.LAZ
531,4688,1.6769591285029888,1.0772539716846974,2.754213100187686,Soutomaior,Arcade (Santiago),1,PNOA-2024-GAL-531-4688-H29-NPC01.LAZ
539,4722,2.751472972299059,0.0,2.751472972299059,Cuntis,Cuntis (Santa María),1,PNOA-2024-GAL-539-4722-H29-NPC01.LAZ
582,4743,0.0,2.7361390564774313,2.7361390564774313,Agolada,Eidián (Santiago),3,PNOA-2024-GAL-582-4743-H29-NPC01.LAZ
537,4734,2.397925711302869,0.33537016666105446,2.7332958779639234,A Estrada,Couso (Santa María),1,PNOA-2024-GAL-537-4734-H29-NPC01.LAZ
577,4736,0.0,2.733037525128746,2.733037525128746,Agolada,Santa Comba (San Xoán),1,PNOA-2024-GAL-577-4736-H29-NPC01.LAZ
580,4734,0.0,2.7298633884098717,2.7298633884098717,Agolada,Ferreiroa (San Pedro),1,PNOA-2024-GAL-580-4734-H29-NPC01.LAZ
560,4664,0.0,2.7289202100779613,2.7289202100779613,Arbo,Cequeliños (San Miguel),1,PNOA-2024-GAL-560-4664-H29-NPC01.LAZ
573,4718,1.5421716365320832,1.1861860398099102,2.7283576763419934,Lalín,A Xesta (San Fiz),1,PNOA-2024-GAL-573-4718-H29-NPC01.LAZ
549,4670,0.0,2.718410748569488,2.718410748569488,Salvaterra de Miño,Uma (Santo André),1,PNOA-2024-GAL-549-4670-H29-NPC01.LAZ
570,4713,0.1739437878737852,2.543555094687557,2.717498882561342,Lalín,Lebozán (Santiago),1,PNOA-2024-GAL-570-4713-H29-NPC01.LAZ
551,4701,0.0,2.7151218543248827,2.7151218543248827,A Lama,A Barcia do Seixo (Santa Ana),1,PNOA-2024-GAL-551-4701-H29-NPC01.LAZ
550,4666,0.0,2.7099146606266276,2.7099146606266276,As Neves,Cerdeira (San Xoán),1,PNOA-2024-GAL-550-4666-H29-NPC01.LAZ
552,4730,0.0,2.7068247955497893,2.7068247955497893,A Estrada,Orazo (San Pedro),2,PNOA-2024-GAL-552-4730-H29-NPC01.LAZ
527,4670,0.0,2.706211926411267,2.706211926411267,Mos,Cela (San Pedro),1,PNOA-2024-GAL-527-4670-H29-NPC01.LAZ
529,4721,0.0,2.7026481733866814,2.7026481733866814,Caldas de Reis,San Clemente de Cesar (San Clemente),1,PNOA-2024-GAL-529-4721-H29-NPC01.LAZ
526,4694,0.0,2.6861607587204133,2.6861607587204133,Marín,Marín (San Xián),1,PNOA-2024-GAL-526-4694-H29-NPC01.LAZ
541,4659,0.10472133029024576,2.5806436421368897,2.6853649724271356,Salvaterra de Miño,Salvaterra (San Lourenzo),1,PNOA-2024-GAL-541-4659-H29-NPC01.LAZ
527,4708,0.0,2.68455452554635,2.68455452554635,Barro,Portela (San Mamede),2,PNOA-2024-GAL-527-4708-H29-NPC01.LAZ
549,4721,0.34695849153964314,2.3367195324593752,2.6836780239990183,A Estrada,Ribela (Santa Mariña),2,PNOA-2024-GAL-549-4721-H29-NPC01.LAZ
546,4659,1.0259516220325278,1.642741728312153,2.6686933503446806,As Neves,As Neves (Santa María),2,PNOA-2024-GAL-546-4659-H29-NPC01.LAZ
569,4733,0.758846716032931,1.9027567841285786,2.6616035001615095,Lalín,Val do Carrio (Santo André),1,PNOA-2024-GAL-569-4733-H29-NPC01.LAZ
537,4701,0.0,2.654055552093451,2.654055552093451,Cotobade,Tenorio (San Pedro),1,PNOA-2024-GAL-537-4701-H29-NPC01.LAZ
536,4735,1.320428385270566,1.3332405026894514,2.653668887960017,A Estrada,Couso (Santa María),1,PNOA-2024-GAL-536-4735-H29-NPC01.LAZ
517,4660,0.0,2.6509848565083143,2.6509848565083143,Gondomar,Donas (Santa Baia),1,PNOA-2024-GAL-517-4660-H29-NPC01.LAZ
571,4721,2.6474819401840737,0.0,2.6474819401840737,Lalín,Botos (San Xoán),3,PNOA-2024-GAL-571-4721-H29-NPC01.LAZ
579,4722,2.6450478343333144,0.0,2.6450478343333144,Lalín,Castro de Cabras (San Pedro),2,PNOA-2024-GAL-579-4722-H29-NPC01.LAZ
543,4702,0.0,2.638901903170412,2.638901903170412,Cotobade,Loureiro (Santiago),1,PNOA-2024-GAL-543-4702-H29-NPC01.LAZ
543,4730,0.5419097930984077,2.08869029651874,2.6306000896171478,A Estrada,Barbude (San Martiño),3,PNOA-2024-GAL-543-4730-H29-NPC01.LAZ
554,4660,0.0,2.615260252859656,2.615260252859656,Arbo,Barcela (San Xoán),1,PNOA-2024-GAL-554-4660-H29-NPC01.LAZ
537,4698,0.0,2.6120009599631624,2.6120009599631624,Ponte Caldelas,Tourón (Santa María),2,PNOA-2024-GAL-537-4698-H29-NPC01.LAZ
531,4720,0.0,2.611730606578316,2.611730606578316,Caldas de Reis,San Clemente de Cesar (San Clemente),1,PNOA-2024-GAL-531-4720-H29-NPC01.LAZ
578,4738,0.0,2.609878752110633,2.609878752110633,Agolada,Merlín (San Pedro),1,PNOA-2024-GAL-578-4738-H29-NPC01.LAZ
538,4687,0.0,2.6062208362071955,2.6062208362071955,Soutomaior,Soutomaior (San Salvador),1,PNOA-2024-GAL-538-4687-H29-NPC01.LAZ
571,4737,1.0230726312374827,1.5825859056241767,2.605658536861659,Lalín,Galegos (San Miguel),1,PNOA-2024-GAL-571-4737-H29-NPC01.LAZ
508,4658,0.0,2.6020514600620905,2.6020514600620905,Oia,Mougás (Santa Uxía),1,PNOA-2024-GAL-508-4658-H29-NPC01.LAZ
549,4682,0.0,2.6015861345843625,2.6015861345843625,Covelo,Barcia de Mera (San Martiño),1,PNOA-2024-GAL-549-4682-H29-NPC01.LAZ
574,4730,2.600313597865823,0.0,2.600313597865823,Lalín,O Cello (San Martiño),2,PNOA-2024-GAL-574-4730-H29-NPC01.LAZ
547,4687,0.0,2.5951552404659104,2.5951552404659104,Fornelos de Montes,Ventín (San Miguel),1,PNOA-2024-GAL-547-4687-H29-NPC01.LAZ
575,4720,2.583290615490801,0.0,2.583290615490801,Lalín,Catasós (Santiago),1,PNOA-2024-GAL-575-4720-H29-NPC01.LAZ
558,4723,2.5814723390616696,0.0,2.5814723390616696,Silleda,Refoxos (San Paio),1,PNOA-2024-GAL-558-4723-H29-NPC01.LAZ
539,4714,0.7040565186315004,1.8647738679822647,2.568830386613765,Campo Lameiro,O Couso (San Cristovo),2,PNOA-2024-GAL-539-4714-H29-NPC01.LAZ
525,4658,1.7807217372999304,0.7867940622571515,2.567515799557082,Tui,Malvas (Santiago),1,PNOA-2024-GAL-525-4658-H29-NPC01.LAZ
541,4711,1.788250511673226,0.7697624251393668,2.5580129368125926,Campo Lameiro,Morillas (Santiago),1,PNOA-2024-GAL-541-4711-H29-NPC01.LAZ
508,4662,0.0,2.5571100008324588,2.5571100008324588,Oia,Mougás (Santa Uxía),2,PNOA-2024-GAL-508-4662-H29-NPC01.LAZ
550,4719,0.0,2.5557202423398664,2.5557202423398664,Forcarei,Quintillán (San Pedro),2,PNOA-2024-GAL-550-4719-H29-NPC01.LAZ
575,4725,2.543359082873953,0.0,2.543359082873953,Lalín,Goiás (San Miguel),1,PNOA-2024-GAL-575-4725-H29-NPC01.LAZ
581,4725,2.54112081718225,0.0,2.54112081718225,Lalín,Castro de Cabras (San Pedro),2,PNOA-2024-GAL-581-4725-H29-NPC01.LAZ
523,4702,0.0,2.5264323191666214,2.5264323191666214,Poio,Poio (San Xoán),2,PNOA-2024-GAL-523-4702-H29-NPC01.LAZ
512,4684,1.8051799025723967,0.7196798616536627,2.5248597642260595,Cangas,O Hío (Santo André),1,PNOA-2024-GAL-512-4684-H29-NPC01.LAZ
576,4737,0.0,2.5202397547512048,2.5202397547512048,Agolada,Santa Comba (San Xoán),1,PNOA-2024-GAL-576-4737-H29-NPC01.LAZ
538,4657,2.089081467410114,0.41958546967137617,2.50866693708149,Salvaterra de Miño,Porto (San Paulo),1,PNOA-2024-GAL-538-4657-H29-NPC01.LAZ
549,4707,0.0,2.507476276828668,2.507476276828668,Cerdedo,Cerdedo (San Xoán),1,PNOA-2024-GAL-549-4707-H29-NPC01.LAZ
513,4678,2.504359561944961,0.0,2.504359561944961,Cangas,O Hío (Santo André),1,PNOA-2024-GAL-513-4678-H29-NPC01.LAZ
556,4713,0.0,2.501645141732318,2.501645141732318,Forcarei,Millarada (San Amedio),1,PNOA-2024-GAL-556-4713-H29-NPC01.LAZ
517,4716,0.8279672047004182,1.6704814565302042,2.4984486612306225,Vilagarcía de Arousa,Vilagarcía (Santa Baia),3,PNOA-2024-GAL-517-4716-H29-NPC01.LAZ
542,4689,2.498139420399419,0.0,2.498139420399419,Ponte Caldelas,Castro Barbudo (Santa María),3,PNOA-2024-GAL-542-4689-H29-NPC01.LAZ
568,4714,0.015286674766784265,2.480000448565661,2.4952871233324454,Lalín,Lebozán (Santiago),1,PNOA-2024-GAL-568-4714-H29-NPC01.LAZ
514,4663,0.0,2.4930977001719277,2.4930977001719277,Baiona,Santa Cristina da Ramallosa (Santa Cristina),1,PNOA-2024-GAL-514-4663-H29-NPC01.LAZ
530,4708,0.0,2.4860263996265086,2.4860263996265086,Barro,Portela (San Mamede),2,PNOA-2024-GAL-530-4708-H29-NPC01.LAZ
560,4676,2.4852251376534324,0.0,2.4852251376534324,A Cañiza,Petán (San Xián),1,PNOA-2024-GAL-560-4676-H29-NPC01.LAZ
538,4699,0.0,2.4813229474172447,2.4813229474172447,Cotobade,Borela (San Martiño),1,PNOA-2024-GAL-538-4699-H29-NPC01.LAZ
566,4734,0.9213403730477241,1.5576236442622549,2.4789640173099787,Lalín,Losón (Santa Baia),1,PNOA-2024-GAL-566-4734-H29-NPC01.LAZ
538,4720,0.5010650889198421,1.9661363842390343,2.4672014731588763,Cuntis,Cuntis (Santa María),1,PNOA-2024-GAL-538-4720-H29-NPC01.LAZ
559,4666,0.0,2.4573457862702814,2.4573457862702814,Crecente,Albeos (San Xoán),2,PNOA-2024-GAL-559-4666-H29-NPC01.LAZ
571,4744,0.0,2.431519735775742,2.431519735775742,Agolada,Brocos (San Miguel),2,PNOA-2024-GAL-571-4744-H29-NPC01.LAZ
562,4719,1.2776514486300465,1.1377910070959132,2.4154424557259597,Silleda,Parada (San Tomé),1,PNOA-2024-GAL-562-4719-H29-NPC01.LAZ
552,4675,0.0,2.410714654309265,2.410714654309265,Covelo,Covelo (Santa Mariña),2,PNOA-2024-GAL-552-4675-H29-NPC01.LAZ
528,4674,0.0,2.4078305333037964,2.4078305333037964,Mos,Tameiga (San Martiño),1,PNOA-2024-GAL-528-4674-H29-NPC01.LAZ
583,4745,0.0,2.3889006283052314,2.3889006283052314,Agolada,Ramil (San Martiño),1,PNOA-2024-GAL-583-4745-H29-NPC01.LAZ
549,4674,2.3816996016907535,0.0,2.3816996016907535,Mondariz,Lougares (San Fiz),2,PNOA-2024-GAL-549-4674-H29-NPC01.LAZ
562,4678,0.6825293772917504,1.6945577562804748,2.3770871335722252,A Cañiza,Oroso (Santa María),1,PNOA-2024-GAL-562-4678-H29-NPC01.LAZ
514,4694,1.1265319934029352,1.2464779230608374,2.3730099164637726,Sanxenxo,Adina (Santa María),2,PNOA-2024-GAL-514-4694-H29-NPC01.LAZ
550,4726,1.4065515171659562,0.9660023168536791,2.3725538340196355,A Estrada,Olives (Santa María),2,PNOA-2024-GAL-550-4726-H29-NPC01.LAZ
549,4708,0.0,2.3707362490876567,2.3707362490876567,Cerdedo,Cerdedo (San Xoán),1,PNOA-2024-GAL-549-4708-H29-NPC01.LAZ
536,4695,1.1025069726382775,1.266256379662574,2.3687633523008516,Ponte Caldelas,Xustáns (San Martiño),2,PNOA-2024-GAL-536-4695-H29-NPC01.LAZ
524,4706,0.0,2.3551964678633857,2.3551964678633857,Meis,Nogueira (San Vicente),1,PNOA-2024-GAL-524-4706-H29-NPC01.LAZ
559,4664,0.0,2.35223136918181,2.35223136918181,Arbo,Arbo (Santa María),1,PNOA-2024-GAL-559-4664-H29-NPC01.LAZ
570,4715,0.0,2.3324145969092864,2.3324145969092864,Lalín,Lebozán (Santiago),1,PNOA-2024-GAL-570-4715-H29-NPC01.LAZ
553,4665,0.0,2.331748835864686,2.331748835864686,Arbo,Cabeiras (San Sebastián),1,PNOA-2024-GAL-553-4665-H29-NPC01.LAZ
578,4731,0.059554274183073116,2.2715518790911498,2.3311061532742228,Lalín,Parada (Santa María),1,PNOA-2024-GAL-578-4731-H29-NPC01.LAZ
547,4688,0.0,2.330881651881872,2.330881651881872,Fornelos de Montes,As Estacas (Santa María),2,PNOA-2024-GAL-547-4688-H29-NPC01.LAZ
542,4693,2.3209725511864865,0.0,2.3209725511864865,Ponte Caldelas,Ponte Caldelas (Santa Eulalia),2,PNOA-2024-GAL-542-4693-H29-NPC01.LAZ
535,4683,2.3197966004778894,0.0,2.3197966004778894,Redondela,Reboreda (Santa María),1,PNOA-2024-GAL-535-4683-H29-NPC01.LAZ
511,4651,0.0,2.3150604342266012,2.3150604342266012,Oia,Burgueira (San Pedro),1,PNOA-2024-GAL-511-4651-H29-NPC01.LAZ
556,4671,0.0,2.2940483442757804,2.2940483442757804,A Cañiza,Parada das Achas (Santiago),1,PNOA-2024-GAL-556-4671-H29-NPC01.LAZ
517,4684,2.290913930798667,0.0,2.290913930798667,Cangas,Aldán (San Cibrán),1,PNOA-2024-GAL-517-4684-H29-NPC01.LAZ
534,4681,1.5959707516978985,0.6931270139448684,2.289097765642767,Redondela,Reboreda (Santa María),1,PNOA-2024-GAL-534-4681-H29-NPC01.LAZ
552,4722,0.0,2.282954031508989,2.282954031508989,Forcarei,Meavía (San Xoán),1,PNOA-2024-GAL-552-4722-H29-NPC01.LAZ
518,4649,0.0,2.276748305318983,2.276748305318983,Tomiño,Tomiño (Santa María),2,PNOA-2024-GAL-518-4649-H29-NPC01.LAZ
550,4677,0.6253933357831827,1.6497108355611385,2.275104171344321,Covelo,Casteláns (Santo Estevo),1,PNOA-2024-GAL-550-4677-H29-NPC01.LAZ
536,4666,1.3134822629600245,0.9602362431228895,2.273718506082914,Salceda de Caselas,A Picoña (San Martiño),2,PNOA-2024-GAL-536-4666-H29-NPC01.LAZ
520,4722,0.0,2.2656924674646017,2.2656924674646017,Vilagarcía de Arousa,Bamio (San Xens),2,PNOA-2024-GAL-520-4722-H29-NPC01.LAZ
541,4700,0.0,2.2515887804778463,2.2515887804778463,Cotobade,Borela (San Martiño),1,PNOA-2024-GAL-541-4700-H29-NPC01.LAZ
518,4713,0.14430207465803085,2.1020964487484406,2.2463985234064716,Vilanova de Arousa,András (San Lourenzo),1,PNOA-2024-GAL-518-4713-H29-NPC01.LAZ
540,4687,0.0,2.2429543362466715,2.2429543362466715,Fornelos de Montes,Calvos (Santo Adrián),1,PNOA-2024-GAL-540-4687-H29-NPC01.LAZ
543,4718,0.0,2.2372942992051135,2.2372942992051135,A Estrada,Souto (Santo André),1,PNOA-2024-GAL-543-4718-H29-NPC01.LAZ
568,4724,0.0,2.2310360970152834,2.2310360970152834,Lalín,Donsión (Santa Baia),1,PNOA-2024-GAL-568-4724-H29-NPC01.LAZ
537,4713,0.0,2.2299380246691163,2.2299380246691163,Campo Lameiro,O Campo (San Miguel),1,PNOA-2024-GAL-537-4713-H29-NPC01.LAZ
546,4679,0.0,2.2262052494250746,2.2262052494250746,Mondariz,Gargamala (Santa María),1,PNOA-2024-GAL-546-4679-H29-NPC01.LAZ
552,4719,0.0,2.215310820560581,2.215310820560581,Forcarei,Forcarei (San Martiño),1,PNOA-2024-GAL-552-4719-H29-NPC01.LAZ
552,4715,0.0,2.2050045726931096,2.2050045726931096,Forcarei,Forcarei (San Martiño),1,PNOA-2024-GAL-552-4715-H29-NPC01.LAZ
542,4674,1.8714568307348485,0.3305110244810532,2.2019678552159014,Ponteareas,Pías (Santa Mariña),1,PNOA-2024-GAL-542-4674-H29-NPC01.LAZ
539,4690,0.5272957574479491,1.6649366922068136,2.192232449654763,Ponte Caldelas,A Insua (Santa Mariña),1,PNOA-2024-GAL-539-4690-H29-NPC01.LAZ
578,4726,2.185326524855219,0.0,2.185326524855219,Lalín,Maceira (San Martiño),1,PNOA-2024-GAL-578-4726-H29-NPC01.LAZ
511,4661,0.0,2.1851982243567742,2.1851982243567742,Baiona,Baíña (Santa Mariña),2,PNOA-2024-GAL-511-4661-H29-NPC01.LAZ
553,4670,2.179395146775642,0.0,2.179395146775642,A Cañiza,Parada das Achas (Santiago),2,PNOA-2024-GAL-553-4670-H29-NPC01.LAZ
560,4671,1.2373253512289308,0.9300765756008889,2.16740192682982,A Cañiza,A Cañiza (Santa Teresa),1,PNOA-2024-GAL-560-4671-H29-NPC01.LAZ
525,4665,0.0,2.1540749015566227,2.1540749015566227,O Porriño,Chenlo (San Xoán),1,PNOA-2024-GAL-525-4665-H29-NPC01.LAZ
518,4697,0.0024515576285034845,2.1418141741034296,2.144265731731933,Sanxenxo,Dorrón (San Xoán),1,PNOA-2024-GAL-518-4697-H29-NPC01.LAZ
558,4735,0.3156731369118736,1.819542340054885,2.1352154769667586,Silleda,Pazos (San Martiño),2,PNOA-2024-GAL-558-4735-H29-NPC01.LAZ
517,4717,2.1314234685048583,0.0,2.1314234685048583,Vilagarcía de Arousa,Sobradelo (San Salvador),2,PNOA-2024-GAL-517-4717-H29-NPC01.LAZ
550,4707,0.0,2.1268624138115,2.1268624138115,Cerdedo,Cerdedo (San Xoán),1,PNOA-2024-GAL-550-4707-H29-NPC01.LAZ
509,4659,0.0,2.1215732031805055,2.1215732031805055,Oia,Mougás (Santa Uxía),1,PNOA-2024-GAL-509-4659-H29-NPC01.LAZ
569,4715,1.24752834678908,0.873923417464619,2.121451764253699,Lalín,Lebozán (Santiago),1,PNOA-2024-GAL-569-4715-H29-NPC01.LAZ
520,4644,0.0,2.1190154714376765,2.1190154714376765,Tomiño,Goián (San Cristovo),1,PNOA-2024-GAL-520-4644-H29-NPC01.LAZ
511,4664,0.0,2.114596500869569,2.114596500869569,Baiona,Baiona (Santa María),1,PNOA-2024-GAL-511-4664-H29-NPC01.LAZ
566,4713,2.0855753967975046,0.02506884469300547,2.11064424149051,Lalín,Zobra (Santa Mariña),1,PNOA-2024-GAL-566-4713-H29-NPC01.LAZ
533,4733,0.9951346401443573,1.1000886431542953,2.095223283298653,A Estrada,San Miguel de Barcala (San Miguel),1,PNOA-2024-GAL-533-4733-H29-NPC01.LAZ
576,4744,0.0,2.093262416509671,2.093262416509671,Agolada,O Sexo (Santiago),1,PNOA-2024-GAL-576-4744-H29-NPC01.LAZ
527,4682,1.6891321930475245,0.3942397178626117,2.0833719109101363,Redondela,Trasmañó (San Vicente),1,PNOA-2024-GAL-527-4682-H29-NPC01.LAZ
555,4684,2.08173488995973,0.0,2.08173488995973,Covelo,Campo (Santa María),1,PNOA-2024-GAL-555-4684-H29-NPC01.LAZ
513,4651,0.0,2.079552134675678,2.079552134675678,Oia,Burgueira (San Pedro),1,PNOA-2024-GAL-513-4651-H29-NPC01.LAZ
537,4722,0.0,2.0769397786784114,2.0769397786784114,Cuntis,Cuntis (Santa María),1,PNOA-2024-GAL-537-4722-H29-NPC01.LAZ
515,4651,0.0,2.0759435963640294,2.0759435963640294,Oia,Burgueira (San Pedro),1,PNOA-2024-GAL-515-4651-H29-NPC01.LAZ
542,4723,0.0,2.0749383647088964,2.0749383647088964,A Estrada,A Somoza (Santo André),1,PNOA-2024-GAL-542-4723-H29-NPC01.LAZ
540,4685,0.0,2.064580821782025,2.064580821782025,Pazos de Borbén,Moscoso (San Paio),1,PNOA-2024-GAL-540-4685-H29-NPC01.LAZ
559,4735,0.44589818755930866,1.6149064147937373,2.0608046023530457,Silleda,Pazos (San Martiño),1,PNOA-2024-GAL-559-4735-H29-NPC01.LAZ
581,4738,0.0,2.0568879438103305,2.0568879438103305,Agolada,Borraxeiros (San Cristovo),1,PNOA-2024-GAL-581-4738-H29-NPC01.LAZ
573,4729,1.615072023829519,0.4234237455295339,2.038495769359053,Lalín,O Cello (San Martiño),1,PNOA-2024-GAL-573-4729-H29-NPC01.LAZ
520,4685,0.0,2.028651344994212,2.028651344994212,Moaña,Moaña (San Martiño),1,PNOA-2024-GAL-520-4685-H29-NPC01.LAZ
560,4727,0.0,2.028379728829522,2.028379728829522,Silleda,Silleda (Santa Baia),1,PNOA-2024-GAL-560-4727-H29-NPC01.LAZ
522,4689,0.0,2.0263945046249154,2.0263945046249154,Marín,San Tomé de Piñeiro (San Tomé),2,PNOA-2024-GAL-522-4689-H29-NPC01.LAZ
566,4715,2.0214447374554148,0.0,2.0214447374554148,Lalín,Zobra (Santa Mariña),1,PNOA-2024-GAL-566-4715-H29-NPC01.LAZ
523,4653,0.0,2.015808038515031,2.015808038515031,Tomiño,Piñeiro (San Salvador),1,PNOA-2024-GAL-523-4653-H29-NPC01.LAZ
562,4715,0.0,2.0120783334016057,2.0120783334016057,Lalín,Vilatuxe (San Lourenzo),1,PNOA-2024-GAL-562-4715-H29-NPC01.LAZ
558,4717,0.0,2.009021000756431,2.009021000756431,Forcarei,Aciveiro (Santa María),2,PNOA-2024-GAL-558-4717-H29-NPC01.LAZ
579,4734,0.0,2.0065425407506234,2.0065425407506234,Agolada,Ferreiroa (San Pedro),1,PNOA-2024-GAL-579-4734-H29-NPC01.LAZ
538,4711,0.0,2.0058675505470327,2.0058675505470327,Campo Lameiro,Moimenta (Santa María),2,PNOA-2024-GAL-538-4711-H29-NPC01.LAZ
535,4732,0.12606382059150623,1.871356779759565,1.997420600351071,A Estrada,San Xurxo de Vea (San Xurxo),1,PNOA-2024-GAL-535-4732-H29-NPC01.LAZ
546,4715,0.0,1.9920964410835378,1.9920964410835378,Cerdedo,Quireza (San Tomé),1,PNOA-2024-GAL-546-4715-H29-NPC01.LAZ
535,4682,1.9910461419855219,0.0,1.9910461419855219,Redondela,Reboreda (Santa María),2,PNOA-2024-GAL-535-4682-H29-NPC01.LAZ
520,4653,0.0,1.988936380795477,1.988936380795477,Tomiño,Vilameán (San Bieito),1,PNOA-2024-GAL-520-4653-H29-NPC01.LAZ
537,4656,1.9774906422595337,0.0,1.9774906422595337,Salvaterra de Miño,Porto (San Paulo),2,PNOA-2024-GAL-537-4656-H29-NPC01.LAZ
551,4669,1.9748382902949009,0.0,1.9748382902949009,As Neves,Batalláns (Santa Eulalia),1,PNOA-2024-GAL-551-4669-H29-NPC01.LAZ
535,4714,0.7582188430602591,1.2110585223868187,1.9692773654470779,Moraña,Santa Xusta de Moraña (Santa Xusta),1,PNOA-2024-GAL-535-4714-H29-NPC01.LAZ
579,4743,0.0,1.9614247803827174,1.9614247803827174,Agolada,Berredo (Santa María),2,PNOA-2024-GAL-579-4743-H29-NPC01.LAZ
547,4665,0.0,1.9515337228437981,1.9515337228437981,As Neves,Taboexa (Santa María),1,PNOA-2024-GAL-547-4665-H29-NPC01.LAZ
514,4705,1.9492544992231868,0.0,1.9492544992231868,Cambados,Castrelo (Santa Cruz),1,PNOA-2024-GAL-514-4705-H29-NPC01.LAZ
573,4730,1.8999856770997698,0.04317388722977958,1.9431595643295494,Lalín,O Cello (San Martiño),1,PNOA-2024-GAL-573-4730-H29-NPC01.LAZ
523,4705,0.0,1.93844391674777,1.93844391674777,Meis,Meis (San Salvador),1,PNOA-2024-GAL-523-4705-H29-NPC01.LAZ
531,4729,0.0,1.9375349428643174,1.9375349428643174,Pontecesures,Pontecesures (San Xulián),1,PNOA-2024-GAL-531-4729-H29-NPC01.LAZ
541,4705,0.0,1.9368372234579052,1.9368372234579052,Cotobade,Carballedo (San Miguel),1,PNOA-2024-GAL-541-4705-H29-NPC01.LAZ
522,4723,0.0,1.9276892008804491,1.9276892008804491,Catoira,Abalo (San Mamede),2,PNOA-2024-GAL-522-4723-H29-NPC01.LAZ
561,4665,0.9748013968346703,0.9449069727824786,1.9197083696171489,Arbo,Cequeliños (San Miguel),1,PNOA-2024-GAL-561-4665-H29-NPC01.LAZ
552,4701,0.21860816236377792,1.6903933921698755,1.9090015545336534,A Lama,A Barcia do Seixo (Santa Ana),1,PNOA-2024-GAL-552-4701-H29-NPC01.LAZ
569,4717,1.9052142524089857,0.0,1.9052142524089857,Lalín,Doade (San Pedro),2,PNOA-2024-GAL-569-4717-H29-NPC01.LAZ
515,4695,0.0538126791372382,1.8422302241290964,1.8960429032663346,Sanxenxo,Padriñán (San Xenxo),2,PNOA-2024-GAL-515-4695-H29-NPC01.LAZ
533,4695,1.8407742872095314,0.05240384446353794,1.8931781316730694,Ponte Caldelas,Tourón (Santa María),2,PNOA-2024-GAL-533-4695-H29-NPC01.LAZ
523,4664,0.0,1.8838235062815292,1.8838235062815292,Gondomar,Morgadáns (Santiago),1,PNOA-2024-GAL-523-4664-H29-NPC01.LAZ
548,4708,0.0,1.8821825017389084,1.8821825017389084,Cerdedo,Cerdedo (San Xoán),1,PNOA-2024-GAL-548-4708-H29-NPC01.LAZ
515,4666,0.0,1.881969013448883,1.881969013448883,Nigrán,Panxón (San Xoán),2,PNOA-2024-GAL-515-4666-H29-NPC01.LAZ
517,4694,0.06882845593417,1.8125945216431996,1.8814229775773696,Sanxenxo,Bordóns (San Pedro),2,PNOA-2024-GAL-517-4694-H29-NPC01.LAZ
543,4683,0.0,1.8730731504465439,1.8730731504465439,Fornelos de Montes,Traspielas (Santa María),1,PNOA-2024-GAL-543-4683-H29-NPC01.LAZ
575,4732,1.8634055209954465,0.0,1.8634055209954465,Lalín,Cadrón (Santo Estevo),1,PNOA-2024-GAL-575-4732-H29-NPC01.LAZ
542,4671,0.031052170547824255,1.8323528010022545,1.8634049715500787,Ponteareas,Ponteareas (San Miguel),1,PNOA-2024-GAL-542-4671-H29-NPC01.LAZ
533,4666,1.0078991501303167,0.8397749679199263,1.847674118050243,O Porriño,Atios (Santa Eulalia),1,PNOA-2024-GAL-533-4666-H29-NPC01.LAZ
555,4725,0.15169372426708058,1.6922251632302163,1.843918887497297,Silleda,Xestoso (Santa María),1,PNOA-2024-GAL-555-4725-H29-NPC01.LAZ
522,4698,0.0,1.8400081071152208,1.8400081071152208,Poio,Combarro (San Roque),1,PNOA-2024-GAL-522-4698-H29-NPC01.LAZ
559,4685,0.0,1.831482951318722,1.831482951318722,Covelo,Prado (San Salvador),1,PNOA-2024-GAL-559-4685-H29-NPC01.LAZ
556,4726,1.8298807878983598,0.0,1.8298807878983598,Silleda,Escuadro (San Salvador),1,PNOA-2024-GAL-556-4726-H29-NPC01.LAZ
513,4704,1.1908970571718658,0.6380437395275056,1.8289407966993714,Cambados,Castrelo (Santa Cruz),1,PNOA-2024-GAL-513-4704-H29-NPC01.LAZ
526,4679,0.01522984032518625,1.8134996153511567,1.828729455676343,Redondela,Chapela (San Fausto),1,PNOA-2024-GAL-526-4679-H29-NPC01.LAZ
547,4704,0.0,1.8247612261652235,1.8247612261652235,Cotobade,Caroi (Santiago),1,PNOA-2024-GAL-547-4704-H29-NPC01.LAZ
554,4681,1.8183405119981841,0.0,1.8183405119981841,Covelo,Maceira (San Salvador),2,PNOA-2024-GAL-554-4681-H29-NPC01.LAZ
582,4734,0.0,1.8133597099273742,1.8133597099273742,Agolada,Ventosa (San Xulián),1,PNOA-2024-GAL-582-4734-H29-NPC01.LAZ
577,4726,0.0,1.8095122940228425,1.8095122940228425,Lalín,Goiás (San Miguel),1,PNOA-2024-GAL-577-4726-H29-NPC01.LAZ
510,4646,0.0,1.8019691018048636,1.8019691018048636,O Rosal,O Rosal (Santa Mariña),1,PNOA-2024-GAL-510-4646-H29-NPC01.LAZ
528,4720,1.796628514759298,0.0,1.796628514759298,Caldas de Reis,Bemil (Santa María),1,PNOA-2024-GAL-528-4720-H29-NPC01.LAZ
568,4670,0.06034475508779487,1.7355180438877815,1.7958627989755764,Crecente,Angudes (San Xoán),2,PNOA-2024-GAL-568-4670-H29-NPC01.LAZ
509,4660,0.0,1.7799306202827017,1.7799306202827017,Oia,Mougás (Santa Uxía),1,PNOA-2024-GAL-509-4660-H29-NPC01.LAZ
524,4727,0.0,1.765250463538777,1.765250463538777,Valga,Cordeiro (Santa Comba),1,PNOA-2024-GAL-524-4727-H29-NPC01.LAZ
570,4732,0.47907685091455704,1.282289047292383,1.76136589820694,Lalín,Val do Carrio (Santo André),3,PNOA-2024-GAL-570-4732-H29-NPC01.LAZ
567,4721,1.6743776491307596,0.07819485543386877,1.7525725045646283,Lalín,Gresande (Santiago),3,PNOA-2024-GAL-567-4721-H29-NPC01.LAZ
538,4719,0.921527090917615,0.8273947233211036,1.7489218142387186,Cuntis,Cuntis (Santa María),1,PNOA-2024-GAL-538-4719-H29-NPC01.LAZ
523,4717,0.21668735361604258,1.531076023608106,1.7477633772241485,Vilagarcía de Arousa,Cea (San Pedro),1,PNOA-2024-GAL-523-4717-H29-NPC01.LAZ
523,4654,0.0,1.7165965008663007,1.7165965008663007,Tui,Pexegueiro (San Miguel),1,PNOA-2024-GAL-523-4654-H29-NPC01.LAZ
559,4725,0.0,1.7152296145419164,1.7152296145419164,Silleda,Fiestras (San Martiño),1,PNOA-2024-GAL-559-4725-H29-NPC01.LAZ
531,4668,0.0,1.7082094795921179,1.7082094795921179,O Porriño,O Porriño (Santa María),3,PNOA-2024-GAL-531-4668-H29-NPC01.LAZ
529,4686,0.0,1.7078908114481486,1.7078908114481486,Vilaboa,Santa Cristina de Cobres (Santa Cristina),1,PNOA-2024-GAL-529-4686-H29-NPC01.LAZ
513,4652,0.0,1.6973937001036288,1.6973937001036288,Oia,Burgueira (San Pedro),1,PNOA-2024-GAL-513-4652-H29-NPC01.LAZ
532,4732,0.870437972665675,0.8241652517807727,1.6946032244464477,A Estrada,San Miguel de Barcala (San Miguel),2,PNOA-2024-GAL-532-4732-H29-NPC01.LAZ
554,4710,0.0,1.6903904272322159,1.6903904272322159,Cerdedo,Folgoso (Santa María),2,PNOA-2024-GAL-554-4710-H29-NPC01.LAZ
547,4699,1.5097675624331943,0.17897354912989513,1.6887411115630895,A Lama,Escuadra (San Lourenzo),1,PNOA-2024-GAL-547-4699-H29-NPC01.LAZ
574,4729,1.6833154302843247,0.0,1.6833154302843247,Lalín,O Cello (San Martiño),2,PNOA-2024-GAL-574-4729-H29-NPC01.LAZ
578,4729,1.6774660588532808,0.0,1.6774660588532808,Lalín,Parada (Santa María),1,PNOA-2024-GAL-578-4729-H29-NPC01.LAZ
558,4682,1.6748825151327416,0.0,1.6748825151327416,Covelo,Godóns (Santa María),2,PNOA-2024-GAL-558-4682-H29-NPC01.LAZ
543,4708,0.24382640554409907,1.426018486798978,1.669844892343077,Cotobade,Sacos (Santa María),2,PNOA-2024-GAL-543-4708-H29-NPC01.LAZ
559,4720,0.0,1.6653515693216607,1.6653515693216607,Forcarei,Aciveiro (Santa María),1,PNOA-2024-GAL-559-4720-H29-NPC01.LAZ
514,4693,0.04912373866292169,1.6045081048704966,1.6536318435334183,Sanxenxo,Adina (Santa María),1,PNOA-2024-GAL-514-4693-H29-NPC01.LAZ
583,4744,0.0,1.646197461489177,1.646197461489177,Agolada,Ramil (San Martiño),1,PNOA-2024-GAL-583-4744-H29-NPC01.LAZ
579,4732,0.4379155442806076,1.2076273796486408,1.6455429239292483,Lalín,Parada (Santa María),1,PNOA-2024-GAL-579-4732-H29-NPC01.LAZ
566,4671,0.2570916566181295,1.3775743828137423,1.6346660394318717,Crecente,Rebordechán (Santa María),1,PNOA-2024-GAL-566-4671-H29-NPC01.LAZ
514,4666,0.0,1.6275715639481962,1.6275715639481962,Nigrán,Panxón (San Xoán),1,PNOA-2024-GAL-514-4666-H29-NPC01.LAZ
527,4722,0.0,1.6239470620431093,1.6239470620431093,Caldas de Reis,Bemil (Santa María),1,PNOA-2024-GAL-527-4722-H29-NPC01.LAZ
535,4718,1.6210597354712155,0.0,1.6210597354712155,Moraña,Laxe (San Martiño),1,PNOA-2024-GAL-535-4718-H29-NPC01.LAZ
521,4665,0.0,1.6159784679006988,1.6159784679006988,Gondomar,Vincios (Santa Mariña),1,PNOA-2024-GAL-521-4665-H29-NPC01.LAZ
545,4674,1.6090973004521285,0.0,1.6090973004521285,Mondariz,Mondariz (Santa Baia),2,PNOA-2024-GAL-545-4674-H29-NPC01.LAZ
582,4745,0.0,1.596406128643416,1.596406128643416,Agolada,Basadre (Santa María),1,PNOA-2024-GAL-582-4745-H29-NPC01.LAZ
523,4658,0.4264751389878876,1.1598439362246453,1.586319075212533,Tui,Malvas (Santiago),1,PNOA-2024-GAL-523-4658-H29-NPC01.LAZ
552,4678,1.5711404794826591,0.0,1.5711404794826591,Covelo,Covelo (Santa Mariña),1,PNOA-2024-GAL-552-4678-H29-NPC01.LAZ
551,4725,0.0,1.5684324675892658,1.5684324675892658,Forcarei,Meavía (San Xoán),1,PNOA-2024-GAL-551-4725-H29-NPC01.LAZ
531,4715,0.0,1.5668995049772338,1.5668995049772338,Caldas de Reis,Arcos da Condesa (Santa Mariña),2,PNOA-2024-GAL-531-4715-H29-NPC01.LAZ
564,4729,0.28045650737781397,1.2838945743007972,1.5643510816786113,Silleda,Vilar (San Martiño),1,PNOA-2024-GAL-564-4729-H29-NPC01.LAZ
564,4735,0.0,1.5575202950886347,1.5575202950886347,Lalín,Losón (Santa Baia),1,PNOA-2024-GAL-564-4735-H29-NPC01.LAZ
536,4691,1.5570715147966723,0.0,1.5570715147966723,Ponte Caldelas,Taboadelo (Santiago),1,PNOA-2024-GAL-536-4691-H29-NPC01.LAZ
531,4687,0.23203761444510382,1.3198273746126217,1.5518649890577254,Redondela,O Viso (Santa María),2,PNOA-2024-GAL-531-4687-H29-NPC01.LAZ
542,4719,0.6694663405913347,0.8685741217390284,1.538040462330363,A Estrada,Souto (Santo André),2,PNOA-2024-GAL-542-4719-H29-NPC01.LAZ
513,4713,0.6224371627499138,0.914964491540583,1.537401654290497,Vilanova de Arousa,Vilanova de Arousa (San Cibrán),1,PNOA-2024-GAL-513-4713-H29-NPC01.LAZ
574,4745,0.0,1.5367565687018607,1.5367565687018607,Agolada,Agra (San Miguel),1,PNOA-2024-GAL-574-4745-H29-NPC01.LAZ
538,4706,0.0,1.5319575436160269,1.5319575436160269,Cotobade,Sacos (San Xurxo),1,PNOA-2024-GAL-538-4706-H29-NPC01.LAZ
530,4716,0.0,1.5304703204169556,1.5304703204169556,Caldas de Reis,Caldas de Reis (Santa María),2,PNOA-2024-GAL-530-4716-H29-NPC01.LAZ
546,4693,0.0,1.5259876025067047,1.5259876025067047,A Lama,Gaxate (San Pedro),1,PNOA-2024-GAL-546-4693-H29-NPC01.LAZ
572,4737,0.0,1.5254746008909963,1.5254746008909963,Lalín,Galegos (San Miguel),1,PNOA-2024-GAL-572-4737-H29-NPC01.LAZ
552,4726,1.5239483959087308,0.0,1.5239483959087308,A Estrada,Olives (Santa María),1,PNOA-2024-GAL-552-4726-H29-NPC01.LAZ
521,4713,0.0,1.5238136194153937,1.5238136194153937,Vilanova de Arousa,Baión (San Xoán),1,PNOA-2024-GAL-521-4713-H29-NPC01.LAZ
521,4707,0.0,1.521481728164987,1.521481728164987,Ribadumia,Besomaño (Santa María),1,PNOA-2024-GAL-521-4707-H29-NPC01.LAZ
559,4679,0.1181174785449146,1.388019043310893,1.5061365218558076,A Cañiza,Petán (San Xián),1,PNOA-2024-GAL-559-4679-H29-NPC01.LAZ
540,4689,1.5048548646029036,0.0,1.5048548646029036,Ponte Caldelas,A Insua (Santa Mariña),1,PNOA-2024-GAL-540-4689-H29-NPC01.LAZ
523,4681,0.0,1.496164407006137,1.496164407006137,Moaña,Meira (Santa Eulalia),1,PNOA-2024-GAL-523-4681-H29-NPC01.LAZ
509,4697,1.4894248175309897,0.0,1.4894248175309897,Sanxenxo,Noalla (Santo Estevo),1,PNOA-2024-GAL-509-4697-H29-NPC01.LAZ
556,4665,1.4871307949807446,0.0,1.4871307949807446,Arbo,Mourentán (San Cristovo),1,PNOA-2024-GAL-556-4665-H29-NPC01.LAZ
509,4658,0.0,1.485323957074975,1.485323957074975,Oia,Mougás (Santa Uxía),1,PNOA-2024-GAL-509-4658-H29-NPC01.LAZ
550,4671,0.8745549571955806,0.6059476093016306,1.4805025664972113,Mondariz,Mouriscados (San Cibrán),1,PNOA-2024-GAL-550-4671-H29-NPC01.LAZ
513,4683,1.4400652042395803,0.0342320461733268,1.474297250412907,Cangas,O Hío (Santo André),1,PNOA-2024-GAL-513-4683-H29-NPC01.LAZ
539,4685,0.0,1.4631053149247388,1.4631053149247388,Pazos de Borbén,A Ermida (Nosa Señora da Anunciación),1,PNOA-2024-GAL-539-4685-H29-NPC01.LAZ
533,4723,0.0,1.4598218413081572,1.4598218413081572,Cuntis,Piñeiro (San Mamede),2,PNOA-2024-GAL-533-4723-H29-NPC01.LAZ
526,4668,0.0,1.4585495352130866,1.4585495352130866,Mos,Cela (San Pedro),1,PNOA-2024-GAL-526-4668-H29-NPC01.LAZ
534,4705,0.0,1.4581266483339987,1.4581266483339987,Campo Lameiro,Fragas (Santa Mariña),1,PNOA-2024-GAL-534-4705-H29-NPC01.LAZ
580,4724,1.453156074112596,0.0,1.453156074112596,Lalín,Castro de Cabras (San Pedro),2,PNOA-2024-GAL-580-4724-H29-NPC01.LAZ
579,4739,0.0,1.4520120782034551,1.4520120782034551,Agolada,Borraxeiros (San Cristovo),1,PNOA-2024-GAL-579-4739-H29-NPC01.LAZ
580,4743,0.0,1.4482172085537117,1.4482172085537117,Agolada,Eidián (Santiago),1,PNOA-2024-GAL-580-4743-H29-NPC01.LAZ
552,4714,0.0,1.4324671722091462,1.4324671722091462,Forcarei,Castrelo (Santa Mariña),1,PNOA-2024-GAL-552-4714-H29-NPC01.LAZ
557,4721,0.0,1.4306538645037923,1.4306538645037923,Forcarei,Aciveiro (Santa María),1,PNOA-2024-GAL-557-4721-H29-NPC01.LAZ
547,4695,0.0,1.4247732529155965,1.4247732529155965,A Lama,Antas (Santiago),1,PNOA-2024-GAL-547-4695-H29-NPC01.LAZ
545,4681,1.422915477453143,0.0,1.422915477453143,Mondariz,Gargamala (Santa María),1,PNOA-2024-GAL-545-4681-H29-NPC01.LAZ
558,4684,0.0,1.4228606745019434,1.4228606745019434,Covelo,Prado (San Salvador),1,PNOA-2024-GAL-558-4684-H29-NPC01.LAZ
554,4736,0.11860446089123378,1.3039036626731706,1.4225081235644044,Silleda,Cira (Santa Baia),2,PNOA-2024-GAL-554-4736-H29-NPC01.LAZ
558,4708,0.0,1.4182955848348546,1.4182955848348546,Forcarei,Pardesoa (Santiago),1,PNOA-2024-GAL-558-4708-H29-NPC01.LAZ
530,4685,1.4094894529671862,0.0,1.4094894529671862,Redondela,Cesantes (San Pedro),1,PNOA-2024-GAL-530-4685-H29-NPC01.LAZ
539,4702,0.0,1.4076707138579347,1.4076707138579347,Cotobade,Borela (San Martiño),2,PNOA-2024-GAL-539-4702-H29-NPC01.LAZ
540,4708,0.0,1.407353250261257,1.407353250261257,Cotobade,Sacos (San Xurxo),1,PNOA-2024-GAL-540-4708-H29-NPC01.LAZ
529,4731,0.005031488020436834,1.3993345044464967,1.4043659924669334,Pontecesures,Pontecesures (San Xulián),1,PNOA-2024-GAL-529-4731-H29-NPC01.LAZ
544,4682,1.4008260087794349,0.0,1.4008260087794349,Mondariz,Gargamala (Santa María),1,PNOA-2024-GAL-544-4682-H29-NPC01.LAZ
539,4720,1.39034685700103,0.0,1.39034685700103,Cuntis,Cuntis (Santa María),1,PNOA-2024-GAL-539-4720-H29-NPC01.LAZ
510,4647,0.0,1.3831600916667839,1.3831600916667839,Oia,Oia (Santa María),2,PNOA-2024-GAL-510-4647-H29-NPC01.LAZ
534,4668,0.5507232026929959,0.8279814652894513,1.378704667982447,Ponteareas,Guláns (San Xulián),1,PNOA-2024-GAL-534-4668-H29-NPC01.LAZ
511,4644,0.0,1.377886289050055,1.377886289050055,O Rosal,O Rosal (Santa Mariña),1,PNOA-2024-GAL-511-4644-H29-NPC01.LAZ
560,4725,1.3636962349318735,0.0,1.3636962349318735,Silleda,Siador (San Miguel),1,PNOA-2024-GAL-560-4725-H29-NPC01.LAZ
561,4715,0.0,1.3606860961566567,1.3606860961566567,Lalín,Vilatuxe (San Lourenzo),1,PNOA-2024-GAL-561-4715-H29-NPC01.LAZ
522,4682,0.0,1.3557779113797455,1.3557779113797455,Moaña,Meira (Santa Eulalia),1,PNOA-2024-GAL-522-4682-H29-NPC01.LAZ
537,4675,1.3529486515410287,0.0,1.3529486515410287,Ponteareas,Padróns (San Salvador),1,PNOA-2024-GAL-537-4675-H29-NPC01.LAZ
508,4659,0.0,1.346575654523304,1.346575654523304,Oia,Mougás (Santa Uxía),1,PNOA-2024-GAL-508-4659-H29-NPC01.LAZ
535,4707,0.8704989883522658,0.45809317932500326,1.328592167677269,Campo Lameiro,Fragas (Santa Mariña),1,PNOA-2024-GAL-535-4707-H29-NPC01.LAZ
537,4694,0.0,1.3236854251155008,1.3236854251155008,Ponte Caldelas,Xustáns (San Martiño),1,PNOA-2024-GAL-537-4694-H29-NPC01.LAZ
555,4679,0.04643832607684703,1.2684130162298217,1.3148513423066688,Covelo,Maceira (San Salvador),1,PNOA-2024-GAL-555-4679-H29-NPC01.LAZ
534,4664,0.5068604322520972,0.8032959964528817,1.310156428704979,O Porriño,San Salvador de Budiño (San Salvador),1,PNOA-2024-GAL-534-4664-H29-NPC01.LAZ
560,4679,0.0,1.3059911187878137,1.3059911187878137,A Cañiza,Petán (San Xián),1,PNOA-2024-GAL-560-4679-H29-NPC01.LAZ
522,4656,0.0,1.299960525456579,1.299960525456579,Tomiño,Tebra (Santa María),1,PNOA-2024-GAL-522-4656-H29-NPC01.LAZ
545,4714,0.0,1.2948883422896575,1.2948883422896575,Cerdedo,Quireza (San Tomé),1,PNOA-2024-GAL-545-4714-H29-NPC01.LAZ
553,4728,1.294799916842082,0.0,1.294799916842082,A Estrada,Curantes (San Miguel),2,PNOA-2024-GAL-553-4728-H29-NPC01.LAZ
542,4686,0.0,1.2928436442389397,1.2928436442389397,Fornelos de Montes,Oitavén (San Vicente),1,PNOA-2024-GAL-542-4686-H29-NPC01.LAZ
542,4672,1.2896422778955583,0.0,1.2896422778955583,Ponteareas,Arcos (San Breixo),3,PNOA-2024-GAL-542-4672-H29-NPC01.LAZ
553,4724,0.0,1.2842605531691829,1.2842605531691829,Forcarei,Meavía (San Xoán),1,PNOA-2024-GAL-553-4724-H29-NPC01.LAZ
547,4712,0.0,1.2805504208104663,1.2805504208104663,Cerdedo,Castro (Santa Baia),1,PNOA-2024-GAL-547-4712-H29-NPC01.LAZ
561,4714,1.2776961912711815,0.0,1.2776961912711815,Lalín,Zobra (Santa Mariña),1,PNOA-2024-GAL-561-4714-H29-NPC01.LAZ
579,4728,1.2644955509384348,0.0,1.2644955509384348,Lalín,Parada (Santa María),1,PNOA-2024-GAL-579-4728-H29-NPC01.LAZ
572,4743,0.0,1.256500176999607,1.256500176999607,Agolada,Sesto (San Cibrao),1,PNOA-2024-GAL-572-4743-H29-NPC01.LAZ
559,4717,0.0,1.2559872156684782,1.2559872156684782,Forcarei,Aciveiro (Santa María),2,PNOA-2024-GAL-559-4717-H29-NPC01.LAZ
527,4700,0.0,1.2505165357119463,1.2505165357119463,Poio,Poio (San Salvador),2,PNOA-2024-GAL-527-4700-H29-NPC01.LAZ
534,4733,0.0,1.2402581055138433,1.2402581055138433,A Estrada,San Miguel de Barcala (San Miguel),1,PNOA-2024-GAL-534-4733-H29-NPC01.LAZ
554,4724,0.0,1.2392593853996592,1.2392593853996592,Silleda,Xestoso (Santa María),1,PNOA-2024-GAL-554-4724-H29-NPC01.LAZ
530,4684,1.2311501745868834,0.0,1.2311501745868834,Redondela,Cesantes (San Pedro),1,PNOA-2024-GAL-530-4684-H29-NPC01.LAZ
525,4702,0.0,1.2296111375588943,1.2296111375588943,Poio,Poio (San Xoán),1,PNOA-2024-GAL-525-4702-H29-NPC01.LAZ
553,4678,1.2295341876626127,0.0,1.2295341876626127,Covelo,Maceira (San Salvador),1,PNOA-2024-GAL-553-4678-H29-NPC01.LAZ
527,4693,0.0,1.2240195438311967,1.2240195438311967,Marín,Marín (San Xián),1,PNOA-2024-GAL-527-4693-H29-NPC01.LAZ
558,4683,1.2066677593201365,0.009972026910609659,1.216639786230746,Covelo,Godóns (Santa María),2,PNOA-2024-GAL-558-4683-H29-NPC01.LAZ
529,4729,0.0,1.203537026494195,1.203537026494195,Pontecesures,Pontecesures (San Xulián),2,PNOA-2024-GAL-529-4729-H29-NPC01.LAZ
570,4728,0.0,1.1944050964073172,1.1944050964073172,Lalín,Filgueira (Santa María),1,PNOA-2024-GAL-570-4728-H29-NPC01.LAZ
526,4687,0.0,1.1885647172150633,1.1885647172150633,Vilaboa,Cobres (Santo Adrán),1,PNOA-2024-GAL-526-4687-H29-NPC01.LAZ
555,4720,0.0,1.1769878835292635,1.1769878835292635,Forcarei,Pereira (San Bartolomeu),1,PNOA-2024-GAL-555-4720-H29-NPC01.LAZ
524,4720,1.1760475859315014,0.0,1.1760475859315014,Caldas de Reis,Saiar (Santo Estevo),2,PNOA-2024-GAL-524-4720-H29-NPC01.LAZ
526,4726,1.1741214402465123,0.0,1.1741214402465123,Valga,Setecoros (San Salvador),2,PNOA-2024-GAL-526-4726-H29-NPC01.LAZ
545,4709,1.1662587154525732,0.0,1.1662587154525732,Campo Lameiro,Montes (San Isidro),1,PNOA-2024-GAL-545-4709-H29-NPC01.LAZ
527,4688,0.0,1.1629268164201718,1.1629268164201718,Vilaboa,Santa Cristina de Cobres (Santa Cristina),1,PNOA-2024-GAL-527-4688-H29-NPC01.LAZ
541,4680,0.0,1.1604402990212233,1.1604402990212233,Mondariz,Toutón (San Mateo),1,PNOA-2024-GAL-541-4680-H29-NPC01.LAZ
536,4669,0.9410972340544446,0.1963343444241677,1.1374315784786122,Ponteareas,Arnoso (San Lourenzo),1,PNOA-2024-GAL-536-4669-H29-NPC01.LAZ
517,4657,0.0,1.120034809361082,1.120034809361082,Tomiño,Pinzás (Santa María),1,PNOA-2024-GAL-517-4657-H29-NPC01.LAZ
541,4673,0.8514902888423453,0.26682772974782176,1.118318018590167,Ponteareas,Prado (San Nicolao),1,PNOA-2024-GAL-541-4673-H29-NPC01.LAZ
580,4728,1.1135373829429112,0.0,1.1135373829429112,Lalín,Parada (Santa María),1,PNOA-2024-GAL-580-4728-H29-NPC01.LAZ
521,4680,0.0,1.0879068520218234,1.0879068520218234,Moaña,Tirán (San Xoán),1,PNOA-2024-GAL-521-4680-H29-NPC01.LAZ
528,4705,0.0,1.0800610607026453,1.0800610607026453,Barro,Portela (San Mamede),1,PNOA-2024-GAL-528-4705-H29-NPC01.LAZ
523,4648,0.0,1.0733763155821368,1.0733763155821368,Tomiño,Forcadela (San Pedro),1,PNOA-2024-GAL-523-4648-H29-NPC01.LAZ
528,4724,0.0,1.0728885713433367,1.0728885713433367,Valga,Setecoros (San Salvador),1,PNOA-2024-GAL-528-4724-H29-NPC01.LAZ
566,4746,1.072207036854851,0.0,1.072207036854851,Agolada,Agra (San Miguel),1,PNOA-2024-GAL-566-4746-H29-NPC01.LAZ
550,4668,0.14475128862933823,0.9248313718563898,1.069582660485728,As Neves,Batalláns (Santa Eulalia),1,PNOA-2024-GAL-550-4668-H29-NPC01.LAZ
555,4713,0.0,1.0682706043629175,1.0682706043629175,Forcarei,Millarada (San Amedio),1,PNOA-2024-GAL-555-4713-H29-NPC01.LAZ
561,4673,1.0653816936076699,0.0,1.0653816936076699,A Cañiza,O Couto (San Bartolomeu),3,PNOA-2024-GAL-561-4673-H29-NPC01.LAZ
549,4722,0.0,1.063864726051441,1.063864726051441,A Estrada,Ribela (Santa Mariña),1,PNOA-2024-GAL-549-4722-H29-NPC01.LAZ
547,4707,0.0,1.058725881888944,1.058725881888944,Cerdedo,Cerdedo (San Xoán),1,PNOA-2024-GAL-547-4707-H29-NPC01.LAZ
533,4725,1.0574174099440246,0.0,1.0574174099440246,Cuntis,Piñeiro (San Mamede),1,PNOA-2024-GAL-533-4725-H29-NPC01.LAZ
554,4678,1.0549522007828787,0.0,1.0549522007828787,Covelo,Maceira (San Salvador),1,PNOA-2024-GAL-554-4678-H29-NPC01.LAZ
509,4661,0.0,1.0547040813512547,1.0547040813512547,Oia,Mougás (Santa Uxía),1,PNOA-2024-GAL-509-4661-H29-NPC01.LAZ
563,4735,0.3859310632537822,0.6582473101562518,1.044178373410034,Lalín,Losón (Santa Baia),1,PNOA-2024-GAL-563-4735-H29-NPC01.LAZ
539,4713,0.0,1.0404990545913009,1.0404990545913009,Campo Lameiro,Moimenta (Santa María),1,PNOA-2024-GAL-539-4713-H29-NPC01.LAZ
551,4732,0.02392682935686551,1.016405714318914,1.0403325436757795,A Estrada,Orazo (San Pedro),1,PNOA-2024-GAL-551-4732-H29-NPC01.LAZ
523,4655,0.0,1.0393066469714936,1.0393066469714936,Tui,Pexegueiro (San Miguel),1,PNOA-2024-GAL-523-4655-H29-NPC01.LAZ
558,4710,0.0,1.0372518248676794,1.0372518248676794,Forcarei,A Madanela de Montes (Santa María Madanela),1,PNOA-2024-GAL-558-4710-H29-NPC01.LAZ
526,4663,0.026601218602166556,1.00879580134328,1.0353970199454465,O Porriño,Chenlo (San Xoán),1,PNOA-2024-GAL-526-4663-H29-NPC01.LAZ
548,4711,0.0,1.0316967310073892,1.0316967310073892,Cerdedo,Figueiroa (San Martiño),1,PNOA-2024-GAL-548-4711-H29-NPC01.LAZ
553,4682,0.7293364141157432,0.30229437392750896,1.0316307880432523,Covelo,Fofe (San Miguel),1,PNOA-2024-GAL-553-4682-H29-NPC01.LAZ
577,4732,0.0,1.031387540252238,1.031387540252238,Lalín,Cadrón (Santo Estevo),1,PNOA-2024-GAL-577-4732-H29-NPC01.LAZ
548,4737,0.0,1.025833552507085,1.025833552507085,A Estrada,Arnois (San Xiao),2,PNOA-2024-GAL-548-4737-H29-NPC01.LAZ
531,4714,0.0,1.018483726187986,1.018483726187986,Moraña,Saiáns (San Salvador),1,PNOA-2024-GAL-531-4714-H29-NPC01.LAZ
555,4718,0.0,1.0040005701133325,1.0040005701133325,Forcarei,Dúas Igrexas (Santa María),1,PNOA-2024-GAL-555-4718-H29-NPC01.LAZ
518,4683,0.30064018691074346,0.7022894699515756,1.0029296568623192,Cangas,Coiro (San Salvador),1,PNOA-2024-GAL-518-4683-H29-NPC01.LAZ
543,4673,1.0007836158824719,0.0,1.0007836158824719,Ponteareas,San Lourenzo de Oliveira (San Lourenzo),1,PNOA-2024-GAL-543-4673-H29-NPC01.LAZ
556,4689,0.9886618937473358,0.0,0.9886618937473358,Covelo,A Graña (San Bernabeu),1,PNOA-2024-GAL-556-4689-H29-NPC01.LAZ
518,4720,0.3569293734545732,0.6254850578741358,0.982414431328709,Vilagarcía de Arousa,Bamio (San Xens),1,PNOA-2024-GAL-518-4720-H29-NPC01.LAZ
551,4712,0.0,0.9816158661503547,0.9816158661503547,Cerdedo,Parada (San Pedro),1,PNOA-2024-GAL-551-4712-H29-NPC01.LAZ
565,4717,0.9797060173446173,0.0,0.9797060173446173,Lalín,Vilatuxe (San Lourenzo),1,PNOA-2024-GAL-565-4717-H29-NPC01.LAZ
544,4709,0.9758525953443559,0.0,0.9758525953443559,Campo Lameiro,Montes (San Isidro),1,PNOA-2024-GAL-544-4709-H29-NPC01.LAZ
573,4736,0.40508615991703273,0.5690844614337232,0.9741706213507559,Lalín,Cercio (Santiago),1,PNOA-2024-GAL-573-4736-H29-NPC01.LAZ
550,4715,0.0,0.9677226101071053,0.9677226101071053,Forcarei,Castrelo (Santa Mariña),1,PNOA-2024-GAL-550-4715-H29-NPC01.LAZ
551,4718,0.0,0.9638076221088073,0.9638076221088073,Forcarei,Forcarei (San Martiño),1,PNOA-2024-GAL-551-4718-H29-NPC01.LAZ
582,4721,0.9614011606394286,0.0,0.9614011606394286,Lalín,Castro de Cabras (San Pedro),1,PNOA-2024-GAL-582-4721-H29-NPC01.LAZ
541,4710,0.0,0.9559309357748982,0.9559309357748982,Campo Lameiro,Montes (San Isidro),1,PNOA-2024-GAL-541-4710-H29-NPC01.LAZ
537,4672,0.9532823672693559,0.0,0.9532823672693559,Ponteareas,Xinzo (Santa Mariña),1,PNOA-2024-GAL-537-4672-H29-NPC01.LAZ
578,4742,0.0,0.9476382625255535,0.9476382625255535,Agolada,Artoño (Santalla),1,PNOA-2024-GAL-578-4742-H29-NPC01.LAZ
567,4676,0.945937295140098,0.0,0.945937295140098,Crecente,Filgueira (San Pedro),1,PNOA-2024-GAL-567-4676-H29-NPC01.LAZ
549,4718,0.9451179526791529,0.0,0.9451179526791529,A Estrada,Liripio (San Xoán Bautista),2,PNOA-2024-GAL-549-4718-H29-NPC01.LAZ
545,4682,0.9446526198479304,0.0,0.9446526198479304,Mondariz,Gargamala (Santa María),1,PNOA-2024-GAL-545-4682-H29-NPC01.LAZ
555,4672,0.0,0.9333934964161833,0.9333934964161833,A Cañiza,Parada das Achas (Santiago),1,PNOA-2024-GAL-555-4672-H29-NPC01.LAZ
554,4728,0.0,0.9233734249651756,0.9233734249651756,Silleda,Moalde (San Mamede),1,PNOA-2024-GAL-554-4728-H29-NPC01.LAZ
542,4710,0.0,0.9096604816030278,0.9096604816030278,Campo Lameiro,Montes (San Isidro),1,PNOA-2024-GAL-542-4710-H29-NPC01.LAZ
553,4675,0.10187766576370237,0.8077675818284039,0.9096452475921063,Covelo,Santiago de Covelo (Santiago),1,PNOA-2024-GAL-553-4675-H29-NPC01.LAZ
537,4673,0.901024565754195,0.0,0.901024565754195,Ponteareas,Ribadetea (San Xurxo),1,PNOA-2024-GAL-537-4673-H29-NPC01.LAZ
579,4733,0.0,0.897711382210937,0.897711382210937,Agolada,Ferreiroa (San Pedro),1,PNOA-2024-GAL-579-4733-H29-NPC01.LAZ
538,4694,0.0,0.8963059305541633,0.8963059305541633,Ponte Caldelas,Tourón (Santa María),1,PNOA-2024-GAL-538-4694-H29-NPC01.LAZ
553,4719,0.0,0.8895771376397806,0.8895771376397806,Forcarei,Dúas Igrexas (Santa María),1,PNOA-2024-GAL-553-4719-H29-NPC01.LAZ
521,4718,0.8842672369659738,0.0,0.8842672369659738,Vilagarcía de Arousa,Arealonga (Santa Baia),2,PNOA-2024-GAL-521-4718-H29-NPC01.LAZ
519,4713,0.8834514746224372,0.0,0.8834514746224372,Vilagarcía de Arousa,Cornazo (San Pedro),3,PNOA-2024-GAL-519-4713-H29-NPC01.LAZ
537,4703,0.0,0.8801033676091973,0.8801033676091973,Cotobade,Tenorio (San Pedro),1,PNOA-2024-GAL-537-4703-H29-NPC01.LAZ
548,4701,0.8754201426468025,0.0,0.8754201426468025,A Lama,Covelo (San Sebastián),1,PNOA-2024-GAL-548-4701-H29-NPC01.LAZ
531,4725,0.004547338780916768,0.8685802795605526,0.8731276183414693,Valga,Setecoros (San Salvador),2,PNOA-2024-GAL-531-4725-H29-NPC01.LAZ
516,4645,0.0,0.8708602971842468,0.8708602971842468,Tomiño,Goián (San Cristovo),1,PNOA-2024-GAL-516-4645-H29-NPC01.LAZ
571,4717,0.0,0.8691497121556379,0.8691497121556379,Lalín,Doade (San Pedro),1,PNOA-2024-GAL-571-4717-H29-NPC01.LAZ
523,4668,0.0,0.8685497979042,0.8685497979042,Gondomar,Vincios (Santa Mariña),1,PNOA-2024-GAL-523-4668-H29-NPC01.LAZ
544,4721,0.868196929187049,0.0,0.868196929187049,A Estrada,Codeseda (San Xurxo),1,PNOA-2024-GAL-544-4721-H29-NPC01.LAZ
538,4664,0.86508781010374,0.0,0.86508781010374,Ponteareas,Nogueira (San Salvador),1,PNOA-2024-GAL-538-4664-H29-NPC01.LAZ
542,4691,0.0,0.8433083520012078,0.8433083520012078,Ponte Caldelas,Castro Barbudo (Santa María),1,PNOA-2024-GAL-542-4691-H29-NPC01.LAZ
547,4681,0.8405930975580068,0.0,0.8405930975580068,Mondariz,Sabaxáns (San Mamede),1,PNOA-2024-GAL-547-4681-H29-NPC01.LAZ
513,4663,0.0,0.8360257800077716,0.8360257800077716,Baiona,Baíña (Santa Mariña),2,PNOA-2024-GAL-513-4663-H29-NPC01.LAZ
509,4643,0.834889697335827,0.0,0.834889697335827,A Guarda,Salcidos (San Lourenzo),1,PNOA-2024-GAL-509-4643-H29-NPC01.LAZ
549,4724,0.047286351426749945,0.7857065276507831,0.832992879077533,A Estrada,Pardemarín (Santa Baia),1,PNOA-2024-GAL-549-4724-H29-NPC01.LAZ
563,4677,0.0,0.8316141555504086,0.8316141555504086,A Cañiza,Oroso (Santa María),1,PNOA-2024-GAL-563-4677-H29-NPC01.LAZ
555,4708,0.0,0.828886323275073,0.828886323275073,Forcarei,Pardesoa (Santiago),1,PNOA-2024-GAL-555-4708-H29-NPC01.LAZ
575,4726,0.8205656548432749,0.0,0.8205656548432749,Lalín,Goiás (San Miguel),1,PNOA-2024-GAL-575-4726-H29-NPC01.LAZ
531,4726,0.23818665527443883,0.5822573842631347,0.8204440395375735,Valga,Xanza (Santa María),1,PNOA-2024-GAL-531-4726-H29-NPC01.LAZ
528,4700,0.0,0.8172503680772731,0.8172503680772731,Poio,Poio (San Salvador),1,PNOA-2024-GAL-528-4700-H29-NPC01.LAZ
563,4715,0.0,0.8108756491269253,0.8108756491269253,Lalín,Vilatuxe (San Lourenzo),1,PNOA-2024-GAL-563-4715-H29-NPC01.LAZ
554,4709,0.0,0.8073164233755746,0.8073164233755746,Forcarei,San Miguel de Presqueiras (San Miguel),1,PNOA-2024-GAL-554-4709-H29-NPC01.LAZ
524,4703,0.0,0.8064605183271101,0.8064605183271101,Poio,Poio (San Xoán),1,PNOA-2024-GAL-524-4703-H29-NPC01.LAZ
571,4731,0.012061570321420547,0.7883927152408081,0.8004542855622286,Lalín,Palmou (San Xoán),1,PNOA-2024-GAL-571-4731-H29-NPC01.LAZ
512,4661,0.0,0.7912756659443823,0.7912756659443823,Baiona,Baíña (Santa Mariña),1,PNOA-2024-GAL-512-4661-H29-NPC01.LAZ
515,4694,0.7849488557312131,0.004879630856568933,0.789828486587782,Sanxenxo,Padriñán (San Xenxo),1,PNOA-2024-GAL-515-4694-H29-NPC01.LAZ
547,4718,0.0,0.7885366604861227,0.7885366604861227,A Estrada,Codeseda (San Xurxo),1,PNOA-2024-GAL-547-4718-H29-NPC01.LAZ
577,4727,0.0,0.785802835509865,0.785802835509865,Lalín,Goiás (San Miguel),1,PNOA-2024-GAL-577-4727-H29-NPC01.LAZ
566,4714,0.7805411241254009,0.0,0.7805411241254009,Lalín,Zobra (Santa Mariña),1,PNOA-2024-GAL-566-4714-H29-NPC01.LAZ
568,4716,0.6325582886382806,0.14462456477191046,0.777182853410191,Lalín,Lebozán (Santiago),1,PNOA-2024-GAL-568-4716-H29-NPC01.LAZ
532,4723,0.7761402964030807,0.0,0.7761402964030807,Cuntis,Estacas (San Fiz),1,PNOA-2024-GAL-532-4723-H29-NPC01.LAZ
518,4693,0.7656145765336477,0.0,0.7656145765336477,Sanxenxo,Dorrón (San Xoán),1,PNOA-2024-GAL-518-4693-H29-NPC01.LAZ
575,4745,0.0,0.7639511133594205,0.7639511133594205,Agolada,Agra (San Miguel),1,PNOA-2024-GAL-575-4745-H29-NPC01.LAZ
548,4665,0.7630213871279281,0.0,0.7630213871279281,As Neves,Taboexa (Santa María),2,PNOA-2024-GAL-548-4665-H29-NPC01.LAZ
546,4673,0.7599826763629614,0.0,0.7599826763629614,Mondariz,Mouriscados (San Cibrán),2,PNOA-2024-GAL-546-4673-H29-NPC01.LAZ
561,4724,0.7541430419742338,0.0,0.7541430419742338,Silleda,Cortegada (Santa María),1,PNOA-2024-GAL-561-4724-H29-NPC01.LAZ
558,4724,0.0,0.7469900205576073,0.7469900205576073,Silleda,Graba (Santa María),1,PNOA-2024-GAL-558-4724-H29-NPC01.LAZ
535,4681,0.7462107039443076,0.0,0.7462107039443076,Redondela,Reboreda (Santa María),3,PNOA-2024-GAL-535-4681-H29-NPC01.LAZ
534,4704,0.0,0.7390408489625571,0.7390408489625571,Campo Lameiro,Fragas (Santa Mariña),1,PNOA-2024-GAL-534-4704-H29-NPC01.LAZ
517,4719,0.7322492750482569,0.0,0.7322492750482569,Vilagarcía de Arousa,O Carril (Santiago de Fóra),1,PNOA-2024-GAL-517-4719-H29-NPC01.LAZ
534,4709,0.0,0.7263509330185759,0.7263509330185759,Moraña,Amil (San Mamede),1,PNOA-2024-GAL-534-4709-H29-NPC01.LAZ
515,4647,0.0,0.72206845766512,0.72206845766512,Oia,Loureza (San Mamede),1,PNOA-2024-GAL-515-4647-H29-NPC01.LAZ
536,4685,0.5957640062604971,0.1251461904943936,0.7209101967548907,Soutomaior,Soutomaior (San Salvador),2,PNOA-2024-GAL-536-4685-H29-NPC01.LAZ
521,4658,0.0,0.7150632771396364,0.7150632771396364,Gondomar,Couso (San Cristovo),1,PNOA-2024-GAL-521-4658-H29-NPC01.LAZ
509,4637,0.0,0.7106066586675485,0.7106066586675485,A Guarda,Camposancos (Santa Isabel),2,PNOA-2024-GAL-509-4637-H29-NPC01.LAZ
554,4670,0.7054552230832186,0.0,0.7054552230832186,A Cañiza,Parada das Achas (Santiago),1,PNOA-2024-GAL-554-4670-H29-NPC01.LAZ
569,4713,0.6931505526749879,0.0,0.6931505526749879,Lalín,Lebozán (Santiago),1,PNOA-2024-GAL-569-4713-H29-NPC01.LAZ
552,4670,0.6921439348205717,0.0,0.6921439348205717,A Cañiza,A Franqueira (Santa María),1,PNOA-2024-GAL-552-4670-H29-NPC01.LAZ
584,4745,0.0,0.6860490727460912,0.6860490727460912,Agolada,Ramil (San Martiño),1,PNOA-2024-GAL-584-4745-H29-NPC01.LAZ
568,4735,0.6749353592448216,0.0,0.6749353592448216,Lalín,Galegos (San Miguel),1,PNOA-2024-GAL-568-4735-H29-NPC01.LAZ
572,4715,0.6620486012332764,0.010114234004758653,0.672162835238035,Lalín,Vilanova (San Xoán),1,PNOA-2024-GAL-572-4715-H29-NPC01.LAZ
564,4731,0.0,0.6720404443268388,0.6720404443268388,Lalín,Losón (Santa Baia),1,PNOA-2024-GAL-564-4731-H29-NPC01.LAZ
538,4674,0.0,0.6682098576200872,0.6682098576200872,Ponteareas,Ribadetea (San Xurxo),1,PNOA-2024-GAL-538-4674-H29-NPC01.LAZ
567,4714,0.0,0.6548494335646553,0.6548494335646553,Lalín,Lebozán (Santiago),1,PNOA-2024-GAL-567-4714-H29-NPC01.LAZ
577,4722,0.0,0.6454120300757652,0.6454120300757652,Lalín,Albarellos (Santa María),1,PNOA-2024-GAL-577-4722-H29-NPC01.LAZ
560,4680,0.0,0.6399886728488805,0.6399886728488805,A Cañiza,Petán (San Xián),1,PNOA-2024-GAL-560-4680-H29-NPC01.LAZ
576,4734,0.0,0.6394856388576581,0.6394856388576581,Agolada,Vilariño (Santa María),1,PNOA-2024-GAL-576-4734-H29-NPC01.LAZ
559,4711,0.0,0.6359346713322814,0.6359346713322814,Forcarei,A Madanela de Montes (Santa María Madanela),1,PNOA-2024-GAL-559-4711-H29-NPC01.LAZ
539,4704,0.0,0.6311934824995197,0.6311934824995197,Cotobade,Viascón (Santiago),1,PNOA-2024-GAL-539-4704-H29-NPC01.LAZ
547,4700,0.6248213377538341,0.0,0.6248213377538341,A Lama,Escuadra (San Lourenzo),1,PNOA-2024-GAL-547-4700-H29-NPC01.LAZ
578,4741,0.0,0.6174980228391318,0.6174980228391318,Agolada,Artoño (Santalla),1,PNOA-2024-GAL-578-4741-H29-NPC01.LAZ
519,4702,0.0,0.6074158175568121,0.6074158175568121,Meis,A Armenteira (Santa María),1,PNOA-2024-GAL-519-4702-H29-NPC01.LAZ
554,4720,0.0,0.6008296975087598,0.6008296975087598,Forcarei,Pereira (San Bartolomeu),1,PNOA-2024-GAL-554-4720-H29-NPC01.LAZ
564,4719,0.5972479808518163,0.0,0.5972479808518163,Silleda,Parada (San Tomé),1,PNOA-2024-GAL-564-4719-H29-NPC01.LAZ
578,4744,0.0,0.596501040002977,0.596501040002977,Agolada,Berredo (Santa María),1,PNOA-2024-GAL-578-4744-H29-NPC01.LAZ
569,4736,0.5924115608204802,0.0,0.5924115608204802,Lalín,Galegos (San Miguel),1,PNOA-2024-GAL-569-4736-H29-NPC01.LAZ
527,4650,0.0,0.5876702523971014,0.5876702523971014,Tomiño,Amorín (San Xoán),1,PNOA-2024-GAL-527-4650-H29-NPC01.LAZ
542,4659,0.0,0.5745101030340999,0.5745101030340999,Salvaterra de Miño,Salvaterra (San Lourenzo),1,PNOA-2024-GAL-542-4659-H29-NPC01.LAZ
563,4714,0.0,0.5699884789868148,0.5699884789868148,Lalín,Zobra (Santa Mariña),1,PNOA-2024-GAL-563-4714-H29-NPC01.LAZ
531,4664,0.01099426476653673,0.5585546674756627,0.5695489322421995,O Porriño,San Salvador de Budiño (San Salvador),2,PNOA-2024-GAL-531-4664-H29-NPC01.LAZ
515,4648,0.0,0.5636219581320936,0.5636219581320936,Oia,Loureza (San Mamede),1,PNOA-2024-GAL-515-4648-H29-NPC01.LAZ
564,4718,0.0,0.5568289283056084,0.5568289283056084,Lalín,Vilatuxe (San Lourenzo),1,PNOA-2024-GAL-564-4718-H29-NPC01.LAZ
536,4698,0.0,0.546892380717896,0.546892380717896,Cotobade,Almofrei (San Lourenzo),1,PNOA-2024-GAL-536-4698-H29-NPC01.LAZ
529,4683,0.0,0.5456587905330972,0.5456587905330972,Redondela,Cedeira (Santo André),1,PNOA-2024-GAL-529-4683-H29-NPC01.LAZ
546,4710,0.0,0.5452911944021299,0.5452911944021299,Cerdedo,Pedre (Santo Estevo),1,PNOA-2024-GAL-546-4710-H29-NPC01.LAZ
561,4735,0.5452880533041907,0.0,0.5452880533041907,Silleda,Carboeiro (Santa María),1,PNOA-2024-GAL-561-4735-H29-NPC01.LAZ
568,4713,0.540487842956376,0.0,0.540487842956376,Lalín,Lebozán (Santiago),1,PNOA-2024-GAL-568-4713-H29-NPC01.LAZ
556,4688,0.5351689685516573,0.0,0.5351689685516573,Covelo,A Graña (San Bernabeu),1,PNOA-2024-GAL-556-4688-H29-NPC01.LAZ
554,4673,0.5338703683199062,0.0,0.5338703683199062,Covelo,A Lamosa (San Bartolomeu),1,PNOA-2024-GAL-554-4673-H29-NPC01.LAZ
580,4729,0.5328455226062628,0.0,0.5328455226062628,Lalín,Parada (Santa María),1,PNOA-2024-GAL-580-4729-H29-NPC01.LAZ
518,4701,0.5317818938733722,0.0,0.5317818938733722,Meaño,Xil (Santa Eulalia),1,PNOA-2024-GAL-518-4701-H29-NPC01.LAZ
553,4699,0.0,0.5285576276045276,0.5285576276045276,A Lama,A Barcia do Seixo (Santa Ana),1,PNOA-2024-GAL-553-4699-H29-NPC01.LAZ
565,4721,0.0,0.5279020800990252,0.5279020800990252,Lalín,Barcia (Santo Estevo),1,PNOA-2024-GAL-565-4721-H29-NPC01.LAZ
529,4681,0.5218661746211031,0.0,0.5218661746211031,Redondela,Cedeira (Santo André),2,PNOA-2024-GAL-529-4681-H29-NPC01.LAZ
554,4666,0.5156897274074954,0.0,0.5156897274074954,Arbo,Arbo (Santa María),1,PNOA-2024-GAL-554-4666-H29-NPC01.LAZ
570,4743,0.010501012638797186,0.48926487472181385,0.499765887360611,Agolada,Agra (San Miguel),1,PNOA-2024-GAL-570-4743-H29-NPC01.LAZ
511,4694,0.4893893279514101,0.0,0.4893893279514101,Sanxenxo,Noalla (Santo Estevo),1,PNOA-2024-GAL-511-4694-H29-NPC01.LAZ
535,4674,0.019282984379262902,0.4605411214527142,0.4798241058319771,Ponteareas,Ribadetea (San Xurxo),1,PNOA-2024-GAL-535-4674-H29-NPC01.LAZ
537,4686,0.0,0.472648248153299,0.472648248153299,Soutomaior,Soutomaior (San Salvador),1,PNOA-2024-GAL-537-4686-H29-NPC01.LAZ
544,4698,0.0,0.4716356362863299,0.4716356362863299,Cotobade,Aguasantas (Santa María),1,PNOA-2024-GAL-544-4698-H29-NPC01.LAZ
531,4723,0.0,0.4559054318587902,0.4559054318587902,Caldas de Reis,San Clemente de Cesar (San Clemente),1,PNOA-2024-GAL-531-4723-H29-NPC01.LAZ
546,4711,0.0,0.45423719078745745,0.45423719078745745,Cerdedo,Castro (Santa Baia),1,PNOA-2024-GAL-546-4711-H29-NPC01.LAZ
567,4668,0.45132412527394594,0.0,0.45132412527394594,Crecente,Sendelle (Santa Cruz),1,PNOA-2024-GAL-567-4668-H29-NPC01.LAZ
541,4716,0.0,0.45058010447610447,0.45058010447610447,A Estrada,Souto (Santo André),1,PNOA-2024-GAL-541-4716-H29-NPC01.LAZ
510,4645,0.0,0.43485890864637505,0.43485890864637505,O Rosal,O Rosal (Santa Mariña),1,PNOA-2024-GAL-510-4645-H29-NPC01.LAZ
524,4694,0.0,0.431892640621405,0.431892640621405,Marín,Marín (Santa María do Porto),2,PNOA-2024-GAL-524-4694-H29-NPC01.LAZ
570,4737,0.43122381141443017,0.0,0.43122381141443017,Lalín,Galegos (San Miguel),1,PNOA-2024-GAL-570-4737-H29-NPC01.LAZ
539,4719,0.4292060017615707,0.0,0.4292060017615707,Cuntis,Cequeril (Santa María),1,PNOA-2024-GAL-539-4719-H29-NPC01.LAZ
550,4711,0.0,0.41502263370325565,0.41502263370325565,Cerdedo,Figueiroa (San Martiño),1,PNOA-2024-GAL-550-4711-H29-NPC01.LAZ
528,4685,0.0,0.4144094829053312,0.4144094829053312,Vilaboa,Cobres (Santo Adrán),1,PNOA-2024-GAL-528-4685-H29-NPC01.LAZ
550,4725,0.35515662605434084,0.05714033143635797,0.41229695749069883,A Estrada,Pardemarín (Santa Baia),1,PNOA-2024-GAL-550-4725-H29-NPC01.LAZ
513,4668,0.0,0.4006106650322843,0.4006106650322843,Nigrán,Panxón (San Xoán),1,PNOA-2024-GAL-513-4668-H29-NPC01.LAZ
527,4719,0.0,0.39544330875012523,0.39544330875012523,Caldas de Reis,Bemil (Santa María),1,PNOA-2024-GAL-527-4719-H29-NPC01.LAZ
582,4726,0.39253949158366097,0.0,0.39253949158366097,Lalín,Alemparte (Santa María),1,PNOA-2024-GAL-582-4726-H29-NPC01.LAZ
571,4714,0.3877197862567836,0.0,0.3877197862567836,Lalín,Lebozán (Santiago),1,PNOA-2024-GAL-571-4714-H29-NPC01.LAZ
511,4683,0.38361845302484543,0.0,0.38361845302484543,Cangas,O Hío (Santo André),1,PNOA-2024-GAL-511-4683-H29-NPC01.LAZ
540,4678,0.0,0.3803291575063834,0.3803291575063834,Ponteareas,Paredes (San Cibrán),1,PNOA-2024-GAL-540-4678-H29-NPC01.LAZ
570,4742,0.37759004671086593,0.0,0.37759004671086593,Agolada,Agra (San Miguel),1,PNOA-2024-GAL-570-4742-H29-NPC01.LAZ
527,4701,0.0,0.37045112707743877,0.37045112707743877,Poio,Poio (San Xoán),1,PNOA-2024-GAL-527-4701-H29-NPC01.LAZ
574,4717,0.37040437748074284,0.0,0.37040437748074284,Lalín,A Xesta (San Fiz),1,PNOA-2024-GAL-574-4717-H29-NPC01.LAZ
557,4707,0.0,0.3589702443214375,0.3589702443214375,Forcarei,Pardesoa (Santiago),1,PNOA-2024-GAL-557-4707-H29-NPC01.LAZ
577,4729,0.33839915034512175,0.0,0.33839915034512175,Lalín,A Veiga (San Ramón),1,PNOA-2024-GAL-577-4729-H29-NPC01.LAZ
579,4724,0.33719889589715696,0.0,0.33719889589715696,Lalín,Maceira (San Martiño),1,PNOA-2024-GAL-579-4724-H29-NPC01.LAZ
549,4694,0.0,0.33222996094483725,0.33222996094483725,A Lama,Xesta (San Bartolomeu),1,PNOA-2024-GAL-549-4694-H29-NPC01.LAZ
529,4675,0.0,0.32862884829598465,0.32862884829598465,Mos,Torroso (San Mamede),2,PNOA-2024-GAL-529-4675-H29-NPC01.LAZ
549,4659,0.0,0.3242105383702953,0.3242105383702953,As Neves,Setados (Santa Euxenia),2,PNOA-2024-GAL-549-4659-H29-NPC01.LAZ
508,4657,0.0,0.3241651291874256,0.3241651291874256,Oia,Mougás (Santa Uxía),1,PNOA-2024-GAL-508-4657-H29-NPC01.LAZ
545,4702,0.0,0.31339841874230573,0.31339841874230573,Cotobade,Loureiro (Santiago),1,PNOA-2024-GAL-545-4702-H29-NPC01.LAZ
548,4713,0.0,0.30654446142944725,0.30654446142944725,Cerdedo,Castro (Santa Baia),1,PNOA-2024-GAL-548-4713-H29-NPC01.LAZ
545,4707,0.0,0.29715184866163924,0.29715184866163924,Cotobade,Sacos (Santa María),1,PNOA-2024-GAL-545-4707-H29-NPC01.LAZ
538,4696,0.0,0.29694422932513304,0.29694422932513304,Ponte Caldelas,Tourón (Santa María),1,PNOA-2024-GAL-538-4696-H29-NPC01.LAZ
520,4684,0.0,0.28477139248467587,0.28477139248467587,Moaña,Moaña (San Martiño),1,PNOA-2024-GAL-520-4684-H29-NPC01.LAZ
541,4699,0.0,0.2700992803848461,0.2700992803848461,Cotobade,Borela (San Martiño),1,PNOA-2024-GAL-541-4699-H29-NPC01.LAZ
548,4720,0.2535636192281861,0.011914330628711643,0.26547794985689777,A Estrada,Liripio (San Xoán Bautista),1,PNOA-2024-GAL-548-4720-H29-NPC01.LAZ
556,4719,0.0,0.2617902233241652,0.2617902233241652,Forcarei,Aciveiro (Santa María),1,PNOA-2024-GAL-556-4719-H29-NPC01.LAZ
541,4689,0.2587002026493366,0.0,0.2587002026493366,Ponte Caldelas,Castro Barbudo (Santa María),3,PNOA-2024-GAL-541-4689-H29-NPC01.LAZ
543,4672,0.2499550325579492,0.0,0.2499550325579492,Ponteareas,Arcos (San Breixo),2,PNOA-2024-GAL-543-4672-H29-NPC01.LAZ
560,4709,0.0,0.24292537195129196,0.24292537195129196,Forcarei,A Madanela de Montes (Santa María Madanela),1,PNOA-2024-GAL-560-4709-H29-NPC01.LAZ
512,4653,0.0,0.2428460778781633,0.2428460778781633,Oia,Burgueira (San Pedro),1,PNOA-2024-GAL-512-4653-H29-NPC01.LAZ
573,4740,0.0,0.24243397629530922,0.24243397629530922,Agolada,Brántega (San Lourenzo),1,PNOA-2024-GAL-573-4740-H29-NPC01.LAZ
524,4698,0.0,0.24076606880338444,0.24076606880338444,Poio,Combarro (San Roque),1,PNOA-2024-GAL-524-4698-H29-NPC01.LAZ
523,4718,0.23827698378939147,0.0,0.23827698378939147,Vilagarcía de Arousa,Cea (San Pedro),1,PNOA-2024-GAL-523-4718-H29-NPC01.LAZ
556,4725,0.0,0.2317740824637659,0.2317740824637659,Silleda,Graba (Santa María),1,PNOA-2024-GAL-556-4725-H29-NPC01.LAZ
549,4713,0.0,0.2286960251585477,0.2286960251585477,Cerdedo,Figueiroa (San Martiño),1,PNOA-2024-GAL-549-4713-H29-NPC01.LAZ
524,4718,0.22753902254508168,0.0,0.22753902254508168,Caldas de Reis,Saiar (Santo Estevo),1,PNOA-2024-GAL-524-4718-H29-NPC01.LAZ
541,4712,0.22670401950720162,0.0,0.22670401950720162,Campo Lameiro,Morillas (Santiago),1,PNOA-2024-GAL-541-4712-H29-NPC01.LAZ
544,4687,0.0,0.2256904249278458,0.2256904249278458,Fornelos de Montes,Fornelos de Montes (San Lourenzo),1,PNOA-2024-GAL-544-4687-H29-NPC01.LAZ
566,4670,0.21917789522668146,0.0,0.21917789522668146,Crecente,O Freixo (San Roque),2,PNOA-2024-GAL-566-4670-H29-NPC01.LAZ
550,4729,0.2143226804219226,0.0,0.2143226804219226,A Estrada,Curantes (San Miguel),1,PNOA-2024-GAL-550-4729-H29-NPC01.LAZ
519,4659,0.0,0.2123903768324465,0.2123903768324465,Gondomar,Mañufe (San Vicente),1,PNOA-2024-GAL-519-4659-H29-NPC01.LAZ
581,4745,0.20465805872727885,0.0,0.20465805872727885,Agolada,Basadre (Santa María),1,PNOA-2024-GAL-581-4745-H29-NPC01.LAZ
516,4694,0.0,0.20072142079833039,0.20072142079833039,Sanxenxo,Padriñán (San Xenxo),1,PNOA-2024-GAL-516-4694-H29-NPC01.LAZ
510,4700,0.11260821140901517,0.07879021755809643,0.1913984289671116,Sanxenxo,Noalla (Santo Estevo),1,PNOA-2024-GAL-510-4700-H29-NPC01.LAZ
548,4691,0.0,0.18891828011879058,0.18891828011879058,A Lama,Gaxate (San Pedro),1,PNOA-2024-GAL-548-4691-H29-NPC01.LAZ
523,4688,0.0,0.18403358687929594,0.18403358687929594,Marín,Ardán (Santa María),1,PNOA-2024-GAL-523-4688-H29-NPC01.LAZ
569,4714,0.0,0.1810810435111649,0.1810810435111649,Lalín,Lebozán (Santiago),1,PNOA-2024-GAL-569-4714-H29-NPC01.LAZ
549,4690,0.0,0.18085517041286428,0.18085517041286428,Fornelos de Montes,A Laxe (San Xosé),1,PNOA-2024-GAL-549-4690-H29-NPC01.LAZ
551,4711,0.0,0.180676859950231,0.180676859950231,Cerdedo,Cerdedo (San Xoán),1,PNOA-2024-GAL-551-4711-H29-NPC01.LAZ
517,4646,0.0,0.17980362149028814,0.17980362149028814,Tomiño,Goián (San Cristovo),1,PNOA-2024-GAL-517-4646-H29-NPC01.LAZ
576,4735,0.0,0.17398948544937215,0.17398948544937215,Agolada,Vilariño (Santa María),1,PNOA-2024-GAL-576-4735-H29-NPC01.LAZ
544,4689,0.17103100495109289,0.0,0.17103100495109289,Ponte Caldelas,Anceu (Santo André),1,PNOA-2024-GAL-544-4689-H29-NPC01.LAZ
578,4734,0.0,0.16960794980716415,0.16960794980716415,Agolada,Esperante (San Cibrao),1,PNOA-2024-GAL-578-4734-H29-NPC01.LAZ
516,4658,0.0,0.16674011668098862,0.16674011668098862,Baiona,Belesar (San Lourenzo),1,PNOA-2024-GAL-516-4658-H29-NPC01.LAZ
552,4710,0.0,0.1617897178238096,0.1617897178238096,Cerdedo,Folgoso (Santa María),1,PNOA-2024-GAL-552-4710-H29-NPC01.LAZ
550,4720,0.0,0.16059193876220407,0.16059193876220407,Forcarei,Quintillán (San Pedro),1,PNOA-2024-GAL-550-4720-H29-NPC01.LAZ
525,4664,0.16048790322806047,0.0,0.16048790322806047,O Porriño,Chenlo (San Xoán),1,PNOA-2024-GAL-525-4664-H29-NPC01.LAZ
573,4714,0.0,0.14868499105224284,0.14868499105224284,Lalín,Vilanova (San Xoán),1,PNOA-2024-GAL-573-4714-H29-NPC01.LAZ
512,4664,0.0,0.1478723009985227,0.1478723009985227,Baiona,Baiona (Santa María),1,PNOA-2024-GAL-512-4664-H29-NPC01.LAZ
564,4671,0.0,0.14760994720310844,0.14760994720310844,A Cañiza,O Couto (San Bartolomeu),1,PNOA-2024-GAL-564-4671-H29-NPC01.LAZ
524,4681,0.0,0.14722021591579035,0.14722021591579035,Moaña,Meira (Santa Eulalia),1,PNOA-2024-GAL-524-4681-H29-NPC01.LAZ
528,4691,0.0,0.1383925352983694,0.1383925352983694,Vilaboa,Vilaboa (San Martiño),1,PNOA-2024-GAL-528-4691-H29-NPC01.LAZ
527,4689,0.0,0.1359591152202469,0.1359591152202469,Vilaboa,Santa Cristina de Cobres (Santa Cristina),1,PNOA-2024-GAL-527-4689-H29-NPC01.LAZ
529,4678,0.0,0.13057475585137715,0.13057475585137715,Redondela,Cabeiro (San Xoán),1,PNOA-2024-GAL-529-4678-H29-NPC01.LAZ
562,4723,0.12810850715774535,0.0,0.12810850715774535,Silleda,Cortegada (Santa María),1,PNOA-2024-GAL-562-4723-H29-NPC01.LAZ
525,4726,0.0,0.12779788408910223,0.12779788408910223,Catoira,Dimo (San Pedro),1,PNOA-2024-GAL-525-4726-H29-NPC01.LAZ
548,4666,0.11537712772303267,0.0,0.11537712772303267,As Neves,Taboexa (Santa María),2,PNOA-2024-GAL-548-4666-H29-NPC01.LAZ
554,4676,0.024686099490949468,0.08941348198773347,0.11409958147868293,Covelo,Santiago de Covelo (Santiago),1,PNOA-2024-GAL-554-4676-H29-NPC01.LAZ
537,4719,0.0,0.11399137973686868,0.11399137973686868,Cuntis,Cuntis (Santa María),1,PNOA-2024-GAL-537-4719-H29-NPC01.LAZ
532,4733,0.0,0.11224561433335307,0.11224561433335307,A Estrada,San Miguel de Barcala (San Miguel),1,PNOA-2024-GAL-532-4733-H29-NPC01.LAZ
529,4654,0.0,0.10772455294972716,0.10772455294972716,Tui,Randufe (Santa María da Guía),2,PNOA-2024-GAL-529-4654-H29-NPC01.LAZ
543,4707,0.0,0.10205085966362634,0.10205085966362634,Cotobade,Sacos (Santa María),1,PNOA-2024-GAL-543-4707-H29-NPC01.LAZ
534,4665,0.0007690976452745051,0.09825612797359752,0.09902522561887203,O Porriño,Atios (Santa Eulalia),1,PNOA-2024-GAL-534-4665-H29-NPC01.LAZ
516,4644,0.0,0.09471485808280831,0.09471485808280831,Tomiño,Goián (San Cristovo),1,PNOA-2024-GAL-516-4644-H29-NPC01.LAZ
526,4688,0.0,0.09443227457526768,0.09443227457526768,Vilaboa,Cobres (Santo Adrán),1,PNOA-2024-GAL-526-4688-H29-NPC01.LAZ
534,4675,0.0,0.09199779462387227,0.09199779462387227,Mos,Louredo (San Salvador),1,PNOA-2024-GAL-534-4675-H29-NPC01.LAZ
542,4701,0.0,0.09090985814730328,0.09090985814730328,Cotobade,Rebordelo (San Martiño),2,PNOA-2024-GAL-542-4701-H29-NPC01.LAZ
537,4717,0.08919961060378097,0.0,0.08919961060378097,Cuntis,Cequeril (Santa María),1,PNOA-2024-GAL-537-4717-H29-NPC01.LAZ
536,4679,0.0,0.0875553810383553,0.0875553810383553,Pazos de Borbén,Cepeda (San Pedro),2,PNOA-2024-GAL-536-4679-H29-NPC01.LAZ
518,4718,0.0,0.08646966233665726,0.08646966233665726,Vilagarcía de Arousa,O Carril (Santiago de Fóra),2,PNOA-2024-GAL-518-4718-H29-NPC01.LAZ
537,4682,0.0,0.08443692646691596,0.08443692646691596,Pazos de Borbén,Amoedo (San Sadurniño),1,PNOA-2024-GAL-537-4682-H29-NPC01.LAZ
512,4637,0.08331693498407892,0.0,0.08331693498407892,A Guarda,Camposancos (Santa Isabel),1,PNOA-2024-GAL-512-4637-H29-NPC01.LAZ
546,4691,0.0795223122360658,0.0,0.0795223122360658,Ponte Caldelas,Forzáns (San Fiz),1,PNOA-2024-GAL-546-4691-H29-NPC01.LAZ
582,4742,0.0,0.07243588677291485,0.07243588677291485,Agolada,Eidián (Santiago),1,PNOA-2024-GAL-582-4742-H29-NPC01.LAZ
553,4723,0.0,0.07126570816967416,0.07126570816967416,Forcarei,Meavía (San Xoán),1,PNOA-2024-GAL-553-4723-H29-NPC01.LAZ
511,4636,0.016645535429333325,0.04444205363528451,0.06108758906461784,A Guarda,Camposancos (Santa Isabel),1,PNOA-2024-GAL-511-4636-H29-NPC01.LAZ
527,4674,0.0,0.060468276121387464,0.060468276121387464,Mos,Tameiga (San Martiño),1,PNOA-2024-GAL-527-4674-H29-NPC01.LAZ
526,4730,0.06042905509562557,0.0,0.06042905509562557,Valga,Campaña (Santa Cristina),1,PNOA-2024-GAL-526-4730-H29-NPC01.LAZ
559,4718,0.0,0.05983766728812463,0.05983766728812463,Forcarei,Aciveiro (Santa María),1,PNOA-2024-GAL-559-4718-H29-NPC01.LAZ
565,4746,0.05884182220262935,0.0,0.05884182220262935,Agolada,Agra (San Miguel),1,PNOA-2024-GAL-565-4746-H29-NPC01.LAZ
536,4680,0.0,0.05733649018481431,0.05733649018481431,Pazos de Borbén,Nespereira (San Martiño),1,PNOA-2024-GAL-536-4680-H29-NPC01.LAZ
548,4723,0.04515740444255621,0.01116812727768033,0.05632553172023654,A Estrada,Vinseiro (Santa Cristina),1,PNOA-2024-GAL-548-4723-H29-NPC01.LAZ
518,4679,0.0,0.05603492112312007,0.05603492112312007,Cangas,Coiro (San Salvador),1,PNOA-2024-GAL-518-4679-H29-NPC01.LAZ
517,4647,0.0,0.0535170308534914,0.0535170308534914,Tomiño,Figueiró (San Martiño),1,PNOA-2024-GAL-517-4647-H29-NPC01.LAZ
531,4721,0.0,0.05306819002164194,0.05306819002164194,Caldas de Reis,San Clemente de Cesar (San Clemente),1,PNOA-2024-GAL-531-4721-H29-NPC01.LAZ
546,4700,0.052438297694542245,0.0,0.052438297694542245,A Lama,Escuadra (San Lourenzo),1,PNOA-2024-GAL-546-4700-H29-NPC01.LAZ
530,4728,0.0,0.05150531723297405,0.05150531723297405,Valga,Valga (San Miguel),1,PNOA-2024-GAL-530-4728-H29-NPC01.LAZ
555,4668,0.0,0.04363082543018654,0.04363082543018654,A Cañiza,Luneda (Santa María),1,PNOA-2024-GAL-555-4668-H29-NPC01.LAZ
530,4676,0.0,0.034420092390540995,0.034420092390540995,Redondela,Vilar de Infesta (San Martiño),1,PNOA-2024-GAL-530-4676-H29-NPC01.LAZ
529,4677,0.007526313955647877,0.025386235317746194,0.03291254927339407,Redondela,Vilar de Infesta (San Martiño),1,PNOA-2024-GAL-529-4677-H29-NPC01.LAZ
538,4692,0.029913424239386338,0.0,0.029913424239386338,Ponte Caldelas,Ponte Caldelas (Santa Eulalia),1,PNOA-2024-GAL-538-4692-H29-NPC01.LAZ
573,4737,0.0,0.028187263078838207,0.028187263078838207,Agolada,Carmoega (San Pedro),1,PNOA-2024-GAL-573-4737-H29-NPC01.LAZ
532,4725,0.0,0.02783393901706396,0.02783393901706396,Cuntis,Estacas (San Fiz),1,PNOA-2024-GAL-532-4725-H29-NPC01.LAZ
578,4736,0.0,0.020309631799529316,0.020309631799529316,Agolada,Santa Comba (San Xoán),1,PNOA-2024-GAL-578-4736-H29-NPC01.LAZ
512,4681,0.018675093836508606,0.0,0.018675093836508606,Cangas,O Hío (Santo André),1,PNOA-2024-GAL-512-4681-H29-NPC01.LAZ
530,4683,0.01486503440512483,0.0,0.01486503440512483,Redondela,Cedeira (Santo André),1,PNOA-2024-GAL-530-4683-H29-NPC01.LAZ
528,4693,0.0,0.014456942908102757,0.014456942908102757,Vilaboa,Santa Comba de Bértola (Santa Comba),1,PNOA-2024-GAL-528-4693-H29-NPC01.LAZ
525,4651,0.0,0.01370235872194417,0.01370235872194417,Tomiño,Amorín (San Xoán),1,PNOA-2024-GAL-525-4651-H29-NPC01.LAZ
534,4674,0.0,0.013622171950684001,0.013622171950684001,Mos,Louredo (San Salvador),1,PNOA-2024-GAL-534-4674-H29-NPC01.LAZ
535,4697,0.012847421373329166,0.0,0.012847421373329166,Ponte Caldelas,Tourón (Santa María),1,PNOA-2024-GAL-535-4697-H29-NPC01.LAZ
537,4735,0.01243459162690058,0.0,0.01243459162690058,A Estrada,Couso (Santa María),1,PNOA-2024-GAL-537-4735-H29-NPC01.LAZ
542,4706,0.0,0.01144606738004905,0.01144606738004905,Cotobade,Sacos (Santa María),1,PNOA-2024-GAL-542-4706-H29-NPC01.LAZ
574,4746,0.0,0.011258185450632337,0.011258185450632337,Agolada,Agra (San Miguel),1,PNOA-2024-GAL-574-4746-H29-NPC01.LAZ
513,4708,0.008667179466364902,0.0,0.008667179466364902,Cambados,Corvillón (San Amedio),1,PNOA-2024-GAL-513-4708-H29-NPC01.LAZ
552,4662,0.0,0.007365938351332288,0.007365938351332288,Arbo,Sela (Santa María),1,PNOA-2024-GAL-552-4662-H29-NPC01.LAZ
539,4659,0.007335958202439592,0.0,0.007335958202439592,Salvaterra de Miño,Arantei (San Pedro),1,PNOA-2024-GAL-539-4659-H29-NPC01.LAZ
557,4680,0.007289950867637306,0.0,0.007289950867637306,Covelo,Godóns (Santa María),1,PNOA-2024-GAL-557-4680-H29-NPC01.LAZ
535,4726,0.0,0.006761472129512627,0.006761472129512627,Cuntis,Couselo (San Miguel),1,PNOA-2024-GAL-535-4726-H29-NPC01.LAZ
547,4703,0.0,0.004296906127891305,0.004296906127891305,Cotobade,Caroi (Santiago),1,PNOA-2024-GAL-547-4703-H29-NPC01.LAZ
513,4714,0.0,0.004010007368383319,0.004010007368383319,Vilanova de Arousa,Vilanova de Arousa (San Cibrán),1,PNOA-2024-GAL-513-4714-H29-NPC01.LAZ
522,4726,0.0,0.003590504660687222,0.003590504660687222,Catoira,Oeste (Santa Baia),1,PNOA-2024-GAL-522-4726-H29-NPC01.LAZ
581,4735,0.0,0.0031924612392192075,0.0031924612392192075,Agolada,Ferreiroa (San Pedro),1,PNOA-2024-GAL-581-4735-H29-NPC01.LAZ
546,4734,0.0027794389252351615,0.0,0.0027794389252351615,A Estrada,Berres (San Vicenzo),1,PNOA-2024-GAL-546-4734-H29-NPC01.LAZ
563,4733,0.002715555189753334,0.0,0.002715555189753334,Lalín,Losón (Santa Baia),1,PNOA-2024-GAL-563-4733-H29-NPC01.LAZ
547,4671,0.0,0.0025564611013556052,0.0025564611013556052,Ponteareas,Guillade (San Miguel),1,PNOA-2024-GAL-547-4671-H29-NPC01.LAZ
547,4711,0.0,0.0010824106061348173,0.0010824106061348173,Cerdedo,Figueiroa (San Martiño),1,PNOA-2024-GAL-547-4711-H29-NPC01.LAZ
522,4696,0.0,0.0007259305451670935,0.0007259305451670935,Poio,Samieira (Santa María),1,PNOA-2024-GAL-522-4696-H29-NPC01.LAZ
582,4725,0.0007110628844463683,0.0,0.0007110628844463683,Lalín,Alemparte (Santa María),1,PNOA-2024-GAL-582-4725-H29-NPC01.LAZ
514,4707,0.0,0.00034852947392824516,0.00034852947392824516,Cambados,Cambados (Santa Mariña),1,PNOA-2024-GAL-514-4707-H29-NPC01.LAZ
584,4744,0.0,0.00014582675662991312,0.00014582675662991312,Agolada,Ramil (San Martiño),1,PNOA-2024-GAL-584-4744-H29-NPC01.LAZ
