bloque,nw_x,nw_y,mb,s_descarga,s_proceso,estado,error
PNOA-2024-GAL-557-4670-H29-NPC01.LAZ,557,4670,155.9,8.7,397.0,ok,
PNOA-2024-GAL-560-4674-H29-NPC01.LAZ,560,4674,94.7,4.3,1334.8,ok,
PNOA-2024-GAL-562-4667-H29-NPC01.LAZ,562,4667,71.6,3.8,513.6,ok,
PNOA-2024-GAL-556-4668-H29-NPC01.LAZ,556,4668,93.2,7.6,568.1,ok,
PNOA-2024-GAL-559-4669-H29-NPC01.LAZ,559,4669,82.3,4.0,372.2,ok,
PNOA-2024-GAL-561-4667-H29-NPC01.LAZ,561,4667,83.1,3.9,448.0,ok,
PNOA-2024-GAL-557-4663-H29-NPC01.LAZ,557,4663,63.7,3.0,487.4,ok,
PNOA-2024-GAL-558-4671-H29-NPC01.LAZ,558,4671,101.3,6.1,517.0,ok,
PNOA-2024-GAL-560-4665-H29-NPC01.LAZ,560,4665,80.3,3.4,444.9,ok,
PNOA-2024-GAL-559-4675-H29-NPC01.LAZ,559,4675,120.2,0.0,270.4,ok,
PNOA-2024-GAL-558-4670-H29-NPC01.LAZ,558,4670,153.6,6.0,213.1,ok,
PNOA-2024-GAL-558-4666-H29-NPC01.LAZ,558,4666,58.6,2.6,220.7,ok,
PNOA-2024-GAL-556-4663-H29-NPC01.LAZ,556,4663,60.5,2.9,341.1,ok,
PNOA-2024-GAL-564-4667-H29-NPC01.LAZ,564,4667,94.8,16.9,335.5,ok,
PNOA-2024-GAL-559-4670-H29-NPC01.LAZ,559,4670,155.2,5.9,290.1,ok,
PNOA-2024-GAL-559-4668-H29-NPC01.LAZ,559,4668,89.2,3.5,189.9,ok,
PNOA-2024-GAL-564-4668-H29-NPC01.LAZ,564,4668,73.4,2.9,163.6,ok,
PNOA-2024-GAL-552-4677-H29-NPC01.LAZ,552,4677,108.6,4.6,171.0,ok,
PNOA-2024-GAL-552-4676-H29-NPC01.LAZ,552,4676,86.1,3.3,128.4,ok,
PNOA-2024-GAL-562-4669-H29-NPC01.LAZ,562,4669,99.6,4.0,156.1,ok,
PNOA-2024-GAL-560-4675-H29-NPC01.LAZ,560,4675,81.4,3.1,119.0,ok,
PNOA-2024-GAL-559-4667-H29-NPC01.LAZ,559,4667,84.2,4.0,114.5,ok,
PNOA-2024-GAL-561-4675-H29-NPC01.LAZ,561,4675,53.3,2.8,125.4,ok,
PNOA-2024-GAL-563-4666-H29-NPC01.LAZ,563,4666,59.8,2.4,115.4,ok,
PNOA-2024-GAL-562-4671-H29-NPC01.LAZ,562,4671,46.4,2.1,99.7,ok,
PNOA-2024-GAL-555-4662-H29-NPC01.LAZ,555,4662,73.5,4.4,140.5,ok,
PNOA-2024-GAL-558-4679-H29-NPC01.LAZ,558,4679,153.1,7.0,263.8,ok,
PNOA-2024-GAL-560-4669-H29-NPC01.LAZ,560,4669,96.2,4.7,155.0,ok,
PNOA-2024-GAL-557-4666-H29-NPC01.LAZ,557,4666,60.5,2.7,144.7,ok,
PNOA-2024-GAL-558-4669-H29-NPC01.LAZ,558,4669,94.2,3.7,122.1,ok,
PNOA-2024-GAL-558-4667-H29-NPC01.LAZ,558,4667,77.5,3.3,112.0,ok,
PNOA-2024-GAL-557-4683-H29-NPC01.LAZ,557,4683,69.7,2.8,113.9,ok,
PNOA-2024-GAL-563-4667-H29-NPC01.LAZ,563,4667,90.8,3.8,115.3,ok,
PNOA-2024-GAL-559-4676-H29-NPC01.LAZ,559,4676,84.4,3.4,118.6,ok,
PNOA-2024-GAL-557-4675-H29-NPC01.LAZ,557,4675,87.5,3.4,123.0,ok,
PNOA-2024-GAL-564-4669-H29-NPC01.LAZ,564,4669,65.0,2.6,115.4,ok,
PNOA-2024-GAL-561-4666-H29-NPC01.LAZ,561,4666,52.9,3.9,100.6,ok,
PNOA-2024-GAL-553-4661-H29-NPC01.LAZ,553,4661,50.7,2.3,107.7,ok,
PNOA-2024-GAL-562-4672-H29-NPC01.LAZ,562,4672,77.4,4.7,119.9,ok,
PNOA-2024-GAL-560-4667-H29-NPC01.LAZ,560,4667,89.2,7.5,121.1,ok,
PNOA-2024-GAL-553-4680-H29-NPC01.LAZ,553,4680,83.6,5.8,119.8,ok,
PNOA-2024-GAL-549-4680-H29-NPC01.LAZ,549,4680,136.2,5.8,132.8,ok,
PNOA-2024-GAL-557-4667-H29-NPC01.LAZ,557,4667,78.3,3.1,115.2,ok,
PNOA-2024-GAL-560-4668-H29-NPC01.LAZ,560,4668,85.3,3.6,131.5,ok,
PNOA-2024-GAL-550-4673-H29-NPC01.LAZ,550,4673,45.1,2.2,115.1,ok,
PNOA-2024-GAL-567-4669-H29-NPC01.LAZ,567,4669,59.5,2.4,113.6,ok,
PNOA-2024-GAL-554-4661-H29-NPC01.LAZ,554,4661,58.8,2.4,114.8,ok,
PNOA-2024-GAL-563-4669-H29-NPC01.LAZ,563,4669,68.2,4.1,109.9,ok,
PNOA-2024-GAL-561-4671-H29-NPC01.LAZ,561,4671,50.7,2.1,110.3,ok,
PNOA-2024-GAL-557-4668-H29-NPC01.LAZ,557,4668,106.3,4.8,122.1,ok,
PNOA-2024-GAL-550-4678-H29-NPC01.LAZ,550,4678,47.3,1.9,101.2,ok,
PNOA-2024-GAL-553-4676-H29-NPC01.LAZ,553,4676,79.4,3.0,103.5,ok,
PNOA-2024-GAL-558-4674-H29-NPC01.LAZ,558,4674,130.6,5.6,125.5,ok,
PNOA-2024-GAL-557-4674-H29-NPC01.LAZ,557,4674,140.6,6.2,140.9,ok,
PNOA-2024-GAL-558-4664-H29-NPC01.LAZ,558,4664,59.5,2.4,138.4,ok,
PNOA-2024-GAL-552-4661-H29-NPC01.LAZ,552,4661,63.5,2.6,139.9,ok,
PNOA-2024-GAL-563-4671-H29-NPC01.LAZ,563,4671,48.6,2.2,113.2,ok,
PNOA-2024-GAL-559-4677-H29-NPC01.LAZ,559,4677,94.4,4.6,120.3,ok,
PNOA-2024-GAL-560-4670-H29-NPC01.LAZ,560,4670,140.7,5.5,124.5,ok,
PNOA-2024-GAL-558-4676-H29-NPC01.LAZ,558,4676,82.5,4.2,111.2,ok,
PNOA-2024-GAL-554-4663-H29-NPC01.LAZ,554,4663,80.6,4.1,126.0,ok,
PNOA-2024-GAL-551-4670-H29-NPC01.LAZ,551,4670,149.3,6.1,158.0,ok,
PNOA-2024-GAL-566-4672-H29-NPC01.LAZ,566,4672,76.2,3.2,122.3,ok,
PNOA-2024-GAL-554-4680-H29-NPC01.LAZ,554,4680,103.7,3.9,120.2,ok,
PNOA-2024-GAL-555-4661-H29-NPC01.LAZ,555,4661,58.4,2.6,111.8,ok,
PNOA-2024-GAL-565-4667-H29-NPC01.LAZ,565,4667,96.0,4.0,106.0,ok,
PNOA-2024-GAL-549-4677-H29-NPC01.LAZ,549,4677,176.8,7.3,140.9,ok,
PNOA-2024-GAL-558-4668-H29-NPC01.LAZ,558,4668,98.5,4.4,129.8,ok,
PNOA-2024-GAL-554-4682-H29-NPC01.LAZ,554,4682,69.2,3.1,124.1,ok,
PNOA-2024-GAL-557-4665-H29-NPC01.LAZ,557,4665,85.2,3.2,117.4,ok,
PNOA-2024-GAL-563-4674-H29-NPC01.LAZ,563,4674,89.1,3.4,118.6,ok,
PNOA-2024-GAL-562-4675-H29-NPC01.LAZ,562,4675,48.5,2.7,96.5,ok,
PNOA-2024-GAL-557-4682-H29-NPC01.LAZ,557,4682,116.6,5.0,147.6,ok,
PNOA-2024-GAL-556-4669-H29-NPC01.LAZ,556,4669,94.7,3.9,113.7,ok,
PNOA-2024-GAL-553-4673-H29-NPC01.LAZ,553,4673,50.1,2.2,105.8,ok,
PNOA-2024-GAL-556-4667-H29-NPC01.LAZ,556,4667,101.7,4.1,142.6,ok,
PNOA-2024-GAL-561-4674-H29-NPC01.LAZ,561,4674,81.0,3.3,115.3,ok,
PNOA-2024-GAL-557-4671-H29-NPC01.LAZ,557,4671,81.0,3.9,132.5,ok,
PNOA-2024-GAL-561-4669-H29-NPC01.LAZ,561,4669,109.4,4.5,144.7,ok,
PNOA-2024-GAL-556-4687-H29-NPC01.LAZ,556,4687,63.8,3.1,105.8,ok,
PNOA-2024-GAL-555-4682-H29-NPC01.LAZ,555,4682,110.5,4.2,118.9,ok,
PNOA-2024-GAL-558-4663-H29-NPC01.LAZ,558,4663,65.6,3.0,105.2,ok,
PNOA-2024-GAL-553-4677-H29-NPC01.LAZ,553,4677,89.2,3.5,108.1,ok,
PNOA-2024-GAL-560-4673-H29-NPC01.LAZ,560,4673,41.6,1.7,111.3,ok,
PNOA-2024-GAL-557-4664-H29-NPC01.LAZ,557,4664,60.3,2.7,116.8,ok,
PNOA-2024-GAL-567-4672-H29-NPC01.LAZ,567,4672,75.8,3.6,101.8,ok,
PNOA-2024-GAL-566-4674-H29-NPC01.LAZ,566,4674,58.0,2.5,89.0,ok,
PNOA-2024-GAL-557-4678-H29-NPC01.LAZ,557,4678,94.4,3.8,126.4,ok,
PNOA-2024-GAL-557-4673-H29-NPC01.LAZ,557,4673,41.9,2.0,108.7,ok,
PNOA-2024-GAL-559-4673-H29-NPC01.LAZ,559,4673,44.0,2.5,102.3,ok,
PNOA-2024-GAL-554-4679-H29-NPC01.LAZ,554,4679,158.5,6.1,132.8,ok,
PNOA-2024-GAL-554-4671-H29-NPC01.LAZ,554,4671,69.8,2.9,121.1,ok,
PNOA-2024-GAL-566-4668-H29-NPC01.LAZ,566,4668,60.5,3.2,103.2,ok,
PNOA-2024-GAL-558-4677-H29-NPC01.LAZ,558,4677,102.3,4.4,116.3,ok,
PNOA-2024-GAL-565-4668-H29-NPC01.LAZ,565,4668,80.2,3.0,119.7,ok,
PNOA-2024-GAL-562-4676-H29-NPC01.LAZ,562,4676,64.2,4.8,102.7,ok,
PNOA-2024-GAL-556-4666-H29-NPC01.LAZ,556,4666,74.8,3.8,130.5,ok,
PNOA-2024-GAL-561-4676-H29-NPC01.LAZ,561,4676,63.9,2.5,125.2,ok,
PNOA-2024-GAL-559-4671-H29-NPC01.LAZ,559,4671,110.2,6.2,130.8,ok,
PNOA-2024-GAL-557-4672-H29-NPC01.LAZ,557,4672,109.8,5.6,120.4,ok,
PNOA-2024-GAL-555-4671-H29-NPC01.LAZ,555,4671,82.6,3.7,113.2,ok,
PNOA-2024-GAL-551-4679-H29-NPC01.LAZ,551,4679,110.6,4.4,118.8,ok,
PNOA-2024-GAL-561-4668-H29-NPC01.LAZ,561,4668,104.4,4.1,118.0,ok,
PNOA-2024-GAL-557-4669-H29-NPC01.LAZ,557,4669,104.1,5.7,128.2,ok,
PNOA-2024-GAL-553-4679-H29-NPC01.LAZ,553,4679,128.3,6.1,131.2,ok,
PNOA-2024-GAL-564-4666-H29-NPC01.LAZ,564,4666,65.3,2.7,112.5,ok,
PNOA-2024-GAL-554-4662-H29-NPC01.LAZ,554,4662,92.7,3.5,130.3,ok,
PNOA-2024-GAL-567-4671-H29-NPC01.LAZ,567,4671,48.1,1.9,103.3,ok,
PNOA-2024-GAL-564-4673-H29-NPC01.LAZ,564,4673,42.0,2.1,103.6,ok,
PNOA-2024-GAL-551-4675-H29-NPC01.LAZ,551,4675,112.8,4.8,126.7,ok,
PNOA-2024-GAL-560-4666-H29-NPC01.LAZ,560,4666,61.0,2.5,122.0,ok,
PNOA-2024-GAL-550-4675-H29-NPC01.LAZ,550,4675,116.3,4.8,124.2,ok,
PNOA-2024-GAL-550-4682-H29-NPC01.LAZ,550,4682,85.2,3.4,116.7,ok,
PNOA-2024-GAL-551-4676-H29-NPC01.LAZ,551,4676,75.1,4.7,105.7,ok,
PNOA-2024-GAL-555-4669-H29-NPC01.LAZ,555,4669,105.2,5.5,128.1,ok,
PNOA-2024-GAL-558-4675-H29-NPC01.LAZ,558,4675,105.1,4.6,118.2,ok,
PNOA-2024-GAL-556-4662-H29-NPC01.LAZ,556,4662,71.6,2.8,102.1,ok,
PNOA-2024-GAL-555-4664-H29-NPC01.LAZ,555,4664,52.3,2.1,116.9,ok,
PNOA-2024-GAL-563-4668-H29-NPC01.LAZ,563,4668,78.7,3.2,110.0,ok,
PNOA-2024-GAL-558-4678-H29-NPC01.LAZ,558,4678,108.3,6.1,142.3,ok,
PNOA-2024-GAL-549-4681-H29-NPC01.LAZ,549,4681,199.9,8.8,141.4,ok,
PNOA-2024-GAL-567-4673-H29-NPC01.LAZ,567,4673,45.7,2.4,98.0,ok,
PNOA-2024-GAL-558-4673-H29-NPC01.LAZ,558,4673,53.3,2.4,118.7,ok,
PNOA-2024-GAL-555-4663-H29-NPC01.LAZ,555,4663,71.5,2.8,115.1,ok,
PNOA-2024-GAL-563-4675-H29-NPC01.LAZ,563,4675,61.9,3.4,117.1,ok,
PNOA-2024-GAL-566-4675-H29-NPC01.LAZ,566,4675,57.2,2.8,107.1,ok,
PNOA-2024-GAL-548-4680-H29-NPC01.LAZ,548,4680,160.5,6.2,117.8,ok,
PNOA-2024-GAL-556-4672-H29-NPC01.LAZ,556,4672,133.0,5.5,137.3,ok,
PNOA-2024-GAL-555-4680-H29-NPC01.LAZ,555,4680,92.0,4.2,115.0,ok,
PNOA-2024-GAL-556-4686-H29-NPC01.LAZ,556,4686,71.7,3.1,116.2,ok,
PNOA-2024-GAL-550-4679-H29-NPC01.LAZ,550,4679,87.0,4.3,107.7,ok,
PNOA-2024-GAL-549-4678-H29-NPC01.LAZ,549,4678,108.3,4.5,113.1,ok,
PNOA-2024-GAL-558-4665-H29-NPC01.LAZ,558,4665,91.6,3.5,121.2,ok,
PNOA-2024-GAL-554-4664-H29-NPC01.LAZ,554,4664,53.5,2.3,117.7,ok,
PNOA-2024-GAL-562-4670-H29-NPC01.LAZ,562,4670,137.2,5.7,135.0,ok,
PNOA-2024-GAL-552-4671-H29-NPC01.LAZ,552,4671,104.6,4.2,125.9,ok,
PNOA-2024-GAL-567-4675-H29-NPC01.LAZ,567,4675,51.6,2.4,106.6,ok,
PNOA-2024-GAL-562-4674-H29-NPC01.LAZ,562,4674,72.6,3.1,102.3,ok,
PNOA-2024-GAL-553-4662-H29-NPC01.LAZ,553,4662,72.0,4.3,108.7,ok,
PNOA-2024-GAL-556-4681-H29-NPC01.LAZ,556,4681,150.4,6.2,141.7,ok,
PNOA-2024-GAL-557-4677-H29-NPC01.LAZ,557,4677,105.5,4.2,121.1,ok,
PNOA-2024-GAL-555-4683-H29-NPC01.LAZ,555,4683,82.1,3.9,109.3,ok,
PNOA-2024-GAL-553-4674-H29-NPC01.LAZ,553,4674,152.3,6.0,141.7,ok,
PNOA-2024-GAL-551-4677-H29-NPC01.LAZ,551,4677,91.0,3.4,116.2,ok,
PNOA-2024-GAL-566-4673-H29-NPC01.LAZ,566,4673,53.1,2.2,110.4,ok,
PNOA-2024-GAL-550-4670-H29-NPC01.LAZ,550,4670,160.9,6.5,130.3,ok,
PNOA-2024-GAL-550-4674-H29-NPC01.LAZ,550,4674,151.4,5.7,131.2,ok,
PNOA-2024-GAL-552-4674-H29-NPC01.LAZ,552,4674,136.0,5.3,136.6,ok,
PNOA-2024-GAL-556-4685-H29-NPC01.LAZ,556,4685,52.1,2.4,139.1,ok,
PNOA-2024-GAL-566-4669-H29-NPC01.LAZ,566,4669,60.1,2.6,110.2,ok,
PNOA-2024-GAL-560-4672-H29-NPC01.LAZ,560,4672,94.6,3.7,114.7,ok,
PNOA-2024-GAL-561-4670-H29-NPC01.LAZ,561,4670,144.3,11.2,133.5,ok,
PNOA-2024-GAL-561-4672-H29-NPC01.LAZ,561,4672,84.8,5.0,124.2,ok,
PNOA-2024-GAL-562-4666-H29-NPC01.LAZ,562,4666,58.0,2.6,116.3,ok,
PNOA-2024-GAL-555-4681-H29-NPC01.LAZ,555,4681,143.1,5.9,126.5,ok,
PNOA-2024-GAL-567-4670-H29-NPC01.LAZ,567,4670,84.2,3.7,118.1,ok,
PNOA-2024-GAL-551-4681-H29-NPC01.LAZ,551,4681,114.4,4.7,117.8,ok,
PNOA-2024-GAL-564-4674-H29-NPC01.LAZ,564,4674,77.3,3.4,115.7,ok,
PNOA-2024-GAL-556-4673-H29-NPC01.LAZ,556,4673,47.8,2.3,112.3,ok,
PNOA-2024-GAL-551-4673-H29-NPC01.LAZ,551,4673,66.7,2.6,129.3,ok,
PNOA-2024-GAL-559-4665-H29-NPC01.LAZ,559,4665,73.2,5.4,108.7,ok,
PNOA-2024-GAL-559-4678-H29-NPC01.LAZ,559,4678,91.5,4.6,117.4,ok,
PNOA-2024-GAL-559-4672-H29-NPC01.LAZ,559,4672,117.8,4.8,118.4,ok,
PNOA-2024-GAL-554-4683-H29-NPC01.LAZ,554,4683,48.0,3.3,103.2,ok,
PNOA-2024-GAL-563-4672-H29-NPC01.LAZ,563,4672,90.1,3.8,119.7,ok,
PNOA-2024-GAL-555-4667-H29-NPC01.LAZ,555,4667,103.0,5.4,123.1,ok,
PNOA-2024-GAL-551-4682-H29-NPC01.LAZ,551,4682,68.0,2.9,128.1,ok,
PNOA-2024-GAL-556-4670-H29-NPC01.LAZ,556,4670,156.2,6.4,138.5,ok,
PNOA-2024-GAL-565-4673-H29-NPC01.LAZ,565,4673,60.2,2.7,126.5,ok,
PNOA-2024-GAL-556-4680-H29-NPC01.LAZ,556,4680,88.1,3.6,129.5,ok,
PNOA-2024-GAL-558-4672-H29-NPC01.LAZ,558,4672,141.7,11.1,132.4,ok,
PNOA-2024-GAL-565-4674-H29-NPC01.LAZ,565,4674,93.7,3.6,130.4,ok,
PNOA-2024-GAL-562-4673-H29-NPC01.LAZ,562,4673,53.5,3.0,116.3,ok,
PNOA-2024-GAL-553-4666-H29-NPC01.LAZ,553,4666,47.1,2.5,104.8,ok,
PNOA-2024-GAL-556-4684-H29-NPC01.LAZ,556,4684,89.2,3.6,124.8,ok,
PNOA-2024-GAL-552-4672-H29-NPC01.LAZ,552,4672,122.1,4.7,123.7,ok,
PNOA-2024-GAL-564-4675-H29-NPC01.LAZ,564,4675,62.7,3.1,118.6,ok,
PNOA-2024-GAL-559-4686-H29-NPC01.LAZ,559,4686,73.9,3.2,114.8,ok,
PNOA-2024-GAL-552-4673-H29-NPC01.LAZ,552,4673,53.1,2.2,107.3,ok,
PNOA-2024-GAL-556-4664-H29-NPC01.LAZ,556,4664,51.3,2.5,115.0,ok,
PNOA-2024-GAL-557-4676-H29-NPC01.LAZ,557,4676,78.1,4.0,108.8,ok,
PNOA-2024-GAL-565-4671-H29-NPC01.LAZ,565,4671,35.4,1.6,96.9,ok,
PNOA-2024-GAL-568-4671-H29-NPC01.LAZ,568,4671,46.3,2.4,108.9,ok,
PNOA-2024-GAL-557-4679-H29-NPC01.LAZ,557,4679,123.6,5.8,123.0,ok,
PNOA-2024-GAL-549-4676-H29-NPC01.LAZ,549,4676,150.4,6.2,128.5,ok,
PNOA-2024-GAL-553-4681-H29-NPC01.LAZ,553,4681,124.5,5.8,119.8,ok,
PNOA-2024-GAL-565-4669-H29-NPC01.LAZ,565,4669,68.6,3.3,114.6,ok,
PNOA-2024-GAL-557-4662-H29-NPC01.LAZ,557,4662,79.9,3.7,118.6,ok,
PNOA-2024-GAL-562-4677-H29-NPC01.LAZ,562,4677,66.6,3.1,111.6,ok,
PNOA-2024-GAL-557-4681-H29-NPC01.LAZ,557,4681,168.9,8.3,136.2,ok,
PNOA-2024-GAL-557-4684-H29-NPC01.LAZ,557,4684,86.1,3.6,124.3,ok,
PNOA-2024-GAL-564-4672-H29-NPC01.LAZ,564,4672,84.5,4.4,113.6,ok,
PNOA-2024-GAL-565-4670-H29-NPC01.LAZ,565,4670,67.5,4.5,114.8,ok,
PNOA-2024-GAL-555-4687-H29-NPC01.LAZ,555,4687,45.6,2.6,102.6,ok,
PNOA-2024-GAL-553-4672-H29-NPC01.LAZ,553,4672,73.9,3.4,113.6,ok,
PNOA-2024-GAL-565-4672-H29-NPC01.LAZ,565,4672,63.0,3.0,118.7,ok,
PNOA-2024-GAL-551-4674-H29-NPC01.LAZ,551,4674,151.9,6.3,146.6,ok,
PNOA-2024-GAL-550-4681-H29-NPC01.LAZ,550,4681,104.5,4.3,116.6,ok,
PNOA-2024-GAL-555-4660-H29-NPC01.LAZ,555,4660,78.3,4.1,119.9,ok,
PNOA-2024-GAL-549-4673-H29-NPC01.LAZ,549,4673,117.3,4.8,136.6,ok,
PNOA-2024-GAL-556-4683-H29-NPC01.LAZ,556,4683,88.7,3.6,115.8,ok,
PNOA-2024-GAL-550-4676-H29-NPC01.LAZ,550,4676,103.8,5.0,136.3,ok,
PNOA-2024-GAL-555-4686-H29-NPC01.LAZ,555,4686,54.9,2.7,119.0,ok,
PNOA-2024-GAL-553-4671-H29-NPC01.LAZ,553,4671,76.8,3.2,112.7,ok,
PNOA-2024-GAL-556-4682-H29-NPC01.LAZ,556,4682,136.7,6.1,141.7,ok,
PNOA-2024-GAL-563-4676-H29-NPC01.LAZ,563,4676,74.1,3.2,123.4,ok,
PNOA-2024-GAL-560-4664-H29-NPC01.LAZ,560,4664,62.2,3.0,128.2,ok,
PNOA-2024-GAL-554-4660-H29-NPC01.LAZ,554,4660,69.0,3.8,107.4,ok,
PNOA-2024-GAL-549-4682-H29-NPC01.LAZ,549,4682,249.5,10.5,156.9,ok,
PNOA-2024-GAL-560-4676-H29-NPC01.LAZ,560,4676,63.7,3.4,110.4,ok,
PNOA-2024-GAL-559-4666-H29-NPC01.LAZ,559,4666,61.2,3.5,112.1,ok,
PNOA-2024-GAL-552-4675-H29-NPC01.LAZ,552,4675,122.6,6.4,127.5,ok,
PNOA-2024-GAL-562-4678-H29-NPC01.LAZ,562,4678,60.4,2.7,118.1,ok,
PNOA-2024-GAL-559-4664-H29-NPC01.LAZ,559,4664,51.5,3.2,99.7,ok,
PNOA-2024-GAL-553-4665-H29-NPC01.LAZ,553,4665,65.7,3.2,113.1,ok,
PNOA-2024-GAL-556-4671-H29-NPC01.LAZ,556,4671,82.5,4.4,124.1,ok,
PNOA-2024-GAL-550-4677-H29-NPC01.LAZ,550,4677,88.2,4.3,122.8,ok,
PNOA-2024-GAL-553-4670-H29-NPC01.LAZ,553,4670,89.5,4.1,119.6,ok,
PNOA-2024-GAL-560-4671-H29-NPC01.LAZ,560,4671,65.2,2.8,108.2,ok,
PNOA-2024-GAL-555-4684-H29-NPC01.LAZ,555,4684,78.8,3.7,124.9,ok,
PNOA-2024-GAL-561-4665-H29-NPC01.LAZ,561,4665,72.0,3.5,103.5,ok,
PNOA-2024-GAL-559-4685-H29-NPC01.LAZ,559,4685,38.5,2.0,147.1,ok,
PNOA-2024-GAL-554-4681-H29-NPC01.LAZ,554,4681,158.8,6.5,122.6,ok,
PNOA-2024-GAL-568-4670-H29-NPC01.LAZ,568,4670,79.3,3.5,105.1,ok,
PNOA-2024-GAL-558-4682-H29-NPC01.LAZ,558,4682,88.7,3.8,112.7,ok,
PNOA-2024-GAL-566-4671-H29-NPC01.LAZ,566,4671,44.9,56.4,190.8,ok,
PNOA-2024-GAL-552-4678-H29-NPC01.LAZ,552,4678,80.7,4.0,248.2,ok,
PNOA-2024-GAL-559-4679-H29-NPC01.LAZ,559,4679,137.7,6.3,281.3,ok,
PNOA-2024-GAL-548-4679-H29-NPC01.LAZ,548,4679,136.6,6.3,333.3,ok,
PNOA-2024-GAL-556-4665-H29-NPC01.LAZ,556,4665,73.4,3.6,350.4,ok,
PNOA-2024-GAL-558-4684-H29-NPC01.LAZ,558,4684,69.6,5.3,221.4,ok,
PNOA-2024-GAL-555-4679-H29-NPC01.LAZ,555,4679,161.7,6.9,154.7,ok,
PNOA-2024-GAL-560-4679-H29-NPC01.LAZ,560,4679,124.1,5.5,148.9,ok,
PNOA-2024-GAL-548-4681-H29-NPC01.LAZ,548,4681,219.8,9.5,214.6,ok,
PNOA-2024-GAL-553-4678-H29-NPC01.LAZ,553,4678,93.2,3.8,138.4,ok,
PNOA-2024-GAL-558-4683-H29-NPC01.LAZ,558,4683,71.2,3.1,146.0,ok,
PNOA-2024-GAL-549-4675-H29-NPC01.LAZ,549,4675,185.3,10.4,145.3,ok,
PNOA-2024-GAL-561-4673-H29-NPC01.LAZ,561,4673,50.2,2.6,116.5,ok,
PNOA-2024-GAL-554-4678-H29-NPC01.LAZ,554,4678,93.4,4.1,123.8,ok,
PNOA-2024-GAL-553-4682-H29-NPC01.LAZ,553,4682,66.8,3.1,121.5,ok,
PNOA-2024-GAL-556-4689-H29-NPC01.LAZ,556,4689,53.4,3.2,106.8,ok,
PNOA-2024-GAL-567-4676-H29-NPC01.LAZ,567,4676,64.0,2.7,98.7,ok,
PNOA-2024-GAL-555-4672-H29-NPC01.LAZ,555,4672,109.0,5.1,116.1,ok,
PNOA-2024-GAL-553-4675-H29-NPC01.LAZ,553,4675,128.0,5.8,121.5,ok,
PNOA-2024-GAL-549-4674-H29-NPC01.LAZ,549,4674,274.6,10.7,190.6,ok,
PNOA-2024-GAL-563-4677-H29-NPC01.LAZ,563,4677,70.5,4.1,115.8,ok,
PNOA-2024-GAL-554-4670-H29-NPC01.LAZ,554,4670,85.9,3.6,121.0,ok,
PNOA-2024-GAL-552-4670-H29-NPC01.LAZ,552,4670,169.9,7.7,129.7,ok,
PNOA-2024-GAL-560-4680-H29-NPC01.LAZ,560,4680,63.7,2.7,104.6,ok,
PNOA-2024-GAL-556-4688-H29-NPC01.LAZ,556,4688,35.6,1.8,105.6,ok,
PNOA-2024-GAL-554-4673-H29-NPC01.LAZ,554,4673,49.5,2.5,114.4,ok,
PNOA-2024-GAL-554-4666-H29-NPC01.LAZ,554,4666,42.7,2.1,101.6,ok,
PNOA-2024-GAL-567-4668-H29-NPC01.LAZ,567,4668,58.9,2.9,89.1,ok,
PNOA-2024-GAL-566-4670-H29-NPC01.LAZ,566,4670,76.4,4.2,117.2,ok,
PNOA-2024-GAL-564-4671-H29-NPC01.LAZ,564,4671,41.1,2.4,105.1,ok,
PNOA-2024-GAL-554-4676-H29-NPC01.LAZ,554,4676,83.8,3.6,120.9,ok,
PNOA-2024-GAL-555-4668-H29-NPC01.LAZ,555,4668,126.4,5.0,119.6,ok,
PNOA-2024-GAL-548-4677-H29-NPC01.LAZ,548,4677,186.8,12.1,138.1,ok,
PNOA-2024-GAL-552-4662-H29-NPC01.LAZ,552,4662,83.8,4.1,120.7,ok,
PNOA-2024-GAL-557-4680-H29-NPC01.LAZ,557,4680,81.4,3.2,114.0,ok,
PNOA-2024-GAL-532-4680-H29-NPC01.LAZ,532,4680,83.6,3.6,421.5,ok,
PNOA-2024-GAL-531-4681-H29-NPC01.LAZ,531,4681,76.9,4.0,414.4,ok,
PNOA-2024-GAL-530-4678-H29-NPC01.LAZ,530,4678,61.1,2.7,485.4,ok,
PNOA-2024-GAL-532-4679-H29-NPC01.LAZ,532,4679,51.5,3.4,433.9,ok,
PNOA-2024-GAL-533-4682-H29-NPC01.LAZ,533,4682,84.6,3.8,432.4,ok,
PNOA-2024-GAL-533-4683-H29-NPC01.LAZ,533,4683,42.0,3.2,421.1,ok,
PNOA-2024-GAL-532-4684-H29-NPC01.LAZ,532,4684,61.2,0.0,401.0,ok,
PNOA-2024-GAL-510-4697-H29-NPC01.LAZ,510,4697,36.7,1.9,336.2,ok,
PNOA-2024-GAL-521-4717-H29-NPC01.LAZ,521,4717,39.8,2.1,325.9,ok,
PNOA-2024-GAL-531-4679-H29-NPC01.LAZ,531,4679,54.8,2.4,333.9,ok,
PNOA-2024-GAL-537-4668-H29-NPC01.LAZ,537,4668,63.8,2.7,340.3,ok,
PNOA-2024-GAL-549-4735-H29-NPC01.LAZ,549,4735,58.5,2.7,347.3,ok,
PNOA-2024-GAL-532-4683-H29-NPC01.LAZ,532,4683,34.3,1.9,362.6,ok,
PNOA-2024-GAL-542-4668-H29-NPC01.LAZ,542,4668,57.8,2.7,411.1,ok,
PNOA-2024-GAL-525-4728-H29-NPC01.LAZ,525,4728,35.1,2.0,363.1,ok,
PNOA-2024-GAL-542-4726-H29-NPC01.LAZ,542,4726,44.8,2.3,377.5,ok,
PNOA-2024-GAL-541-4674-H29-NPC01.LAZ,541,4674,65.4,0.0,323.0,ok,
PNOA-2024-GAL-516-4713-H29-NPC01.LAZ,516,4713,90.3,3.4,395.5,ok,
PNOA-2024-GAL-539-4667-H29-NPC01.LAZ,539,4667,72.7,3.2,247.1,ok,
PNOA-2024-GAL-528-4680-H29-NPC01.LAZ,528,4680,119.2,4.7,249.4,ok,
PNOA-2024-GAL-539-4672-H29-NPC01.LAZ,539,4672,72.6,3.0,230.9,ok,
PNOA-2024-GAL-515-4704-H29-NPC01.LAZ,515,4704,52.5,2.4,264.8,ok,
PNOA-2024-GAL-528-4728-H29-NPC01.LAZ,528,4728,35.2,1.9,357.7,ok,
PNOA-2024-GAL-538-4670-H29-NPC01.LAZ,538,4670,70.3,3.7,331.9,ok,
PNOA-2024-GAL-533-4686-H29-NPC01.LAZ,533,4686,64.2,2.7,330.4,ok,
PNOA-2024-GAL-538-4667-H29-NPC01.LAZ,538,4667,78.6,3.5,329.3,ok,
PNOA-2024-GAL-532-4685-H29-NPC01.LAZ,532,4685,57.7,2.4,331.4,ok,
PNOA-2024-GAL-530-4674-H29-NPC01.LAZ,530,4674,67.2,2.7,317.6,ok,
PNOA-2024-GAL-532-4673-H29-NPC01.LAZ,532,4673,40.1,1.9,189.7,ok,
PNOA-2024-GAL-544-4671-H29-NPC01.LAZ,544,4671,54.8,2.3,184.7,ok,
PNOA-2024-GAL-540-4671-H29-NPC01.LAZ,540,4671,46.4,1.9,218.5,ok,
PNOA-2024-GAL-516-4708-H29-NPC01.LAZ,516,4708,60.8,2.6,218.8,ok,
PNOA-2024-GAL-533-4685-H29-NPC01.LAZ,533,4685,51.7,2.2,201.3,ok,
PNOA-2024-GAL-531-4677-H29-NPC01.LAZ,531,4677,87.8,3.6,31592.8,ok,
PNOA-2024-GAL-540-4667-H29-NPC01.LAZ,540,4667,77.4,3.2,238.8,ok,
PNOA-2024-GAL-528-4727-H29-NPC01.LAZ,528,4727,62.9,3.1,237.5,ok,
PNOA-2024-GAL-526-4727-H29-NPC01.LAZ,526,4727,71.4,3.0,307.0,ok,
PNOA-2024-GAL-542-4666-H29-NPC01.LAZ,542,4666,48.4,2.4,298.2,ok,
PNOA-2024-GAL-533-4684-H29-NPC01.LAZ,533,4684,69.7,3.9,193.3,ok,
PNOA-2024-GAL-517-4714-H29-NPC01.LAZ,517,4714,45.3,2.0,121.6,ok,
PNOA-2024-GAL-517-4704-H29-NPC01.LAZ,517,4704,46.9,2.0,125.4,ok,
PNOA-2024-GAL-515-4710-H29-NPC01.LAZ,515,4710,54.7,0.0,326.3,ok,
PNOA-2024-GAL-526-4728-H29-NPC01.LAZ,526,4728,34.5,1.9,292.8,ok,
PNOA-2024-GAL-522-4710-H29-NPC01.LAZ,522,4710,54.2,9.6,296.6,ok,
PNOA-2024-GAL-517-4708-H29-NPC01.LAZ,517,4708,68.6,2.7,310.0,ok,
PNOA-2024-GAL-543-4727-H29-NPC01.LAZ,543,4727,61.8,3.8,260.3,ok,
PNOA-2024-GAL-535-4688-H29-NPC01.LAZ,535,4688,48.6,2.0,252.1,ok,
PNOA-2024-GAL-572-4726-H29-NPC01.LAZ,572,4726,58.3,4.2,137.8,ok,
PNOA-2024-GAL-543-4726-H29-NPC01.LAZ,543,4726,34.3,1.7,109.4,ok,
PNOA-2024-GAL-527-4727-H29-NPC01.LAZ,527,4727,61.3,2.9,133.8,ok,
PNOA-2024-GAL-521-4716-H29-NPC01.LAZ,521,4716,53.9,3.3,122.3,ok,
PNOA-2024-GAL-541-4726-H29-NPC01.LAZ,541,4726,41.4,2.0,103.9,ok,
PNOA-2024-GAL-518-4699-H29-NPC01.LAZ,518,4699,59.0,2.7,131.1,ok,
PNOA-2024-GAL-532-4676-H29-NPC01.LAZ,532,4676,67.5,3.0,111.8,ok,
PNOA-2024-GAL-518-4695-H29-NPC01.LAZ,518,4695,46.1,1.9,111.5,ok,
PNOA-2024-GAL-542-4670-H29-NPC01.LAZ,542,4670,76.5,3.1,126.5,ok,
PNOA-2024-GAL-539-4727-H29-NPC01.LAZ,539,4727,59.6,2.9,106.2,ok,
PNOA-2024-GAL-514-4698-H29-NPC01.LAZ,514,4698,71.2,2.9,121.2,ok,
PNOA-2024-GAL-546-4662-H29-NPC01.LAZ,546,4662,57.5,2.7,111.4,ok,
PNOA-2024-GAL-529-4669-H29-NPC01.LAZ,529,4669,59.5,2.6,2677.5,ok,
PNOA-2024-GAL-515-4713-H29-NPC01.LAZ,515,4713,75.2,3.7,476.9,ok,
PNOA-2024-GAL-531-4682-H29-NPC01.LAZ,531,4682,89.5,4.1,383.2,ok,
PNOA-2024-GAL-515-4682-H29-NPC01.LAZ,515,4682,65.6,3.3,316.6,ok,
PNOA-2024-GAL-511-4696-H29-NPC01.LAZ,511,4696,52.0,2.6,307.3,ok,
PNOA-2024-GAL-533-4681-H29-NPC01.LAZ,533,4681,93.9,4.2,402.4,ok,
PNOA-2024-GAL-517-4707-H29-NPC01.LAZ,517,4707,39.2,2.1,337.3,ok,
PNOA-2024-GAL-525-4710-H29-NPC01.LAZ,525,4710,54.1,2.5,354.3,ok,
PNOA-2024-GAL-538-4668-H29-NPC01.LAZ,538,4668,59.3,2.7,345.6,ok,
PNOA-2024-GAL-514-4714-H29-NPC01.LAZ,514,4714,31.8,1.4,289.9,ok,
PNOA-2024-GAL-538-4732-H29-NPC01.LAZ,538,4732,58.1,2.7,228.8,ok,
PNOA-2024-GAL-539-4666-H29-NPC01.LAZ,539,4666,49.4,2.5,305.3,ok,
PNOA-2024-GAL-513-4694-H29-NPC01.LAZ,513,4694,86.1,3.6,343.2,ok,
PNOA-2024-GAL-523-4714-H29-NPC01.LAZ,523,4714,44.6,1.9,341.2,ok,
PNOA-2024-GAL-516-4668-H29-NPC01.LAZ,516,4668,58.2,2.5,349.2,ok,
PNOA-2024-GAL-519-4663-H29-NPC01.LAZ,519,4663,71.2,2.9,326.5,ok,
PNOA-2024-GAL-533-4715-H29-NPC01.LAZ,533,4715,64.4,3.0,324.9,ok,
PNOA-2024-GAL-519-4710-H29-NPC01.LAZ,519,4710,52.8,2.7,323.0,ok,
PNOA-2024-GAL-515-4709-H29-NPC01.LAZ,515,4709,42.3,1.9,246.6,ok,
PNOA-2024-GAL-532-4681-H29-NPC01.LAZ,532,4681,78.6,3.7,363.4,ok,
PNOA-2024-GAL-520-4708-H29-NPC01.LAZ,520,4708,64.1,2.8,389.2,ok,
PNOA-2024-GAL-514-4704-H29-NPC01.LAZ,514,4704,57.0,2.8,486.7,ok,
PNOA-2024-GAL-540-4676-H29-NPC01.LAZ,540,4676,74.6,4.2,456.4,ok,
PNOA-2024-GAL-539-4732-H29-NPC01.LAZ,539,4732,50.7,2.3,265.2,ok,
PNOA-2024-GAL-545-4672-H29-NPC01.LAZ,545,4672,95.1,3.8,577.1,ok,
PNOA-2024-GAL-557-4732-H29-NPC01.LAZ,557,4732,41.6,2.7,220.3,ok,
PNOA-2024-GAL-517-4700-H29-NPC01.LAZ,517,4700,55.1,2.3,117.9,ok,
PNOA-2024-GAL-517-4703-H29-NPC01.LAZ,517,4703,88.6,3.4,188.9,ok,
PNOA-2024-GAL-559-4733-H29-NPC01.LAZ,559,4733,53.1,2.6,144.9,ok,
PNOA-2024-GAL-520-4715-H29-NPC01.LAZ,520,4715,57.6,2.3,126.1,ok,
PNOA-2024-GAL-529-4671-H29-NPC01.LAZ,529,4671,39.7,13.5,110.7,ok,
PNOA-2024-GAL-521-4683-H29-NPC01.LAZ,521,4683,43.0,1.9,113.5,ok,
PNOA-2024-GAL-528-4687-H29-NPC01.LAZ,528,4687,69.3,2.9,113.8,ok,
PNOA-2024-GAL-515-4696-H29-NPC01.LAZ,515,4696,59.2,2.6,121.1,ok,
PNOA-2024-GAL-513-4700-H29-NPC01.LAZ,513,4700,44.5,2.0,109.8,ok,
PNOA-2024-GAL-516-4703-H29-NPC01.LAZ,516,4703,67.0,2.6,113.1,ok,
PNOA-2024-GAL-538-4661-H29-NPC01.LAZ,538,4661,65.1,3.0,109.9,ok,
PNOA-2024-GAL-516-4709-H29-NPC01.LAZ,516,4709,53.7,2.2,110.3,ok,
PNOA-2024-GAL-527-4679-H29-NPC01.LAZ,527,4679,64.3,2.8,124.9,ok,
PNOA-2024-GAL-532-4678-H29-NPC01.LAZ,532,4678,71.4,3.0,123.5,ok,
PNOA-2024-GAL-573-4724-H29-NPC01.LAZ,573,4724,62.1,2.8,106.1,ok,
PNOA-2024-GAL-573-4725-H29-NPC01.LAZ,573,4725,41.6,1.9,102.0,ok,
PNOA-2024-GAL-516-4705-H29-NPC01.LAZ,516,4705,55.6,2.3,114.8,ok,
PNOA-2024-GAL-527-4728-H29-NPC01.LAZ,527,4728,36.5,1.7,95.8,ok,
PNOA-2024-GAL-540-4727-H29-NPC01.LAZ,540,4727,75.4,3.2,108.7,ok,
PNOA-2024-GAL-520-4721-H29-NPC01.LAZ,520,4721,49.0,1.9,102.6,ok,
PNOA-2024-GAL-535-4687-H29-NPC01.LAZ,535,4687,64.9,2.7,116.3,ok,
PNOA-2024-GAL-524-4725-H29-NPC01.LAZ,524,4725,59.5,2.5,105.0,ok,
PNOA-2024-GAL-519-4718-H29-NPC01.LAZ,519,4718,63.1,2.7,110.3,ok,
PNOA-2024-GAL-571-4723-H29-NPC01.LAZ,571,4723,44.5,1.8,111.1,ok,
PNOA-2024-GAL-574-4726-H29-NPC01.LAZ,574,4726,56.7,2.4,109.8,ok,
PNOA-2024-GAL-571-4725-H29-NPC01.LAZ,571,4725,43.0,1.7,14693.1,ok,
PNOA-2024-GAL-534-4715-H29-NPC01.LAZ,534,4715,70.8,5.7,147.3,ok,
PNOA-2024-GAL-518-4681-H29-NPC01.LAZ,518,4681,40.2,4.4,334.4,ok,
PNOA-2024-GAL-528-4681-H29-NPC01.LAZ,528,4681,104.0,6.2,507.3,ok,
PNOA-2024-GAL-555-4734-H29-NPC01.LAZ,555,4734,51.3,2.2,341.6,ok,
PNOA-2024-GAL-545-4731-H29-NPC01.LAZ,545,4731,89.4,3.9,358.2,ok,
PNOA-2024-GAL-534-4711-H29-NPC01.LAZ,534,4711,72.0,2.9,252.9,ok,
PNOA-2024-GAL-568-4726-H29-NPC01.LAZ,568,4726,56.0,7.3,320.3,ok,
PNOA-2024-GAL-562-4728-H29-NPC01.LAZ,562,4728,38.2,6.1,251.2,ok,
PNOA-2024-GAL-516-4701-H29-NPC01.LAZ,516,4701,69.2,2.8,301.2,ok,
PNOA-2024-GAL-528-4668-H29-NPC01.LAZ,528,4668,63.0,2.5,286.2,ok,
PNOA-2024-GAL-533-4688-H29-NPC01.LAZ,533,4688,47.4,2.2,266.6,ok,
PNOA-2024-GAL-527-4729-H29-NPC01.LAZ,527,4729,54.3,2.4,254.9,ok,
PNOA-2024-GAL-537-4670-H29-NPC01.LAZ,537,4670,64.5,2.9,267.6,ok,
PNOA-2024-GAL-530-4724-H29-NPC01.LAZ,530,4724,40.4,1.6,272.9,ok,
PNOA-2024-GAL-517-4699-H29-NPC01.LAZ,517,4699,54.0,2.2,288.8,ok,
PNOA-2024-GAL-520-4663-H29-NPC01.LAZ,520,4663,76.4,3.1,191.6,ok,
PNOA-2024-GAL-530-4679-H29-NPC01.LAZ,530,4679,60.7,2.9,252.5,ok,
PNOA-2024-GAL-531-4672-H29-NPC01.LAZ,531,4672,77.1,3.1,237.7,ok,
PNOA-2024-GAL-535-4662-H29-NPC01.LAZ,535,4662,53.5,2.0,191.2,ok,
PNOA-2024-GAL-547-4669-H29-NPC01.LAZ,547,4669,124.5,5.7,186.3,ok,
PNOA-2024-GAL-572-4722-H29-NPC01.LAZ,572,4722,62.8,2.5,177.1,ok,
PNOA-2024-GAL-529-4723-H29-NPC01.LAZ,529,4723,58.5,2.6,161.6,ok,
PNOA-2024-GAL-573-4723-H29-NPC01.LAZ,573,4723,36.3,1.6,146.7,ok,
PNOA-2024-GAL-546-4664-H29-NPC01.LAZ,546,4664,44.4,1.9,163.0,ok,
PNOA-2024-GAL-529-4715-H29-NPC01.LAZ,529,4715,53.1,2.2,162.3,ok,
PNOA-2024-GAL-520-4662-H29-NPC01.LAZ,520,4662,42.5,1.8,156.5,ok,
PNOA-2024-GAL-515-4701-H29-NPC01.LAZ,515,4701,59.2,2.3,168.0,ok,
PNOA-2024-GAL-543-4667-H29-NPC01.LAZ,543,4667,72.1,3.4,164.9,ok,
PNOA-2024-GAL-519-4705-H29-NPC01.LAZ,519,4705,53.9,2.2,164.0,ok,
PNOA-2024-GAL-524-4715-H29-NPC01.LAZ,524,4715,52.7,2.1,152.0,ok,
PNOA-2024-GAL-526-4711-H29-NPC01.LAZ,526,4711,83.9,3.7,171.4,ok,
PNOA-2024-GAL-542-4728-H29-NPC01.LAZ,542,4728,45.2,2.1,152.0,ok,
PNOA-2024-GAL-548-4732-H29-NPC01.LAZ,548,4732,130.0,5.4,209.3,ok,
PNOA-2024-GAL-517-4662-H29-NPC01.LAZ,517,4662,49.6,2.2,155.4,ok,
PNOA-2024-GAL-519-4707-H29-NPC01.LAZ,519,4707,36.7,1.7,154.5,ok,
PNOA-2024-GAL-536-4657-H29-NPC01.LAZ,536,4657,51.2,2.2,171.2,ok,
PNOA-2024-GAL-513-4699-H29-NPC01.LAZ,513,4699,49.8,2.2,172.1,ok,
PNOA-2024-GAL-532-4672-H29-NPC01.LAZ,532,4672,65.4,2.7,161.4,ok,
PNOA-2024-GAL-545-4677-H29-NPC01.LAZ,545,4677,90.8,3.8,176.8,ok,
PNOA-2024-GAL-537-4671-H29-NPC01.LAZ,537,4671,52.6,2.2,143.2,ok,
PNOA-2024-GAL-528-4716-H29-NPC01.LAZ,528,4716,57.6,2.5,151.1,ok,
PNOA-2024-GAL-518-4661-H29-NPC01.LAZ,518,4661,64.7,2.9,175.7,ok,
PNOA-2024-GAL-540-4673-H29-NPC01.LAZ,540,4673,55.0,2.6,147.5,ok,
PNOA-2024-GAL-545-4663-H29-NPC01.LAZ,545,4663,63.9,2.6,109.2,ok,
PNOA-2024-GAL-514-4680-H29-NPC01.LAZ,514,4680,73.8,3.2,139.5,ok,
PNOA-2024-GAL-532-4675-H29-NPC01.LAZ,532,4675,54.7,2.3,120.0,ok,
PNOA-2024-GAL-514-4709-H29-NPC01.LAZ,514,4709,40.3,1.8,98.7,ok,
PNOA-2024-GAL-549-4734-H29-NPC01.LAZ,549,4734,101.2,6.2,131.4,ok,
PNOA-2024-GAL-515-4700-H29-NPC01.LAZ,515,4700,50.2,2.1,114.5,ok,
PNOA-2024-GAL-555-4733-H29-NPC01.LAZ,555,4733,39.2,1.7,107.9,ok,
PNOA-2024-GAL-528-4667-H29-NPC01.LAZ,528,4667,77.9,3.6,120.0,ok,
PNOA-2024-GAL-543-4677-H29-NPC01.LAZ,543,4677,90.1,3.4,126.2,ok,
PNOA-2024-GAL-515-4683-H29-NPC01.LAZ,515,4683,35.8,1.7,100.3,ok,
PNOA-2024-GAL-516-4702-H29-NPC01.LAZ,516,4702,42.3,1.8,107.0,ok,
PNOA-2024-GAL-532-4674-H29-NPC01.LAZ,532,4674,76.3,3.0,117.1,ok,
PNOA-2024-GAL-512-4700-H29-NPC01.LAZ,512,4700,42.1,1.8,115.2,ok,
PNOA-2024-GAL-513-4695-H29-NPC01.LAZ,513,4695,39.4,1.8,101.6,ok,
PNOA-2024-GAL-516-4697-H29-NPC01.LAZ,516,4697,42.2,2.1,112.5,ok,
PNOA-2024-GAL-514-4700-H29-NPC01.LAZ,514,4700,55.0,2.6,115.6,ok,
PNOA-2024-GAL-521-4709-H29-NPC01.LAZ,521,4709,50.1,2.4,111.4,ok,
PNOA-2024-GAL-518-4680-H29-NPC01.LAZ,518,4680,66.8,2.8,119.2,ok,
PNOA-2024-GAL-534-4687-H29-NPC01.LAZ,534,4687,77.2,3.5,120.3,ok,
PNOA-2024-GAL-519-4680-H29-NPC01.LAZ,519,4680,68.5,3.2,127.1,ok,
PNOA-2024-GAL-515-4667-H29-NPC01.LAZ,515,4667,58.2,2.5,118.1,ok,
PNOA-2024-GAL-545-4730-H29-NPC01.LAZ,545,4730,86.5,5.3,112.9,ok,
PNOA-2024-GAL-534-4717-H29-NPC01.LAZ,534,4717,48.0,2.3,112.6,ok,
PNOA-2024-GAL-551-4734-H29-NPC01.LAZ,551,4734,65.0,2.9,113.5,ok,
PNOA-2024-GAL-536-4721-H29-NPC01.LAZ,536,4721,56.3,2.5,115.4,ok,
PNOA-2024-GAL-517-4702-H29-NPC01.LAZ,517,4702,43.8,2.3,126.8,ok,
PNOA-2024-GAL-555-4732-H29-NPC01.LAZ,555,4732,46.1,2.2,110.1,ok,
PNOA-2024-GAL-572-4723-H29-NPC01.LAZ,572,4723,38.5,1.9,108.8,ok,
PNOA-2024-GAL-519-4695-H29-NPC01.LAZ,519,4695,46.6,2.1,112.0,ok,
PNOA-2024-GAL-573-4726-H29-NPC01.LAZ,573,4726,53.9,2.6,112.0,ok,
PNOA-2024-GAL-518-4705-H29-NPC01.LAZ,518,4705,55.8,2.2,121.9,ok,
PNOA-2024-GAL-560-4729-H29-NPC01.LAZ,560,4729,75.2,3.1,127.4,ok,
PNOA-2024-GAL-531-4685-H29-NPC01.LAZ,531,4685,39.0,1.6,100.0,ok,
PNOA-2024-GAL-533-4662-H29-NPC01.LAZ,533,4662,58.7,3.3,114.7,ok,
PNOA-2024-GAL-543-4663-H29-NPC01.LAZ,543,4663,82.5,3.3,128.2,ok,
PNOA-2024-GAL-530-4669-H29-NPC01.LAZ,530,4669,50.5,2.5,112.8,ok,
PNOA-2024-GAL-537-4657-H29-NPC01.LAZ,537,4657,48.2,2.9,104.7,ok,
PNOA-2024-GAL-570-4731-H29-NPC01.LAZ,570,4731,75.8,3.7,116.4,ok,
PNOA-2024-GAL-519-4720-H29-NPC01.LAZ,519,4720,59.4,2.5,101.1,ok,
PNOA-2024-GAL-535-4721-H29-NPC01.LAZ,535,4721,50.3,2.2,111.3,ok,
PNOA-2024-GAL-512-4699-H29-NPC01.LAZ,512,4699,52.8,2.2,127.6,ok,
PNOA-2024-GAL-524-4657-H29-NPC01.LAZ,524,4657,40.0,1.7,107.6,ok,
PNOA-2024-GAL-519-4706-H29-NPC01.LAZ,519,4706,65.8,3.1,123.1,ok,
PNOA-2024-GAL-528-4665-H29-NPC01.LAZ,528,4665,68.5,2.8,113.9,ok,
PNOA-2024-GAL-520-4714-H29-NPC01.LAZ,520,4714,51.2,2.2,112.3,ok,
PNOA-2024-GAL-570-4718-H29-NPC01.LAZ,570,4718,45.5,2.1,120.8,ok,
PNOA-2024-GAL-545-4676-H29-NPC01.LAZ,545,4676,94.3,4.0,136.4,ok,
PNOA-2024-GAL-547-4732-H29-NPC01.LAZ,547,4732,126.0,4.8,141.9,ok,
PNOA-2024-GAL-543-4670-H29-NPC01.LAZ,543,4670,75.1,3.1,129.1,ok,
PNOA-2024-GAL-525-4684-H29-NPC01.LAZ,525,4684,72.6,3.0,119.4,ok,
PNOA-2024-GAL-516-4698-H29-NPC01.LAZ,516,4698,77.0,3.1,129.7,ok,
PNOA-2024-GAL-517-4705-H29-NPC01.LAZ,517,4705,53.7,2.6,117.9,ok,
PNOA-2024-GAL-511-4698-H29-NPC01.LAZ,511,4698,63.6,2.8,130.9,ok,
PNOA-2024-GAL-516-4666-H29-NPC01.LAZ,516,4666,35.9,1.6,104.4,ok,
PNOA-2024-GAL-541-4667-H29-NPC01.LAZ,541,4667,77.6,3.0,118.6,ok,
PNOA-2024-GAL-516-4700-H29-NPC01.LAZ,516,4700,64.3,2.7,123.6,ok,
PNOA-2024-GAL-519-4719-H29-NPC01.LAZ,519,4719,43.6,2.1,111.5,ok,
PNOA-2024-GAL-544-4670-H29-NPC01.LAZ,544,4670,68.7,3.3,112.2,ok,
PNOA-2024-GAL-529-4716-H29-NPC01.LAZ,529,4716,60.7,3.1,114.0,ok,
PNOA-2024-GAL-529-4665-H29-NPC01.LAZ,529,4665,67.7,2.9,120.1,ok,
PNOA-2024-GAL-545-4664-H29-NPC01.LAZ,545,4664,41.9,1.9,104.4,ok,
PNOA-2024-GAL-533-4719-H29-NPC01.LAZ,533,4719,38.7,1.7,108.0,ok,
PNOA-2024-GAL-528-4666-H29-NPC01.LAZ,528,4666,40.3,1.8,105.0,ok,
PNOA-2024-GAL-542-4661-H29-NPC01.LAZ,542,4661,60.9,2.4,114.2,ok,
PNOA-2024-GAL-531-4673-H29-NPC01.LAZ,531,4673,46.6,2.0,108.7,ok,
PNOA-2024-GAL-527-4654-H29-NPC01.LAZ,527,4654,66.1,2.9,122.5,ok,
PNOA-2024-GAL-532-4667-H29-NPC01.LAZ,532,4667,62.6,2.6,110.4,ok,
PNOA-2024-GAL-541-4669-H29-NPC01.LAZ,541,4669,67.8,3.5,124.5,ok,
PNOA-2024-GAL-518-4704-H29-NPC01.LAZ,518,4704,55.3,2.5,124.9,ok,
PNOA-2024-GAL-547-4668-H29-NPC01.LAZ,547,4668,154.9,6.7,150.2,ok,
PNOA-2024-GAL-544-4672-H29-NPC01.LAZ,544,4672,92.9,5.2,121.6,ok,
PNOA-2024-GAL-546-4663-H29-NPC01.LAZ,546,4663,83.0,3.5,125.5,ok,
PNOA-2024-GAL-512-4695-H29-NPC01.LAZ,512,4695,39.2,2.4,104.0,ok,
PNOA-2024-GAL-574-4727-H29-NPC01.LAZ,574,4727,56.0,2.5,117.6,ok,
PNOA-2024-GAL-515-4712-H29-NPC01.LAZ,515,4712,67.9,2.9,131.9,ok,
PNOA-2024-GAL-521-4689-H29-NPC01.LAZ,521,4689,80.2,4.3,128.7,ok,
PNOA-2024-GAL-527-4686-H29-NPC01.LAZ,527,4686,62.0,3.0,120.4,ok,
PNOA-2024-GAL-519-4715-H29-NPC01.LAZ,519,4715,49.8,2.3,114.6,ok,
PNOA-2024-GAL-538-4671-H29-NPC01.LAZ,538,4671,53.2,2.6,119.0,ok,
PNOA-2024-GAL-517-4661-H29-NPC01.LAZ,517,4661,63.8,3.4,114.5,ok,
PNOA-2024-GAL-531-4675-H29-NPC01.LAZ,531,4675,47.2,1.9,114.6,ok,
PNOA-2024-GAL-532-4712-H29-NPC01.LAZ,532,4712,52.8,3.3,121.0,ok,
PNOA-2024-GAL-529-4709-H29-NPC01.LAZ,529,4709,42.6,1.9,111.0,ok,
PNOA-2024-GAL-549-4660-H29-NPC01.LAZ,549,4660,75.2,3.4,114.5,ok,
PNOA-2024-GAL-528-4672-H29-NPC01.LAZ,528,4672,68.5,2.9,115.6,ok,
PNOA-2024-GAL-529-4672-H29-NPC01.LAZ,529,4672,71.0,2.9,119.9,ok,
PNOA-2024-GAL-529-4713-H29-NPC01.LAZ,529,4713,90.4,4.0,128.2,ok,
PNOA-2024-GAL-566-4718-H29-NPC01.LAZ,566,4718,39.9,2.1,96.4,ok,
PNOA-2024-GAL-515-4699-H29-NPC01.LAZ,515,4699,52.4,2.5,119.0,ok,
PNOA-2024-GAL-562-4726-H29-NPC01.LAZ,562,4726,63.1,3.6,120.0,ok,
PNOA-2024-GAL-531-4680-H29-NPC01.LAZ,531,4680,98.0,3.7,127.1,ok,
PNOA-2024-GAL-545-4728-H29-NPC01.LAZ,545,4728,46.3,1.8,105.7,ok,
PNOA-2024-GAL-521-4690-H29-NPC01.LAZ,521,4690,44.8,1.9,123.6,ok,
PNOA-2024-GAL-524-4728-H29-NPC01.LAZ,524,4728,45.1,2.0,107.6,ok,
PNOA-2024-GAL-535-4720-H29-NPC01.LAZ,535,4720,71.7,3.5,115.7,ok,
PNOA-2024-GAL-536-4729-H29-NPC01.LAZ,536,4729,56.9,2.2,113.8,ok,
PNOA-2024-GAL-523-4725-H29-NPC01.LAZ,523,4725,67.8,3.0,112.9,ok,
PNOA-2024-GAL-525-4716-H29-NPC01.LAZ,525,4716,54.4,2.4,113.7,ok,
PNOA-2024-GAL-550-4734-H29-NPC01.LAZ,550,4734,77.2,4.2,116.0,ok,
PNOA-2024-GAL-518-4662-H29-NPC01.LAZ,518,4662,46.1,2.2,112.0,ok,
PNOA-2024-GAL-529-4728-H29-NPC01.LAZ,529,4728,40.5,1.8,107.2,ok,
PNOA-2024-GAL-517-4715-H29-NPC01.LAZ,517,4715,46.4,2.2,113.2,ok,
PNOA-2024-GAL-527-4716-H29-NPC01.LAZ,527,4716,75.2,3.1,119.0,ok,
PNOA-2024-GAL-514-4679-H29-NPC01.LAZ,514,4679,56.3,2.4,111.1,ok,
PNOA-2024-GAL-526-4698-H29-NPC01.LAZ,526,4698,69.0,2.7,120.0,ok,
PNOA-2024-GAL-515-4661-H29-NPC01.LAZ,515,4661,59.6,2.5,112.6,ok,
PNOA-2024-GAL-521-4714-H29-NPC01.LAZ,521,4714,43.0,2.2,108.8,ok,
PNOA-2024-GAL-548-4733-H29-NPC01.LAZ,548,4733,113.7,6.5,138.6,ok,
PNOA-2024-GAL-520-4717-H29-NPC01.LAZ,520,4717,35.1,1.9,105.4,ok,
PNOA-2024-GAL-533-4659-H29-NPC01.LAZ,533,4659,44.3,2.0,107.3,ok,
PNOA-2024-GAL-529-4674-H29-NPC01.LAZ,529,4674,68.1,2.6,116.2,ok,
PNOA-2024-GAL-526-4664-H29-NPC01.LAZ,526,4664,49.7,2.1,107.0,ok,
PNOA-2024-GAL-546-4729-H29-NPC01.LAZ,546,4729,156.1,6.2,147.8,ok,
PNOA-2024-GAL-532-4661-H29-NPC01.LAZ,532,4661,69.4,3.0,124.7,ok,
PNOA-2024-GAL-545-4665-H29-NPC01.LAZ,545,4665,82.6,3.5,124.5,ok,
PNOA-2024-GAL-548-4669-H29-NPC01.LAZ,548,4669,162.1,6.4,148.0,ok,
PNOA-2024-GAL-515-4703-H29-NPC01.LAZ,515,4703,65.5,3.1,119.9,ok,
PNOA-2024-GAL-538-4658-H29-NPC01.LAZ,538,4658,77.3,3.3,123.0,ok,
PNOA-2024-GAL-538-4673-H29-NPC01.LAZ,538,4673,53.2,2.1,118.9,ok,
PNOA-2024-GAL-511-4697-H29-NPC01.LAZ,511,4697,45.8,1.9,114.4,ok,
PNOA-2024-GAL-522-4709-H29-NPC01.LAZ,522,4709,49.3,2.3,111.7,ok,
PNOA-2024-GAL-536-4662-H29-NPC01.LAZ,536,4662,52.9,2.3,112.4,ok,
PNOA-2024-GAL-547-4663-H29-NPC01.LAZ,547,4663,66.9,2.8,110.9,ok,
PNOA-2024-GAL-529-4666-H29-NPC01.LAZ,529,4666,42.8,2.0,112.3,ok,
PNOA-2024-GAL-517-4701-H29-NPC01.LAZ,517,4701,81.6,3.4,128.1,ok,
PNOA-2024-GAL-540-4672-H29-NPC01.LAZ,540,4672,86.2,4.5,121.0,ok,
PNOA-2024-GAL-521-4663-H29-NPC01.LAZ,521,4663,74.6,3.6,122.5,ok,
PNOA-2024-GAL-518-4710-H29-NPC01.LAZ,518,4710,53.4,3.0,120.0,ok,
PNOA-2024-GAL-552-4734-H29-NPC01.LAZ,552,4734,72.0,3.3,119.0,ok,
PNOA-2024-GAL-515-4714-H29-NPC01.LAZ,515,4714,26.6,1.3,89.0,ok,
PNOA-2024-GAL-544-4663-H29-NPC01.LAZ,544,4663,74.1,3.2,120.7,ok,
PNOA-2024-GAL-537-4732-H29-NPC01.LAZ,537,4732,61.8,2.6,129.2,ok,
PNOA-2024-GAL-570-4723-H29-NPC01.LAZ,570,4723,41.4,1.8,106.0,ok,
PNOA-2024-GAL-545-4695-H29-NPC01.LAZ,545,4695,68.5,2.8,123.2,ok,
PNOA-2024-GAL-524-4708-H29-NPC01.LAZ,524,4708,54.7,2.2,114.2,ok,
PNOA-2024-GAL-512-4683-H29-NPC01.LAZ,512,4683,37.2,2.3,102.2,ok,
PNOA-2024-GAL-541-4665-H29-NPC01.LAZ,541,4665,68.2,3.0,113.1,ok,
PNOA-2024-GAL-541-4670-H29-NPC01.LAZ,541,4670,58.3,2.6,116.0,ok,
PNOA-2024-GAL-531-4674-H29-NPC01.LAZ,531,4674,69.1,3.0,115.1,ok,
PNOA-2024-GAL-516-4712-H29-NPC01.LAZ,516,4712,74.5,5.0,128.0,ok,
PNOA-2024-GAL-539-4668-H29-NPC01.LAZ,539,4668,63.1,2.8,114.9,ok,
PNOA-2024-GAL-524-4654-H29-NPC01.LAZ,524,4654,73.7,4.1,124.8,ok,
PNOA-2024-GAL-527-4687-H29-NPC01.LAZ,527,4687,84.8,4.3,121.9,ok,
PNOA-2024-GAL-547-4730-H29-NPC01.LAZ,547,4730,121.5,5.8,134.8,ok,
PNOA-2024-GAL-539-4673-H29-NPC01.LAZ,539,4673,53.0,2.2,120.3,ok,
PNOA-2024-GAL-514-4699-H29-NPC01.LAZ,514,4699,56.4,2.5,126.9,ok,
PNOA-2024-GAL-522-4666-H29-NPC01.LAZ,522,4666,38.4,1.9,101.1,ok,
PNOA-2024-GAL-530-4671-H29-NPC01.LAZ,530,4671,42.4,1.9,108.9,ok,
PNOA-2024-GAL-530-4673-H29-NPC01.LAZ,530,4673,51.0,2.5,121.9,ok,
PNOA-2024-GAL-526-4699-H29-NPC01.LAZ,526,4699,48.6,2.9,123.5,ok,
PNOA-2024-GAL-519-4664-H29-NPC01.LAZ,519,4664,49.4,2.2,118.4,ok,
PNOA-2024-GAL-519-4681-H29-NPC01.LAZ,519,4681,50.0,2.2,118.6,ok,
PNOA-2024-GAL-518-4682-H29-NPC01.LAZ,518,4682,71.5,2.8,117.7,ok,
PNOA-2024-GAL-518-4706-H29-NPC01.LAZ,518,4706,59.6,2.6,116.0,ok,
PNOA-2024-GAL-520-4681-H29-NPC01.LAZ,520,4681,44.8,2.6,118.8,ok,
PNOA-2024-GAL-537-4661-H29-NPC01.LAZ,537,4661,68.3,3.2,119.3,ok,
PNOA-2024-GAL-533-4675-H29-NPC01.LAZ,533,4675,51.0,2.1,117.1,ok,
PNOA-2024-GAL-518-4666-H29-NPC01.LAZ,518,4666,38.5,1.9,106.8,ok,
PNOA-2024-GAL-545-4729-H29-NPC01.LAZ,545,4729,101.5,4.6,122.1,ok,
PNOA-2024-GAL-521-4684-H29-NPC01.LAZ,521,4684,68.8,3.4,116.1,ok,
PNOA-2024-GAL-547-4661-H29-NPC01.LAZ,547,4661,58.0,2.4,123.0,ok,
PNOA-2024-GAL-517-4713-H29-NPC01.LAZ,517,4713,92.2,4.8,128.0,ok,
PNOA-2024-GAL-543-4668-H29-NPC01.LAZ,543,4668,65.7,3.0,117.7,ok,
PNOA-2024-GAL-557-4731-H29-NPC01.LAZ,557,4731,73.8,3.9,120.2,ok,
PNOA-2024-GAL-530-4682-H29-NPC01.LAZ,530,4682,71.5,3.1,92.6,ok,
PNOA-2024-GAL-517-4712-H29-NPC01.LAZ,517,4712,83.4,3.4,134.8,ok,
PNOA-2024-GAL-533-4663-H29-NPC01.LAZ,533,4663,70.7,3.3,118.5,ok,
PNOA-2024-GAL-539-4670-H29-NPC01.LAZ,539,4670,69.0,2.8,117.7,ok,
PNOA-2024-GAL-531-4658-H29-NPC01.LAZ,531,4658,61.0,3.2,111.5,ok,
PNOA-2024-GAL-533-4676-H29-NPC01.LAZ,533,4676,65.4,2.9,119.0,ok,
PNOA-2024-GAL-534-4714-H29-NPC01.LAZ,534,4714,49.0,2.1,111.4,ok,
PNOA-2024-GAL-514-4711-H29-NPC01.LAZ,514,4711,82.6,3.8,134.6,ok,
PNOA-2024-GAL-514-4695-H29-NPC01.LAZ,514,4695,37.6,2.0,98.5,ok,
PNOA-2024-GAL-541-4668-H29-NPC01.LAZ,541,4668,67.5,2.7,117.6,ok,
PNOA-2024-GAL-539-4671-H29-NPC01.LAZ,539,4671,50.1,2.4,116.0,ok,
PNOA-2024-GAL-531-4676-H29-NPC01.LAZ,531,4676,74.1,4.0,122.5,ok,
PNOA-2024-GAL-545-4732-H29-NPC01.LAZ,545,4732,93.4,3.9,121.8,ok,
PNOA-2024-GAL-544-4723-H29-NPC01.LAZ,544,4723,56.9,2.4,109.9,ok,
PNOA-2024-GAL-572-4719-H29-NPC01.LAZ,572,4719,51.8,2.5,107.7,ok,
PNOA-2024-GAL-543-4685-H29-NPC01.LAZ,543,4685,49.1,2.3,123.0,ok,
PNOA-2024-GAL-528-4669-H29-NPC01.LAZ,528,4669,67.7,2.9,120.8,ok,
PNOA-2024-GAL-527-4663-H29-NPC01.LAZ,527,4663,74.5,3.3,114.1,ok,
PNOA-2024-GAL-527-4664-H29-NPC01.LAZ,527,4664,46.9,2.0,109.3,ok,
PNOA-2024-GAL-529-4682-H29-NPC01.LAZ,529,4682,119.8,7.2,120.4,ok,
PNOA-2024-GAL-541-4731-H29-NPC01.LAZ,541,4731,52.3,2.2,105.3,ok,
PNOA-2024-GAL-517-4711-H29-NPC01.LAZ,517,4711,82.9,3.3,126.3,ok,
PNOA-2024-GAL-527-4715-H29-NPC01.LAZ,527,4715,66.0,2.6,112.6,ok,
PNOA-2024-GAL-522-4661-H29-NPC01.LAZ,522,4661,64.7,2.8,105.1,ok,
PNOA-2024-GAL-522-4712-H29-NPC01.LAZ,522,4712,73.8,3.4,128.1,ok,
PNOA-2024-GAL-545-4726-H29-NPC01.LAZ,545,4726,57.5,2.4,108.3,ok,
PNOA-2024-GAL-541-4666-H29-NPC01.LAZ,541,4666,48.0,2.8,108.9,ok,
PNOA-2024-GAL-528-4717-H29-NPC01.LAZ,528,4717,36.8,1.9,99.8,ok,
PNOA-2024-GAL-550-4736-H29-NPC01.LAZ,550,4736,79.3,4.7,118.7,ok,
PNOA-2024-GAL-541-4733-H29-NPC01.LAZ,541,4733,44.4,2.1,107.0,ok,
PNOA-2024-GAL-520-4664-H29-NPC01.LAZ,520,4664,43.6,2.0,106.5,ok,
PNOA-2024-GAL-536-4694-H29-NPC01.LAZ,536,4694,96.6,3.7,120.5,ok,
PNOA-2024-GAL-541-4671-H29-NPC01.LAZ,541,4671,57.5,2.6,113.2,ok,
PNOA-2024-GAL-518-4714-H29-NPC01.LAZ,518,4714,52.0,3.1,107.2,ok,
PNOA-2024-GAL-520-4711-H29-NPC01.LAZ,520,4711,85.1,4.8,120.1,ok,
PNOA-2024-GAL-532-4657-H29-NPC01.LAZ,532,4657,39.9,1.9,100.1,ok,
PNOA-2024-GAL-542-4725-H29-NPC01.LAZ,542,4725,68.4,3.0,106.1,ok,
PNOA-2024-GAL-529-4660-H29-NPC01.LAZ,529,4660,80.2,3.4,122.3,ok,
PNOA-2024-GAL-514-4697-H29-NPC01.LAZ,514,4697,40.3,2.5,105.7,ok,
PNOA-2024-GAL-529-4668-H29-NPC01.LAZ,529,4668,47.1,2.5,98.7,ok,
PNOA-2024-GAL-561-4728-H29-NPC01.LAZ,561,4728,42.0,2.9,114.5,ok,
PNOA-2024-GAL-530-4692-H29-NPC01.LAZ,530,4692,42.3,2.2,106.3,ok,
PNOA-2024-GAL-566-4730-H29-NPC01.LAZ,566,4730,75.4,3.0,119.7,ok,
PNOA-2024-GAL-534-4710-H29-NPC01.LAZ,534,4710,87.4,3.5,126.8,ok,
PNOA-2024-GAL-515-4668-H29-NPC01.LAZ,515,4668,49.4,2.2,105.7,ok,
PNOA-2024-GAL-532-4682-H29-NPC01.LAZ,532,4682,89.6,3.7,120.6,ok,
PNOA-2024-GAL-569-4723-H29-NPC01.LAZ,569,4723,46.8,2.1,118.9,ok,
PNOA-2024-GAL-523-4710-H29-NPC01.LAZ,523,4710,60.4,4.1,111.8,ok,
PNOA-2024-GAL-536-4734-H29-NPC01.LAZ,536,4734,62.5,3.4,104.3,ok,
PNOA-2024-GAL-563-4720-H29-NPC01.LAZ,563,4720,59.6,3.7,111.6,ok,
PNOA-2024-GAL-520-4705-H29-NPC01.LAZ,520,4705,60.0,3.5,117.9,ok,
PNOA-2024-GAL-534-4688-H29-NPC01.LAZ,534,4688,49.9,2.4,109.8,ok,
PNOA-2024-GAL-515-4702-H29-NPC01.LAZ,515,4702,44.6,2.5,118.7,ok,
PNOA-2024-GAL-556-4733-H29-NPC01.LAZ,556,4733,55.3,2.5,105.4,ok,
PNOA-2024-GAL-528-4708-H29-NPC01.LAZ,528,4708,63.0,3.2,114.9,ok,
PNOA-2024-GAL-525-4700-H29-NPC01.LAZ,525,4700,54.6,2.2,115.4,ok,
PNOA-2024-GAL-527-4714-H29-NPC01.LAZ,527,4714,47.7,2.3,109.3,ok,
PNOA-2024-GAL-513-4682-H29-NPC01.LAZ,513,4682,49.3,2.3,85.9,ok,
PNOA-2024-GAL-538-4675-H29-NPC01.LAZ,538,4675,54.9,2.3,113.4,ok,
PNOA-2024-GAL-550-4662-H29-NPC01.LAZ,550,4662,52.3,2.8,105.2,ok,
PNOA-2024-GAL-534-4683-H29-NPC01.LAZ,534,4683,38.7,2.0,109.4,ok,
PNOA-2024-GAL-552-4733-H29-NPC01.LAZ,552,4733,46.9,2.4,106.5,ok,
PNOA-2024-GAL-540-4728-H29-NPC01.LAZ,540,4728,50.2,2.7,112.9,ok,
PNOA-2024-GAL-519-4709-H29-NPC01.LAZ,519,4709,45.1,2.1,112.1,ok,
PNOA-2024-GAL-570-4725-H29-NPC01.LAZ,570,4725,44.9,2.3,111.7,ok,
PNOA-2024-GAL-544-4673-H29-NPC01.LAZ,544,4673,56.5,2.5,121.1,ok,
PNOA-2024-GAL-536-4724-H29-NPC01.LAZ,536,4724,39.9,1.9,107.3,ok,
PNOA-2024-GAL-531-4712-H29-NPC01.LAZ,531,4712,93.0,4.1,134.5,ok,
PNOA-2024-GAL-540-4660-H29-NPC01.LAZ,540,4660,85.0,3.5,120.6,ok,
PNOA-2024-GAL-527-4717-H29-NPC01.LAZ,527,4717,45.1,2.2,108.2,ok,
PNOA-2024-GAL-516-4679-H29-NPC01.LAZ,516,4679,47.6,2.9,117.1,ok,
PNOA-2024-GAL-545-4733-H29-NPC01.LAZ,545,4733,77.5,5.1,120.9,ok,
PNOA-2024-GAL-541-4661-H29-NPC01.LAZ,541,4661,54.2,2.3,112.3,ok,
PNOA-2024-GAL-536-4708-H29-NPC01.LAZ,536,4708,73.8,3.3,124.2,ok,
PNOA-2024-GAL-535-4657-H29-NPC01.LAZ,535,4657,37.9,1.9,105.6,ok,
PNOA-2024-GAL-568-4727-H29-NPC01.LAZ,568,4727,53.1,2.2,116.4,ok,
PNOA-2024-GAL-529-4718-H29-NPC01.LAZ,529,4718,67.5,3.1,116.7,ok,
PNOA-2024-GAL-540-4668-H29-NPC01.LAZ,540,4668,66.2,3.0,120.3,ok,
PNOA-2024-GAL-527-4698-H29-NPC01.LAZ,527,4698,58.4,3.6,112.6,ok,
PNOA-2024-GAL-539-4728-H29-NPC01.LAZ,539,4728,48.3,2.2,113.9,ok,
PNOA-2024-GAL-526-4714-H29-NPC01.LAZ,526,4714,48.5,2.2,110.8,ok,
PNOA-2024-GAL-529-4725-H29-NPC01.LAZ,529,4725,77.0,4.5,114.1,ok,
PNOA-2024-GAL-518-4667-H29-NPC01.LAZ,518,4667,67.7,3.2,118.6,ok,
PNOA-2024-GAL-517-4665-H29-NPC01.LAZ,517,4665,58.8,2.7,116.0,ok,
PNOA-2024-GAL-543-4665-H29-NPC01.LAZ,543,4665,87.6,3.6,124.9,ok,
PNOA-2024-GAL-527-4699-H29-NPC01.LAZ,527,4699,56.4,3.7,115.4,ok,
PNOA-2024-GAL-540-4666-H29-NPC01.LAZ,540,4666,50.3,2.9,110.8,ok,
PNOA-2024-GAL-510-4662-H29-NPC01.LAZ,510,4662,43.2,2.3,113.6,ok,
PNOA-2024-GAL-552-4732-H29-NPC01.LAZ,552,4732,47.1,2.2,108.5,ok,
PNOA-2024-GAL-520-4648-H29-NPC01.LAZ,520,4648,45.7,2.0,115.0,ok,
PNOA-2024-GAL-512-4662-H29-NPC01.LAZ,512,4662,54.1,2.2,123.5,ok,
PNOA-2024-GAL-513-4641-H29-NPC01.LAZ,513,4641,35.1,1.9,102.3,ok,
PNOA-2024-GAL-522-4705-H29-NPC01.LAZ,522,4705,60.8,2.8,121.2,ok,
PNOA-2024-GAL-520-4718-H29-NPC01.LAZ,520,4718,61.1,2.5,113.5,ok,
PNOA-2024-GAL-524-4716-H29-NPC01.LAZ,524,4716,62.9,3.2,117.8,ok,
PNOA-2024-GAL-541-4728-H29-NPC01.LAZ,541,4728,47.4,2.1,111.2,ok,
PNOA-2024-GAL-532-4687-H29-NPC01.LAZ,532,4687,68.1,3.8,119.2,ok,
PNOA-2024-GAL-570-4730-H29-NPC01.LAZ,570,4730,72.3,3.0,119.5,ok,
PNOA-2024-GAL-530-4670-H29-NPC01.LAZ,530,4670,66.6,2.7,113.8,ok,
PNOA-2024-GAL-527-4656-H29-NPC01.LAZ,527,4656,61.7,2.4,113.7,ok,
PNOA-2024-GAL-531-4678-H29-NPC01.LAZ,531,4678,75.4,3.2,122.2,ok,
PNOA-2024-GAL-540-4677-H29-NPC01.LAZ,540,4677,104.9,4.6,131.0,ok,
PNOA-2024-GAL-536-4663-H29-NPC01.LAZ,536,4663,98.9,5.2,124.4,ok,
PNOA-2024-GAL-544-4675-H29-NPC01.LAZ,544,4675,49.2,2.4,112.1,ok,
PNOA-2024-GAL-533-4716-H29-NPC01.LAZ,533,4716,69.0,2.9,119.2,ok,
PNOA-2024-GAL-531-4670-H29-NPC01.LAZ,531,4670,67.3,2.8,112.3,ok,
PNOA-2024-GAL-532-4671-H29-NPC01.LAZ,532,4671,62.2,2.6,131.1,ok,
PNOA-2024-GAL-528-4718-H29-NPC01.LAZ,528,4718,62.9,2.7,114.0,ok,
PNOA-2024-GAL-528-4729-H29-NPC01.LAZ,528,4729,57.8,2.4,113.0,ok,
PNOA-2024-GAL-546-4725-H29-NPC01.LAZ,546,4725,140.5,5.3,149.5,ok,
PNOA-2024-GAL-535-4717-H29-NPC01.LAZ,535,4717,53.0,2.4,117.6,ok,
PNOA-2024-GAL-536-4707-H29-NPC01.LAZ,536,4707,47.8,2.0,116.7,ok,
PNOA-2024-GAL-556-4734-H29-NPC01.LAZ,556,4734,70.8,3.4,119.2,ok,
PNOA-2024-GAL-518-4715-H29-NPC01.LAZ,518,4715,51.3,3.2,112.0,ok,
PNOA-2024-GAL-516-4662-H29-NPC01.LAZ,516,4662,52.1,2.4,132.2,ok,
PNOA-2024-GAL-536-4720-H29-NPC01.LAZ,536,4720,73.2,4.0,137.8,ok,
PNOA-2024-GAL-544-4729-H29-NPC01.LAZ,544,4729,66.2,3.1,190.7,ok,
PNOA-2024-GAL-532-4715-H29-NPC01.LAZ,532,4715,68.0,3.2,170.6,ok,
PNOA-2024-GAL-544-4726-H29-NPC01.LAZ,544,4726,40.0,2.5,153.0,ok,
PNOA-2024-GAL-521-4712-H29-NPC01.LAZ,521,4712,97.4,4.2,204.8,ok,
PNOA-2024-GAL-517-4695-H29-NPC01.LAZ,517,4695,42.6,2.2,154.4,ok,
PNOA-2024-GAL-540-4729-H29-NPC01.LAZ,540,4729,76.9,3.5,152.3,ok,
PNOA-2024-GAL-570-4722-H29-NPC01.LAZ,570,4722,50.5,2.8,133.2,ok,
PNOA-2024-GAL-531-4666-H29-NPC01.LAZ,531,4666,33.1,1.6,131.9,ok,
PNOA-2024-GAL-522-4683-H29-NPC01.LAZ,522,4683,38.6,2.4,132.7,ok,
PNOA-2024-GAL-528-4664-H29-NPC01.LAZ,528,4664,43.8,2.4,139.2,ok,
PNOA-2024-GAL-546-4719-H29-NPC01.LAZ,546,4719,97.4,4.6,173.2,ok,
PNOA-2024-GAL-544-4677-H29-NPC01.LAZ,544,4677,105.6,5.8,191.7,ok,
PNOA-2024-GAL-574-4723-H29-NPC01.LAZ,574,4723,44.1,2.1,142.5,ok,
PNOA-2024-GAL-543-4661-H29-NPC01.LAZ,543,4661,63.2,3.7,210.7,ok,
PNOA-2024-GAL-561-4727-H29-NPC01.LAZ,561,4727,71.1,3.1,251.8,ok,
PNOA-2024-GAL-542-4660-H29-NPC01.LAZ,542,4660,73.6,4.0,193.9,ok,
PNOA-2024-GAL-523-4708-H29-NPC01.LAZ,523,4708,73.5,4.0,185.7,ok,
PNOA-2024-GAL-521-4722-H29-NPC01.LAZ,521,4722,61.1,3.3,159.7,ok,
PNOA-2024-GAL-540-4679-H29-NPC01.LAZ,540,4679,69.9,3.0,182.6,ok,
PNOA-2024-GAL-527-4668-H29-NPC01.LAZ,527,4668,67.9,3.2,167.4,ok,
PNOA-2024-GAL-516-4714-H29-NPC01.LAZ,516,4714,40.8,2.4,145.3,ok,
PNOA-2024-GAL-546-4728-H29-NPC01.LAZ,546,4728,89.7,3.6,126.7,ok,
PNOA-2024-GAL-537-4659-H29-NPC01.LAZ,537,4659,45.2,2.0,114.7,ok,
PNOA-2024-GAL-543-4678-H29-NPC01.LAZ,543,4678,69.1,3.5,118.5,ok,
PNOA-2024-GAL-524-4724-H29-NPC01.LAZ,524,4724,43.8,2.3,107.6,ok,
PNOA-2024-GAL-574-4724-H29-NPC01.LAZ,574,4724,79.7,3.7,124.5,ok,
PNOA-2024-GAL-537-4733-H29-NPC01.LAZ,537,4733,42.9,2.0,108.7,ok,
PNOA-2024-GAL-528-4657-H29-NPC01.LAZ,528,4657,42.7,2.5,111.6,ok,
PNOA-2024-GAL-526-4656-H29-NPC01.LAZ,526,4656,77.0,4.4,117.0,ok,
PNOA-2024-GAL-523-4713-H29-NPC01.LAZ,523,4713,94.5,4.2,125.1,ok,
PNOA-2024-GAL-536-4732-H29-NPC01.LAZ,536,4732,65.3,2.7,112.2,ok,
PNOA-2024-GAL-547-4662-H29-NPC01.LAZ,547,4662,58.5,3.2,107.8,ok,
PNOA-2024-GAL-548-4678-H29-NPC01.LAZ,548,4678,124.1,5.0,139.3,ok,
PNOA-2024-GAL-546-4665-H29-NPC01.LAZ,546,4665,66.9,3.1,110.4,ok,
PNOA-2024-GAL-540-4730-H29-NPC01.LAZ,540,4730,60.6,3.2,113.9,ok,
PNOA-2024-GAL-542-4669-H29-NPC01.LAZ,542,4669,72.0,3.0,115.9,ok,
PNOA-2024-GAL-540-4662-H29-NPC01.LAZ,540,4662,69.4,3.1,114.1,ok,
PNOA-2024-GAL-541-4660-H29-NPC01.LAZ,541,4660,59.0,2.6,110.8,ok,
PNOA-2024-GAL-561-4729-H29-NPC01.LAZ,561,4729,83.3,4.7,122.1,ok,
PNOA-2024-GAL-518-4708-H29-NPC01.LAZ,518,4708,63.2,2.8,114.8,ok,
PNOA-2024-GAL-553-4737-H29-NPC01.LAZ,553,4737,36.0,1.7,100.9,ok,
PNOA-2024-GAL-530-4725-H29-NPC01.LAZ,530,4725,80.1,3.5,113.2,ok,
PNOA-2024-GAL-544-4664-H29-NPC01.LAZ,544,4664,51.3,2.5,116.6,ok,
PNOA-2024-GAL-520-4709-H29-NPC01.LAZ,520,4709,43.8,1.9,107.4,ok,
PNOA-2024-GAL-572-4729-H29-NPC01.LAZ,572,4729,66.6,2.7,114.9,ok,
PNOA-2024-GAL-514-4696-H29-NPC01.LAZ,514,4696,69.8,2.7,106.7,ok,
PNOA-2024-GAL-544-4676-H29-NPC01.LAZ,544,4676,76.1,3.4,260.9,ok,
PNOA-2024-GAL-524-4699-H29-NPC01.LAZ,524,4699,55.0,3.6,355.4,ok,
PNOA-2024-GAL-537-4663-H29-NPC01.LAZ,537,4663,97.4,4.2,403.9,ok,
PNOA-2024-GAL-518-4663-H29-NPC01.LAZ,518,4663,78.4,4.2,331.6,ok,
PNOA-2024-GAL-516-4680-H29-NPC01.LAZ,516,4680,85.2,5.7,294.2,ok,
PNOA-2024-GAL-523-4691-H29-NPC01.LAZ,523,4691,73.8,3.4,285.1,ok,
PNOA-2024-GAL-515-4697-H29-NPC01.LAZ,515,4697,39.9,2.5,312.2,ok,
PNOA-2024-GAL-541-4693-H29-NPC01.LAZ,541,4693,99.8,4.5,351.2,ok,
PNOA-2024-GAL-525-4724-H29-NPC01.LAZ,525,4724,45.7,2.5,318.3,ok,
PNOA-2024-GAL-538-4669-H29-NPC01.LAZ,538,4669,84.6,4.0,189.7,ok,
PNOA-2024-GAL-517-4667-H29-NPC01.LAZ,517,4667,67.6,3.3,147.3,ok,
PNOA-2024-GAL-547-4670-H29-NPC01.LAZ,547,4670,157.2,7.0,225.7,ok,
PNOA-2024-GAL-529-4670-H29-NPC01.LAZ,529,4670,80.7,3.6,178.5,ok,
PNOA-2024-GAL-533-4658-H29-NPC01.LAZ,533,4658,78.0,3.4,159.0,ok,
PNOA-2024-GAL-547-4728-H29-NPC01.LAZ,547,4728,80.6,3.4,169.2,ok,
PNOA-2024-GAL-540-4674-H29-NPC01.LAZ,540,4674,92.5,3.8,168.9,ok,
PNOA-2024-GAL-529-4726-H29-NPC01.LAZ,529,4726,47.3,2.2,107.6,ok,
PNOA-2024-GAL-526-4683-H29-NPC01.LAZ,526,4683,39.6,2.7,100.2,ok,
PNOA-2024-GAL-543-4732-H29-NPC01.LAZ,543,4732,63.2,2.7,120.7,ok,
PNOA-2024-GAL-542-4720-H29-NPC01.LAZ,542,4720,69.9,3.4,110.3,ok,
PNOA-2024-GAL-553-4700-H29-NPC01.LAZ,553,4700,42.5,1.9,110.5,ok,
PNOA-2024-GAL-536-4664-H29-NPC01.LAZ,536,4664,91.7,4.1,120.5,ok,
PNOA-2024-GAL-532-4714-H29-NPC01.LAZ,532,4714,49.4,2.2,112.4,ok,
PNOA-2024-GAL-529-4714-H29-NPC01.LAZ,529,4714,42.1,1.9,103.8,ok,
PNOA-2024-GAL-534-4679-H29-NPC01.LAZ,534,4679,55.7,3.9,107.6,ok,
PNOA-2024-GAL-525-4693-H29-NPC01.LAZ,525,4693,85.4,4.1,111.6,ok,
PNOA-2024-GAL-528-4682-H29-NPC01.LAZ,528,4682,76.8,4.7,83.2,ok,
PNOA-2024-GAL-540-4694-H29-NPC01.LAZ,540,4694,100.0,3.9,118.4,ok,
PNOA-2024-GAL-534-4723-H29-NPC01.LAZ,534,4723,72.0,2.9,104.6,ok,
PNOA-2024-GAL-541-4664-H29-NPC01.LAZ,541,4664,44.2,1.8,99.9,ok,
PNOA-2024-GAL-572-4725-H29-NPC01.LAZ,572,4725,45.4,2.5,108.4,ok,
PNOA-2024-GAL-526-4700-H29-NPC01.LAZ,526,4700,61.9,2.7,136.2,ok,
PNOA-2024-GAL-528-4730-H29-NPC01.LAZ,528,4730,39.4,2.5,129.3,ok,
PNOA-2024-GAL-571-4726-H29-NPC01.LAZ,571,4726,59.7,2.5,133.7,ok,
PNOA-2024-GAL-572-4732-H29-NPC01.LAZ,572,4732,31.8,1.8,112.6,ok,
PNOA-2024-GAL-541-4675-H29-NPC01.LAZ,541,4675,43.1,2.1,122.8,ok,
PNOA-2024-GAL-533-4657-H29-NPC01.LAZ,533,4657,41.4,2.4,100.8,ok,
PNOA-2024-GAL-519-4644-H29-NPC01.LAZ,519,4644,67.7,3.3,108.1,ok,
PNOA-2024-GAL-547-4679-H29-NPC01.LAZ,547,4679,151.6,6.5,135.1,ok,
PNOA-2024-GAL-572-4720-H29-NPC01.LAZ,572,4720,61.9,3.0,105.6,ok,
PNOA-2024-GAL-528-4662-H29-NPC01.LAZ,528,4662,61.0,5.1,115.2,ok,
PNOA-2024-GAL-537-4724-H29-NPC01.LAZ,537,4724,32.6,1.8,100.4,ok,
PNOA-2024-GAL-543-4660-H29-NPC01.LAZ,543,4660,73.6,3.5,111.3,ok,
PNOA-2024-GAL-512-4643-H29-NPC01.LAZ,512,4643,37.1,1.7,101.8,ok,
PNOA-2024-GAL-564-4734-H29-NPC01.LAZ,564,4734,62.3,2.6,111.7,ok,
PNOA-2024-GAL-532-4718-H29-NPC01.LAZ,532,4718,61.5,2.9,102.0,ok,
PNOA-2024-GAL-542-4724-H29-NPC01.LAZ,542,4724,42.2,2.2,98.6,ok,
PNOA-2024-GAL-528-4686-H29-NPC01.LAZ,528,4686,29.3,1.9,77.5,ok,
PNOA-2024-GAL-531-4684-H29-NPC01.LAZ,531,4684,26.9,2.2,63.9,ok,
PNOA-2024-GAL-556-4728-H29-NPC01.LAZ,556,4728,36.7,1.6,110.1,ok,
PNOA-2024-GAL-571-4729-H29-NPC01.LAZ,571,4729,88.9,4.0,118.3,ok,
PNOA-2024-GAL-539-4679-H29-NPC01.LAZ,539,4679,67.1,2.8,119.3,ok,
PNOA-2024-GAL-550-4663-H29-NPC01.LAZ,550,4663,73.7,4.2,110.0,ok,
PNOA-2024-GAL-524-4691-H29-NPC01.LAZ,524,4691,73.4,4.6,114.1,ok,
PNOA-2024-GAL-534-4716-H29-NPC01.LAZ,534,4716,65.4,3.1,116.1,ok,
PNOA-2024-GAL-529-4693-H29-NPC01.LAZ,529,4693,113.6,4.4,239.7,ok,
PNOA-2024-GAL-529-4691-H29-NPC01.LAZ,529,4691,73.8,3.3,215.0,ok,
PNOA-2024-GAL-548-4730-H29-NPC01.LAZ,548,4730,127.7,5.3,282.9,ok,
PNOA-2024-GAL-529-4710-H29-NPC01.LAZ,529,4710,58.3,3.2,261.9,ok,
PNOA-2024-GAL-515-4660-H29-NPC01.LAZ,515,4660,70.3,4.3,208.7,ok,
PNOA-2024-GAL-542-4676-H29-NPC01.LAZ,542,4676,63.5,3.3,157.5,ok,
PNOA-2024-GAL-541-4676-H29-NPC01.LAZ,541,4676,90.1,3.9,182.0,ok,
PNOA-2024-GAL-563-4725-H29-NPC01.LAZ,563,4725,49.1,2.7,132.3,ok,
PNOA-2024-GAL-537-4726-H29-NPC01.LAZ,537,4726,47.9,2.0,184.7,ok,
PNOA-2024-GAL-517-4681-H29-NPC01.LAZ,517,4681,45.5,3.4,140.1,ok,
PNOA-2024-GAL-512-4696-H29-NPC01.LAZ,512,4696,63.4,2.7,126.1,ok,
PNOA-2024-GAL-537-4731-H29-NPC01.LAZ,537,4731,51.7,2.7,119.5,ok,
PNOA-2024-GAL-534-4661-H29-NPC01.LAZ,534,4661,70.4,3.4,126.5,ok,
PNOA-2024-GAL-521-4666-H29-NPC01.LAZ,521,4666,56.0,2.3,166.5,ok,
PNOA-2024-GAL-532-4688-H29-NPC01.LAZ,532,4688,38.1,2.0,131.6,ok,
PNOA-2024-GAL-528-4719-H29-NPC01.LAZ,528,4719,47.8,2.0,136.6,ok,
PNOA-2024-GAL-566-4719-H29-NPC01.LAZ,566,4719,52.9,2.5,179.0,ok,
PNOA-2024-GAL-550-4661-H29-NPC01.LAZ,550,4661,53.9,2.7,146.1,ok,
PNOA-2024-GAL-549-4733-H29-NPC01.LAZ,549,4733,74.8,4.4,141.7,ok,
PNOA-2024-GAL-522-4717-H29-NPC01.LAZ,522,4717,42.9,2.7,128.1,ok,
PNOA-2024-GAL-539-4675-H29-NPC01.LAZ,539,4675,48.8,2.8,122.4,ok,
PNOA-2024-GAL-569-4724-H29-NPC01.LAZ,569,4724,67.2,2.7,157.8,ok,
PNOA-2024-GAL-531-4660-H29-NPC01.LAZ,531,4660,66.1,3.3,123.0,ok,
PNOA-2024-GAL-519-4711-H29-NPC01.LAZ,519,4711,103.0,4.8,164.1,ok,
PNOA-2024-GAL-530-4693-H29-NPC01.LAZ,530,4693,109.2,4.5,161.2,ok,
PNOA-2024-GAL-537-4667-H29-NPC01.LAZ,537,4667,83.0,3.4,191.1,ok,
PNOA-2024-GAL-536-4674-H29-NPC01.LAZ,536,4674,89.0,9.6,133.9,ok,
PNOA-2024-GAL-560-4731-H29-NPC01.LAZ,560,4731,74.5,4.7,129.8,ok,
PNOA-2024-GAL-533-4732-H29-NPC01.LAZ,533,4732,64.2,3.1,133.0,ok,
PNOA-2024-GAL-528-4670-H29-NPC01.LAZ,528,4670,91.4,4.4,148.2,ok,
PNOA-2024-GAL-539-4676-H29-NPC01.LAZ,539,4676,73.9,3.3,188.1,ok,
PNOA-2024-GAL-533-4711-H29-NPC01.LAZ,533,4711,79.7,5.2,197.9,ok,
PNOA-2024-GAL-535-4661-H29-NPC01.LAZ,535,4661,55.5,2.6,194.1,ok,
PNOA-2024-GAL-547-4673-H29-NPC01.LAZ,547,4673,118.3,4.5,209.1,ok,
PNOA-2024-GAL-512-4641-H29-NPC01.LAZ,512,4641,35.5,1.8,176.2,ok,
PNOA-2024-GAL-559-4732-H29-NPC01.LAZ,559,4732,46.2,2.4,198.4,ok,
PNOA-2024-GAL-523-4728-H29-NPC01.LAZ,523,4728,40.5,1.9,165.3,ok,
PNOA-2024-GAL-521-4708-H29-NPC01.LAZ,521,4708,74.0,3.6,193.0,ok,
PNOA-2024-GAL-528-4712-H29-NPC01.LAZ,528,4712,99.3,6.4,194.2,ok,
PNOA-2024-GAL-524-4707-H29-NPC01.LAZ,524,4707,44.4,2.2,125.9,ok,
PNOA-2024-GAL-530-4720-H29-NPC01.LAZ,530,4720,58.5,3.3,160.6,ok,
PNOA-2024-GAL-558-4730-H29-NPC01.LAZ,558,4730,76.1,3.8,171.6,ok,
PNOA-2024-GAL-515-4662-H29-NPC01.LAZ,515,4662,42.8,2.5,110.8,ok,
PNOA-2024-GAL-545-4689-H29-NPC01.LAZ,545,4689,86.7,3.8,130.7,ok,
PNOA-2024-GAL-545-4719-H29-NPC01.LAZ,545,4719,52.9,2.4,125.5,ok,
PNOA-2024-GAL-542-4729-H29-NPC01.LAZ,542,4729,73.3,3.2,125.8,ok,
PNOA-2024-GAL-545-4662-H29-NPC01.LAZ,545,4662,50.9,2.3,121.1,ok,
PNOA-2024-GAL-532-4666-H29-NPC01.LAZ,532,4666,45.5,1.9,125.6,ok,
PNOA-2024-GAL-518-4703-H29-NPC01.LAZ,518,4703,82.1,4.8,139.8,ok,
PNOA-2024-GAL-545-4669-H29-NPC01.LAZ,545,4669,80.6,3.4,139.1,ok,
PNOA-2024-GAL-536-4722-H29-NPC01.LAZ,536,4722,67.7,3.2,122.0,ok,
PNOA-2024-GAL-544-4727-H29-NPC01.LAZ,544,4727,62.9,3.7,157.8,ok,
PNOA-2024-GAL-549-4727-H29-NPC01.LAZ,549,4727,99.0,5.1,205.7,ok,
PNOA-2024-GAL-529-4662-H29-NPC01.LAZ,529,4662,67.4,3.0,192.7,ok,
PNOA-2024-GAL-539-4733-H29-NPC01.LAZ,539,4733,39.3,1.6,168.8,ok,
PNOA-2024-GAL-564-4733-H29-NPC01.LAZ,564,4733,45.0,2.4,189.0,ok,
PNOA-2024-GAL-553-4735-H29-NPC01.LAZ,553,4735,48.4,2.3,132.9,ok,
PNOA-2024-GAL-561-4732-H29-NPC01.LAZ,561,4732,56.5,2.5,110.0,ok,
PNOA-2024-GAL-533-4680-H29-NPC01.LAZ,533,4680,116.1,4.8,131.8,ok,
PNOA-2024-GAL-548-4735-H29-NPC01.LAZ,548,4735,93.3,3.7,118.9,ok,
PNOA-2024-GAL-539-4662-H29-NPC01.LAZ,539,4662,70.9,3.1,111.9,ok,
PNOA-2024-GAL-524-4690-H29-NPC01.LAZ,524,4690,40.6,2.1,102.5,ok,
PNOA-2024-GAL-570-4719-H29-NPC01.LAZ,570,4719,62.2,4.3,112.4,ok,
PNOA-2024-GAL-528-4711-H29-NPC01.LAZ,528,4711,96.3,4.4,120.2,ok,
PNOA-2024-GAL-536-4661-H29-NPC01.LAZ,536,4661,67.5,3.8,119.0,ok,
PNOA-2024-GAL-537-4729-H29-NPC01.LAZ,537,4729,54.5,2.5,102.0,ok,
PNOA-2024-GAL-519-4662-H29-NPC01.LAZ,519,4662,46.0,2.2,104.5,ok,
PNOA-2024-GAL-522-4714-H29-NPC01.LAZ,522,4714,47.0,2.3,104.0,ok,
PNOA-2024-GAL-533-4677-H29-NPC01.LAZ,533,4677,98.4,4.5,118.9,ok,
PNOA-2024-GAL-519-4708-H29-NPC01.LAZ,519,4708,62.1,3.7,109.7,ok,
PNOA-2024-GAL-518-4716-H29-NPC01.LAZ,518,4716,42.3,1.8,93.3,ok,
PNOA-2024-GAL-558-4733-H29-NPC01.LAZ,558,4733,54.6,2.5,106.9,ok,
PNOA-2024-GAL-530-4672-H29-NPC01.LAZ,530,4672,90.6,4.2,119.3,ok,
PNOA-2024-GAL-546-4666-H29-NPC01.LAZ,546,4666,55.7,2.2,105.7,ok,
PNOA-2024-GAL-545-4670-H29-NPC01.LAZ,545,4670,88.8,4.1,126.1,ok,
PNOA-2024-GAL-513-4696-H29-NPC01.LAZ,513,4696,78.0,3.3,109.6,ok,
PNOA-2024-GAL-560-4728-H29-NPC01.LAZ,560,4728,46.4,2.0,113.8,ok,
PNOA-2024-GAL-529-4667-H29-NPC01.LAZ,529,4667,67.4,3.3,104.2,ok,
PNOA-2024-GAL-533-4687-H29-NPC01.LAZ,533,4687,77.8,3.8,117.2,ok,
PNOA-2024-GAL-526-4653-H29-NPC01.LAZ,526,4653,67.4,4.2,111.7,ok,
PNOA-2024-GAL-546-4670-H29-NPC01.LAZ,546,4670,131.9,5.4,123.6,ok,
PNOA-2024-GAL-565-4719-H29-NPC01.LAZ,565,4719,44.6,2.7,101.1,ok,
PNOA-2024-GAL-556-4731-H29-NPC01.LAZ,556,4731,91.1,4.1,119.0,ok,
PNOA-2024-GAL-555-4728-H29-NPC01.LAZ,555,4728,47.9,2.4,116.3,ok,
PNOA-2024-GAL-528-4725-H29-NPC01.LAZ,528,4725,66.8,3.0,105.6,ok,
PNOA-2024-GAL-559-4729-H29-NPC01.LAZ,559,4729,95.3,3.7,123.6,ok,
PNOA-2024-GAL-515-4711-H29-NPC01.LAZ,515,4711,77.2,3.2,124.1,ok,
PNOA-2024-GAL-559-4726-H29-NPC01.LAZ,559,4726,56.9,3.5,108.4,ok,
PNOA-2024-GAL-551-4736-H29-NPC01.LAZ,551,4736,72.2,3.8,113.1,ok,
PNOA-2024-GAL-546-4699-H29-NPC01.LAZ,546,4699,151.9,6.0,146.3,ok,
PNOA-2024-GAL-519-4696-H29-NPC01.LAZ,519,4696,71.9,4.2,113.0,ok,
PNOA-2024-GAL-551-4661-H29-NPC01.LAZ,551,4661,56.0,2.8,110.4,ok,
PNOA-2024-GAL-531-4659-H29-NPC01.LAZ,531,4659,36.5,1.6,93.3,ok,
PNOA-2024-GAL-544-4678-H29-NPC01.LAZ,544,4678,70.9,2.8,112.3,ok,
PNOA-2024-GAL-525-4711-H29-NPC01.LAZ,525,4711,113.2,4.6,127.2,ok,
PNOA-2024-GAL-554-4733-H29-NPC01.LAZ,554,4733,64.4,2.7,116.4,ok,
PNOA-2024-GAL-527-4669-H29-NPC01.LAZ,527,4669,78.6,3.4,121.5,ok,
PNOA-2024-GAL-570-4727-H29-NPC01.LAZ,570,4727,49.4,2.1,107.5,ok,
PNOA-2024-GAL-530-4721-H29-NPC01.LAZ,530,4721,70.3,2.8,120.8,ok,
PNOA-2024-GAL-542-4703-H29-NPC01.LAZ,542,4703,73.5,3.7,119.6,ok,
PNOA-2024-GAL-567-4726-H29-NPC01.LAZ,567,4726,65.7,2.8,112.8,ok,
PNOA-2024-GAL-557-4710-H29-NPC01.LAZ,557,4710,74.1,3.3,121.4,ok,
PNOA-2024-GAL-544-4725-H29-NPC01.LAZ,544,4725,69.3,3.8,104.8,ok,
PNOA-2024-GAL-522-4722-H29-NPC01.LAZ,522,4722,67.7,3.0,109.4,ok,
PNOA-2024-GAL-573-4727-H29-NPC01.LAZ,573,4727,48.7,2.1,107.9,ok,
PNOA-2024-GAL-545-4680-H29-NPC01.LAZ,545,4680,87.6,3.9,124.3,ok,
PNOA-2024-GAL-539-4661-H29-NPC01.LAZ,539,4661,65.0,3.3,116.1,ok,
PNOA-2024-GAL-525-4718-H29-NPC01.LAZ,525,4718,68.9,3.3,106.3,ok,
PNOA-2024-GAL-537-4730-H29-NPC01.LAZ,537,4730,46.7,2.3,98.4,ok,
PNOA-2024-GAL-525-4717-H29-NPC01.LAZ,525,4717,35.9,1.6,99.9,ok,
PNOA-2024-GAL-543-4724-H29-NPC01.LAZ,543,4724,41.5,2.2,97.4,ok,
PNOA-2024-GAL-570-4721-H29-NPC01.LAZ,570,4721,40.7,1.8,94.3,ok,
PNOA-2024-GAL-512-4682-H29-NPC01.LAZ,512,4682,88.7,4.7,120.0,ok,
PNOA-2024-GAL-538-4659-H29-NPC01.LAZ,538,4659,49.9,2.7,106.8,ok,
PNOA-2024-GAL-538-4676-H29-NPC01.LAZ,538,4676,75.5,3.0,103.4,ok,
PNOA-2024-GAL-521-4697-H29-NPC01.LAZ,521,4697,41.3,2.1,103.7,ok,
PNOA-2024-GAL-548-4726-H29-NPC01.LAZ,548,4726,99.7,4.8,126.8,ok,
PNOA-2024-GAL-545-4688-H29-NPC01.LAZ,545,4688,61.7,2.8,115.4,ok,
PNOA-2024-GAL-547-4731-H29-NPC01.LAZ,547,4731,162.0,6.3,139.2,ok,
PNOA-2024-GAL-539-4665-H29-NPC01.LAZ,539,4665,133.1,5.4,135.0,ok,
PNOA-2024-GAL-532-4664-H29-NPC01.LAZ,532,4664,36.6,2.0,101.6,ok,
PNOA-2024-GAL-544-4733-H29-NPC01.LAZ,544,4733,44.2,2.5,98.7,ok,
PNOA-2024-GAL-548-4660-H29-NPC01.LAZ,548,4660,70.8,3.5,109.1,ok,
PNOA-2024-GAL-518-4707-H29-NPC01.LAZ,518,4707,38.7,1.8,106.0,ok,
PNOA-2024-GAL-549-4736-H29-NPC01.LAZ,549,4736,120.6,5.2,122.9,ok,
PNOA-2024-GAL-538-4718-H29-NPC01.LAZ,538,4718,77.5,4.4,111.4,ok,
PNOA-2024-GAL-525-4727-H29-NPC01.LAZ,525,4727,93.9,3.6,115.7,ok,
PNOA-2024-GAL-539-4707-H29-NPC01.LAZ,539,4707,46.9,2.8,110.6,ok,
PNOA-2024-GAL-564-4727-H29-NPC01.LAZ,564,4727,63.8,2.8,112.8,ok,
PNOA-2024-GAL-545-4718-H29-NPC01.LAZ,545,4718,88.0,3.4,113.7,ok,
PNOA-2024-GAL-546-4667-H29-NPC01.LAZ,546,4667,114.6,4.4,121.6,ok,
PNOA-2024-GAL-568-4723-H29-NPC01.LAZ,568,4723,40.1,1.9,99.2,ok,
PNOA-2024-GAL-537-4660-H29-NPC01.LAZ,537,4660,88.2,4.3,117.1,ok,
PNOA-2024-GAL-553-4716-H29-NPC01.LAZ,553,4716,39.3,2.0,96.5,ok,
PNOA-2024-GAL-545-4694-H29-NPC01.LAZ,545,4694,67.7,2.8,113.8,ok,
PNOA-2024-GAL-525-4708-H29-NPC01.LAZ,525,4708,62.6,2.7,109.0,ok,
PNOA-2024-GAL-545-4727-H29-NPC01.LAZ,545,4727,86.8,4.7,108.1,ok,
PNOA-2024-GAL-549-4664-H29-NPC01.LAZ,549,4664,46.9,2.5,109.1,ok,
PNOA-2024-GAL-543-4662-H29-NPC01.LAZ,543,4662,69.8,3.0,113.4,ok,
PNOA-2024-GAL-534-4658-H29-NPC01.LAZ,534,4658,78.0,3.1,107.5,ok,
PNOA-2024-GAL-513-4712-H29-NPC01.LAZ,513,4712,63.4,3.1,110.1,ok,
PNOA-2024-GAL-511-4639-H29-NPC01.LAZ,511,4639,59.0,2.7,114.4,ok,
PNOA-2024-GAL-540-4670-H29-NPC01.LAZ,540,4670,68.2,2.6,119.0,ok,
PNOA-2024-GAL-542-4727-H29-NPC01.LAZ,542,4727,66.1,2.8,108.1,ok,
PNOA-2024-GAL-539-4730-H29-NPC01.LAZ,539,4730,45.3,2.2,97.5,ok,
PNOA-2024-GAL-566-4721-H29-NPC01.LAZ,566,4721,35.4,2.4,99.7,ok,
PNOA-2024-GAL-521-4706-H29-NPC01.LAZ,521,4706,71.7,4.5,115.7,ok,
PNOA-2024-GAL-549-4662-H29-NPC01.LAZ,549,4662,78.0,4.4,124.2,ok,
PNOA-2024-GAL-571-4724-H29-NPC01.LAZ,571,4724,75.8,3.0,112.3,ok,
PNOA-2024-GAL-533-4668-H29-NPC01.LAZ,533,4668,68.6,3.1,114.7,ok,
PNOA-2024-GAL-545-4673-H29-NPC01.LAZ,545,4673,55.7,2.5,115.6,ok,
PNOA-2024-GAL-550-4727-H29-NPC01.LAZ,550,4727,73.6,3.1,114.3,ok,
PNOA-2024-GAL-523-4652-H29-NPC01.LAZ,523,4652,81.4,3.7,124.1,ok,
PNOA-2024-GAL-536-4658-H29-NPC01.LAZ,536,4658,88.4,3.9,116.1,ok,
PNOA-2024-GAL-522-4724-H29-NPC01.LAZ,522,4724,33.9,2.1,95.7,ok,
PNOA-2024-GAL-535-4725-H29-NPC01.LAZ,535,4725,77.1,4.5,109.5,ok,
PNOA-2024-GAL-518-4696-H29-NPC01.LAZ,518,4696,87.1,4.2,115.7,ok,
PNOA-2024-GAL-568-4720-H29-NPC01.LAZ,568,4720,59.1,2.8,100.3,ok,
PNOA-2024-GAL-563-4730-H29-NPC01.LAZ,563,4730,90.1,3.8,122.7,ok,
PNOA-2024-GAL-551-4733-H29-NPC01.LAZ,551,4733,58.9,2.9,105.3,ok,
PNOA-2024-GAL-543-4722-H29-NPC01.LAZ,543,4722,72.8,3.0,109.9,ok,
PNOA-2024-GAL-536-4659-H29-NPC01.LAZ,536,4659,42.0,1.9,99.1,ok,
PNOA-2024-GAL-518-4719-H29-NPC01.LAZ,518,4719,28.2,1.5,84.5,ok,
PNOA-2024-GAL-523-4712-H29-NPC01.LAZ,523,4712,82.6,3.3,124.4,ok,
PNOA-2024-GAL-544-4728-H29-NPC01.LAZ,544,4728,46.4,2.0,105.2,ok,
PNOA-2024-GAL-538-4660-H29-NPC01.LAZ,538,4660,83.9,3.9,111.3,ok,
PNOA-2024-GAL-510-4637-H29-NPC01.LAZ,510,4637,67.2,3.6,117.2,ok,
PNOA-2024-GAL-546-4695-H29-NPC01.LAZ,546,4695,104.3,6.3,116.7,ok,
PNOA-2024-GAL-520-4710-H29-NPC01.LAZ,520,4710,59.7,3.3,109.2,ok,
PNOA-2024-GAL-516-4699-H29-NPC01.LAZ,516,4699,65.4,3.2,126.8,ok,
PNOA-2024-GAL-524-4653-H29-NPC01.LAZ,524,4653,73.9,3.2,120.2,ok,
PNOA-2024-GAL-527-4681-H29-NPC01.LAZ,527,4681,72.1,3.1,110.7,ok,
PNOA-2024-GAL-539-4669-H29-NPC01.LAZ,539,4669,80.7,3.5,119.4,ok,
PNOA-2024-GAL-511-4637-H29-NPC01.LAZ,511,4637,39.6,1.9,81.1,ok,
PNOA-2024-GAL-553-4734-H29-NPC01.LAZ,553,4734,86.2,3.8,116.2,ok,
PNOA-2024-GAL-566-4727-H29-NPC01.LAZ,566,4727,80.0,3.5,118.8,ok,
PNOA-2024-GAL-571-4719-H29-NPC01.LAZ,571,4719,48.2,2.3,110.0,ok,
PNOA-2024-GAL-544-4668-H29-NPC01.LAZ,544,4668,60.6,6.0,111.0,ok,
PNOA-2024-GAL-542-4667-H29-NPC01.LAZ,542,4667,78.4,3.5,116.2,ok,
PNOA-2024-GAL-530-4666-H29-NPC01.LAZ,530,4666,39.6,1.9,105.6,ok,
PNOA-2024-GAL-531-4671-H29-NPC01.LAZ,531,4671,38.8,2.1,102.3,ok,
PNOA-2024-GAL-545-4666-H29-NPC01.LAZ,545,4666,54.2,2.4,114.2,ok,
PNOA-2024-GAL-525-4714-H29-NPC01.LAZ,525,4714,37.7,1.8,100.1,ok,
PNOA-2024-GAL-542-4665-H29-NPC01.LAZ,542,4665,74.3,3.2,112.6,ok,
PNOA-2024-GAL-546-4669-H29-NPC01.LAZ,546,4669,116.0,4.7,107.8,ok,
PNOA-2024-GAL-543-4675-H29-NPC01.LAZ,543,4675,52.3,2.5,105.9,ok,
PNOA-2024-GAL-527-4666-H29-NPC01.LAZ,527,4666,56.0,2.5,111.3,ok,
PNOA-2024-GAL-566-4722-H29-NPC01.LAZ,566,4722,67.0,2.9,106.8,ok,
PNOA-2024-GAL-547-4733-H29-NPC01.LAZ,547,4733,134.9,5.2,136.4,ok,
PNOA-2024-GAL-536-4670-H29-NPC01.LAZ,536,4670,65.9,2.6,102.6,ok,
PNOA-2024-GAL-536-4719-H29-NPC01.LAZ,536,4719,44.2,2.6,104.7,ok,
PNOA-2024-GAL-535-4716-H29-NPC01.LAZ,535,4716,72.2,3.4,111.5,ok,
PNOA-2024-GAL-538-4677-H29-NPC01.LAZ,538,4677,102.4,4.2,116.2,ok,
PNOA-2024-GAL-543-4664-H29-NPC01.LAZ,543,4664,52.3,2.4,107.1,ok,
PNOA-2024-GAL-569-4720-H29-NPC01.LAZ,569,4720,72.9,2.9,117.0,ok,
PNOA-2024-GAL-545-4725-H29-NPC01.LAZ,545,4725,118.6,5.7,125.7,ok,
PNOA-2024-GAL-569-4722-H29-NPC01.LAZ,569,4722,64.4,2.9,115.5,ok,
PNOA-2024-GAL-545-4671-H29-NPC01.LAZ,545,4671,77.1,3.4,118.9,ok,
PNOA-2024-GAL-520-4716-H29-NPC01.LAZ,520,4716,51.9,2.2,106.2,ok,
PNOA-2024-GAL-574-4725-H29-NPC01.LAZ,574,4725,41.0,2.1,106.2,ok,
PNOA-2024-GAL-529-4689-H29-NPC01.LAZ,529,4689,64.0,2.8,101.7,ok,
PNOA-2024-GAL-573-4721-H29-NPC01.LAZ,573,4721,52.0,2.1,135.5,ok,
PNOA-2024-GAL-525-4692-H29-NPC01.LAZ,525,4692,54.6,2.5,101.7,ok,
PNOA-2024-GAL-563-4728-H29-NPC01.LAZ,563,4728,47.2,1.9,113.5,ok,
PNOA-2024-GAL-527-4726-H29-NPC01.LAZ,527,4726,46.3,2.3,103.3,ok,
PNOA-2024-GAL-567-4722-H29-NPC01.LAZ,567,4722,71.1,3.5,120.5,ok,
PNOA-2024-GAL-533-4664-H29-NPC01.LAZ,533,4664,48.1,2.6,108.8,ok,
PNOA-2024-GAL-538-4730-H29-NPC01.LAZ,538,4730,53.5,2.5,99.6,ok,
PNOA-2024-GAL-527-4721-H29-NPC01.LAZ,527,4721,62.9,3.0,110.1,ok,
PNOA-2024-GAL-536-4671-H29-NPC01.LAZ,536,4671,50.6,2.0,103.0,ok,
PNOA-2024-GAL-533-4674-H29-NPC01.LAZ,533,4674,83.9,7.2,163.0,ok,
PNOA-2024-GAL-529-4719-H29-NPC01.LAZ,529,4719,43.9,2.3,152.6,ok,
PNOA-2024-GAL-520-4649-H29-NPC01.LAZ,520,4649,64.5,3.1,186.7,ok,
PNOA-2024-GAL-526-4701-H29-NPC01.LAZ,526,4701,71.8,2.8,176.1,ok,
PNOA-2024-GAL-552-4736-H29-NPC01.LAZ,552,4736,82.4,3.7,181.4,ok,
PNOA-2024-GAL-523-4651-H29-NPC01.LAZ,523,4651,72.2,2.8,176.4,ok,
PNOA-2024-GAL-513-4698-H29-NPC01.LAZ,513,4698,97.9,5.6,188.9,ok,
PNOA-2024-GAL-551-4730-H29-NPC01.LAZ,551,4730,82.3,3.4,167.6,ok,
PNOA-2024-GAL-534-4713-H29-NPC01.LAZ,534,4713,64.6,3.0,164.6,ok,
PNOA-2024-GAL-521-4715-H29-NPC01.LAZ,521,4715,55.5,2.3,162.1,ok,
PNOA-2024-GAL-523-4709-H29-NPC01.LAZ,523,4709,49.3,2.3,156.0,ok,
PNOA-2024-GAL-528-4663-H29-NPC01.LAZ,528,4663,96.0,4.4,191.4,ok,
PNOA-2024-GAL-536-4667-H29-NPC01.LAZ,536,4667,86.9,17.0,120.9,ok,
PNOA-2024-GAL-532-4670-H29-NPC01.LAZ,532,4670,96.3,6.4,124.1,ok,
PNOA-2024-GAL-524-4726-H29-NPC01.LAZ,524,4726,47.7,2.2,103.1,ok,
PNOA-2024-GAL-561-4726-H29-NPC01.LAZ,561,4726,63.4,2.6,110.3,ok,
PNOA-2024-GAL-519-4717-H29-NPC01.LAZ,519,4717,31.8,2.2,98.4,ok,
PNOA-2024-GAL-536-4716-H29-NPC01.LAZ,536,4716,70.3,3.3,113.8,ok,
PNOA-2024-GAL-551-4662-H29-NPC01.LAZ,551,4662,76.9,3.2,121.3,ok,
PNOA-2024-GAL-516-4710-H29-NPC01.LAZ,516,4710,68.2,3.1,123.7,ok,
PNOA-2024-GAL-522-4663-H29-NPC01.LAZ,522,4663,79.3,3.3,110.3,ok,
PNOA-2024-GAL-516-4663-H29-NPC01.LAZ,516,4663,57.2,2.3,110.0,ok,
PNOA-2024-GAL-529-4717-H29-NPC01.LAZ,529,4717,45.8,2.2,101.9,ok,
PNOA-2024-GAL-546-4726-H29-NPC01.LAZ,546,4726,98.3,4.6,116.3,ok,
PNOA-2024-GAL-531-4683-H29-NPC01.LAZ,531,4683,29.9,1.6,93.3,ok,
PNOA-2024-GAL-566-4725-H29-NPC01.LAZ,566,4725,48.4,2.0,105.9,ok,
PNOA-2024-GAL-528-4673-H29-NPC01.LAZ,528,4673,36.8,1.6,102.6,ok,
PNOA-2024-GAL-571-4734-H29-NPC01.LAZ,571,4734,57.7,2.5,111.7,ok,
PNOA-2024-GAL-558-4725-H29-NPC01.LAZ,558,4725,49.9,2.1,109.2,ok,
PNOA-2024-GAL-567-4729-H29-NPC01.LAZ,567,4729,95.6,3.8,125.7,ok,
PNOA-2024-GAL-516-4704-H29-NPC01.LAZ,516,4704,53.9,6.3,114.5,ok,
PNOA-2024-GAL-534-4719-H29-NPC01.LAZ,534,4719,43.7,2.2,104.4,ok,
PNOA-2024-GAL-522-4706-H29-NPC01.LAZ,522,4706,76.5,3.1,116.3,ok,
PNOA-2024-GAL-510-4698-H29-NPC01.LAZ,510,4698,43.0,2.4,88.4,ok,
PNOA-2024-GAL-540-4664-H29-NPC01.LAZ,540,4664,51.7,2.2,106.5,ok,
PNOA-2024-GAL-539-4664-H29-NPC01.LAZ,539,4664,92.4,3.9,121.1,ok,
PNOA-2024-GAL-536-4660-H29-NPC01.LAZ,536,4660,91.7,3.5,118.7,ok,
PNOA-2024-GAL-513-4680-H29-NPC01.LAZ,513,4680,96.6,5.0,121.8,ok,
PNOA-2024-GAL-542-4679-H29-NPC01.LAZ,542,4679,69.9,3.6,117.3,ok,
PNOA-2024-GAL-523-4683-H29-NPC01.LAZ,523,4683,51.2,2.7,113.9,ok,
PNOA-2024-GAL-518-4644-H29-NPC01.LAZ,518,4644,72.2,2.9,111.9,ok,
PNOA-2024-GAL-524-4692-H29-NPC01.LAZ,524,4692,55.2,3.5,118.7,ok,
PNOA-2024-GAL-532-4686-H29-NPC01.LAZ,532,4686,79.4,3.4,117.3,ok,
PNOA-2024-GAL-545-4668-H29-NPC01.LAZ,545,4668,70.9,3.0,119.6,ok,
PNOA-2024-GAL-549-4663-H29-NPC01.LAZ,549,4663,82.5,4.1,128.7,ok,
PNOA-2024-GAL-519-4648-H29-NPC01.LAZ,519,4648,42.2,1.8,108.6,ok,
PNOA-2024-GAL-515-4679-H29-NPC01.LAZ,515,4679,30.6,1.5,86.7,ok,
PNOA-2024-GAL-515-4708-H29-NPC01.LAZ,515,4708,52.9,3.5,99.8,ok,
PNOA-2024-GAL-516-4695-H29-NPC01.LAZ,516,4695,29.7,1.9,80.9,ok,
PNOA-2024-GAL-522-4690-H29-NPC01.LAZ,522,4690,54.5,3.2,120.7,ok,
PNOA-2024-GAL-545-4691-H29-NPC01.LAZ,545,4691,95.0,3.8,122.9,ok,
PNOA-2024-GAL-566-4729-H29-NPC01.LAZ,566,4729,92.8,4.3,121.7,ok,
PNOA-2024-GAL-527-4685-H29-NPC01.LAZ,527,4685,54.0,2.2,100.0,ok,
PNOA-2024-GAL-512-4642-H29-NPC01.LAZ,512,4642,70.7,3.0,103.9,ok,
PNOA-2024-GAL-520-4712-H29-NPC01.LAZ,520,4712,117.0,6.8,130.4,ok,
PNOA-2024-GAL-543-4694-H29-NPC01.LAZ,543,4694,65.3,2.9,111.1,ok,
PNOA-2024-GAL-552-4699-H29-NPC01.LAZ,552,4699,112.5,4.6,120.6,ok,
PNOA-2024-GAL-545-4698-H29-NPC01.LAZ,545,4698,117.6,5.5,125.5,ok,
PNOA-2024-GAL-530-4709-H29-NPC01.LAZ,530,4709,59.4,2.5,113.6,ok,
PNOA-2024-GAL-524-4700-H29-NPC01.LAZ,524,4700,67.9,2.9,116.7,ok,
PNOA-2024-GAL-527-4657-H29-NPC01.LAZ,527,4657,51.5,2.1,102.9,ok,
PNOA-2024-GAL-530-4675-H29-NPC01.LAZ,530,4675,39.0,2.5,110.6,ok,
PNOA-2024-GAL-549-4731-H29-NPC01.LAZ,549,4731,124.3,5.0,134.6,ok,
PNOA-2024-GAL-528-4715-H29-NPC01.LAZ,528,4715,59.6,2.4,107.9,ok,
PNOA-2024-GAL-517-4709-H29-NPC01.LAZ,517,4709,60.8,3.2,111.2,ok,
PNOA-2024-GAL-566-4723-H29-NPC01.LAZ,566,4723,45.7,2.2,101.3,ok,
PNOA-2024-GAL-547-4727-H29-NPC01.LAZ,547,4727,149.3,6.4,147.9,ok,
PNOA-2024-GAL-541-4663-H29-NPC01.LAZ,541,4663,71.8,3.0,114.8,ok,
PNOA-2024-GAL-530-4710-H29-NPC01.LAZ,530,4710,66.4,2.7,113.3,ok,
PNOA-2024-GAL-546-4692-H29-NPC01.LAZ,546,4692,147.8,5.6,132.4,ok,
PNOA-2024-GAL-543-4679-H29-NPC01.LAZ,543,4679,69.0,3.6,112.5,ok,
PNOA-2024-GAL-515-4698-H29-NPC01.LAZ,515,4698,65.0,2.8,111.8,ok,
PNOA-2024-GAL-533-4667-H29-NPC01.LAZ,533,4667,98.9,4.8,122.4,ok,
PNOA-2024-GAL-544-4722-H29-NPC01.LAZ,544,4722,86.7,3.7,112.9,ok,
PNOA-2024-GAL-528-4706-H29-NPC01.LAZ,528,4706,69.1,2.9,117.2,ok,
PNOA-2024-GAL-532-4677-H29-NPC01.LAZ,532,4677,117.8,5.0,122.8,ok,
PNOA-2024-GAL-516-4711-H29-NPC01.LAZ,516,4711,93.3,5.3,127.5,ok,
PNOA-2024-GAL-520-4701-H29-NPC01.LAZ,520,4701,74.1,3.0,113.7,ok,
PNOA-2024-GAL-565-4718-H29-NPC01.LAZ,565,4718,48.3,3.1,111.3,ok,
PNOA-2024-GAL-527-4653-H29-NPC01.LAZ,527,4653,78.5,3.7,121.0,ok,
PNOA-2024-GAL-513-4644-H29-NPC01.LAZ,513,4644,59.2,2.3,100.5,ok,
PNOA-2024-GAL-522-4651-H29-NPC01.LAZ,522,4651,73.1,3.5,112.4,ok,
PNOA-2024-GAL-520-4696-H29-NPC01.LAZ,520,4696,80.7,3.1,115.3,ok,
PNOA-2024-GAL-520-4651-H29-NPC01.LAZ,520,4651,67.8,2.8,111.2,ok,
PNOA-2024-GAL-536-4696-H29-NPC01.LAZ,536,4696,70.8,3.0,110.0,ok,
PNOA-2024-GAL-517-4698-H29-NPC01.LAZ,517,4698,76.7,3.0,121.1,ok,
PNOA-2024-GAL-560-4733-H29-NPC01.LAZ,560,4733,53.4,2.2,116.0,ok,
PNOA-2024-GAL-544-4665-H29-NPC01.LAZ,544,4665,77.2,3.0,111.6,ok,
PNOA-2024-GAL-531-4727-H29-NPC01.LAZ,531,4727,73.3,3.1,106.6,ok,
PNOA-2024-GAL-536-4725-H29-NPC01.LAZ,536,4725,57.8,2.6,103.8,ok,
PNOA-2024-GAL-534-4657-H29-NPC01.LAZ,534,4657,46.0,1.9,105.4,ok,
PNOA-2024-GAL-558-4728-H29-NPC01.LAZ,558,4728,29.8,1.4,107.8,ok,
PNOA-2024-GAL-524-4693-H29-NPC01.LAZ,524,4693,101.5,5.2,121.1,ok,
PNOA-2024-GAL-527-4730-H29-NPC01.LAZ,527,4730,37.7,1.9,91.1,ok,
PNOA-2024-GAL-549-4726-H29-NPC01.LAZ,549,4726,56.3,2.8,103.7,ok,
PNOA-2024-GAL-548-4736-H29-NPC01.LAZ,548,4736,125.1,6.1,118.7,ok,
PNOA-2024-GAL-536-4726-H29-NPC01.LAZ,536,4726,42.0,2.5,111.1,ok,
PNOA-2024-GAL-522-4713-H29-NPC01.LAZ,522,4713,119.0,4.7,124.2,ok,
PNOA-2024-GAL-548-4731-H29-NPC01.LAZ,548,4731,153.4,5.8,141.1,ok,
PNOA-2024-GAL-531-4717-H29-NPC01.LAZ,531,4717,54.9,2.8,109.0,ok,
PNOA-2024-GAL-548-4729-H29-NPC01.LAZ,548,4729,176.8,8.7,139.7,ok,
PNOA-2024-GAL-562-4724-H29-NPC01.LAZ,562,4724,70.7,2.8,110.4,ok,
PNOA-2024-GAL-522-4697-H29-NPC01.LAZ,522,4697,35.4,1.6,90.5,ok,
PNOA-2024-GAL-550-4730-H29-NPC01.LAZ,550,4730,89.0,4.1,113.4,ok,
PNOA-2024-GAL-576-4723-H29-NPC01.LAZ,576,4723,38.2,2.4,102.3,ok,
PNOA-2024-GAL-541-4732-H29-NPC01.LAZ,541,4732,54.9,2.7,104.7,ok,
PNOA-2024-GAL-546-4661-H29-NPC01.LAZ,546,4661,47.0,1.9,100.3,ok,
PNOA-2024-GAL-512-4639-H29-NPC01.LAZ,512,4639,42.6,1.9,97.2,ok,
PNOA-2024-GAL-547-4664-H29-NPC01.LAZ,547,4664,51.2,2.1,117.2,ok,
PNOA-2024-GAL-529-4680-H29-NPC01.LAZ,529,4680,123.3,4.5,133.1,ok,
PNOA-2024-GAL-524-4655-H29-NPC01.LAZ,524,4655,61.6,3.6,111.8,ok,
PNOA-2024-GAL-520-4707-H29-NPC01.LAZ,520,4707,51.9,2.4,113.6,ok,
PNOA-2024-GAL-536-4709-H29-NPC01.LAZ,536,4709,58.6,2.6,124.9,ok,
PNOA-2024-GAL-552-4712-H29-NPC01.LAZ,552,4712,62.7,2.8,114.2,ok,
PNOA-2024-GAL-537-4725-H29-NPC01.LAZ,537,4725,60.4,3.0,104.6,ok,
PNOA-2024-GAL-566-4728-H29-NPC01.LAZ,566,4728,47.2,2.1,113.8,ok,
PNOA-2024-GAL-518-4711-H29-NPC01.LAZ,518,4711,120.9,5.1,129.6,ok,
PNOA-2024-GAL-543-4728-H29-NPC01.LAZ,543,4728,53.9,2.7,107.5,ok,
PNOA-2024-GAL-554-4731-H29-NPC01.LAZ,554,4731,100.5,5.3,114.6,ok,
PNOA-2024-GAL-549-4732-H29-NPC01.LAZ,549,4732,91.9,3.8,119.0,ok,
PNOA-2024-GAL-511-4638-H29-NPC01.LAZ,511,4638,82.7,3.4,119.8,ok,
PNOA-2024-GAL-513-4701-H29-NPC01.LAZ,513,4701,32.2,1.8,102.1,ok,
PNOA-2024-GAL-531-4667-H29-NPC01.LAZ,531,4667,66.7,3.1,113.6,ok,
PNOA-2024-GAL-519-4661-H29-NPC01.LAZ,519,4661,73.8,3.0,110.9,ok,
PNOA-2024-GAL-513-4645-H29-NPC01.LAZ,513,4645,66.3,2.7,108.8,ok,
PNOA-2024-GAL-521-4705-H29-NPC01.LAZ,521,4705,66.8,2.7,115.7,ok,
PNOA-2024-GAL-516-4667-H29-NPC01.LAZ,516,4667,75.1,2.9,120.1,ok,
PNOA-2024-GAL-527-4665-H29-NPC01.LAZ,527,4665,90.1,4.1,116.6,ok,
PNOA-2024-GAL-542-4663-H29-NPC01.LAZ,542,4663,76.7,3.1,113.7,ok,
PNOA-2024-GAL-528-4710-H29-NPC01.LAZ,528,4710,65.6,2.6,113.6,ok,
PNOA-2024-GAL-537-4664-H29-NPC01.LAZ,537,4664,103.1,4.3,129.6,ok,
PNOA-2024-GAL-530-4665-H29-NPC01.LAZ,530,4665,71.0,3.0,107.4,ok,
PNOA-2024-GAL-547-4696-H29-NPC01.LAZ,547,4696,151.4,6.0,123.6,ok,
PNOA-2024-GAL-543-4676-H29-NPC01.LAZ,543,4676,76.3,3.1,119.1,ok,
PNOA-2024-GAL-562-4720-H29-NPC01.LAZ,562,4720,54.2,2.4,101.2,ok,
PNOA-2024-GAL-550-4699-H29-NPC01.LAZ,550,4699,127.6,4.9,126.8,ok,
PNOA-2024-GAL-544-4666-H29-NPC01.LAZ,544,4666,44.5,2.0,102.9,ok,
PNOA-2024-GAL-533-4722-H29-NPC01.LAZ,533,4722,69.5,3.7,108.3,ok,
PNOA-2024-GAL-535-4668-H29-NPC01.LAZ,535,4668,68.5,4.2,115.1,ok,
PNOA-2024-GAL-537-4662-H29-NPC01.LAZ,537,4662,72.0,3.8,109.9,ok,
PNOA-2024-GAL-543-4731-H29-NPC01.LAZ,543,4731,65.7,3.4,107.1,ok,
PNOA-2024-GAL-518-4694-H29-NPC01.LAZ,518,4694,86.3,4.5,107.9,ok,
PNOA-2024-GAL-529-4673-H29-NPC01.LAZ,529,4673,51.1,3.5,105.9,ok,
PNOA-2024-GAL-572-4731-H29-NPC01.LAZ,572,4731,63.3,2.6,104.6,ok,
PNOA-2024-GAL-535-4663-H29-NPC01.LAZ,535,4663,83.9,3.5,120.8,ok,
PNOA-2024-GAL-521-4682-H29-NPC01.LAZ,521,4682,83.4,3.3,114.2,ok,
PNOA-2024-GAL-569-4719-H29-NPC01.LAZ,569,4719,60.7,3.2,113.4,ok,
PNOA-2024-GAL-529-4712-H29-NPC01.LAZ,529,4712,87.3,3.3,122.9,ok,
PNOA-2024-GAL-540-4726-H29-NPC01.LAZ,540,4726,52.1,2.4,105.2,ok,
PNOA-2024-GAL-531-4665-H29-NPC01.LAZ,531,4665,52.6,3.2,107.1,ok,
PNOA-2024-GAL-523-4693-H29-NPC01.LAZ,523,4693,105.1,4.2,116.6,ok,
PNOA-2024-GAL-531-4669-H29-NPC01.LAZ,531,4669,49.0,2.1,97.7,ok,
PNOA-2024-GAL-573-4722-H29-NPC01.LAZ,573,4722,56.9,2.4,106.1,ok,
PNOA-2024-GAL-557-4728-H29-NPC01.LAZ,557,4728,29.4,1.6,106.4,ok,
PNOA-2024-GAL-551-4700-H29-NPC01.LAZ,551,4700,45.8,2.5,109.6,ok,
PNOA-2024-GAL-529-4661-H29-NPC01.LAZ,529,4661,73.4,3.2,118.1,ok,
PNOA-2024-GAL-534-4682-H29-NPC01.LAZ,534,4682,122.7,5.3,125.4,ok,
PNOA-2024-GAL-521-4649-H29-NPC01.LAZ,521,4649,74.0,2.8,110.0,ok,
PNOA-2024-GAL-517-4666-H29-NPC01.LAZ,517,4666,31.4,1.5,98.4,ok,
PNOA-2024-GAL-522-4711-H29-NPC01.LAZ,522,4711,88.9,3.8,118.4,ok,
PNOA-2024-GAL-517-4663-H29-NPC01.LAZ,517,4663,66.2,2.8,110.1,ok,
PNOA-2024-GAL-557-4727-H29-NPC01.LAZ,557,4727,55.3,2.5,107.9,ok,
PNOA-2024-GAL-536-4731-H29-NPC01.LAZ,536,4731,56.3,2.8,102.7,ok,
PNOA-2024-GAL-520-4706-H29-NPC01.LAZ,520,4706,80.2,3.4,118.1,ok,
PNOA-2024-GAL-549-4725-H29-NPC01.LAZ,549,4725,96.1,4.3,112.7,ok,
PNOA-2024-GAL-523-4711-H29-NPC01.LAZ,523,4711,103.1,4.1,121.8,ok,
PNOA-2024-GAL-521-4661-H29-NPC01.LAZ,521,4661,64.1,2.9,109.6,ok,
PNOA-2024-GAL-544-4688-H29-NPC01.LAZ,544,4688,58.6,2.7,114.4,ok,
PNOA-2024-GAL-535-4689-H29-NPC01.LAZ,535,4689,95.8,4.6,119.4,ok,
PNOA-2024-GAL-538-4662-H29-NPC01.LAZ,538,4662,69.7,3.0,108.2,ok,
PNOA-2024-GAL-530-4711-H29-NPC01.LAZ,530,4711,119.0,6.4,124.4,ok,
PNOA-2024-GAL-568-4729-H29-NPC01.LAZ,568,4729,71.7,3.5,112.8,ok,
PNOA-2024-GAL-575-4728-H29-NPC01.LAZ,575,4728,37.6,1.5,109.5,ok,
PNOA-2024-GAL-525-4699-H29-NPC01.LAZ,525,4699,40.6,1.8,106.7,ok,
PNOA-2024-GAL-526-4693-H29-NPC01.LAZ,526,4693,131.6,4.9,128.9,ok,
PNOA-2024-GAL-569-4728-H29-NPC01.LAZ,569,4728,36.4,1.5,108.4,ok,
PNOA-2024-GAL-518-4709-H29-NPC01.LAZ,518,4709,54.0,2.4,107.4,ok,
PNOA-2024-GAL-551-4660-H29-NPC01.LAZ,551,4660,79.4,3.3,107.1,ok,
PNOA-2024-GAL-513-4681-H29-NPC01.LAZ,513,4681,54.5,2.2,112.7,ok,
PNOA-2024-GAL-561-4730-H29-NPC01.LAZ,561,4730,72.4,3.2,117.3,ok,
PNOA-2024-GAL-521-4667-H29-NPC01.LAZ,521,4667,89.6,3.3,118.6,ok,
PNOA-2024-GAL-532-4668-H29-NPC01.LAZ,532,4668,53.3,2.4,101.3,ok,
PNOA-2024-GAL-521-4710-H29-NPC01.LAZ,521,4710,58.2,2.3,109.4,ok,
PNOA-2024-GAL-528-4671-H29-NPC01.LAZ,528,4671,54.8,3.0,107.7,ok,
PNOA-2024-GAL-546-4697-H29-NPC01.LAZ,546,4697,116.4,4.5,124.2,ok,
PNOA-2024-GAL-532-4660-H29-NPC01.LAZ,532,4660,94.2,4.6,124.4,ok,
PNOA-2024-GAL-557-4733-H29-NPC01.LAZ,557,4733,58.6,2.3,106.5,ok,
PNOA-2024-GAL-519-4647-H29-NPC01.LAZ,519,4647,77.8,3.4,119.3,ok,
PNOA-2024-GAL-530-4691-H29-NPC01.LAZ,530,4691,70.5,3.0,113.8,ok,
PNOA-2024-GAL-532-4662-H29-NPC01.LAZ,532,4662,53.8,2.7,106.7,ok,
PNOA-2024-GAL-521-4653-H29-NPC01.LAZ,521,4653,70.2,3.1,115.0,ok,
PNOA-2024-GAL-538-4691-H29-NPC01.LAZ,538,4691,78.7,3.6,117.0,ok,
PNOA-2024-GAL-530-4677-H29-NPC01.LAZ,530,4677,94.3,4.4,119.1,ok,
PNOA-2024-GAL-571-4736-H29-NPC01.LAZ,571,4736,99.1,4.4,119.9,ok,
PNOA-2024-GAL-521-4654-H29-NPC01.LAZ,521,4654,65.9,3.0,111.9,ok,
PNOA-2024-GAL-539-4701-H29-NPC01.LAZ,539,4701,78.4,3.4,116.2,ok,
PNOA-2024-GAL-520-4680-H29-NPC01.LAZ,520,4680,44.8,2.7,72.2,ok,
PNOA-2024-GAL-518-4665-H29-NPC01.LAZ,518,4665,60.5,2.8,106.3,ok,
PNOA-2024-GAL-521-4691-H29-NPC01.LAZ,521,4691,68.0,2.6,104.9,ok,
PNOA-2024-GAL-513-4643-H29-NPC01.LAZ,513,4643,41.6,2.1,105.3,ok,
PNOA-2024-GAL-550-4728-H29-NPC01.LAZ,550,4728,56.2,2.4,117.4,ok,
PNOA-2024-GAL-521-4655-H29-NPC01.LAZ,521,4655,36.8,2.0,101.8,ok,
PNOA-2024-GAL-521-4662-H29-NPC01.LAZ,521,4662,60.1,3.6,110.7,ok,
PNOA-2024-GAL-532-4719-H29-NPC01.LAZ,532,4719,47.5,2.0,104.4,ok,
PNOA-2024-GAL-526-4717-H29-NPC01.LAZ,526,4717,45.6,2.2,106.3,ok,
PNOA-2024-GAL-547-4690-H29-NPC01.LAZ,547,4690,138.2,6.4,130.7,ok,
PNOA-2024-GAL-539-4729-H29-NPC01.LAZ,539,4729,73.7,2.9,109.1,ok,
PNOA-2024-GAL-544-4693-H29-NPC01.LAZ,544,4693,82.2,4.2,113.9,ok,
PNOA-2024-GAL-514-4643-H29-NPC01.LAZ,514,4643,48.0,2.0,102.8,ok,
PNOA-2024-GAL-566-4726-H29-NPC01.LAZ,566,4726,68.5,3.3,112.5,ok,
PNOA-2024-GAL-550-4698-H29-NPC01.LAZ,550,4698,99.7,3.9,125.4,ok,
PNOA-2024-GAL-551-4697-H29-NPC01.LAZ,551,4697,97.8,5.1,120.0,ok,
PNOA-2024-GAL-534-4712-H29-NPC01.LAZ,534,4712,45.8,2.6,110.1,ok,
PNOA-2024-GAL-547-4659-H29-NPC01.LAZ,547,4659,40.9,1.7,102.4,ok,
PNOA-2024-GAL-550-4709-H29-NPC01.LAZ,550,4709,100.7,6.6,123.0,ok,
PNOA-2024-GAL-527-4707-H29-NPC01.LAZ,527,4707,44.9,2.1,108.6,ok,
PNOA-2024-GAL-546-4723-H29-NPC01.LAZ,546,4723,128.1,6.8,136.0,ok,
PNOA-2024-GAL-565-4732-H29-NPC01.LAZ,565,4732,50.5,2.5,107.4,ok,
PNOA-2024-GAL-514-4661-H29-NPC01.LAZ,514,4661,61.2,3.5,108.6,ok,
PNOA-2024-GAL-543-4669-H29-NPC01.LAZ,543,4669,83.1,3.3,124.6,ok,
PNOA-2024-GAL-535-4680-H29-NPC01.LAZ,535,4680,82.2,3.6,119.7,ok,
PNOA-2024-GAL-518-4698-H29-NPC01.LAZ,518,4698,87.0,3.7,112.6,ok,
PNOA-2024-GAL-547-4705-H29-NPC01.LAZ,547,4705,130.2,7.6,141.7,ok,
PNOA-2024-GAL-518-4645-H29-NPC01.LAZ,518,4645,59.7,3.6,107.5,ok,
PNOA-2024-GAL-529-4724-H29-NPC01.LAZ,529,4724,39.8,1.9,98.9,ok,
PNOA-2024-GAL-572-4721-H29-NPC01.LAZ,572,4721,50.6,2.5,110.2,ok,
PNOA-2024-GAL-534-4663-H29-NPC01.LAZ,534,4663,88.7,3.9,120.4,ok,
PNOA-2024-GAL-571-4722-H29-NPC01.LAZ,571,4722,74.0,3.1,113.2,ok,
PNOA-2024-GAL-517-4680-H29-NPC01.LAZ,517,4680,59.3,3.4,103.7,ok,
PNOA-2024-GAL-548-4727-H29-NPC01.LAZ,548,4727,129.6,6.8,123.7,ok,
PNOA-2024-GAL-521-4660-H29-NPC01.LAZ,521,4660,76.4,3.9,113.6,ok,
PNOA-2024-GAL-548-4688-H29-NPC01.LAZ,548,4688,113.7,4.4,116.3,ok,
PNOA-2024-GAL-529-4708-H29-NPC01.LAZ,529,4708,72.5,3.7,113.5,ok,
PNOA-2024-GAL-538-4683-H29-NPC01.LAZ,538,4683,43.6,2.2,107.0,ok,
PNOA-2024-GAL-513-4679-H29-NPC01.LAZ,513,4679,38.4,2.5,87.3,ok,
PNOA-2024-GAL-532-4716-H29-NPC01.LAZ,532,4716,73.1,3.0,112.1,ok,
PNOA-2024-GAL-536-4697-H29-NPC01.LAZ,536,4697,53.8,2.5,111.5,ok,
PNOA-2024-GAL-554-4714-H29-NPC01.LAZ,554,4714,57.3,2.5,123.1,ok,
PNOA-2024-GAL-573-4734-H29-NPC01.LAZ,573,4734,59.5,2.5,111.5,ok,
PNOA-2024-GAL-541-4679-H29-NPC01.LAZ,541,4679,70.8,4.0,111.8,ok,
PNOA-2024-GAL-528-4713-H29-NPC01.LAZ,528,4713,112.5,4.4,125.2,ok,
PNOA-2024-GAL-535-4723-H29-NPC01.LAZ,535,4723,58.4,3.8,103.2,ok,
PNOA-2024-GAL-514-4710-H29-NPC01.LAZ,514,4710,60.7,2.9,114.2,ok,
PNOA-2024-GAL-557-4725-H29-NPC01.LAZ,557,4725,58.7,2.6,106.0,ok,
PNOA-2024-GAL-533-4718-H29-NPC01.LAZ,533,4718,69.5,3.0,108.6,ok,
PNOA-2024-GAL-524-4712-H29-NPC01.LAZ,524,4712,83.2,4.2,125.8,ok,
PNOA-2024-GAL-540-4665-H29-NPC01.LAZ,540,4665,85.4,5.6,109.8,ok,
PNOA-2024-GAL-563-4721-H29-NPC01.LAZ,563,4721,39.4,2.0,105.0,ok,
PNOA-2024-GAL-547-4734-H29-NPC01.LAZ,547,4734,159.5,6.7,136.5,ok,
PNOA-2024-GAL-579-4742-H29-NPC01.LAZ,579,4742,68.9,2.9,116.5,ok,
PNOA-2024-GAL-517-4642-H29-NPC01.LAZ,517,4642,65.6,3.9,99.5,ok,
PNOA-2024-GAL-559-4730-H29-NPC01.LAZ,559,4730,82.8,3.4,115.7,ok,
PNOA-2024-GAL-541-4694-H29-NPC01.LAZ,541,4694,76.9,3.7,110.7,ok,
PNOA-2024-GAL-541-4702-H29-NPC01.LAZ,541,4702,44.1,2.7,98.5,ok,
PNOA-2024-GAL-540-4669-H29-NPC01.LAZ,540,4669,70.4,2.9,115.1,ok,
PNOA-2024-GAL-511-4641-H29-NPC01.LAZ,511,4641,54.0,3.1,111.5,ok,
PNOA-2024-GAL-570-4726-H29-NPC01.LAZ,570,4726,60.2,2.9,107.5,ok,
PNOA-2024-GAL-516-4664-H29-NPC01.LAZ,516,4664,43.0,2.5,112.4,ok,
PNOA-2024-GAL-525-4709-H29-NPC01.LAZ,525,4709,52.0,3.1,105.2,ok,
PNOA-2024-GAL-538-4672-H29-NPC01.LAZ,538,4672,90.9,4.1,116.8,ok,
PNOA-2024-GAL-538-4729-H29-NPC01.LAZ,538,4729,77.9,3.4,109.1,ok,
PNOA-2024-GAL-534-4662-H29-NPC01.LAZ,534,4662,64.8,2.9,111.9,ok,
PNOA-2024-GAL-544-4667-H29-NPC01.LAZ,544,4667,87.9,3.8,115.5,ok,
PNOA-2024-GAL-538-4733-H29-NPC01.LAZ,538,4733,37.2,2.8,100.1,ok,
PNOA-2024-GAL-528-4659-H29-NPC01.LAZ,528,4659,53.3,2.9,107.8,ok,
PNOA-2024-GAL-511-4700-H29-NPC01.LAZ,511,4700,44.7,2.0,105.2,ok,
PNOA-2024-GAL-548-4668-H29-NPC01.LAZ,548,4668,161.0,6.7,135.2,ok,
PNOA-2024-GAL-520-4682-H29-NPC01.LAZ,520,4682,76.8,3.2,116.7,ok,
PNOA-2024-GAL-548-4672-H29-NPC01.LAZ,548,4672,205.8,8.6,150.7,ok,
PNOA-2024-GAL-530-4658-H29-NPC01.LAZ,530,4658,76.7,3.4,118.4,ok,
PNOA-2024-GAL-523-4724-H29-NPC01.LAZ,523,4724,44.0,2.0,102.4,ok,
PNOA-2024-GAL-538-4695-H29-NPC01.LAZ,538,4695,68.1,2.8,106.8,ok,
PNOA-2024-GAL-570-4734-H29-NPC01.LAZ,570,4734,57.2,3.1,110.8,ok,
PNOA-2024-GAL-510-4638-H29-NPC01.LAZ,510,4638,79.4,5.1,124.8,ok,
PNOA-2024-GAL-523-4692-H29-NPC01.LAZ,523,4692,67.5,4.6,116.6,ok,
PNOA-2024-GAL-524-4656-H29-NPC01.LAZ,524,4656,76.1,4.2,111.2,ok,
PNOA-2024-GAL-523-4715-H29-NPC01.LAZ,523,4715,65.2,3.1,109.5,ok,
PNOA-2024-GAL-570-4724-H29-NPC01.LAZ,570,4724,67.8,5.7,109.0,ok,
PNOA-2024-GAL-569-4725-H29-NPC01.LAZ,569,4725,51.7,2.9,104.5,ok,
PNOA-2024-GAL-532-4663-H29-NPC01.LAZ,532,4663,62.5,3.7,108.0,ok,
PNOA-2024-GAL-566-4720-H29-NPC01.LAZ,566,4720,68.9,3.3,113.2,ok,
PNOA-2024-GAL-513-4653-H29-NPC01.LAZ,513,4653,60.3,3.3,110.5,ok,
PNOA-2024-GAL-516-4707-H29-NPC01.LAZ,516,4707,41.0,2.1,110.0,ok,
PNOA-2024-GAL-546-4660-H29-NPC01.LAZ,546,4660,66.1,3.1,100.1,ok,
PNOA-2024-GAL-530-4726-H29-NPC01.LAZ,530,4726,49.0,2.9,104.2,ok,
PNOA-2024-GAL-558-4729-H29-NPC01.LAZ,558,4729,91.2,5.9,121.5,ok,
PNOA-2024-GAL-530-4662-H29-NPC01.LAZ,530,4662,63.0,2.8,114.5,ok,
PNOA-2024-GAL-546-4698-H29-NPC01.LAZ,546,4698,141.3,5.9,130.1,ok,
PNOA-2024-GAL-529-4690-H29-NPC01.LAZ,529,4690,40.2,2.0,102.6,ok,
PNOA-2024-GAL-535-4715-H29-NPC01.LAZ,535,4715,87.2,4.1,115.8,ok,
PNOA-2024-GAL-527-4713-H29-NPC01.LAZ,527,4713,120.3,6.9,126.5,ok,
PNOA-2024-GAL-531-4686-H29-NPC01.LAZ,531,4686,35.1,1.8,70.1,ok,
PNOA-2024-GAL-522-4691-H29-NPC01.LAZ,522,4691,80.8,3.3,127.1,ok,
PNOA-2024-GAL-515-4680-H29-NPC01.LAZ,515,4680,81.3,3.7,119.5,ok,
PNOA-2024-GAL-546-4668-H29-NPC01.LAZ,546,4668,117.1,4.8,125.4,ok,
PNOA-2024-GAL-555-4730-H29-NPC01.LAZ,555,4730,82.5,3.6,113.0,ok,
PNOA-2024-GAL-550-4696-H29-NPC01.LAZ,550,4696,78.2,4.9,120.4,ok,
PNOA-2024-GAL-515-4705-H29-NPC01.LAZ,515,4705,53.0,2.8,106.8,ok,
PNOA-2024-GAL-517-4696-H29-NPC01.LAZ,517,4696,92.2,4.5,115.3,ok,
PNOA-2024-GAL-547-4726-H29-NPC01.LAZ,547,4726,117.9,6.4,122.7,ok,
PNOA-2024-GAL-536-4699-H29-NPC01.LAZ,536,4699,68.1,2.9,133.1,ok,
PNOA-2024-GAL-540-4661-H29-NPC01.LAZ,540,4661,73.5,5.1,112.0,ok,
PNOA-2024-GAL-563-4719-H29-NPC01.LAZ,563,4719,59.7,2.7,110.6,ok,
PNOA-2024-GAL-524-4714-H29-NPC01.LAZ,524,4714,37.6,2.1,101.3,ok,
PNOA-2024-GAL-526-4718-H29-NPC01.LAZ,526,4718,78.9,3.8,111.4,ok,
PNOA-2024-GAL-526-4712-H29-NPC01.LAZ,526,4712,103.1,6.2,129.7,ok,
PNOA-2024-GAL-536-4713-H29-NPC01.LAZ,536,4713,90.1,4.0,117.4,ok,
PNOA-2024-GAL-520-4683-H29-NPC01.LAZ,520,4683,58.5,3.5,111.3,ok,
PNOA-2024-GAL-560-4732-H29-NPC01.LAZ,560,4732,48.6,2.5,109.0,ok,
PNOA-2024-GAL-528-4679-H29-NPC01.LAZ,528,4679,70.3,3.1,108.2,ok,
PNOA-2024-GAL-539-4695-H29-NPC01.LAZ,539,4695,68.5,3.0,104.5,ok,
PNOA-2024-GAL-527-4706-H29-NPC01.LAZ,527,4706,73.7,3.6,116.5,ok,
PNOA-2024-GAL-533-4710-H29-NPC01.LAZ,533,4710,93.2,4.4,121.9,ok,
PNOA-2024-GAL-535-4694-H29-NPC01.LAZ,535,4694,111.7,5.4,125.3,ok,
PNOA-2024-GAL-523-4726-H29-NPC01.LAZ,523,4726,48.6,2.0,101.9,ok,
PNOA-2024-GAL-571-4727-H29-NPC01.LAZ,571,4727,57.0,4.3,107.4,ok,
PNOA-2024-GAL-537-4710-H29-NPC01.LAZ,537,4710,85.5,4.8,123.1,ok,
PNOA-2024-GAL-549-4720-H29-NPC01.LAZ,549,4720,117.8,4.7,129.6,ok,
PNOA-2024-GAL-549-4711-H29-NPC01.LAZ,549,4711,150.5,6.4,141.5,ok,
PNOA-2024-GAL-557-4719-H29-NPC01.LAZ,557,4719,53.9,3.2,104.6,ok,
PNOA-2024-GAL-530-4681-H29-NPC01.LAZ,530,4681,118.3,5.2,179.8,ok,
PNOA-2024-GAL-550-4732-H29-NPC01.LAZ,550,4732,68.7,4.1,130.2,ok,
PNOA-2024-GAL-567-4727-H29-NPC01.LAZ,567,4727,67.4,3.0,121.7,ok,
PNOA-2024-GAL-575-4730-H29-NPC01.LAZ,575,4730,74.1,3.0,126.8,ok,
PNOA-2024-GAL-524-4689-H29-NPC01.LAZ,524,4689,77.5,3.4,123.9,ok,
PNOA-2024-GAL-525-4657-H29-NPC01.LAZ,525,4657,52.3,2.5,128.8,ok,
PNOA-2024-GAL-516-4696-H29-NPC01.LAZ,516,4696,86.4,4.3,147.1,ok,
PNOA-2024-GAL-524-4713-H29-NPC01.LAZ,524,4713,91.4,5.5,184.2,ok,
PNOA-2024-GAL-532-4659-H29-NPC01.LAZ,532,4659,57.2,2.7,202.6,ok,
PNOA-2024-GAL-543-4692-H29-NPC01.LAZ,543,4692,54.5,2.4,179.5,ok,
PNOA-2024-GAL-548-4734-H29-NPC01.LAZ,548,4734,160.1,7.5,164.6,ok,
PNOA-2024-GAL-516-4659-H29-NPC01.LAZ,516,4659,49.5,2.3,117.7,ok,
PNOA-2024-GAL-525-4683-H29-NPC01.LAZ,525,4683,52.4,3.0,127.2,ok,
PNOA-2024-GAL-538-4689-H29-NPC01.LAZ,538,4689,74.1,3.6,155.7,ok,
PNOA-2024-GAL-529-4664-H29-NPC01.LAZ,529,4664,43.9,2.2,137.0,ok,
PNOA-2024-GAL-522-4665-H29-NPC01.LAZ,522,4665,70.4,5.0,142.0,ok,
PNOA-2024-GAL-544-4661-H29-NPC01.LAZ,544,4661,55.1,3.4,122.0,ok,
PNOA-2024-GAL-572-4730-H29-NPC01.LAZ,572,4730,65.2,2.7,107.2,ok,
PNOA-2024-GAL-527-4667-H29-NPC01.LAZ,527,4667,84.8,6.1,125.3,ok,
PNOA-2024-GAL-565-4730-H29-NPC01.LAZ,565,4730,77.9,3.4,135.3,ok,
PNOA-2024-GAL-525-4713-H29-NPC01.LAZ,525,4713,150.1,6.0,136.2,ok,
PNOA-2024-GAL-535-4659-H29-NPC01.LAZ,535,4659,53.7,2.5,115.9,ok,
PNOA-2024-GAL-526-4716-H29-NPC01.LAZ,526,4716,65.5,3.8,108.0,ok,
PNOA-2024-GAL-525-4690-H29-NPC01.LAZ,525,4690,55.2,3.2,109.8,ok,
PNOA-2024-GAL-574-4722-H29-NPC01.LAZ,574,4722,66.3,3.1,114.2,ok,
PNOA-2024-GAL-547-4660-H29-NPC01.LAZ,547,4660,76.8,4.0,117.6,ok,
PNOA-2024-GAL-531-4722-H29-NPC01.LAZ,531,4722,67.7,3.4,106.8,ok,
PNOA-2024-GAL-544-4699-H29-NPC01.LAZ,544,4699,55.7,2.4,118.3,ok,
PNOA-2024-GAL-513-4642-H29-NPC01.LAZ,513,4642,74.4,3.6,111.2,ok,
PNOA-2024-GAL-522-4649-H29-NPC01.LAZ,522,4649,77.7,3.3,110.7,ok,
PNOA-2024-GAL-517-4679-H29-NPC01.LAZ,517,4679,28.9,1.5,75.5,ok,
PNOA-2024-GAL-538-4680-H29-NPC01.LAZ,538,4680,111.6,4.4,129.4,ok,
PNOA-2024-GAL-572-4735-H29-NPC01.LAZ,572,4735,51.4,2.5,118.0,ok,
PNOA-2024-GAL-546-4714-H29-NPC01.LAZ,546,4714,85.5,5.1,121.6,ok,
PNOA-2024-GAL-546-4687-H29-NPC01.LAZ,546,4687,149.0,6.9,156.6,ok,
PNOA-2024-GAL-546-4706-H29-NPC01.LAZ,546,4706,130.0,5.5,155.0,ok,
PNOA-2024-GAL-514-4701-H29-NPC01.LAZ,514,4701,33.5,2.1,95.3,ok,
PNOA-2024-GAL-538-4715-H29-NPC01.LAZ,538,4715,75.0,3.3,118.2,ok,
PNOA-2024-GAL-523-4707-H29-NPC01.LAZ,523,4707,41.0,2.3,113.0,ok,
PNOA-2024-GAL-569-4730-H29-NPC01.LAZ,569,4730,78.4,3.7,114.8,ok,
PNOA-2024-GAL-520-4689-H29-NPC01.LAZ,520,4689,38.1,1.9,74.2,ok,
PNOA-2024-GAL-551-4710-H29-NPC01.LAZ,551,4710,87.8,4.1,119.9,ok,
PNOA-2024-GAL-558-4731-H29-NPC01.LAZ,558,4731,102.6,4.9,118.8,ok,
PNOA-2024-GAL-520-4650-H29-NPC01.LAZ,520,4650,44.6,2.0,109.3,ok,
PNOA-2024-GAL-582-4723-H29-NPC01.LAZ,582,4723,44.8,2.2,109.4,ok,
PNOA-2024-GAL-514-4681-H29-NPC01.LAZ,514,4681,30.6,1.5,93.4,ok,
PNOA-2024-GAL-522-4704-H29-NPC01.LAZ,522,4704,63.9,3.2,109.7,ok,
PNOA-2024-GAL-547-4729-H29-NPC01.LAZ,547,4729,182.8,7.4,184.9,ok,
PNOA-2024-GAL-558-4732-H29-NPC01.LAZ,558,4732,50.2,2.5,333.9,ok,
PNOA-2024-GAL-516-4706-H29-NPC01.LAZ,516,4706,44.1,2.1,550.1,ok,
PNOA-2024-GAL-544-4680-H29-NPC01.LAZ,544,4680,107.2,4.8,532.5,ok,
PNOA-2024-GAL-516-4715-H29-NPC01.LAZ,516,4715,36.1,2.4,347.1,ok,
PNOA-2024-GAL-522-4654-H29-NPC01.LAZ,522,4654,69.1,2.9,695.2,ok,
PNOA-2024-GAL-522-4684-H29-NPC01.LAZ,522,4684,75.5,4.4,304.6,ok,
PNOA-2024-GAL-555-4717-H29-NPC01.LAZ,555,4717,74.3,4.2,361.7,ok,
PNOA-2024-GAL-562-4729-H29-NPC01.LAZ,562,4729,98.9,7.3,245.6,ok,
PNOA-2024-GAL-553-4710-H29-NPC01.LAZ,553,4710,101.3,4.4,202.4,ok,
PNOA-2024-GAL-515-4664-H29-NPC01.LAZ,515,4664,34.0,1.6,146.6,ok,
PNOA-2024-GAL-535-4731-H29-NPC01.LAZ,535,4731,58.5,2.5,195.5,ok,
PNOA-2024-GAL-521-4651-H29-NPC01.LAZ,521,4651,104.1,4.6,212.9,ok,
PNOA-2024-GAL-526-4707-H29-NPC01.LAZ,526,4707,42.3,2.1,164.1,ok,
PNOA-2024-GAL-542-4695-H29-NPC01.LAZ,542,4695,64.2,3.4,194.9,ok,
PNOA-2024-GAL-529-4727-H29-NPC01.LAZ,529,4727,82.4,4.4,155.5,ok,
PNOA-2024-GAL-514-4712-H29-NPC01.LAZ,514,4712,64.6,2.8,179.2,ok,
PNOA-2024-GAL-515-4706-H29-NPC01.LAZ,515,4706,53.2,2.5,154.0,ok,
PNOA-2024-GAL-538-4681-H29-NPC01.LAZ,538,4681,92.1,5.4,179.5,ok,
PNOA-2024-GAL-518-4712-H29-NPC01.LAZ,518,4712,108.7,4.4,188.4,ok,
PNOA-2024-GAL-552-4694-H29-NPC01.LAZ,552,4694,68.7,3.1,152.4,ok,
PNOA-2024-GAL-562-4721-H29-NPC01.LAZ,562,4721,35.5,2.0,139.4,ok,
PNOA-2024-GAL-520-4720-H29-NPC01.LAZ,520,4720,87.3,3.9,159.9,ok,
PNOA-2024-GAL-581-4726-H29-NPC01.LAZ,581,4726,74.0,3.7,122.7,ok,
PNOA-2024-GAL-538-4713-H29-NPC01.LAZ,538,4713,96.6,4.0,157.8,ok,
PNOA-2024-GAL-543-4666-H29-NPC01.LAZ,543,4666,47.6,2.5,131.1,ok,
PNOA-2024-GAL-549-4668-H29-NPC01.LAZ,549,4668,151.2,5.8,191.0,ok,
PNOA-2024-GAL-540-4695-H29-NPC01.LAZ,540,4695,75.4,3.7,159.5,ok,
PNOA-2024-GAL-564-4723-H29-NPC01.LAZ,564,4723,45.1,2.1,161.6,ok,
PNOA-2024-GAL-545-4722-H29-NPC01.LAZ,545,4722,105.3,7.5,135.6,ok,
PNOA-2024-GAL-576-4729-H29-NPC01.LAZ,576,4729,96.6,4.6,121.9,ok,
PNOA-2024-GAL-519-4652-H29-NPC01.LAZ,519,4652,69.4,3.3,111.1,ok,
PNOA-2024-GAL-535-4701-H29-NPC01.LAZ,535,4701,75.1,3.6,118.3,ok,
PNOA-2024-GAL-526-4709-H29-NPC01.LAZ,526,4709,61.4,2.8,109.7,ok,
PNOA-2024-GAL-550-4737-H29-NPC01.LAZ,550,4737,47.8,3.5,109.1,ok,
PNOA-2024-GAL-531-4661-H29-NPC01.LAZ,531,4661,57.0,3.0,105.4,ok,
PNOA-2024-GAL-544-4731-H29-NPC01.LAZ,544,4731,61.1,2.8,104.8,ok,
PNOA-2024-GAL-568-4715-H29-NPC01.LAZ,568,4715,79.5,3.3,121.0,ok,
PNOA-2024-GAL-521-4702-H29-NPC01.LAZ,521,4702,50.5,2.8,116.0,ok,
PNOA-2024-GAL-548-4693-H29-NPC01.LAZ,548,4693,128.2,6.7,131.9,ok,
PNOA-2024-GAL-526-4724-H29-NPC01.LAZ,526,4724,46.2,2.7,105.2,ok,
PNOA-2024-GAL-532-4722-H29-NPC01.LAZ,532,4722,68.1,3.1,106.6,ok,
PNOA-2024-GAL-511-4699-H29-NPC01.LAZ,511,4699,52.2,2.2,123.0,ok,
PNOA-2024-GAL-556-4712-H29-NPC01.LAZ,556,4712,63.7,3.1,120.1,ok,
PNOA-2024-GAL-533-4678-H29-NPC01.LAZ,533,4678,83.4,4.2,120.9,ok,
PNOA-2024-GAL-523-4727-H29-NPC01.LAZ,523,4727,87.5,5.8,111.8,ok,
PNOA-2024-GAL-577-4735-H29-NPC01.LAZ,577,4735,48.3,2.2,123.3,ok,
PNOA-2024-GAL-528-4723-H29-NPC01.LAZ,528,4723,83.9,3.4,146.6,ok,
PNOA-2024-GAL-538-4704-H29-NPC01.LAZ,538,4704,56.8,2.6,171.5,ok,
PNOA-2024-GAL-542-4702-H29-NPC01.LAZ,542,4702,63.3,2.8,178.1,ok,
PNOA-2024-GAL-536-4728-H29-NPC01.LAZ,536,4728,47.7,2.2,143.6,ok,
PNOA-2024-GAL-556-4710-H29-NPC01.LAZ,556,4710,65.9,2.7,123.1,ok,
PNOA-2024-GAL-557-4714-H29-NPC01.LAZ,557,4714,42.3,2.3,157.7,ok,
PNOA-2024-GAL-537-4658-H29-NPC01.LAZ,537,4658,78.7,3.2,174.3,ok,
PNOA-2024-GAL-539-4689-H29-NPC01.LAZ,539,4689,73.1,2.9,162.1,ok,
PNOA-2024-GAL-522-4667-H29-NPC01.LAZ,522,4667,73.0,3.0,214.7,ok,
PNOA-2024-GAL-559-4727-H29-NPC01.LAZ,559,4727,52.8,2.8,151.6,ok,
PNOA-2024-GAL-568-4718-H29-NPC01.LAZ,568,4718,47.8,2.3,318.0,ok,
PNOA-2024-GAL-514-4667-H29-NPC01.LAZ,514,4667,49.4,4.5,342.3,ok,
PNOA-2024-GAL-548-4689-H29-NPC01.LAZ,548,4689,136.5,11.9,372.2,ok,
PNOA-2024-GAL-545-4699-H29-NPC01.LAZ,545,4699,74.6,6.9,558.2,ok,
PNOA-2024-GAL-541-4687-H29-NPC01.LAZ,541,4687,71.9,6.9,493.2,ok,
PNOA-2024-GAL-524-4711-H29-NPC01.LAZ,524,4711,91.9,8.7,473.4,ok,
PNOA-2024-GAL-521-4723-H29-NPC01.LAZ,521,4723,49.8,4.9,336.8,ok,
PNOA-2024-GAL-535-4696-H29-NPC01.LAZ,535,4696,70.5,6.3,422.7,ok,
PNOA-2024-GAL-528-4722-H29-NPC01.LAZ,528,4722,66.9,5.9,316.5,ok,
PNOA-2024-GAL-568-4719-H29-NPC01.LAZ,568,4719,52.6,4.9,103.5,ok,
PNOA-2024-GAL-519-4698-H29-NPC01.LAZ,519,4698,103.3,9.1,178.1,ok,
PNOA-2024-GAL-566-4724-H29-NPC01.LAZ,566,4724,70.8,6.5,145.8,ok,
PNOA-2024-GAL-549-4672-H29-NPC01.LAZ,549,4672,196.9,19.1,224.4,ok,
PNOA-2024-GAL-538-4727-H29-NPC01.LAZ,538,4727,91.7,11.1,180.9,ok,
PNOA-2024-GAL-534-4660-H29-NPC01.LAZ,534,4660,85.2,11.0,151.0,ok,
PNOA-2024-GAL-528-4658-H29-NPC01.LAZ,528,4658,79.8,7.1,148.6,ok,
PNOA-2024-GAL-528-4654-H29-NPC01.LAZ,528,4654,56.8,5.1,140.1,ok,
PNOA-2024-GAL-534-4696-H29-NPC01.LAZ,534,4696,77.6,6.8,143.5,ok,
PNOA-2024-GAL-554-4732-H29-NPC01.LAZ,554,4732,52.2,4.7,138.6,ok,
PNOA-2024-GAL-544-4724-H29-NPC01.LAZ,544,4724,51.1,4.6,136.5,ok,
PNOA-2024-GAL-523-4690-H29-NPC01.LAZ,523,4690,49.1,4.4,132.2,ok,
PNOA-2024-GAL-515-4681-H29-NPC01.LAZ,515,4681,50.3,4.5,142.4,ok,
PNOA-2024-GAL-548-4673-H29-NPC01.LAZ,548,4673,115.2,13.1,166.0,ok,
PNOA-2024-GAL-528-4726-H29-NPC01.LAZ,528,4726,49.1,4.4,134.3,ok,
PNOA-2024-GAL-535-4686-H29-NPC01.LAZ,535,4686,79.7,7.0,165.1,ok,
PNOA-2024-GAL-530-4715-H29-NPC01.LAZ,530,4715,78.0,6.9,151.6,ok,
PNOA-2024-GAL-549-4728-H29-NPC01.LAZ,549,4728,72.5,6.4,163.6,ok,
PNOA-2024-GAL-539-4663-H29-NPC01.LAZ,539,4663,109.6,9.5,161.8,ok,
PNOA-2024-GAL-521-4704-H29-NPC01.LAZ,521,4704,69.4,6.1,159.8,ok,
PNOA-2024-GAL-529-4663-H29-NPC01.LAZ,529,4663,79.8,7.0,151.6,ok,
PNOA-2024-GAL-521-4664-H29-NPC01.LAZ,521,4664,57.7,5.1,156.6,ok,
PNOA-2024-GAL-524-4710-H29-NPC01.LAZ,524,4710,58.4,5.3,127.1,ok,
PNOA-2024-GAL-547-4692-H29-NPC01.LAZ,547,4692,147.1,13.0,161.6,ok,
PNOA-2024-GAL-548-4705-H29-NPC01.LAZ,548,4705,144.6,16.6,203.9,ok,
PNOA-2024-GAL-533-4669-H29-NPC01.LAZ,533,4669,76.8,9.4,164.0,ok,
PNOA-2024-GAL-520-4652-H29-NPC01.LAZ,520,4652,78.6,8.7,180.2,ok,
PNOA-2024-GAL-530-4719-H29-NPC01.LAZ,530,4719,37.4,5.1,136.0,ok,
PNOA-2024-GAL-519-4704-H29-NPC01.LAZ,519,4704,57.8,5.1,155.4,ok,
PNOA-2024-GAL-549-4665-H29-NPC01.LAZ,549,4665,82.5,7.2,162.9,ok,
PNOA-2024-GAL-562-4727-H29-NPC01.LAZ,562,4727,73.1,6.5,151.6,ok,
PNOA-2024-GAL-551-4737-H29-NPC01.LAZ,551,4737,51.6,4.6,143.6,ok,
PNOA-2024-GAL-537-4688-H29-NPC01.LAZ,537,4688,49.7,4.5,136.8,ok,
PNOA-2024-GAL-548-4721-H29-NPC01.LAZ,548,4721,97.9,8.5,156.2,ok,
PNOA-2024-GAL-581-4721-H29-NPC01.LAZ,581,4721,50.9,4.6,145.4,ok,
PNOA-2024-GAL-522-4650-H29-NPC01.LAZ,522,4650,52.6,4.8,145.1,ok,
PNOA-2024-GAL-549-4661-H29-NPC01.LAZ,549,4661,68.9,6.1,157.8,ok,
PNOA-2024-GAL-538-4724-H29-NPC01.LAZ,538,4724,50.9,4.6,139.8,ok,
PNOA-2024-GAL-534-4722-H29-NPC01.LAZ,534,4722,64.4,5.7,133.8,ok,
PNOA-2024-GAL-560-4721-H29-NPC01.LAZ,560,4721,45.8,4.2,138.5,ok,
PNOA-2024-GAL-565-4728-H29-NPC01.LAZ,565,4728,45.4,4.1,147.0,ok,
PNOA-2024-GAL-535-4664-H29-NPC01.LAZ,535,4664,56.8,5.2,160.9,ok,
PNOA-2024-GAL-538-4721-H29-NPC01.LAZ,538,4721,58.5,5.2,140.0,ok,
PNOA-2024-GAL-514-4708-H29-NPC01.LAZ,514,4708,21.0,2.1,72.3,ok,
PNOA-2024-GAL-557-4715-H29-NPC01.LAZ,557,4715,57.0,5.0,136.3,ok,
PNOA-2024-GAL-539-4681-H29-NPC01.LAZ,539,4681,101.6,8.9,171.7,ok,
PNOA-2024-GAL-525-4701-H29-NPC01.LAZ,525,4701,87.3,7.6,160.8,ok,
PNOA-2024-GAL-561-4731-H29-NPC01.LAZ,561,4731,93.7,8.3,173.5,ok,
PNOA-2024-GAL-526-4652-H29-NPC01.LAZ,526,4652,65.9,5.9,145.5,ok,
PNOA-2024-GAL-524-4717-H29-NPC01.LAZ,524,4717,49.7,6.7,140.5,ok,
PNOA-2024-GAL-545-4690-H29-NPC01.LAZ,545,4690,60.4,5.4,130.1,ok,
PNOA-2024-GAL-558-4734-H29-NPC01.LAZ,558,4734,62.9,5.9,111.0,ok,
PNOA-2024-GAL-545-4723-H29-NPC01.LAZ,545,4723,71.6,6.3,108.7,ok,
PNOA-2024-GAL-534-4720-H29-NPC01.LAZ,534,4720,73.6,6.4,126.7,ok,
PNOA-2024-GAL-537-4683-H29-NPC01.LAZ,537,4683,41.1,3.7,113.5,ok,
PNOA-2024-GAL-550-4735-H29-NPC01.LAZ,550,4735,60.2,5.3,114.5,ok,
PNOA-2024-GAL-554-4706-H29-NPC01.LAZ,554,4706,79.4,7.0,110.8,ok,
PNOA-2024-GAL-569-4735-H29-NPC01.LAZ,569,4735,38.0,3.5,106.1,ok,
PNOA-2024-GAL-533-4712-H29-NPC01.LAZ,533,4712,51.0,4.7,112.4,ok,
PNOA-2024-GAL-527-4680-H29-NPC01.LAZ,527,4680,83.0,7.4,114.2,ok,
PNOA-2024-GAL-523-4706-H29-NPC01.LAZ,523,4706,65.5,6.0,112.1,ok,
PNOA-2024-GAL-533-4713-H29-NPC01.LAZ,533,4713,97.1,8.5,116.7,ok,
PNOA-2024-GAL-530-4694-H29-NPC01.LAZ,530,4694,86.4,7.8,183.8,ok,
PNOA-2024-GAL-509-4653-H29-NPC01.LAZ,509,4653,41.9,3.9,185.5,ok,
PNOA-2024-GAL-553-4709-H29-NPC01.LAZ,553,4709,105.2,9.2,323.3,ok,
PNOA-2024-GAL-522-4692-H29-NPC01.LAZ,522,4692,48.4,4.5,427.5,ok,
PNOA-2024-GAL-521-4652-H29-NPC01.LAZ,521,4652,71.6,6.4,467.8,ok,
PNOA-2024-GAL-529-4658-H29-NPC01.LAZ,529,4658,68.2,6.1,329.1,ok,
PNOA-2024-GAL-527-4712-H29-NPC01.LAZ,527,4712,110.2,10.1,364.3,ok,
PNOA-2024-GAL-572-4728-H29-NPC01.LAZ,572,4728,44.2,4.0,180.5,ok,
PNOA-2024-GAL-519-4653-H29-NPC01.LAZ,519,4653,76.2,6.8,186.4,ok,
PNOA-2024-GAL-528-4709-H29-NPC01.LAZ,528,4709,58.8,5.6,168.0,ok,
PNOA-2024-GAL-548-4676-H29-NPC01.LAZ,548,4676,175.6,15.3,310.9,ok,
PNOA-2024-GAL-543-4701-H29-NPC01.LAZ,543,4701,96.9,8.6,298.1,ok,
PNOA-2024-GAL-551-4699-H29-NPC01.LAZ,551,4699,122.7,10.9,179.1,ok,
PNOA-2024-GAL-534-4689-H29-NPC01.LAZ,534,4689,86.7,7.6,216.6,ok,
PNOA-2024-GAL-543-4725-H29-NPC01.LAZ,543,4725,86.4,7.7,115.7,ok,
PNOA-2024-GAL-534-4669-H29-NPC01.LAZ,534,4669,69.7,6.1,113.5,ok,
PNOA-2024-GAL-570-4735-H29-NPC01.LAZ,570,4735,41.3,3.8,107.0,ok,
PNOA-2024-GAL-554-4734-H29-NPC01.LAZ,554,4734,69.9,6.1,112.3,ok,
PNOA-2024-GAL-554-4718-H29-NPC01.LAZ,554,4718,54.6,4.8,102.3,ok,
PNOA-2024-GAL-549-4729-H29-NPC01.LAZ,549,4729,145.1,12.6,135.6,ok,
PNOA-2024-GAL-572-4734-H29-NPC01.LAZ,572,4734,58.5,5.3,109.5,ok,
PNOA-2024-GAL-547-4693-H29-NPC01.LAZ,547,4693,176.3,15.3,137.8,ok,
PNOA-2024-GAL-538-4717-H29-NPC01.LAZ,538,4717,57.0,5.1,106.7,ok,
PNOA-2024-GAL-573-4733-H29-NPC01.LAZ,573,4733,68.6,6.1,113.4,ok,
PNOA-2024-GAL-520-4703-H29-NPC01.LAZ,520,4703,88.4,7.8,114.6,ok,
PNOA-2024-GAL-539-4726-H29-NPC01.LAZ,539,4726,47.5,4.2,101.3,ok,
PNOA-2024-GAL-530-4661-H29-NPC01.LAZ,530,4661,70.2,6.2,114.5,ok,
PNOA-2024-GAL-541-4724-H29-NPC01.LAZ,541,4724,53.2,4.9,102.7,ok,
PNOA-2024-GAL-527-4655-H29-NPC01.LAZ,527,4655,39.5,3.6,100.6,ok,
PNOA-2024-GAL-536-4717-H29-NPC01.LAZ,536,4717,58.6,5.2,104.2,ok,
PNOA-2024-GAL-516-4665-H29-NPC01.LAZ,516,4665,65.1,5.7,105.0,ok,
PNOA-2024-GAL-550-4660-H29-NPC01.LAZ,550,4660,76.6,6.8,112.9,ok,
PNOA-2024-GAL-571-4730-H29-NPC01.LAZ,571,4730,81.1,7.1,111.3,ok,
PNOA-2024-GAL-514-4703-H29-NPC01.LAZ,514,4703,62.1,5.4,98.6,ok,
PNOA-2024-GAL-546-4677-H29-NPC01.LAZ,546,4677,173.2,14.9,150.0,ok,
PNOA-2024-GAL-530-4718-H29-NPC01.LAZ,530,4718,75.4,6.7,110.4,ok,
PNOA-2024-GAL-556-4714-H29-NPC01.LAZ,556,4714,43.2,3.8,102.7,ok,
PNOA-2024-GAL-553-4722-H29-NPC01.LAZ,553,4722,52.2,4.7,98.8,ok,
PNOA-2024-GAL-579-4731-H29-NPC01.LAZ,579,4731,103.0,9.0,112.7,ok,
PNOA-2024-GAL-564-4724-H29-NPC01.LAZ,564,4724,76.0,6.7,115.5,ok,
PNOA-2024-GAL-549-4669-H29-NPC01.LAZ,549,4669,178.9,15.4,137.9,ok,
PNOA-2024-GAL-554-4712-H29-NPC01.LAZ,554,4712,59.8,5.3,113.3,ok,
PNOA-2024-GAL-582-4744-H29-NPC01.LAZ,582,4744,45.2,4.1,100.0,ok,
PNOA-2024-GAL-566-4717-H29-NPC01.LAZ,566,4717,65.2,5.8,105.9,ok,
PNOA-2024-GAL-514-4652-H29-NPC01.LAZ,514,4652,66.8,6.0,115.5,ok,
PNOA-2024-GAL-553-4733-H29-NPC01.LAZ,553,4733,72.2,6.4,110.1,ok,
PNOA-2024-GAL-521-4650-H29-NPC01.LAZ,521,4650,43.5,3.9,101.7,ok,
PNOA-2024-GAL-544-4730-H29-NPC01.LAZ,544,4730,53.6,4.8,101.6,ok,
PNOA-2024-GAL-537-4728-H29-NPC01.LAZ,537,4728,44.3,4.0,102.8,ok,
PNOA-2024-GAL-539-4731-H29-NPC01.LAZ,539,4731,63.6,5.7,104.6,ok,
PNOA-2024-GAL-527-4711-H29-NPC01.LAZ,527,4711,105.5,9.3,118.9,ok,
PNOA-2024-GAL-535-4665-H29-NPC01.LAZ,535,4665,81.2,7.2,110.2,ok,
PNOA-2024-GAL-517-4706-H29-NPC01.LAZ,517,4706,63.6,5.7,104.9,ok,
PNOA-2024-GAL-536-4706-H29-NPC01.LAZ,536,4706,82.4,8.3,119.3,ok,
PNOA-2024-GAL-509-4662-H29-NPC01.LAZ,509,4662,48.3,4.3,102.2,ok,
PNOA-2024-GAL-529-4711-H29-NPC01.LAZ,529,4711,88.9,7.8,120.1,ok,
PNOA-2024-GAL-573-4719-H29-NPC01.LAZ,573,4719,65.5,5.8,112.9,ok,
PNOA-2024-GAL-560-4730-H29-NPC01.LAZ,560,4730,77.5,7.0,113.2,ok,
PNOA-2024-GAL-563-4727-H29-NPC01.LAZ,563,4727,79.3,7.0,115.8,ok,
PNOA-2024-GAL-520-4697-H29-NPC01.LAZ,520,4697,58.2,5.2,107.9,ok,
PNOA-2024-GAL-528-4692-H29-NPC01.LAZ,528,4692,69.0,6.1,121.8,ok,
PNOA-2024-GAL-546-4709-H29-NPC01.LAZ,546,4709,117.6,10.6,121.2,ok,
PNOA-2024-GAL-539-4694-H29-NPC01.LAZ,539,4694,110.2,9.6,122.8,ok,
PNOA-2024-GAL-581-4722-H29-NPC01.LAZ,581,4722,73.3,6.5,116.2,ok,
PNOA-2024-GAL-527-4725-H29-NPC01.LAZ,527,4725,85.5,7.5,113.1,ok,
PNOA-2024-GAL-530-4727-H29-NPC01.LAZ,530,4727,83.5,7.3,107.6,ok,
PNOA-2024-GAL-524-4652-H29-NPC01.LAZ,524,4652,61.1,5.4,102.0,ok,
PNOA-2024-GAL-540-4733-H29-NPC01.LAZ,540,4733,48.1,4.4,102.5,ok,
PNOA-2024-GAL-540-4701-H29-NPC01.LAZ,540,4701,84.1,7.4,119.9,ok,
PNOA-2024-GAL-537-4712-H29-NPC01.LAZ,537,4712,52.6,4.7,111.3,ok,
PNOA-2024-GAL-512-4680-H29-NPC01.LAZ,512,4680,94.1,8.3,115.9,ok,
PNOA-2024-GAL-530-4668-H29-NPC01.LAZ,530,4668,45.2,4.3,102.1,ok,
PNOA-2024-GAL-572-4736-H29-NPC01.LAZ,572,4736,84.9,7.5,110.9,ok,
PNOA-2024-GAL-531-4728-H29-NPC01.LAZ,531,4728,51.9,4.6,104.6,ok,
PNOA-2024-GAL-541-4688-H29-NPC01.LAZ,541,4688,54.3,4.9,102.2,ok,
PNOA-2024-GAL-536-4730-H29-NPC01.LAZ,536,4730,57.6,5.3,102.9,ok,
PNOA-2024-GAL-538-4665-H29-NPC01.LAZ,538,4665,148.4,13.0,126.7,ok,
PNOA-2024-GAL-543-4690-H29-NPC01.LAZ,543,4690,58.8,5.3,102.1,ok,
PNOA-2024-GAL-548-4722-H29-NPC01.LAZ,548,4722,155.2,13.4,127.0,ok,
PNOA-2024-GAL-539-4700-H29-NPC01.LAZ,539,4700,88.1,7.7,142.1,ok,
PNOA-2024-GAL-535-4670-H29-NPC01.LAZ,535,4670,86.0,7.7,158.4,ok,
PNOA-2024-GAL-538-4710-H29-NPC01.LAZ,538,4710,89.5,7.9,197.1,ok,
PNOA-2024-GAL-517-4710-H29-NPC01.LAZ,517,4710,67.3,8.0,188.9,ok,
PNOA-2024-GAL-546-4678-H29-NPC01.LAZ,546,4678,130.8,11.3,196.9,ok,
PNOA-2024-GAL-526-4651-H29-NPC01.LAZ,526,4651,67.0,6.9,162.6,ok,
PNOA-2024-GAL-546-4675-H29-NPC01.LAZ,546,4675,140.9,12.2,206.2,ok,
PNOA-2024-GAL-514-4641-H29-NPC01.LAZ,514,4641,39.6,3.6,144.7,ok,
PNOA-2024-GAL-528-4707-H29-NPC01.LAZ,528,4707,54.4,5.0,169.2,ok,
PNOA-2024-GAL-577-4725-H29-NPC01.LAZ,577,4725,43.4,3.9,148.9,ok,
PNOA-2024-GAL-533-4720-H29-NPC01.LAZ,533,4720,75.0,7.1,166.8,ok,
PNOA-2024-GAL-542-4730-H29-NPC01.LAZ,542,4730,61.9,5.7,134.2,ok,
PNOA-2024-GAL-523-4700-H29-NPC01.LAZ,523,4700,73.4,6.6,144.8,ok,
PNOA-2024-GAL-540-4734-H29-NPC01.LAZ,540,4734,78.1,6.9,131.2,ok,
PNOA-2024-GAL-580-4735-H29-NPC01.LAZ,580,4735,56.9,5.8,137.0,ok,
PNOA-2024-GAL-551-4728-H29-NPC01.LAZ,551,4728,53.6,4.9,148.1,ok,
PNOA-2024-GAL-529-4687-H29-NPC01.LAZ,529,4687,75.7,6.7,146.2,ok,
PNOA-2024-GAL-520-4659-H29-NPC01.LAZ,520,4659,60.3,5.4,131.1,ok,
PNOA-2024-GAL-543-4700-H29-NPC01.LAZ,543,4700,95.2,8.4,159.4,ok,
PNOA-2024-GAL-515-4659-H29-NPC01.LAZ,515,4659,57.5,5.1,146.9,ok,
PNOA-2024-GAL-537-4687-H29-NPC01.LAZ,537,4687,80.8,7.1,151.8,ok,
PNOA-2024-GAL-536-4723-H29-NPC01.LAZ,536,4723,71.1,6.7,115.9,ok,
PNOA-2024-GAL-530-4722-H29-NPC01.LAZ,530,4722,68.7,6.0,109.9,ok,
PNOA-2024-GAL-541-4672-H29-NPC01.LAZ,541,4672,96.3,8.6,113.5,ok,
PNOA-2024-GAL-544-4697-H29-NPC01.LAZ,544,4697,54.7,4.8,107.6,ok,
PNOA-2024-GAL-548-4707-H29-NPC01.LAZ,548,4707,113.3,9.9,123.3,ok,
PNOA-2024-GAL-511-4643-H29-NPC01.LAZ,511,4643,54.5,4.9,109.0,ok,
PNOA-2024-GAL-511-4684-H29-NPC01.LAZ,511,4684,29.6,2.7,60.7,ok,
PNOA-2024-GAL-565-4731-H29-NPC01.LAZ,565,4731,93.2,8.1,115.4,ok,
PNOA-2024-GAL-574-4733-H29-NPC01.LAZ,574,4733,63.3,5.7,111.6,ok,
PNOA-2024-GAL-541-4662-H29-NPC01.LAZ,541,4662,67.4,6.0,106.5,ok,
PNOA-2024-GAL-541-4707-H29-NPC01.LAZ,541,4707,48.8,4.5,107.4,ok,
PNOA-2024-GAL-544-4718-H29-NPC01.LAZ,544,4718,80.1,7.1,107.7,ok,
PNOA-2024-GAL-573-4720-H29-NPC01.LAZ,573,4720,64.5,5.7,114.8,ok,
PNOA-2024-GAL-571-4720-H29-NPC01.LAZ,571,4720,66.0,6.1,111.8,ok,
PNOA-2024-GAL-532-4665-H29-NPC01.LAZ,532,4665,69.1,6.1,107.3,ok,
PNOA-2024-GAL-570-4736-H29-NPC01.LAZ,570,4736,98.7,8.6,117.8,ok,
PNOA-2024-GAL-550-4664-H29-NPC01.LAZ,550,4664,49.3,4.4,110.2,ok,
PNOA-2024-GAL-542-4675-H29-NPC01.LAZ,542,4675,51.7,4.6,107.4,ok,
PNOA-2024-GAL-548-4674-H29-NPC01.LAZ,548,4674,246.3,21.1,159.0,ok,
PNOA-2024-GAL-535-4730-H29-NPC01.LAZ,535,4730,57.8,5.2,104.3,ok,
PNOA-2024-GAL-542-4682-H29-NPC01.LAZ,542,4682,137.8,11.9,131.5,ok,
PNOA-2024-GAL-565-4723-H29-NPC01.LAZ,565,4723,44.1,3.9,107.6,ok,
PNOA-2024-GAL-512-4698-H29-NPC01.LAZ,512,4698,102.6,8.9,124.0,ok,
PNOA-2024-GAL-516-4660-H29-NPC01.LAZ,516,4660,80.0,7.0,118.4,ok,
PNOA-2024-GAL-550-4689-H29-NPC01.LAZ,550,4689,91.7,8.1,107.4,ok,
PNOA-2024-GAL-548-4692-H29-NPC01.LAZ,548,4692,133.8,11.6,130.6,ok,
PNOA-2024-GAL-553-4711-H29-NPC01.LAZ,553,4711,77.4,6.8,116.1,ok,
PNOA-2024-GAL-516-4642-H29-NPC01.LAZ,516,4642,62.2,5.8,106.8,ok,
PNOA-2024-GAL-539-4699-H29-NPC01.LAZ,539,4699,67.7,6.0,127.2,ok,
PNOA-2024-GAL-582-4732-H29-NPC01.LAZ,582,4732,36.3,3.4,100.1,ok,
PNOA-2024-GAL-517-4644-H29-NPC01.LAZ,517,4644,79.2,7.0,113.5,ok,
PNOA-2024-GAL-539-4705-H29-NPC01.LAZ,539,4705,79.0,7.0,121.5,ok,
PNOA-2024-GAL-533-4727-H29-NPC01.LAZ,533,4727,81.5,7.2,106.9,ok,
PNOA-2024-GAL-544-4707-H29-NPC01.LAZ,544,4707,49.0,4.4,110.7,ok,
PNOA-2024-GAL-567-4724-H29-NPC01.LAZ,567,4724,69.3,6.1,108.9,ok,
PNOA-2024-GAL-511-4662-H29-NPC01.LAZ,511,4662,51.0,4.6,108.4,ok,
PNOA-2024-GAL-562-4732-H29-NPC01.LAZ,562,4732,57.6,5.1,104.1,ok,
PNOA-2024-GAL-551-4689-H29-NPC01.LAZ,551,4689,61.7,5.4,96.8,ok,
PNOA-2024-GAL-527-4718-H29-NPC01.LAZ,527,4718,82.0,7.2,107.3,ok,
PNOA-2024-GAL-519-4679-H29-NPC01.LAZ,519,4679,14.6,1.6,49.7,ok,
PNOA-2024-GAL-546-4720-H29-NPC01.LAZ,546,4720,185.2,16.0,144.7,ok,
PNOA-2024-GAL-567-4728-H29-NPC01.LAZ,567,4728,48.7,4.4,110.8,ok,
PNOA-2024-GAL-533-4730-H29-NPC01.LAZ,533,4730,58.9,5.2,99.8,ok,
PNOA-2024-GAL-579-4741-H29-NPC01.LAZ,579,4741,73.2,6.5,117.6,ok,
PNOA-2024-GAL-543-4729-H29-NPC01.LAZ,543,4729,78.8,6.9,108.9,ok,
PNOA-2024-GAL-550-4731-H29-NPC01.LAZ,550,4731,101.7,8.9,117.7,ok,
PNOA-2024-GAL-537-4704-H29-NPC01.LAZ,537,4704,46.9,4.3,103.0,ok,
PNOA-2024-GAL-526-4658-H29-NPC01.LAZ,526,4658,89.7,7.8,109.4,ok,
PNOA-2024-GAL-510-4654-H29-NPC01.LAZ,510,4654,83.5,7.3,115.8,ok,
PNOA-2024-GAL-535-4712-H29-NPC01.LAZ,535,4712,63.9,5.6,113.9,ok,
PNOA-2024-GAL-528-4714-H29-NPC01.LAZ,528,4714,49.8,9.8,102.4,ok,
PNOA-2024-GAL-545-4678-H29-NPC01.LAZ,545,4678,85.2,7.5,124.2,ok,
PNOA-2024-GAL-569-4727-H29-NPC01.LAZ,569,4727,52.8,4.7,104.5,ok,
PNOA-2024-GAL-570-4720-H29-NPC01.LAZ,570,4720,62.8,5.6,107.0,ok,
PNOA-2024-GAL-531-4657-H29-NPC01.LAZ,531,4657,40.5,3.8,104.2,ok,
PNOA-2024-GAL-532-4713-H29-NPC01.LAZ,532,4713,90.5,7.9,117.7,ok,
PNOA-2024-GAL-548-4704-H29-NPC01.LAZ,548,4704,116.6,10.1,129.9,ok,
PNOA-2024-GAL-559-4734-H29-NPC01.LAZ,559,4734,90.8,8.0,119.1,ok,
PNOA-2024-GAL-542-4716-H29-NPC01.LAZ,542,4716,61.7,5.5,106.5,ok,
PNOA-2024-GAL-546-4724-H29-NPC01.LAZ,546,4724,140.5,12.2,131.0,ok,
PNOA-2024-GAL-574-4741-H29-NPC01.LAZ,574,4741,75.0,6.7,117.7,ok,
PNOA-2024-GAL-525-4689-H29-NPC01.LAZ,525,4689,96.9,8.4,114.0,ok,
PNOA-2024-GAL-536-4693-H29-NPC01.LAZ,536,4693,146.9,12.7,130.7,ok,
PNOA-2024-GAL-567-4719-H29-NPC01.LAZ,567,4719,60.4,5.4,107.1,ok,
PNOA-2024-GAL-538-4693-H29-NPC01.LAZ,538,4693,140.0,12.1,126.3,ok,
PNOA-2024-GAL-543-4693-H29-NPC01.LAZ,543,4693,78.2,6.9,111.2,ok,
PNOA-2024-GAL-569-4729-H29-NPC01.LAZ,569,4729,95.3,8.3,117.2,ok,
PNOA-2024-GAL-514-4713-H29-NPC01.LAZ,514,4713,75.7,6.7,109.0,ok,
PNOA-2024-GAL-565-4727-H29-NPC01.LAZ,565,4727,95.0,8.4,117.8,ok,
PNOA-2024-GAL-564-4728-H29-NPC01.LAZ,564,4728,48.5,4.4,107.5,ok,
PNOA-2024-GAL-522-4653-H29-NPC01.LAZ,522,4653,77.1,6.7,108.6,ok,
PNOA-2024-GAL-556-4732-H29-NPC01.LAZ,556,4732,60.7,5.4,107.4,ok,
PNOA-2024-GAL-519-4646-H29-NPC01.LAZ,519,4646,57.2,5.1,108.2,ok,
PNOA-2024-GAL-535-4671-H29-NPC01.LAZ,535,4671,64.2,5.7,117.5,ok,
PNOA-2024-GAL-571-4735-H29-NPC01.LAZ,571,4735,46.0,4.1,110.4,ok,
PNOA-2024-GAL-545-4703-H29-NPC01.LAZ,545,4703,104.6,9.1,114.8,ok,
PNOA-2024-GAL-525-4662-H29-NPC01.LAZ,525,4662,47.4,4.3,99.9,ok,
PNOA-2024-GAL-547-4674-H29-NPC01.LAZ,547,4674,230.9,19.8,164.4,ok,
PNOA-2024-GAL-535-4719-H29-NPC01.LAZ,535,4719,50.5,4.6,104.5,ok,
PNOA-2024-GAL-541-4704-H29-NPC01.LAZ,541,4704,54.9,4.8,111.7,ok,
PNOA-2024-GAL-521-4648-H29-NPC01.LAZ,521,4648,43.9,4.0,108.6,ok,
PNOA-2024-GAL-526-4650-H29-NPC01.LAZ,526,4650,42.3,3.9,99.2,ok,
PNOA-2024-GAL-523-4698-H29-NPC01.LAZ,523,4698,103.3,9.0,122.8,ok,
PNOA-2024-GAL-538-4726-H29-NPC01.LAZ,538,4726,50.7,4.6,103.1,ok,
PNOA-2024-GAL-539-4674-H29-NPC01.LAZ,539,4674,84.0,7.4,107.4,ok,
PNOA-2024-GAL-510-4651-H29-NPC01.LAZ,510,4651,69.4,6.1,108.5,ok,
PNOA-2024-GAL-510-4656-H29-NPC01.LAZ,510,4656,82.5,7.2,111.8,ok,
PNOA-2024-GAL-549-4709-H29-NPC01.LAZ,549,4709,131.0,11.4,124.7,ok,
PNOA-2024-GAL-517-4656-H29-NPC01.LAZ,517,4656,77.4,6.9,114.0,ok,
PNOA-2024-GAL-574-4720-H29-NPC01.LAZ,574,4720,63.6,5.6,107.2,ok,
PNOA-2024-GAL-572-4733-H29-NPC01.LAZ,572,4733,60.0,5.6,107.4,ok,
PNOA-2024-GAL-517-4682-H29-NPC01.LAZ,517,4682,90.6,8.0,115.9,ok,
PNOA-2024-GAL-531-4693-H29-NPC01.LAZ,531,4693,142.7,12.4,132.8,ok,
PNOA-2024-GAL-530-4660-H29-NPC01.LAZ,530,4660,78.6,7.0,116.9,ok,
PNOA-2024-GAL-544-4692-H29-NPC01.LAZ,544,4692,56.6,5.0,102.5,ok,
PNOA-2024-GAL-544-4732-H29-NPC01.LAZ,544,4732,77.7,6.9,107.9,ok,
PNOA-2024-GAL-537-4699-H29-NPC01.LAZ,537,4699,69.3,6.1,125.3,ok,
PNOA-2024-GAL-535-4724-H29-NPC01.LAZ,535,4724,51.1,4.6,105.7,ok,
PNOA-2024-GAL-578-4735-H29-NPC01.LAZ,578,4735,42.2,3.9,106.4,ok,
PNOA-2024-GAL-542-4704-H29-NPC01.LAZ,542,4704,50.8,4.6,113.1,ok,
PNOA-2024-GAL-527-4652-H29-NPC01.LAZ,527,4652,49.8,4.5,104.8,ok,
PNOA-2024-GAL-514-4683-H29-NPC01.LAZ,514,4683,25.8,2.4,78.3,ok,
PNOA-2024-GAL-565-4722-H29-NPC01.LAZ,565,4722,78.1,6.9,111.9,ok,
PNOA-2024-GAL-537-4690-H29-NPC01.LAZ,537,4690,53.0,4.8,114.7,ok,
PNOA-2024-GAL-562-4731-H29-NPC01.LAZ,562,4731,87.3,7.6,116.6,ok,
PNOA-2024-GAL-561-4734-H29-NPC01.LAZ,561,4734,93.9,8.3,117.5,ok,
PNOA-2024-GAL-543-4684-H29-NPC01.LAZ,543,4684,72.9,6.4,124.4,ok,
PNOA-2024-GAL-520-4702-H29-NPC01.LAZ,520,4702,56.4,5.0,121.2,ok,
PNOA-2024-GAL-570-4729-H29-NPC01.LAZ,570,4729,80.3,7.2,115.2,ok,
PNOA-2024-GAL-514-4647-H29-NPC01.LAZ,514,4647,81.3,7.1,113.4,ok,
PNOA-2024-GAL-570-4733-H29-NPC01.LAZ,570,4733,77.9,6.9,117.9,ok,
PNOA-2024-GAL-534-4670-H29-NPC01.LAZ,534,4670,102.5,8.9,118.6,ok,
PNOA-2024-GAL-548-4709-H29-NPC01.LAZ,548,4709,132.8,11.5,128.3,ok,
PNOA-2024-GAL-548-4659-H29-NPC01.LAZ,548,4659,44.7,4.0,100.9,ok,
PNOA-2024-GAL-517-4645-H29-NPC01.LAZ,517,4645,76.6,6.7,116.5,ok,
PNOA-2024-GAL-533-4661-H29-NPC01.LAZ,533,4661,72.4,6.4,110.5,ok,
PNOA-2024-GAL-540-4732-H29-NPC01.LAZ,540,4732,74.0,6.5,106.7,ok,
PNOA-2024-GAL-538-4707-H29-NPC01.LAZ,538,4707,57.4,5.1,110.8,ok,
PNOA-2024-GAL-546-4733-H29-NPC01.LAZ,546,4733,138.8,12.0,128.3,ok,
PNOA-2024-GAL-555-4712-H29-NPC01.LAZ,555,4712,64.5,5.7,112.6,ok,
PNOA-2024-GAL-514-4651-H29-NPC01.LAZ,514,4651,95.6,8.4,116.1,ok,
PNOA-2024-GAL-519-4714-H29-NPC01.LAZ,519,4714,50.2,4.5,103.3,ok,
PNOA-2024-GAL-525-4682-H29-NPC01.LAZ,525,4682,112.6,9.7,118.3,ok,
PNOA-2024-GAL-531-4716-H29-NPC01.LAZ,531,4716,82.3,7.2,115.9,ok,
PNOA-2024-GAL-565-4714-H29-NPC01.LAZ,565,4714,44.8,4.1,115.0,ok,
PNOA-2024-GAL-524-4663-H29-NPC01.LAZ,524,4663,74.0,6.6,107.6,ok,
PNOA-2024-GAL-526-4715-H29-NPC01.LAZ,526,4715,72.7,6.4,111.1,ok,
PNOA-2024-GAL-557-4735-H29-NPC01.LAZ,557,4735,43.9,4.0,108.1,ok,
PNOA-2024-GAL-512-4640-H29-NPC01.LAZ,512,4640,65.3,5.8,106.2,ok,
PNOA-2024-GAL-559-4710-H29-NPC01.LAZ,559,4710,80.8,7.1,118.1,ok,
PNOA-2024-GAL-568-4730-H29-NPC01.LAZ,568,4730,88.5,7.8,115.5,ok,
PNOA-2024-GAL-534-4684-H29-NPC01.LAZ,534,4684,79.3,6.9,108.5,ok,
PNOA-2024-GAL-539-4712-H29-NPC01.LAZ,539,4712,52.9,4.8,111.8,ok,
PNOA-2024-GAL-518-4654-H29-NPC01.LAZ,518,4654,90.6,8.0,111.0,ok,
PNOA-2024-GAL-553-4736-H29-NPC01.LAZ,553,4736,91.0,8.2,116.6,ok,
PNOA-2024-GAL-525-4652-H29-NPC01.LAZ,525,4652,64.0,5.7,110.4,ok,
PNOA-2024-GAL-513-4693-H29-NPC01.LAZ,513,4693,34.9,3.3,59.9,ok,
PNOA-2024-GAL-537-4711-H29-NPC01.LAZ,537,4711,106.9,9.4,128.0,ok,
PNOA-2024-GAL-525-4656-H29-NPC01.LAZ,525,4656,90.4,8.1,109.9,ok,
PNOA-2024-GAL-546-4686-H29-NPC01.LAZ,546,4686,194.8,16.8,143.8,ok,
PNOA-2024-GAL-550-4694-H29-NPC01.LAZ,550,4694,71.9,6.4,117.6,ok,
PNOA-2024-GAL-538-4688-H29-NPC01.LAZ,538,4688,57.1,5.1,113.8,ok,
PNOA-2024-GAL-528-4689-H29-NPC01.LAZ,528,4689,98.5,8.6,120.9,ok,
PNOA-2024-GAL-552-4727-H29-NPC01.LAZ,552,4727,66.0,5.8,109.7,ok,
PNOA-2024-GAL-582-4736-H29-NPC01.LAZ,582,4736,61.4,5.5,110.1,ok,
PNOA-2024-GAL-538-4678-H29-NPC01.LAZ,538,4678,81.2,7.1,126.3,ok,
PNOA-2024-GAL-536-4687-H29-NPC01.LAZ,536,4687,82.8,7.3,117.7,ok,
PNOA-2024-GAL-537-4697-H29-NPC01.LAZ,537,4697,49.4,4.4,106.3,ok,
PNOA-2024-GAL-528-4656-H29-NPC01.LAZ,528,4656,68.3,6.0,106.2,ok,
PNOA-2024-GAL-546-4671-H29-NPC01.LAZ,546,4671,110.5,9.7,116.2,ok,
PNOA-2024-GAL-543-4698-H29-NPC01.LAZ,543,4698,85.2,7.5,118.4,ok,
PNOA-2024-GAL-535-4695-H29-NPC01.LAZ,535,4695,79.3,7.0,106.2,ok,
PNOA-2024-GAL-551-4693-H29-NPC01.LAZ,551,4693,45.9,4.2,98.7,ok,
PNOA-2024-GAL-547-4677-H29-NPC01.LAZ,547,4677,171.3,14.8,124.7,ok,
PNOA-2024-GAL-530-4659-H29-NPC01.LAZ,530,4659,46.3,4.1,106.4,ok,
PNOA-2024-GAL-517-4664-H29-NPC01.LAZ,517,4664,46.3,4.2,107.6,ok,
PNOA-2024-GAL-575-4731-H29-NPC01.LAZ,575,4731,100.7,8.8,113.0,ok,
PNOA-2024-GAL-578-4724-H29-NPC01.LAZ,578,4724,68.0,6.1,106.0,ok,
PNOA-2024-GAL-509-4642-H29-NPC01.LAZ,509,4642,39.4,3.6,63.9,ok,
PNOA-2024-GAL-571-4743-H29-NPC01.LAZ,571,4743,65.4,5.8,105.5,ok,
PNOA-2024-GAL-563-4734-H29-NPC01.LAZ,563,4734,81.3,7.2,119.0,ok,
PNOA-2024-GAL-522-4716-H29-NPC01.LAZ,522,4716,59.5,5.3,107.1,ok,
PNOA-2024-GAL-530-4717-H29-NPC01.LAZ,530,4717,60.5,5.3,106.3,ok,
PNOA-2024-GAL-582-4733-H29-NPC01.LAZ,582,4733,64.2,5.7,108.7,ok,
PNOA-2024-GAL-534-4686-H29-NPC01.LAZ,534,4686,76.1,6.9,117.8,ok,
PNOA-2024-GAL-530-4690-H29-NPC01.LAZ,530,4690,47.6,4.2,105.7,ok,
PNOA-2024-GAL-534-4721-H29-NPC01.LAZ,534,4721,73.5,6.6,110.9,ok,
PNOA-2024-GAL-534-4678-H29-NPC01.LAZ,534,4678,73.2,6.5,115.1,ok,
PNOA-2024-GAL-555-4711-H29-NPC01.LAZ,555,4711,71.4,6.3,113.0,ok,
PNOA-2024-GAL-530-4712-H29-NPC01.LAZ,530,4712,121.2,10.5,129.7,ok,
PNOA-2024-GAL-550-4697-H29-NPC01.LAZ,550,4697,112.5,9.8,122.7,ok,
PNOA-2024-GAL-519-4667-H29-NPC01.LAZ,519,4667,79.9,7.1,108.9,ok,
PNOA-2024-GAL-541-4720-H29-NPC01.LAZ,541,4720,94.3,8.2,115.2,ok,
PNOA-2024-GAL-553-4715-H29-NPC01.LAZ,553,4715,76.0,7.0,107.8,ok,
PNOA-2024-GAL-557-4729-H29-NPC01.LAZ,557,4729,96.1,8.4,119.1,ok,
PNOA-2024-GAL-522-4655-H29-NPC01.LAZ,522,4655,43.9,4.0,97.0,ok,
PNOA-2024-GAL-540-4707-H29-NPC01.LAZ,540,4707,58.0,5.1,112.4,ok,
PNOA-2024-GAL-520-4668-H29-NPC01.LAZ,520,4668,63.4,5.6,116.0,ok,
PNOA-2024-GAL-511-4695-H29-NPC01.LAZ,511,4695,19.7,1.9,65.5,ok,
PNOA-2024-GAL-581-4737-H29-NPC01.LAZ,581,4737,41.5,3.7,100.0,ok,
PNOA-2024-GAL-557-4730-H29-NPC01.LAZ,557,4730,87.8,7.8,113.4,ok,
PNOA-2024-GAL-541-4730-H29-NPC01.LAZ,541,4730,53.5,4.7,99.5,ok,
PNOA-2024-GAL-521-4696-H29-NPC01.LAZ,521,4696,26.1,2.6,57.2,ok,
PNOA-2024-GAL-528-4688-H29-NPC01.LAZ,528,4688,53.0,4.8,103.9,ok,
PNOA-2024-GAL-570-4714-H29-NPC01.LAZ,570,4714,50.2,4.5,115.0,ok,
PNOA-2024-GAL-562-4730-H29-NPC01.LAZ,562,4730,63.9,5.7,112.4,ok,
PNOA-2024-GAL-532-4658-H29-NPC01.LAZ,532,4658,91.2,8.0,118.6,ok,
PNOA-2024-GAL-537-4700-H29-NPC01.LAZ,537,4700,81.1,7.2,122.0,ok,
PNOA-2024-GAL-551-4698-H29-NPC01.LAZ,551,4698,93.2,8.2,116.7,ok,
PNOA-2024-GAL-543-4680-H29-NPC01.LAZ,543,4680,110.5,9.6,124.5,ok,
PNOA-2024-GAL-537-4689-H29-NPC01.LAZ,537,4689,71.4,6.3,112.5,ok,
PNOA-2024-GAL-533-4673-H29-NPC01.LAZ,533,4673,56.0,5.0,107.4,ok,
PNOA-2024-GAL-522-4662-H29-NPC01.LAZ,522,4662,58.0,5.1,98.3,ok,
PNOA-2024-GAL-543-4674-H29-NPC01.LAZ,543,4674,100.6,8.8,118.0,ok,
PNOA-2024-GAL-511-4642-H29-NPC01.LAZ,511,4642,117.3,10.2,129.8,ok,
PNOA-2024-GAL-513-4667-H29-NPC01.LAZ,513,4667,44.1,4.0,87.6,ok,
PNOA-2024-GAL-543-4703-H29-NPC01.LAZ,543,4703,72.5,6.4,108.4,ok,
PNOA-2024-GAL-549-4693-H29-NPC01.LAZ,549,4693,128.5,11.1,122.6,ok,
PNOA-2024-GAL-542-4717-H29-NPC01.LAZ,542,4717,59.1,5.3,109.8,ok,
PNOA-2024-GAL-583-4735-H29-NPC01.LAZ,583,4735,50.2,4.5,108.1,ok,
PNOA-2024-GAL-545-4687-H29-NPC01.LAZ,545,4687,93.1,8.2,119.4,ok,
PNOA-2024-GAL-509-4657-H29-NPC01.LAZ,509,4657,45.6,4.1,101.6,ok,
PNOA-2024-GAL-580-4740-H29-NPC01.LAZ,580,4740,65.0,5.7,111.2,ok,
PNOA-2024-GAL-544-4700-H29-NPC01.LAZ,544,4700,103.5,9.0,129.6,ok,
PNOA-2024-GAL-521-4711-H29-NPC01.LAZ,521,4711,93.1,8.2,113.9,ok,
PNOA-2024-GAL-515-4707-H29-NPC01.LAZ,515,4707,38.8,3.5,106.8,ok,
PNOA-2024-GAL-567-4718-H29-NPC01.LAZ,567,4718,46.0,4.2,104.6,ok,
PNOA-2024-GAL-551-4720-H29-NPC01.LAZ,551,4720,80.6,7.1,120.8,ok,
PNOA-2024-GAL-543-4671-H29-NPC01.LAZ,543,4671,58.0,5.2,101.1,ok,
PNOA-2024-GAL-521-4703-H29-NPC01.LAZ,521,4703,98.7,8.7,124.7,ok,
PNOA-2024-GAL-564-4726-H29-NPC01.LAZ,564,4726,73.9,6.6,113.3,ok,
PNOA-2024-GAL-512-4644-H29-NPC01.LAZ,512,4644,65.7,5.8,105.0,ok,
PNOA-2024-GAL-519-4699-H29-NPC01.LAZ,519,4699,78.9,7.1,125.6,ok,
PNOA-2024-GAL-528-4690-H29-NPC01.LAZ,528,4690,62.1,5.5,119.1,ok,
PNOA-2024-GAL-519-4668-H29-NPC01.LAZ,519,4668,53.1,4.7,111.0,ok,
PNOA-2024-GAL-538-4663-H29-NPC01.LAZ,538,4663,131.4,11.4,122.4,ok,
PNOA-2024-GAL-545-4711-H29-NPC01.LAZ,545,4711,74.7,6.6,118.3,ok,
PNOA-2024-GAL-514-4682-H29-NPC01.LAZ,514,4682,32.9,3.1,62.5,ok,
PNOA-2024-GAL-556-4730-H29-NPC01.LAZ,556,4730,73.8,6.5,112.4,ok,
PNOA-2024-GAL-539-4682-H29-NPC01.LAZ,539,4682,135.7,11.7,126.4,ok,
PNOA-2024-GAL-544-4720-H29-NPC01.LAZ,544,4720,79.8,7.0,112.1,ok,
PNOA-2024-GAL-545-4696-H29-NPC01.LAZ,545,4696,91.4,7.9,110.9,ok,
PNOA-2024-GAL-519-4650-H29-NPC01.LAZ,519,4650,46.1,4.3,105.5,ok,
PNOA-2024-GAL-543-4720-H29-NPC01.LAZ,543,4720,69.7,6.2,106.3,ok,
PNOA-2024-GAL-553-4718-H29-NPC01.LAZ,553,4718,56.3,5.1,108.5,ok,
PNOA-2024-GAL-576-4731-H29-NPC01.LAZ,576,4731,116.0,10.2,116.9,ok,
PNOA-2024-GAL-545-4675-H29-NPC01.LAZ,545,4675,59.8,5.4,116.2,ok,
PNOA-2024-GAL-539-4683-H29-NPC01.LAZ,539,4683,49.4,4.5,102.4,ok,
PNOA-2024-GAL-557-4711-H29-NPC01.LAZ,557,4711,81.2,7.2,124.6,ok,
PNOA-2024-GAL-547-4724-H29-NPC01.LAZ,547,4724,153.1,13.2,126.1,ok,
PNOA-2024-GAL-522-4648-H29-NPC01.LAZ,522,4648,32.1,2.9,82.6,ok,
PNOA-2024-GAL-519-4654-H29-NPC01.LAZ,519,4654,88.6,7.8,115.3,ok,
PNOA-2024-GAL-556-4715-H29-NPC01.LAZ,556,4715,74.1,6.5,108.7,ok,
PNOA-2024-GAL-533-4724-H29-NPC01.LAZ,533,4724,51.8,4.6,99.9,ok,
PNOA-2024-GAL-563-4713-H29-NPC01.LAZ,563,4713,72.8,6.4,119.8,ok,
PNOA-2024-GAL-539-4709-H29-NPC01.LAZ,539,4709,56.8,5.1,110.9,ok,
PNOA-2024-GAL-561-4733-H29-NPC01.LAZ,561,4733,69.2,6.2,119.6,ok,
PNOA-2024-GAL-555-4716-H29-NPC01.LAZ,555,4716,54.8,4.9,113.7,ok,
PNOA-2024-GAL-519-4703-H29-NPC01.LAZ,519,4703,89.7,7.8,120.1,ok,
PNOA-2024-GAL-516-4669-H29-NPC01.LAZ,516,4669,62.7,5.7,118.3,ok,
PNOA-2024-GAL-526-4702-H29-NPC01.LAZ,526,4702,51.8,4.7,115.4,ok,
PNOA-2024-GAL-541-4683-H29-NPC01.LAZ,541,4683,55.9,5.0,114.1,ok,
PNOA-2024-GAL-568-4721-H29-NPC01.LAZ,568,4721,48.9,4.3,99.3,ok,
PNOA-2024-GAL-554-4707-H29-NPC01.LAZ,554,4707,53.1,4.7,107.4,ok,
PNOA-2024-GAL-574-4734-H29-NPC01.LAZ,574,4734,66.6,5.9,112.1,ok,
PNOA-2024-GAL-537-4705-H29-NPC01.LAZ,537,4705,80.0,7.2,120.6,ok,
PNOA-2024-GAL-538-4666-H29-NPC01.LAZ,538,4666,62.5,5.6,111.3,ok,
PNOA-2024-GAL-517-4659-H29-NPC01.LAZ,517,4659,57.4,5.2,108.3,ok,
PNOA-2024-GAL-520-4661-H29-NPC01.LAZ,520,4661,72.1,6.4,109.8,ok,
PNOA-2024-GAL-581-4743-H29-NPC01.LAZ,581,4743,75.4,6.7,110.9,ok,
PNOA-2024-GAL-542-4708-H29-NPC01.LAZ,542,4708,89.4,7.9,112.4,ok,
PNOA-2024-GAL-536-4704-H29-NPC01.LAZ,536,4704,58.9,5.3,116.3,ok,
PNOA-2024-GAL-509-4655-H29-NPC01.LAZ,509,4655,21.9,2.1,74.0,ok,
PNOA-2024-GAL-542-4677-H29-NPC01.LAZ,542,4677,136.1,12.0,125.3,ok,
PNOA-2024-GAL-550-4733-H29-NPC01.LAZ,550,4733,65.7,5.8,108.1,ok,
PNOA-2024-GAL-545-4661-H29-NPC01.LAZ,545,4661,45.2,4.5,102.0,ok,
PNOA-2024-GAL-581-4739-H29-NPC01.LAZ,581,4739,45.9,4.2,103.6,ok,
PNOA-2024-GAL-547-4680-H29-NPC01.LAZ,547,4680,164.2,14.3,156.6,ok,
PNOA-2024-GAL-542-4694-H29-NPC01.LAZ,542,4694,67.3,5.9,106.7,ok,
PNOA-2024-GAL-523-4687-H29-NPC01.LAZ,523,4687,111.6,9.7,123.7,ok,
PNOA-2024-GAL-520-4655-H29-NPC01.LAZ,520,4655,58.3,5.3,104.6,ok,
PNOA-2024-GAL-536-4688-H29-NPC01.LAZ,536,4688,57.3,5.1,109.2,ok,
PNOA-2024-GAL-576-4733-H29-NPC01.LAZ,576,4733,76.3,6.7,114.9,ok,
PNOA-2024-GAL-526-4657-H29-NPC01.LAZ,526,4657,64.1,5.7,115.2,ok,
PNOA-2024-GAL-509-4645-H29-NPC01.LAZ,509,4645,34.8,3.2,80.3,ok,
PNOA-2024-GAL-535-4679-H29-NPC01.LAZ,535,4679,78.8,7.4,118.6,ok,
PNOA-2024-GAL-518-4668-H29-NPC01.LAZ,518,4668,85.4,7.5,123.2,ok,
PNOA-2024-GAL-524-4662-H29-NPC01.LAZ,524,4662,50.2,4.7,104.7,ok,
PNOA-2024-GAL-512-4694-H29-NPC01.LAZ,512,4694,52.4,4.8,79.1,ok,
PNOA-2024-GAL-561-4721-H29-NPC01.LAZ,561,4721,44.9,4.4,109.9,ok,
PNOA-2024-GAL-546-4731-H29-NPC01.LAZ,546,4731,202.4,17.8,142.0,ok,
PNOA-2024-GAL-556-4727-H29-NPC01.LAZ,556,4727,64.1,5.9,105.5,ok,
PNOA-2024-GAL-552-4700-H29-NPC01.LAZ,552,4700,40.1,3.9,107.5,ok,
PNOA-2024-GAL-552-4702-H29-NPC01.LAZ,552,4702,54.0,4.7,104.6,ok,
PNOA-2024-GAL-550-4718-H29-NPC01.LAZ,550,4718,61.4,5.5,106.3,ok,
PNOA-2024-GAL-555-4729-H29-NPC01.LAZ,555,4729,118.1,10.3,122.3,ok,
PNOA-2024-GAL-552-4724-H29-NPC01.LAZ,552,4724,69.2,6.5,109.3,ok,
PNOA-2024-GAL-573-4739-H29-NPC01.LAZ,573,4739,45.7,4.2,104.0,ok,
PNOA-2024-GAL-510-4640-H29-NPC01.LAZ,510,4640,49.0,4.4,95.8,ok,
PNOA-2024-GAL-510-4652-H29-NPC01.LAZ,510,4652,73.5,6.4,117.7,ok,
PNOA-2024-GAL-552-4717-H29-NPC01.LAZ,552,4717,82.4,7.2,117.7,ok,
PNOA-2024-GAL-529-4720-H29-NPC01.LAZ,529,4720,88.5,7.7,112.3,ok,
PNOA-2024-GAL-525-4650-H29-NPC01.LAZ,525,4650,45.3,4.1,100.2,ok,
PNOA-2024-GAL-546-4730-H29-NPC01.LAZ,546,4730,154.6,13.7,133.5,ok,
PNOA-2024-GAL-538-4685-H29-NPC01.LAZ,538,4685,52.3,4.9,103.7,ok,
PNOA-2024-GAL-549-4698-H29-NPC01.LAZ,549,4698,182.5,15.8,145.1,ok,
PNOA-2024-GAL-524-4684-H29-NPC01.LAZ,524,4684,88.6,7.8,113.4,ok,
PNOA-2024-GAL-540-4692-H29-NPC01.LAZ,540,4692,55.0,4.9,110.5,ok,
PNOA-2024-GAL-558-4726-H29-NPC01.LAZ,558,4726,43.7,4.0,101.6,ok,
PNOA-2024-GAL-576-4724-H29-NPC01.LAZ,576,4724,61.1,5.4,104.1,ok,
PNOA-2024-GAL-551-4714-H29-NPC01.LAZ,551,4714,49.6,4.4,113.0,ok,
PNOA-2024-GAL-548-4687-H29-NPC01.LAZ,548,4687,180.0,15.5,145.6,ok,
PNOA-2024-GAL-555-4714-H29-NPC01.LAZ,555,4714,43.9,4.0,94.7,ok,
PNOA-2024-GAL-525-4715-H29-NPC01.LAZ,525,4715,56.9,5.1,102.2,ok,
PNOA-2024-GAL-541-4684-H29-NPC01.LAZ,541,4684,80.1,7.0,111.4,ok,
PNOA-2024-GAL-529-4657-H29-NPC01.LAZ,529,4657,35.5,9.6,94.1,ok,
PNOA-2024-GAL-552-4718-H29-NPC01.LAZ,552,4718,72.0,6.5,121.5,ok,
PNOA-2024-GAL-548-4697-H29-NPC01.LAZ,548,4697,174.7,15.1,135.1,ok,
PNOA-2024-GAL-518-4700-H29-NPC01.LAZ,518,4700,80.0,7.2,118.0,ok,
PNOA-2024-GAL-544-4679-H29-NPC01.LAZ,544,4679,71.2,6.3,106.5,ok,
PNOA-2024-GAL-547-4694-H29-NPC01.LAZ,547,4694,134.6,11.6,128.0,ok,
PNOA-2024-GAL-516-4678-H29-NPC01.LAZ,516,4678,45.1,4.1,95.7,ok,
PNOA-2024-GAL-515-4649-H29-NPC01.LAZ,515,4649,73.2,6.5,105.6,ok,
PNOA-2024-GAL-518-4646-H29-NPC01.LAZ,518,4646,59.7,5.3,104.4,ok,
PNOA-2024-GAL-540-4702-H29-NPC01.LAZ,540,4702,57.0,5.1,116.1,ok,
PNOA-2024-GAL-536-4715-H29-NPC01.LAZ,536,4715,78.0,6.8,111.9,ok,
PNOA-2024-GAL-526-4655-H29-NPC01.LAZ,526,4655,58.7,5.2,103.8,ok,
PNOA-2024-GAL-556-4729-H29-NPC01.LAZ,556,4729,97.9,8.6,120.7,ok,
PNOA-2024-GAL-581-4740-H29-NPC01.LAZ,581,4740,67.6,6.2,111.3,ok,
PNOA-2024-GAL-521-4685-H29-NPC01.LAZ,521,4685,76.3,6.8,113.7,ok,
PNOA-2024-GAL-565-4734-H29-NPC01.LAZ,565,4734,73.8,6.6,111.5,ok,
PNOA-2024-GAL-546-4722-H29-NPC01.LAZ,546,4722,160.9,14.0,129.8,ok,
PNOA-2024-GAL-576-4732-H29-NPC01.LAZ,576,4732,44.0,4.1,101.9,ok,
PNOA-2024-GAL-569-4734-H29-NPC01.LAZ,569,4734,62.5,5.6,111.0,ok,
PNOA-2024-GAL-577-4733-H29-NPC01.LAZ,577,4733,90.2,8.1,118.8,ok,
PNOA-2024-GAL-550-4693-H29-NPC01.LAZ,550,4693,70.5,6.4,110.3,ok,
PNOA-2024-GAL-524-4709-H29-NPC01.LAZ,524,4709,49.6,4.5,102.4,ok,
PNOA-2024-GAL-536-4718-H29-NPC01.LAZ,536,4718,88.2,7.7,110.1,ok,
PNOA-2024-GAL-547-4697-H29-NPC01.LAZ,547,4697,152.6,13.1,127.4,ok,
PNOA-2024-GAL-522-4685-H29-NPC01.LAZ,522,4685,76.6,6.7,116.4,ok,
PNOA-2024-GAL-514-4660-H29-NPC01.LAZ,514,4660,81.1,3.8,120.6,ok,
PNOA-2024-GAL-530-4663-H29-NPC01.LAZ,530,4663,84.8,4.1,115.5,ok,
PNOA-2024-GAL-532-4724-H29-NPC01.LAZ,532,4724,40.0,2.7,98.7,ok,
PNOA-2024-GAL-542-4662-H29-NPC01.LAZ,542,4662,71.1,3.0,123.0,ok,
PNOA-2024-GAL-563-4722-H29-NPC01.LAZ,563,4722,74.5,4.0,113.2,ok,
PNOA-2024-GAL-525-4707-H29-NPC01.LAZ,525,4707,51.1,2.2,111.2,ok,
PNOA-2024-GAL-541-4692-H29-NPC01.LAZ,541,4692,61.1,3.2,118.0,ok,
PNOA-2024-GAL-569-4718-H29-NPC01.LAZ,569,4718,43.6,2.1,98.8,ok,
PNOA-2024-GAL-560-4710-H29-NPC01.LAZ,560,4710,80.4,3.7,112.2,ok,
PNOA-2024-GAL-513-4697-H29-NPC01.LAZ,513,4697,51.6,2.9,110.3,ok,
PNOA-2024-GAL-518-4702-H29-NPC01.LAZ,518,4702,55.0,2.9,106.9,ok,
PNOA-2024-GAL-515-4663-H29-NPC01.LAZ,515,4663,39.0,1.9,80.6,ok,
PNOA-2024-GAL-540-4686-H29-NPC01.LAZ,540,4686,67.4,3.8,111.6,ok,
PNOA-2024-GAL-521-4721-H29-NPC01.LAZ,521,4721,75.3,4.0,109.9,ok,
PNOA-2024-GAL-515-4642-H29-NPC01.LAZ,515,4642,83.5,4.8,110.2,ok,
PNOA-2024-GAL-524-4702-H29-NPC01.LAZ,524,4702,56.0,2.9,116.2,ok,
PNOA-2024-GAL-513-4662-H29-NPC01.LAZ,513,4662,62.2,3.9,104.4,ok,
PNOA-2024-GAL-558-4720-H29-NPC01.LAZ,558,4720,61.3,3.0,109.6,ok,
PNOA-2024-GAL-542-4687-H29-NPC01.LAZ,542,4687,61.4,3.8,94.6,ok,
PNOA-2024-GAL-537-4685-H29-NPC01.LAZ,537,4685,63.4,2.9,110.9,ok,
PNOA-2024-GAL-537-4723-H29-NPC01.LAZ,537,4723,70.6,3.8,105.9,ok,
PNOA-2024-GAL-512-4638-H29-NPC01.LAZ,512,4638,30.0,1.7,73.0,ok,
PNOA-2024-GAL-523-4667-H29-NPC01.LAZ,523,4667,80.9,3.5,114.5,ok,
PNOA-2024-GAL-541-4734-H29-NPC01.LAZ,541,4734,74.6,3.9,102.5,ok,
PNOA-2024-GAL-578-4737-H29-NPC01.LAZ,578,4737,40.5,2.3,100.6,ok,
PNOA-2024-GAL-544-4660-H29-NPC01.LAZ,544,4660,75.4,3.0,112.3,ok,
PNOA-2024-GAL-539-4717-H29-NPC01.LAZ,539,4717,65.5,3.4,114.7,ok,
PNOA-2024-GAL-514-4662-H29-NPC01.LAZ,514,4662,44.0,2.2,105.7,ok,
PNOA-2024-GAL-531-4694-H29-NPC01.LAZ,531,4694,129.7,5.9,134.4,ok,
PNOA-2024-GAL-534-4695-H29-NPC01.LAZ,534,4695,57.9,3.0,98.8,ok,
PNOA-2024-GAL-519-4651-H29-NPC01.LAZ,519,4651,89.1,4.0,113.2,ok,
PNOA-2024-GAL-549-4667-H29-NPC01.LAZ,549,4667,128.5,5.5,125.2,ok,
PNOA-2024-GAL-541-4691-H29-NPC01.LAZ,541,4691,77.7,4.2,127.6,ok,
PNOA-2024-GAL-523-4682-H29-NPC01.LAZ,523,4682,75.7,3.5,107.6,ok,
PNOA-2024-GAL-538-4700-H29-NPC01.LAZ,538,4700,74.3,3.1,118.7,ok,
PNOA-2024-GAL-535-4704-H29-NPC01.LAZ,535,4704,67.6,2.9,126.6,ok,
PNOA-2024-GAL-568-4725-H29-NPC01.LAZ,568,4725,58.4,3.2,202.0,ok,
PNOA-2024-GAL-539-4693-H29-NPC01.LAZ,539,4693,120.2,5.4,160.6,ok,
PNOA-2024-GAL-535-4705-H29-NPC01.LAZ,535,4705,77.4,3.7,125.9,ok,
PNOA-2024-GAL-512-4663-H29-NPC01.LAZ,512,4663,67.7,8.6,126.8,ok,
PNOA-2024-GAL-518-4659-H29-NPC01.LAZ,518,4659,53.5,2.5,109.7,ok,
PNOA-2024-GAL-556-4708-H29-NPC01.LAZ,556,4708,84.8,3.4,122.9,ok,
PNOA-2024-GAL-528-4655-H29-NPC01.LAZ,528,4655,38.3,2.2,107.9,ok,
PNOA-2024-GAL-555-4724-H29-NPC01.LAZ,555,4724,60.6,2.6,106.8,ok,
PNOA-2024-GAL-526-4706-H29-NPC01.LAZ,526,4706,90.5,4.0,202.7,ok,
PNOA-2024-GAL-510-4641-H29-NPC01.LAZ,510,4641,62.6,4.0,187.2,ok,
PNOA-2024-GAL-555-4721-H29-NPC01.LAZ,555,4721,36.9,1.8,151.5,ok,
PNOA-2024-GAL-534-4694-H29-NPC01.LAZ,534,4694,93.3,3.8,151.2,ok,
PNOA-2024-GAL-526-4729-H29-NPC01.LAZ,526,4729,57.8,3.1,129.2,ok,
PNOA-2024-GAL-545-4724-H29-NPC01.LAZ,545,4724,84.6,3.7,176.4,ok,
PNOA-2024-GAL-564-4720-H29-NPC01.LAZ,564,4720,63.5,3.3,148.9,ok,
PNOA-2024-GAL-565-4726-H29-NPC01.LAZ,565,4726,75.4,3.5,121.9,ok,
PNOA-2024-GAL-542-4681-H29-NPC01.LAZ,542,4681,129.3,9.3,156.3,ok,
PNOA-2024-GAL-532-4669-H29-NPC01.LAZ,532,4669,76.3,5.7,135.0,ok,
PNOA-2024-GAL-536-4703-H29-NPC01.LAZ,536,4703,96.2,5.1,143.2,ok,
PNOA-2024-GAL-562-4725-H29-NPC01.LAZ,562,4725,58.4,2.7,118.5,ok,
PNOA-2024-GAL-540-4699-H29-NPC01.LAZ,540,4699,62.6,2.9,124.6,ok,
PNOA-2024-GAL-510-4663-H29-NPC01.LAZ,510,4663,22.7,1.3,59.8,ok,
PNOA-2024-GAL-542-4732-H29-NPC01.LAZ,542,4732,79.2,3.3,117.0,ok,
PNOA-2024-GAL-527-4651-H29-NPC01.LAZ,527,4651,86.7,4.8,115.4,ok,
PNOA-2024-GAL-563-4726-H29-NPC01.LAZ,563,4726,62.6,3.0,118.5,ok,
PNOA-2024-GAL-554-4721-H29-NPC01.LAZ,554,4721,38.7,1.9,107.3,ok,
PNOA-2024-GAL-533-4717-H29-NPC01.LAZ,533,4717,56.2,2.8,108.6,ok,
PNOA-2024-GAL-535-4708-H29-NPC01.LAZ,535,4708,114.3,4.5,137.5,ok,
PNOA-2024-GAL-536-4710-H29-NPC01.LAZ,536,4710,98.3,4.1,133.5,ok,
PNOA-2024-GAL-512-4645-H29-NPC01.LAZ,512,4645,79.5,4.2,238.6,ok,
PNOA-2024-GAL-548-4714-H29-NPC01.LAZ,548,4714,107.0,7.5,308.0,ok,
PNOA-2024-GAL-548-4715-H29-NPC01.LAZ,548,4715,179.4,11.1,359.0,ok,
PNOA-2024-GAL-543-4721-H29-NPC01.LAZ,543,4721,69.3,3.2,305.2,ok,
PNOA-2024-GAL-538-4716-H29-NPC01.LAZ,538,4716,74.8,4.8,295.5,ok,
PNOA-2024-GAL-554-4730-H29-NPC01.LAZ,554,4730,89.8,4.5,306.7,ok,
PNOA-2024-GAL-511-4681-H29-NPC01.LAZ,511,4681,40.1,2.0,278.7,ok,
PNOA-2024-GAL-573-4732-H29-NPC01.LAZ,573,4732,41.4,2.5,266.1,ok,
PNOA-2024-GAL-541-4677-H29-NPC01.LAZ,541,4677,121.7,5.2,266.1,ok,
PNOA-2024-GAL-541-4718-H29-NPC01.LAZ,541,4718,83.8,3.6,159.6,ok,
PNOA-2024-GAL-516-4681-H29-NPC01.LAZ,516,4681,60.4,3.2,157.9,ok,
PNOA-2024-GAL-510-4699-H29-NPC01.LAZ,510,4699,26.4,1.5,117.2,ok,
PNOA-2024-GAL-536-4733-H29-NPC01.LAZ,536,4733,52.7,2.4,138.3,ok,
PNOA-2024-GAL-525-4654-H29-NPC01.LAZ,525,4654,84.6,4.6,158.2,ok,
PNOA-2024-GAL-520-4647-H29-NPC01.LAZ,520,4647,56.5,2.9,136.0,ok,
PNOA-2024-GAL-574-4735-H29-NPC01.LAZ,574,4735,55.8,2.6,147.2,ok,
PNOA-2024-GAL-546-4727-H29-NPC01.LAZ,546,4727,186.3,8.1,175.6,ok,
PNOA-2024-GAL-523-4716-H29-NPC01.LAZ,523,4716,64.1,3.5,141.1,ok,
PNOA-2024-GAL-523-4689-H29-NPC01.LAZ,523,4689,84.3,4.0,149.3,ok,
PNOA-2024-GAL-541-4709-H29-NPC01.LAZ,541,4709,57.6,6.9,142.9,ok,
PNOA-2024-GAL-571-4718-H29-NPC01.LAZ,571,4718,51.7,3.0,133.2,ok,
PNOA-2024-GAL-557-4713-H29-NPC01.LAZ,557,4713,68.5,3.0,148.8,ok,
PNOA-2024-GAL-547-4676-H29-NPC01.LAZ,547,4676,171.0,8.6,180.3,ok,
PNOA-2024-GAL-543-4697-H29-NPC01.LAZ,543,4697,53.6,2.7,138.3,ok,
PNOA-2024-GAL-546-4676-H29-NPC01.LAZ,546,4676,157.8,10.2,159.8,ok,
PNOA-2024-GAL-511-4680-H29-NPC01.LAZ,511,4680,63.2,2.8,133.8,ok,
PNOA-2024-GAL-527-4710-H29-NPC01.LAZ,527,4710,83.0,5.3,155.0,ok,
PNOA-2024-GAL-524-4650-H29-NPC01.LAZ,524,4650,41.4,1.9,125.0,ok,
PNOA-2024-GAL-539-4691-H29-NPC01.LAZ,539,4691,75.8,4.1,132.3,ok,
PNOA-2024-GAL-511-4663-H29-NPC01.LAZ,511,4663,60.8,3.1,112.1,ok,
PNOA-2024-GAL-554-4711-H29-NPC01.LAZ,554,4711,62.2,3.7,111.7,ok,
PNOA-2024-GAL-552-4713-H29-NPC01.LAZ,552,4713,79.1,3.7,117.7,ok,
PNOA-2024-GAL-548-4725-H29-NPC01.LAZ,548,4725,165.4,6.9,135.1,ok,
PNOA-2024-GAL-548-4724-H29-NPC01.LAZ,548,4724,126.9,5.3,137.0,ok,
PNOA-2024-GAL-553-4717-H29-NPC01.LAZ,553,4717,78.0,4.5,117.0,ok,
PNOA-2024-GAL-517-4654-H29-NPC01.LAZ,517,4654,81.9,3.6,117.5,ok,
PNOA-2024-GAL-540-4693-H29-NPC01.LAZ,540,4693,146.7,7.1,128.4,ok,
PNOA-2024-GAL-545-4705-H29-NPC01.LAZ,545,4705,97.7,4.4,132.1,ok,
PNOA-2024-GAL-531-4718-H29-NPC01.LAZ,531,4718,73.9,3.5,98.7,ok,
PNOA-2024-GAL-573-4728-H29-NPC01.LAZ,573,4728,46.5,3.2,110.0,ok,
PNOA-2024-GAL-554-4727-H29-NPC01.LAZ,554,4727,59.1,2.6,112.4,ok,
PNOA-2024-GAL-569-4726-H29-NPC01.LAZ,569,4726,50.4,3.1,106.4,ok,
PNOA-2024-GAL-559-4722-H29-NPC01.LAZ,559,4722,60.0,2.5,109.9,ok,
PNOA-2024-GAL-577-4724-H29-NPC01.LAZ,577,4724,60.4,2.9,108.4,ok,
PNOA-2024-GAL-526-4665-H29-NPC01.LAZ,526,4665,104.7,6.3,127.1,ok,
PNOA-2024-GAL-540-4659-H29-NPC01.LAZ,540,4659,47.3,2.8,108.9,ok,
PNOA-2024-GAL-540-4711-H29-NPC01.LAZ,540,4711,89.5,3.6,125.9,ok,
PNOA-2024-GAL-549-4730-H29-NPC01.LAZ,549,4730,105.5,4.4,121.2,ok,
PNOA-2024-GAL-548-4686-H29-NPC01.LAZ,548,4686,162.6,6.9,139.3,ok,
PNOA-2024-GAL-553-4708-H29-NPC01.LAZ,553,4708,120.8,4.7,137.2,ok,
PNOA-2024-GAL-520-4700-H29-NPC01.LAZ,520,4700,83.2,3.5,120.6,ok,
PNOA-2024-GAL-519-4649-H29-NPC01.LAZ,519,4649,63.4,4.2,110.0,ok,
PNOA-2024-GAL-550-4690-H29-NPC01.LAZ,550,4690,60.1,2.5,114.6,ok,
PNOA-2024-GAL-557-4724-H29-NPC01.LAZ,557,4724,84.6,3.7,110.6,ok,
PNOA-2024-GAL-531-4690-H29-NPC01.LAZ,531,4690,51.7,2.1,115.7,ok,
PNOA-2024-GAL-535-4658-H29-NPC01.LAZ,535,4658,84.9,3.9,110.2,ok,
PNOA-2024-GAL-519-4645-H29-NPC01.LAZ,519,4645,65.2,4.0,109.8,ok,
PNOA-2024-GAL-550-4710-H29-NPC01.LAZ,550,4710,101.6,5.6,124.7,ok,
PNOA-2024-GAL-521-4659-H29-NPC01.LAZ,521,4659,61.9,2.7,112.9,ok,
PNOA-2024-GAL-566-4732-H29-NPC01.LAZ,566,4732,56.8,3.1,111.3,ok,
PNOA-2024-GAL-534-4685-H29-NPC01.LAZ,534,4685,52.5,2.2,117.1,ok,
PNOA-2024-GAL-516-4682-H29-NPC01.LAZ,516,4682,90.7,3.6,112.2,ok,
PNOA-2024-GAL-547-4722-H29-NPC01.LAZ,547,4722,181.1,7.6,138.2,ok,
PNOA-2024-GAL-548-4671-H29-NPC01.LAZ,548,4671,147.9,5.8,130.3,ok,
PNOA-2024-GAL-545-4667-H29-NPC01.LAZ,545,4667,99.9,4.1,124.9,ok,
PNOA-2024-GAL-539-4678-H29-NPC01.LAZ,539,4678,76.6,4.1,117.2,ok,
PNOA-2024-GAL-572-4724-H29-NPC01.LAZ,572,4724,56.4,3.1,104.8,ok,
PNOA-2024-GAL-578-4725-H29-NPC01.LAZ,578,4725,39.1,2.0,102.1,ok,
PNOA-2024-GAL-531-4713-H29-NPC01.LAZ,531,4713,123.6,5.1,131.5,ok,
PNOA-2024-GAL-523-4663-H29-NPC01.LAZ,523,4663,95.3,4.4,125.9,ok,
PNOA-2024-GAL-526-4682-H29-NPC01.LAZ,526,4682,22.4,1.7,40.6,ok,
PNOA-2024-GAL-529-4688-H29-NPC01.LAZ,529,4688,37.9,1.7,93.7,ok,
PNOA-2024-GAL-527-4684-H29-NPC01.LAZ,527,4684,88.0,3.7,112.7,ok,
PNOA-2024-GAL-539-4711-H29-NPC01.LAZ,539,4711,98.9,4.7,128.7,ok,
PNOA-2024-GAL-547-4691-H29-NPC01.LAZ,547,4691,195.5,8.3,179.4,ok,
PNOA-2024-GAL-527-4691-H29-NPC01.LAZ,527,4691,97.2,5.1,144.4,ok,
PNOA-2024-GAL-571-4713-H29-NPC01.LAZ,571,4713,66.3,3.8,150.2,ok,
PNOA-2024-GAL-575-4738-H29-NPC01.LAZ,575,4738,76.4,3.7,141.0,ok,
PNOA-2024-GAL-537-4684-H29-NPC01.LAZ,537,4684,69.5,3.0,220.3,ok,
PNOA-2024-GAL-518-4660-H29-NPC01.LAZ,518,4660,89.1,4.9,302.2,ok,
PNOA-2024-GAL-546-4713-H29-NPC01.LAZ,546,4713,143.6,9.1,523.4,ok,
PNOA-2024-GAL-519-4697-H29-NPC01.LAZ,519,4697,57.3,2.7,349.7,ok,
PNOA-2024-GAL-532-4720-H29-NPC01.LAZ,532,4720,76.8,7.2,334.3,ok,
PNOA-2024-GAL-528-4731-H29-NPC01.LAZ,528,4731,42.8,2.9,257.7,ok,
PNOA-2024-GAL-539-4706-H29-NPC01.LAZ,539,4706,91.8,4.9,331.1,ok,
PNOA-2024-GAL-541-4727-H29-NPC01.LAZ,541,4727,54.6,2.5,273.0,ok,
PNOA-2024-GAL-525-4661-H29-NPC01.LAZ,525,4661,69.2,2.8,309.5,ok,
PNOA-2024-GAL-580-4721-H29-NPC01.LAZ,580,4721,47.6,3.0,177.2,ok,
PNOA-2024-GAL-526-4684-H29-NPC01.LAZ,526,4684,83.4,3.7,169.4,ok,
PNOA-2024-GAL-544-4662-H29-NPC01.LAZ,544,4662,56.7,3.0,176.7,ok,
PNOA-2024-GAL-529-4692-H29-NPC01.LAZ,529,4692,58.0,2.5,157.1,ok,
PNOA-2024-GAL-571-4716-H29-NPC01.LAZ,571,4716,41.2,2.7,144.6,ok,
PNOA-2024-GAL-518-4647-H29-NPC01.LAZ,518,4647,76.3,3.2,125.7,ok,
PNOA-2024-GAL-556-4721-H29-NPC01.LAZ,556,4721,40.0,2.4,140.0,ok,
PNOA-2024-GAL-515-4665-H29-NPC01.LAZ,515,4665,61.8,2.5,161.3,ok,
PNOA-2024-GAL-547-4689-H29-NPC01.LAZ,547,4689,173.1,6.8,205.3,ok,
PNOA-2024-GAL-523-4697-H29-NPC01.LAZ,523,4697,23.1,1.4,97.7,ok,
PNOA-2024-GAL-558-4727-H29-NPC01.LAZ,558,4727,82.6,3.9,127.4,ok,
PNOA-2024-GAL-557-4734-H29-NPC01.LAZ,557,4734,81.6,3.4,110.6,ok,
PNOA-2024-GAL-510-4650-H29-NPC01.LAZ,510,4650,44.9,2.2,97.2,ok,
PNOA-2024-GAL-548-4675-H29-NPC01.LAZ,548,4675,208.6,8.2,156.1,ok,
PNOA-2024-GAL-514-4649-H29-NPC01.LAZ,514,4649,91.6,3.7,118.6,ok,
PNOA-2024-GAL-512-4697-H29-NPC01.LAZ,512,4697,54.8,2.7,112.6,ok,
PNOA-2024-GAL-548-4661-H29-NPC01.LAZ,548,4661,50.9,2.2,103.7,ok,
PNOA-2024-GAL-537-4692-H29-NPC01.LAZ,537,4692,56.7,2.5,115.7,ok,
PNOA-2024-GAL-553-4727-H29-NPC01.LAZ,553,4727,53.1,3.0,107.9,ok,
PNOA-2024-GAL-522-4725-H29-NPC01.LAZ,522,4725,46.2,2.3,82.5,ok,
PNOA-2024-GAL-549-4710-H29-NPC01.LAZ,549,4710,155.8,6.2,138.6,ok,
PNOA-2024-GAL-553-4721-H29-NPC01.LAZ,553,4721,35.9,2.3,95.2,ok,
PNOA-2024-GAL-545-4713-H29-NPC01.LAZ,545,4713,120.8,5.1,129.9,ok,
PNOA-2024-GAL-536-4683-H29-NPC01.LAZ,536,4683,41.3,2.3,106.7,ok,
PNOA-2024-GAL-514-4678-H29-NPC01.LAZ,514,4678,32.8,1.8,71.9,ok,
PNOA-2024-GAL-526-4708-H29-NPC01.LAZ,526,4708,65.8,2.7,110.1,ok,
PNOA-2024-GAL-529-4722-H29-NPC01.LAZ,529,4722,78.5,4.2,109.7,ok,
PNOA-2024-GAL-514-4702-H29-NPC01.LAZ,514,4702,24.8,1.7,92.6,ok,
PNOA-2024-GAL-537-4716-H29-NPC01.LAZ,537,4716,79.3,4.7,113.1,ok,
PNOA-2024-GAL-542-4707-H29-NPC01.LAZ,542,4707,59.4,2.9,114.3,ok,
PNOA-2024-GAL-535-4660-H29-NPC01.LAZ,535,4660,96.6,4.3,125.9,ok,
PNOA-2024-GAL-538-4690-H29-NPC01.LAZ,538,4690,57.0,2.3,118.3,ok,
PNOA-2024-GAL-552-4711-H29-NPC01.LAZ,552,4711,76.5,3.3,113.6,ok,
PNOA-2024-GAL-529-4730-H29-NPC01.LAZ,529,4730,60.5,4.0,107.0,ok,
PNOA-2024-GAL-574-4721-H29-NPC01.LAZ,574,4721,60.6,2.5,117.2,ok,
PNOA-2024-GAL-560-4734-H29-NPC01.LAZ,560,4734,94.4,4.3,120.1,ok,
PNOA-2024-GAL-524-4649-H29-NPC01.LAZ,524,4649,63.9,2.8,100.7,ok,
PNOA-2024-GAL-541-4690-H29-NPC01.LAZ,541,4690,48.0,2.2,113.3,ok,
PNOA-2024-GAL-546-4732-H29-NPC01.LAZ,546,4732,169.0,7.0,139.9,ok,
PNOA-2024-GAL-544-4674-H29-NPC01.LAZ,544,4674,110.9,7.7,127.3,ok,
PNOA-2024-GAL-577-4737-H29-NPC01.LAZ,577,4737,45.0,2.1,101.8,ok,
PNOA-2024-GAL-517-4678-H29-NPC01.LAZ,517,4678,29.4,1.5,78.1,ok,
PNOA-2024-GAL-577-4723-H29-NPC01.LAZ,577,4723,37.4,1.8,103.9,ok,
PNOA-2024-GAL-579-4736-H29-NPC01.LAZ,579,4736,68.3,3.4,114.5,ok,
PNOA-2024-GAL-523-4657-H29-NPC01.LAZ,523,4657,67.3,4.0,124.1,ok,
PNOA-2024-GAL-549-4715-H29-NPC01.LAZ,549,4715,144.4,5.6,126.3,ok,
PNOA-2024-GAL-524-4651-H29-NPC01.LAZ,524,4651,84.2,4.3,109.7,ok,
PNOA-2024-GAL-580-4736-H29-NPC01.LAZ,580,4736,76.1,4.4,115.3,ok,
PNOA-2024-GAL-509-4652-H29-NPC01.LAZ,509,4652,30.4,2.0,86.0,ok,
PNOA-2024-GAL-517-4683-H29-NPC01.LAZ,517,4683,51.9,2.5,105.5,ok,
PNOA-2024-GAL-548-4728-H29-NPC01.LAZ,548,4728,96.6,4.1,115.1,ok,
PNOA-2024-GAL-555-4726-H29-NPC01.LAZ,555,4726,58.9,2.7,113.1,ok,
PNOA-2024-GAL-530-4664-H29-NPC01.LAZ,530,4664,46.2,2.6,99.7,ok,
PNOA-2024-GAL-553-4712-H29-NPC01.LAZ,553,4712,56.3,2.4,113.2,ok,
PNOA-2024-GAL-554-4735-H29-NPC01.LAZ,554,4735,51.9,2.7,115.6,ok,
PNOA-2024-GAL-572-4727-H29-NPC01.LAZ,572,4727,51.9,2.3,107.6,ok,
PNOA-2024-GAL-543-4682-H29-NPC01.LAZ,543,4682,126.2,5.3,125.5,ok,
PNOA-2024-GAL-510-4639-H29-NPC01.LAZ,510,4639,45.3,2.4,100.4,ok,
PNOA-2024-GAL-519-4721-H29-NPC01.LAZ,519,4721,16.7,1.3,64.9,ok,
PNOA-2024-GAL-552-4721-H29-NPC01.LAZ,552,4721,40.7,1.7,103.3,ok,
PNOA-2024-GAL-576-4740-H29-NPC01.LAZ,576,4740,91.7,3.6,120.9,ok,
PNOA-2024-GAL-579-4730-H29-NPC01.LAZ,579,4730,76.1,3.1,115.0,ok,
PNOA-2024-GAL-574-4744-H29-NPC01.LAZ,574,4744,46.9,2.2,107.6,ok,
PNOA-2024-GAL-574-4732-H29-NPC01.LAZ,574,4732,45.6,2.5,102.6,ok,
PNOA-2024-GAL-548-4690-H29-NPC01.LAZ,548,4690,125.1,5.4,130.6,ok,
PNOA-2024-GAL-523-4699-H29-NPC01.LAZ,523,4699,73.3,3.6,124.1,ok,
PNOA-2024-GAL-521-4656-H29-NPC01.LAZ,521,4656,94.1,4.3,118.0,ok,
PNOA-2024-GAL-515-4652-H29-NPC01.LAZ,515,4652,53.4,2.3,102.8,ok,
PNOA-2024-GAL-545-4710-H29-NPC01.LAZ,545,4710,82.8,4.8,120.3,ok,
PNOA-2024-GAL-510-4636-H29-NPC01.LAZ,510,4636,35.7,1.6,98.8,ok,
PNOA-2024-GAL-518-4643-H29-NPC01.LAZ,518,4643,55.1,2.8,114.2,ok,
PNOA-2024-GAL-552-4735-H29-NPC01.LAZ,552,4735,59.0,2.5,119.1,ok,
PNOA-2024-GAL-568-4728-H29-NPC01.LAZ,568,4728,36.4,2.0,109.9,ok,
PNOA-2024-GAL-547-4713-H29-NPC01.LAZ,547,4713,186.0,10.0,141.3,ok,
PNOA-2024-GAL-575-4727-H29-NPC01.LAZ,575,4727,55.6,2.6,108.6,ok,
PNOA-2024-GAL-539-4660-H29-NPC01.LAZ,539,4660,82.3,3.5,118.3,ok,
PNOA-2024-GAL-518-4657-H29-NPC01.LAZ,518,4657,40.9,1.7,115.4,ok,
PNOA-2024-GAL-580-4739-H29-NPC01.LAZ,580,4739,48.0,2.4,105.9,ok,
PNOA-2024-GAL-520-4665-H29-NPC01.LAZ,520,4665,93.3,5.3,116.6,ok,
PNOA-2024-GAL-551-4727-H29-NPC01.LAZ,551,4727,91.6,5.6,122.5,ok,
PNOA-2024-GAL-538-4712-H29-NPC01.LAZ,538,4712,59.2,2.9,114.6,ok,
PNOA-2024-GAL-509-4656-H29-NPC01.LAZ,509,4656,46.2,2.3,84.4,ok,
PNOA-2024-GAL-539-4718-H29-NPC01.LAZ,539,4718,86.6,3.6,114.2,ok,
PNOA-2024-GAL-550-4669-H29-NPC01.LAZ,550,4669,112.4,5.3,120.0,ok,
PNOA-2024-GAL-563-4723-H29-NPC01.LAZ,563,4723,46.0,3.4,108.0,ok,
PNOA-2024-GAL-545-4679-H29-NPC01.LAZ,545,4679,86.9,6.6,123.4,ok,
PNOA-2024-GAL-554-4716-H29-NPC01.LAZ,554,4716,47.6,2.4,96.4,ok,
PNOA-2024-GAL-535-4722-H29-NPC01.LAZ,535,4722,81.7,3.4,112.3,ok,
PNOA-2024-GAL-522-4688-H29-NPC01.LAZ,522,4688,58.8,2.8,111.1,ok,
PNOA-2024-GAL-516-4683-H29-NPC01.LAZ,516,4683,54.6,2.6,115.1,ok,
PNOA-2024-GAL-520-4704-H29-NPC01.LAZ,520,4704,69.0,2.9,113.6,ok,
PNOA-2024-GAL-572-4742-H29-NPC01.LAZ,572,4742,76.1,4.4,116.1,ok,
PNOA-2024-GAL-534-4732-H29-NPC01.LAZ,534,4732,81.0,3.7,109.5,ok,
PNOA-2024-GAL-527-4709-H29-NPC01.LAZ,527,4709,58.7,2.8,108.4,ok,
PNOA-2024-GAL-515-4684-H29-NPC01.LAZ,515,4684,86.1,4.3,116.5,ok,
PNOA-2024-GAL-527-4678-H29-NPC01.LAZ,527,4678,74.0,3.3,116.9,ok,
PNOA-2024-GAL-547-4725-H29-NPC01.LAZ,547,4725,160.8,6.3,123.6,ok,
PNOA-2024-GAL-514-4645-H29-NPC01.LAZ,514,4645,70.9,3.3,122.2,ok,
PNOA-2024-GAL-542-4731-H29-NPC01.LAZ,542,4731,76.9,4.7,111.3,ok,
PNOA-2024-GAL-528-4661-H29-NPC01.LAZ,528,4661,79.3,3.5,114.4,ok,
PNOA-2024-GAL-524-4658-H29-NPC01.LAZ,524,4658,102.0,3.9,115.9,ok,
PNOA-2024-GAL-537-4695-H29-NPC01.LAZ,537,4695,70.4,2.8,107.1,ok,
PNOA-2024-GAL-537-4669-H29-NPC01.LAZ,537,4669,83.9,3.6,120.6,ok,
PNOA-2024-GAL-536-4675-H29-NPC01.LAZ,536,4675,54.3,2.8,112.7,ok,
PNOA-2024-GAL-565-4713-H29-NPC01.LAZ,565,4713,70.7,2.9,114.4,ok,
PNOA-2024-GAL-567-4717-H29-NPC01.LAZ,567,4717,60.3,2.4,104.8,ok,
PNOA-2024-GAL-510-4661-H29-NPC01.LAZ,510,4661,89.0,5.4,118.0,ok,
PNOA-2024-GAL-544-4702-H29-NPC01.LAZ,544,4702,63.5,3.0,129.2,ok,
PNOA-2024-GAL-529-4659-H29-NPC01.LAZ,529,4659,54.4,3.2,110.9,ok,
PNOA-2024-GAL-544-4669-H29-NPC01.LAZ,544,4669,76.7,3.4,107.0,ok,
PNOA-2024-GAL-519-4666-H29-NPC01.LAZ,519,4666,49.0,2.2,108.2,ok,
PNOA-2024-GAL-576-4727-H29-NPC01.LAZ,576,4727,63.1,2.9,113.6,ok,
PNOA-2024-GAL-530-4723-H29-NPC01.LAZ,530,4723,87.1,4.5,113.0,ok,
PNOA-2024-GAL-521-4681-H29-NPC01.LAZ,521,4681,54.1,2.5,100.4,ok,
PNOA-2024-GAL-549-4696-H29-NPC01.LAZ,549,4696,129.0,7.8,131.1,ok,
PNOA-2024-GAL-575-4744-H29-NPC01.LAZ,575,4744,44.7,2.6,105.2,ok,
PNOA-2024-GAL-548-4696-H29-NPC01.LAZ,548,4696,146.8,5.8,131.1,ok,
PNOA-2024-GAL-533-4721-H29-NPC01.LAZ,533,4721,74.9,3.4,116.7,ok,
PNOA-2024-GAL-531-4689-H29-NPC01.LAZ,531,4689,44.9,2.9,90.1,ok,
PNOA-2024-GAL-523-4703-H29-NPC01.LAZ,523,4703,89.9,3.7,128.1,ok,
PNOA-2024-GAL-557-4726-H29-NPC01.LAZ,557,4726,65.5,2.8,113.0,ok,
PNOA-2024-GAL-538-4731-H29-NPC01.LAZ,538,4731,65.0,2.9,107.6,ok,
PNOA-2024-GAL-543-4686-H29-NPC01.LAZ,543,4686,71.4,4.3,116.7,ok,
PNOA-2024-GAL-569-4721-H29-NPC01.LAZ,569,4721,55.8,2.6,114.0,ok,
PNOA-2024-GAL-510-4696-H29-NPC01.LAZ,510,4696,14.7,1.1,34.3,ok,
PNOA-2024-GAL-541-4686-H29-NPC01.LAZ,541,4686,79.1,3.4,120.4,ok,
PNOA-2024-GAL-536-4714-H29-NPC01.LAZ,536,4714,58.7,4.1,109.6,ok,
PNOA-2024-GAL-571-4715-H29-NPC01.LAZ,571,4715,70.3,3.3,107.9,ok,
PNOA-2024-GAL-559-4708-H29-NPC01.LAZ,559,4708,73.2,3.9,115.1,ok,
PNOA-2024-GAL-544-4701-H29-NPC01.LAZ,544,4701,90.9,3.6,128.4,ok,
PNOA-2024-GAL-583-4736-H29-NPC01.LAZ,583,4736,65.3,3.1,114.0,ok,
PNOA-2024-GAL-541-4708-H29-NPC01.LAZ,541,4708,83.8,4.0,114.5,ok,
PNOA-2024-GAL-519-4669-H29-NPC01.LAZ,519,4669,62.1,3.1,107.1,ok,
PNOA-2024-GAL-538-4714-H29-NPC01.LAZ,538,4714,56.8,2.5,108.2,ok,
PNOA-2024-GAL-576-4736-H29-NPC01.LAZ,576,4736,69.9,3.0,113.6,ok,
PNOA-2024-GAL-530-4667-H29-NPC01.LAZ,530,4667,70.8,3.7,109.9,ok,
PNOA-2024-GAL-547-4678-H29-NPC01.LAZ,547,4678,135.2,5.4,126.9,ok,
PNOA-2024-GAL-551-4663-H29-NPC01.LAZ,551,4663,70.9,3.4,123.7,ok,
PNOA-2024-GAL-533-4679-H29-NPC01.LAZ,533,4679,70.6,4.3,118.4,ok,
PNOA-2024-GAL-558-4712-H29-NPC01.LAZ,558,4712,59.9,3.7,116.7,ok,
PNOA-2024-GAL-546-4712-H29-NPC01.LAZ,546,4712,130.1,5.8,138.1,ok,
PNOA-2024-GAL-509-4654-H29-NPC01.LAZ,509,4654,29.6,1.6,69.3,ok,
PNOA-2024-GAL-552-4716-H29-NPC01.LAZ,552,4716,49.8,2.1,123.7,ok,
PNOA-2024-GAL-559-4728-H29-NPC01.LAZ,559,4728,33.8,1.4,110.5,ok,
PNOA-2024-GAL-556-4709-H29-NPC01.LAZ,556,4709,47.6,2.0,97.4,ok,
PNOA-2024-GAL-527-4673-H29-NPC01.LAZ,527,4673,42.1,1.9,107.2,ok,
PNOA-2024-GAL-540-4712-H29-NPC01.LAZ,540,4712,56.1,2.3,111.9,ok,
PNOA-2024-GAL-571-4733-H29-NPC01.LAZ,571,4733,69.2,2.9,116.1,ok,
PNOA-2024-GAL-567-4730-H29-NPC01.LAZ,567,4730,113.2,4.3,128.9,ok,
PNOA-2024-GAL-580-4723-H29-NPC01.LAZ,580,4723,48.9,2.9,100.1,ok,
PNOA-2024-GAL-551-4715-H29-NPC01.LAZ,551,4715,66.8,3.6,110.3,ok,
PNOA-2024-GAL-544-4690-H29-NPC01.LAZ,544,4690,67.1,2.9,117.4,ok,
PNOA-2024-GAL-555-4722-H29-NPC01.LAZ,555,4722,66.3,2.8,107.3,ok,
PNOA-2024-GAL-546-4705-H29-NPC01.LAZ,546,4705,158.2,6.6,147.6,ok,
PNOA-2024-GAL-535-4713-H29-NPC01.LAZ,535,4713,99.7,5.7,118.5,ok,
PNOA-2024-GAL-575-4718-H29-NPC01.LAZ,575,4718,51.9,3.0,118.4,ok,
PNOA-2024-GAL-543-4695-H29-NPC01.LAZ,543,4695,67.7,3.1,112.3,ok,
PNOA-2024-GAL-562-4714-H29-NPC01.LAZ,562,4714,38.8,1.8,98.7,ok,
PNOA-2024-GAL-519-4694-H29-NPC01.LAZ,519,4694,50.6,2.3,88.0,ok,
PNOA-2024-GAL-545-4660-H29-NPC01.LAZ,545,4660,53.8,3.2,95.7,ok,
PNOA-2024-GAL-514-4644-H29-NPC01.LAZ,514,4644,85.6,3.2,123.3,ok,
PNOA-2024-GAL-550-4667-H29-NPC01.LAZ,550,4667,76.9,3.5,120.0,ok,
PNOA-2024-GAL-566-4731-H29-NPC01.LAZ,566,4731,121.7,4.8,122.4,ok,
PNOA-2024-GAL-538-4679-H29-NPC01.LAZ,538,4679,79.3,3.3,120.0,ok,
PNOA-2024-GAL-576-4730-H29-NPC01.LAZ,576,4730,64.7,2.9,110.0,ok,
PNOA-2024-GAL-529-4694-H29-NPC01.LAZ,529,4694,91.4,6.3,116.1,ok,
PNOA-2024-GAL-577-4741-H29-NPC01.LAZ,577,4741,60.3,2.8,114.1,ok,
PNOA-2024-GAL-565-4724-H29-NPC01.LAZ,565,4724,85.7,3.5,123.5,ok,
PNOA-2024-GAL-548-4716-H29-NPC01.LAZ,548,4716,141.1,6.0,136.9,ok,
PNOA-2024-GAL-548-4718-H29-NPC01.LAZ,548,4718,155.1,6.6,149.8,ok,
PNOA-2024-GAL-567-4716-H29-NPC01.LAZ,567,4716,36.7,1.7,93.1,ok,
PNOA-2024-GAL-537-4718-H29-NPC01.LAZ,537,4718,96.5,4.1,117.1,ok,
PNOA-2024-GAL-571-4728-H29-NPC01.LAZ,571,4728,38.4,2.4,111.0,ok,
PNOA-2024-GAL-564-4732-H29-NPC01.LAZ,564,4732,44.9,0.0,169.1,ok,
PNOA-2024-GAL-572-4716-H29-NPC01.LAZ,572,4716,45.9,2.0,170.6,ok,
PNOA-2024-GAL-556-4720-H29-NPC01.LAZ,556,4720,59.8,3.0,212.0,ok,
PNOA-2024-GAL-550-4712-H29-NPC01.LAZ,550,4712,71.9,3.1,152.8,ok,
PNOA-2024-GAL-546-4688-H29-NPC01.LAZ,546,4688,115.5,4.9,236.3,ok,
PNOA-2024-GAL-517-4653-H29-NPC01.LAZ,517,4653,51.8,2.4,201.3,ok,
PNOA-2024-GAL-547-4702-H29-NPC01.LAZ,547,4702,98.2,5.0,186.3,ok,
PNOA-2024-GAL-510-4653-H29-NPC01.LAZ,510,4653,73.4,3.0,153.7,ok,
PNOA-2024-GAL-551-4694-H29-NPC01.LAZ,551,4694,92.8,3.9,136.3,ok,
PNOA-2024-GAL-530-4713-H29-NPC01.LAZ,530,4713,147.3,7.5,182.9,ok,
PNOA-2024-GAL-536-4686-H29-NPC01.LAZ,536,4686,86.6,4.2,208.8,ok,
PNOA-2024-GAL-550-4722-H29-NPC01.LAZ,550,4722,82.8,3.4,178.7,ok,
PNOA-2024-GAL-518-4656-H29-NPC01.LAZ,518,4656,82.0,3.0,187.8,ok,
PNOA-2024-GAL-547-4701-H29-NPC01.LAZ,547,4701,191.7,8.4,243.2,ok,
PNOA-2024-GAL-534-4659-H29-NPC01.LAZ,534,4659,56.2,2.2,169.5,ok,
PNOA-2024-GAL-543-4688-H29-NPC01.LAZ,543,4688,58.3,3.1,203.3,ok,
PNOA-2024-GAL-520-4666-H29-NPC01.LAZ,520,4666,54.3,2.4,172.3,ok,
PNOA-2024-GAL-545-4697-H29-NPC01.LAZ,545,4697,76.2,4.2,168.3,ok,
PNOA-2024-GAL-546-4721-H29-NPC01.LAZ,546,4721,127.0,6.4,229.2,ok,
PNOA-2024-GAL-551-4665-H29-NPC01.LAZ,551,4665,77.2,3.2,211.1,ok,
PNOA-2024-GAL-585-4733-H29-NPC01.LAZ,585,4733,62.5,2.7,150.0,ok,
PNOA-2024-GAL-536-4701-H29-NPC01.LAZ,536,4701,87.2,3.3,191.8,ok,
PNOA-2024-GAL-544-4691-H29-NPC01.LAZ,544,4691,97.3,4.2,194.2,ok,
PNOA-2024-GAL-533-4731-H29-NPC01.LAZ,533,4731,68.5,3.0,180.2,ok,
PNOA-2024-GAL-556-4707-H29-NPC01.LAZ,556,4707,56.5,2.8,176.6,ok,
PNOA-2024-GAL-551-4722-H29-NPC01.LAZ,551,4722,59.4,2.7,168.9,ok,
PNOA-2024-GAL-528-4721-H29-NPC01.LAZ,528,4721,78.9,4.0,179.8,ok,
PNOA-2024-GAL-524-4664-H29-NPC01.LAZ,524,4664,43.3,1.9,156.9,ok,
PNOA-2024-GAL-578-4723-H29-NPC01.LAZ,578,4723,46.0,2.2,162.6,ok,
PNOA-2024-GAL-523-4694-H29-NPC01.LAZ,523,4694,38.4,2.1,72.2,ok,
PNOA-2024-GAL-542-4678-H29-NPC01.LAZ,542,4678,91.9,3.9,132.5,ok,
PNOA-2024-GAL-560-4726-H29-NPC01.LAZ,560,4726,62.2,3.4,120.7,ok,
PNOA-2024-GAL-581-4742-H29-NPC01.LAZ,581,4742,68.4,2.8,125.9,ok,
PNOA-2024-GAL-551-4731-H29-NPC01.LAZ,551,4731,113.1,4.3,135.1,ok,
PNOA-2024-GAL-538-4682-H29-NPC01.LAZ,538,4682,126.5,5.8,135.6,ok,
PNOA-2024-GAL-529-4706-H29-NPC01.LAZ,529,4706,80.3,3.3,128.7,ok,
PNOA-2024-GAL-547-4715-H29-NPC01.LAZ,547,4715,186.5,8.2,164.1,ok,
PNOA-2024-GAL-523-4686-H29-NPC01.LAZ,523,4686,90.6,4.0,123.5,ok,
PNOA-2024-GAL-546-4680-H29-NPC01.LAZ,546,4680,121.1,5.4,132.5,ok,
PNOA-2024-GAL-541-4678-H29-NPC01.LAZ,541,4678,83.5,3.3,129.2,ok,
PNOA-2024-GAL-543-4709-H29-NPC01.LAZ,543,4709,51.8,2.3,114.6,ok,
PNOA-2024-GAL-548-4710-H29-NPC01.LAZ,548,4710,197.1,7.1,168.7,ok,
PNOA-2024-GAL-534-4666-H29-NPC01.LAZ,534,4666,58.7,2.4,127.9,ok,
PNOA-2024-GAL-524-4682-H29-NPC01.LAZ,524,4682,112.4,4.9,126.3,ok,
PNOA-2024-GAL-554-4717-H29-NPC01.LAZ,554,4717,77.0,2.8,119.7,ok,
PNOA-2024-GAL-575-4729-H29-NPC01.LAZ,575,4729,72.3,3.1,123.5,ok,
PNOA-2024-GAL-525-4655-H29-NPC01.LAZ,525,4655,57.3,2.6,115.9,ok,
PNOA-2024-GAL-521-4647-H29-NPC01.LAZ,521,4647,41.5,1.7,87.3,ok,
PNOA-2024-GAL-522-4718-H29-NPC01.LAZ,522,4718,76.1,2.9,112.8,ok,
PNOA-2024-GAL-542-4680-H29-NPC01.LAZ,542,4680,114.4,4.6,138.4,ok,
PNOA-2024-GAL-520-4658-H29-NPC01.LAZ,520,4658,83.3,3.7,121.8,ok,
PNOA-2024-GAL-540-4688-H29-NPC01.LAZ,540,4688,57.9,2.5,112.7,ok,
PNOA-2024-GAL-541-4719-H29-NPC01.LAZ,541,4719,43.6,2.2,110.7,ok,
PNOA-2024-GAL-553-4701-H29-NPC01.LAZ,553,4701,58.0,2.8,118.1,ok,
PNOA-2024-GAL-563-4731-H29-NPC01.LAZ,563,4731,115.3,5.2,132.7,ok,
PNOA-2024-GAL-565-4720-H29-NPC01.LAZ,565,4720,65.0,2.7,111.2,ok,
PNOA-2024-GAL-515-4658-H29-NPC01.LAZ,515,4658,86.5,3.3,126.8,ok,
PNOA-2024-GAL-553-4702-H29-NPC01.LAZ,553,4702,39.9,1.9,133.5,ok,
PNOA-2024-GAL-580-4730-H29-NPC01.LAZ,580,4730,90.1,3.4,135.4,ok,
PNOA-2024-GAL-545-4693-H29-NPC01.LAZ,545,4693,78.9,3.7,129.4,ok,
PNOA-2024-GAL-547-4672-H29-NPC01.LAZ,547,4672,190.1,7.1,158.2,ok,
PNOA-2024-GAL-514-4648-H29-NPC01.LAZ,514,4648,45.6,2.2,117.3,ok,
PNOA-2024-GAL-538-4709-H29-NPC01.LAZ,538,4709,64.3,2.5,120.7,ok,
PNOA-2024-GAL-540-4663-H29-NPC01.LAZ,540,4663,90.4,3.6,119.3,ok,
PNOA-2024-GAL-543-4699-H29-NPC01.LAZ,543,4699,52.5,2.4,125.7,ok,
PNOA-2024-GAL-536-4700-H29-NPC01.LAZ,536,4700,78.4,3.2,134.1,ok,
PNOA-2024-GAL-556-4711-H29-NPC01.LAZ,556,4711,71.1,2.8,113.4,ok,
PNOA-2024-GAL-538-4708-H29-NPC01.LAZ,538,4708,83.8,3.3,123.0,ok,
PNOA-2024-GAL-553-4693-H29-NPC01.LAZ,553,4693,36.7,1.9,112.9,ok,
PNOA-2024-GAL-526-4667-H29-NPC01.LAZ,526,4667,68.9,2.9,117.9,ok,
PNOA-2024-GAL-543-4723-H29-NPC01.LAZ,543,4723,80.0,3.2,119.7,ok,
PNOA-2024-GAL-544-4712-H29-NPC01.LAZ,544,4712,65.0,5.5,132.1,ok,
PNOA-2024-GAL-519-4712-H29-NPC01.LAZ,519,4712,128.6,5.8,149.5,ok,
PNOA-2024-GAL-562-4733-H29-NPC01.LAZ,562,4733,72.0,3.2,131.8,ok,
PNOA-2024-GAL-548-4670-H29-NPC01.LAZ,548,4670,216.0,8.7,160.1,ok,
PNOA-2024-GAL-533-4728-H29-NPC01.LAZ,533,4728,49.5,2.0,113.3,ok,
PNOA-2024-GAL-579-4725-H29-NPC01.LAZ,579,4725,50.5,2.3,121.6,ok,
PNOA-2024-GAL-581-4724-H29-NPC01.LAZ,581,4724,60.1,2.3,113.6,ok,
PNOA-2024-GAL-547-4721-H29-NPC01.LAZ,547,4721,142.7,5.6,142.9,ok,
PNOA-2024-GAL-541-4685-H29-NPC01.LAZ,541,4685,55.5,2.5,115.9,ok,
PNOA-2024-GAL-533-4660-H29-NPC01.LAZ,533,4660,90.6,3.4,126.4,ok,
PNOA-2024-GAL-531-4730-H29-NPC01.LAZ,531,4730,66.0,2.9,112.1,ok,
PNOA-2024-GAL-522-4721-H29-NPC01.LAZ,522,4721,76.7,3.2,123.3,ok,
PNOA-2024-GAL-531-4719-H29-NPC01.LAZ,531,4719,52.6,2.2,111.1,ok,
PNOA-2024-GAL-575-4737-H29-NPC01.LAZ,575,4737,45.0,1.9,110.3,ok,
PNOA-2024-GAL-572-4714-H29-NPC01.LAZ,572,4714,50.7,2.1,122.4,ok,
PNOA-2024-GAL-573-4717-H29-NPC01.LAZ,573,4717,79.2,3.3,124.7,ok,
PNOA-2024-GAL-567-4715-H29-NPC01.LAZ,567,4715,52.2,2.4,109.6,ok,
PNOA-2024-GAL-553-4730-H29-NPC01.LAZ,553,4730,86.0,3.6,123.0,ok,
PNOA-2024-GAL-513-4711-H29-NPC01.LAZ,513,4711,35.9,2.2,82.7,ok,
PNOA-2024-GAL-518-4642-H29-NPC01.LAZ,518,4642,31.9,1.7,66.4,ok,
PNOA-2024-GAL-525-4649-H29-NPC01.LAZ,525,4649,46.0,1.9,85.8,ok,
PNOA-2024-GAL-539-4677-H29-NPC01.LAZ,539,4677,117.0,4.6,134.3,ok,
PNOA-2024-GAL-537-4706-H29-NPC01.LAZ,537,4706,96.9,4.4,131.4,ok,
PNOA-2024-GAL-523-4723-H29-NPC01.LAZ,523,4723,80.8,3.8,115.5,ok,
PNOA-2024-GAL-520-4695-H29-NPC01.LAZ,520,4695,21.2,1.3,71.0,ok,
PNOA-2024-GAL-581-4741-H29-NPC01.LAZ,581,4741,58.0,2.6,118.5,ok,
PNOA-2024-GAL-542-4733-H29-NPC01.LAZ,542,4733,60.9,3.1,115.5,ok,
PNOA-2024-GAL-542-4664-H29-NPC01.LAZ,542,4664,53.7,2.1,119.9,ok,
PNOA-2024-GAL-534-4718-H29-NPC01.LAZ,534,4718,86.2,3.8,117.8,ok,
PNOA-2024-GAL-522-4703-H29-NPC01.LAZ,522,4703,90.2,3.6,128.9,ok,
PNOA-2024-GAL-539-4680-H29-NPC01.LAZ,539,4680,120.2,6.4,145.4,ok,
PNOA-2024-GAL-548-4719-H29-NPC01.LAZ,548,4719,106.5,4.3,134.4,ok,
PNOA-2024-GAL-525-4725-H29-NPC01.LAZ,525,4725,94.0,3.7,122.4,ok,
PNOA-2024-GAL-567-4731-H29-NPC01.LAZ,567,4731,133.9,6.2,140.5,ok,
PNOA-2024-GAL-551-4719-H29-NPC01.LAZ,551,4719,53.2,2.3,121.1,ok,
PNOA-2024-GAL-564-4725-H29-NPC01.LAZ,564,4725,65.4,2.8,127.7,ok,
PNOA-2024-GAL-543-4733-H29-NPC01.LAZ,543,4733,44.7,1.9,107.9,ok,
PNOA-2024-GAL-574-4737-H29-NPC01.LAZ,574,4737,46.8,2.0,111.7,ok,
PNOA-2024-GAL-525-4653-H29-NPC01.LAZ,525,4653,79.5,3.0,121.9,ok,
PNOA-2024-GAL-552-4723-H29-NPC01.LAZ,552,4723,40.1,1.8,111.5,ok,
PNOA-2024-GAL-549-4666-H29-NPC01.LAZ,549,4666,59.7,2.7,126.1,ok,
PNOA-2024-GAL-532-4717-H29-NPC01.LAZ,532,4717,52.0,2.2,105.9,ok,
PNOA-2024-GAL-551-4666-H29-NPC01.LAZ,551,4666,43.7,1.9,116.5,ok,
PNOA-2024-GAL-535-4702-H29-NPC01.LAZ,535,4702,53.8,2.4,124.2,ok,
PNOA-2024-GAL-537-4702-H29-NPC01.LAZ,537,4702,55.0,2.5,125.1,ok,
PNOA-2024-GAL-548-4698-H29-NPC01.LAZ,548,4698,162.9,6.1,150.3,ok,
PNOA-2024-GAL-540-4719-H29-NPC01.LAZ,540,4719,51.9,2.5,133.6,ok,
PNOA-2024-GAL-582-4722-H29-NPC01.LAZ,582,4722,69.2,3.3,126.9,ok,
PNOA-2024-GAL-582-4731-H29-NPC01.LAZ,582,4731,101.5,4.9,124.3,ok,
PNOA-2024-GAL-547-4666-H29-NPC01.LAZ,547,4666,78.4,3.1,137.7,ok,
PNOA-2024-GAL-575-4733-H29-NPC01.LAZ,575,4733,89.7,4.3,129.2,ok,
PNOA-2024-GAL-535-4729-H29-NPC01.LAZ,535,4729,88.7,3.9,121.1,ok,
PNOA-2024-GAL-542-4688-H29-NPC01.LAZ,542,4688,53.3,2.7,100.1,ok,
PNOA-2024-GAL-550-4700-H29-NPC01.LAZ,550,4700,42.9,2.2,117.9,ok,
PNOA-2024-GAL-528-4699-H29-NPC01.LAZ,528,4699,49.0,2.0,122.5,ok,
PNOA-2024-GAL-528-4684-H29-NPC01.LAZ,528,4684,31.4,1.8,63.0,ok,
PNOA-2024-GAL-548-4694-H29-NPC01.LAZ,548,4694,180.4,7.3,160.6,ok,
PNOA-2024-GAL-543-4719-H29-NPC01.LAZ,543,4719,58.0,2.8,119.8,ok,
PNOA-2024-GAL-579-4738-H29-NPC01.LAZ,579,4738,79.4,3.7,122.2,ok,
PNOA-2024-GAL-543-4691-H29-NPC01.LAZ,543,4691,114.2,4.6,133.5,ok,
PNOA-2024-GAL-522-4687-H29-NPC01.LAZ,522,4687,109.4,4.4,129.9,ok,
PNOA-2024-GAL-575-4741-H29-NPC01.LAZ,575,4741,62.8,3.0,121.6,ok,
PNOA-2024-GAL-525-4685-H29-NPC01.LAZ,525,4685,77.2,3.5,133.4,ok,
PNOA-2024-GAL-551-4713-H29-NPC01.LAZ,551,4713,83.9,3.4,131.1,ok,
PNOA-2024-GAL-536-4689-H29-NPC01.LAZ,536,4689,98.9,3.8,127.6,ok,
PNOA-2024-GAL-565-4729-H29-NPC01.LAZ,565,4729,131.6,4.9,147.5,ok,
PNOA-2024-GAL-526-4662-H29-NPC01.LAZ,526,4662,81.8,3.4,137.4,ok,
PNOA-2024-GAL-525-4729-H29-NPC01.LAZ,525,4729,57.9,2.4,105.1,ok,
PNOA-2024-GAL-535-4693-H29-NPC01.LAZ,535,4693,142.3,5.3,138.3,ok,
PNOA-2024-GAL-541-4706-H29-NPC01.LAZ,541,4706,111.4,4.2,150.5,ok,
PNOA-2024-GAL-545-4720-H29-NPC01.LAZ,545,4720,112.6,4.5,131.6,ok,
PNOA-2024-GAL-572-4744-H29-NPC01.LAZ,572,4744,43.8,1.8,110.1,ok,
PNOA-2024-GAL-532-4727-H29-NPC01.LAZ,532,4727,93.9,3.7,123.5,ok,
PNOA-2024-GAL-518-4653-H29-NPC01.LAZ,518,4653,81.9,3.7,121.1,ok,
PNOA-2024-GAL-537-4709-H29-NPC01.LAZ,537,4709,62.3,2.5,126.4,ok,
PNOA-2024-GAL-555-4723-H29-NPC01.LAZ,555,4723,37.8,1.7,107.2,ok,
PNOA-2024-GAL-564-4721-H29-NPC01.LAZ,564,4721,39.6,2.0,104.3,ok,
PNOA-2024-GAL-554-4708-H29-NPC01.LAZ,554,4708,103.9,4.3,125.6,ok,
PNOA-2024-GAL-553-4714-H29-NPC01.LAZ,553,4714,53.4,4.3,118.6,ok,
PNOA-2024-GAL-556-4735-H29-NPC01.LAZ,556,4735,56.4,2.2,117.3,ok,
PNOA-2024-GAL-522-4652-H29-NPC01.LAZ,522,4652,67.2,8.3,120.3,ok,
PNOA-2024-GAL-573-4735-H29-NPC01.LAZ,573,4735,61.9,2.9,124.6,ok,
PNOA-2024-GAL-538-4734-H29-NPC01.LAZ,538,4734,76.7,4.6,112.3,ok,
PNOA-2024-GAL-578-4733-H29-NPC01.LAZ,578,4733,85.8,3.4,129.4,ok,
PNOA-2024-GAL-557-4736-H29-NPC01.LAZ,557,4736,117.1,5.1,132.2,ok,
PNOA-2024-GAL-527-4692-H29-NPC01.LAZ,527,4692,62.6,3.3,111.2,ok,
PNOA-2024-GAL-547-4719-H29-NPC01.LAZ,547,4719,113.6,5.7,135.6,ok,
PNOA-2024-GAL-536-4656-H29-NPC01.LAZ,536,4656,59.6,2.7,95.6,ok,
PNOA-2024-GAL-537-4696-H29-NPC01.LAZ,537,4696,70.5,2.9,119.7,ok,
PNOA-2024-GAL-556-4724-H29-NPC01.LAZ,556,4724,84.9,3.6,136.4,ok,
PNOA-2024-GAL-518-4717-H29-NPC01.LAZ,518,4717,15.4,1.1,76.8,ok,
PNOA-2024-GAL-539-4692-H29-NPC01.LAZ,539,4692,47.8,2.0,111.8,ok,
PNOA-2024-GAL-541-4729-H29-NPC01.LAZ,541,4729,87.5,3.5,121.9,ok,
PNOA-2024-GAL-523-4649-H29-NPC01.LAZ,523,4649,66.9,2.9,119.0,ok,
PNOA-2024-GAL-544-4711-H29-NPC01.LAZ,544,4711,74.9,3.1,129.0,ok,
PNOA-2024-GAL-580-4742-H29-NPC01.LAZ,580,4742,78.2,3.3,128.5,ok,
PNOA-2024-GAL-526-4697-H29-NPC01.LAZ,526,4697,28.1,1.4,93.1,ok,
PNOA-2024-GAL-548-4702-H29-NPC01.LAZ,548,4702,76.8,3.3,133.3,ok,
PNOA-2024-GAL-567-4725-H29-NPC01.LAZ,567,4725,56.9,2.6,115.2,ok,
PNOA-2024-GAL-522-4707-H29-NPC01.LAZ,522,4707,59.2,3.4,126.5,ok,
PNOA-2024-GAL-554-4725-H29-NPC01.LAZ,554,4725,51.6,2.1,117.1,ok,
PNOA-2024-GAL-578-4732-H29-NPC01.LAZ,578,4732,37.0,1.6,104.3,ok,
PNOA-2024-GAL-580-4733-H29-NPC01.LAZ,580,4733,78.1,4.1,122.9,ok,
PNOA-2024-GAL-576-4725-H29-NPC01.LAZ,576,4725,41.1,1.9,109.4,ok,
PNOA-2024-GAL-508-4661-H29-NPC01.LAZ,508,4661,25.9,1.3,71.6,ok,
PNOA-2024-GAL-549-4697-H29-NPC01.LAZ,549,4697,180.0,7.6,160.5,ok,
PNOA-2024-GAL-531-4711-H29-NPC01.LAZ,531,4711,113.6,4.3,134.8,ok,
PNOA-2024-GAL-526-4710-H29-NPC01.LAZ,526,4710,82.9,3.4,126.2,ok,
PNOA-2024-GAL-575-4724-H29-NPC01.LAZ,575,4724,75.3,3.3,119.5,ok,
PNOA-2024-GAL-520-4667-H29-NPC01.LAZ,520,4667,90.7,4.0,128.8,ok,
PNOA-2024-GAL-555-4731-H29-NPC01.LAZ,555,4731,96.5,4.0,124.4,ok,
PNOA-2024-GAL-513-4654-H29-NPC01.LAZ,513,4654,74.1,3.2,124.2,ok,
PNOA-2024-GAL-525-4698-H29-NPC01.LAZ,525,4698,20.5,1.3,54.7,ok,
PNOA-2024-GAL-516-4643-H29-NPC01.LAZ,516,4643,52.8,2.6,117.1,ok,
PNOA-2024-GAL-546-4696-H29-NPC01.LAZ,546,4696,185.0,7.3,155.9,ok,
PNOA-2024-GAL-552-4666-H29-NPC01.LAZ,552,4666,75.8,3.0,126.6,ok,
PNOA-2024-GAL-558-4711-H29-NPC01.LAZ,558,4711,70.0,3.4,114.2,ok,
PNOA-2024-GAL-526-4666-H29-NPC01.LAZ,526,4666,56.3,2.3,123.3,ok,
PNOA-2024-GAL-515-4641-H29-NPC01.LAZ,515,4641,31.9,1.5,101.2,ok,
PNOA-2024-GAL-540-4725-H29-NPC01.LAZ,540,4725,95.5,4.6,127.9,ok,
PNOA-2024-GAL-574-4728-H29-NPC01.LAZ,574,4728,44.4,1.9,119.4,ok,
PNOA-2024-GAL-563-4729-H29-NPC01.LAZ,563,4729,117.9,5.6,134.0,ok,
PNOA-2024-GAL-567-4723-H29-NPC01.LAZ,567,4723,48.3,2.4,117.9,ok,
PNOA-2024-GAL-568-4722-H29-NPC01.LAZ,568,4722,78.6,3.2,112.7,ok,
PNOA-2024-GAL-547-4714-H29-NPC01.LAZ,547,4714,109.7,5.4,134.7,ok,
PNOA-2024-GAL-545-4700-H29-NPC01.LAZ,545,4700,107.4,4.5,147.8,ok,
PNOA-2024-GAL-509-4646-H29-NPC01.LAZ,509,4646,41.6,1.9,91.6,ok,
PNOA-2024-GAL-551-4721-H29-NPC01.LAZ,551,4721,58.5,2.4,138.8,ok,
PNOA-2024-GAL-527-4662-H29-NPC01.LAZ,527,4662,69.8,3.4,115.9,ok,
PNOA-2024-GAL-553-4729-H29-NPC01.LAZ,553,4729,104.8,5.2,133.1,ok,
PNOA-2024-GAL-521-4692-H29-NPC01.LAZ,521,4692,21.4,1.2,72.9,ok,
PNOA-2024-GAL-536-4665-H29-NPC01.LAZ,536,4665,102.3,4.2,135.3,ok,
PNOA-2024-GAL-578-4722-H29-NPC01.LAZ,578,4722,71.4,3.5,126.8,ok,
PNOA-2024-GAL-540-4700-H29-NPC01.LAZ,540,4700,78.6,3.2,136.8,ok,
PNOA-2024-GAL-557-4720-H29-NPC01.LAZ,557,4720,66.2,4.0,119.8,ok,
PNOA-2024-GAL-538-4705-H29-NPC01.LAZ,538,4705,90.6,4.3,138.6,ok,
PNOA-2024-GAL-565-4725-H29-NPC01.LAZ,565,4725,74.4,4.0,125.1,ok,
PNOA-2024-GAL-528-4660-H29-NPC01.LAZ,528,4660,91.7,4.9,129.0,ok,
PNOA-2024-GAL-549-4714-H29-NPC01.LAZ,549,4714,112.5,5.2,133.7,ok,
PNOA-2024-GAL-523-4650-H29-NPC01.LAZ,523,4650,48.3,2.6,119.3,ok,
PNOA-2024-GAL-575-4723-H29-NPC01.LAZ,575,4723,45.5,2.2,120.6,ok,
PNOA-2024-GAL-515-4669-H29-NPC01.LAZ,515,4669,43.7,2.1,104.1,ok,
PNOA-2024-GAL-578-4739-H29-NPC01.LAZ,578,4739,54.6,2.4,118.7,ok,
PNOA-2024-GAL-516-4661-H29-NPC01.LAZ,516,4661,96.4,4.0,135.3,ok,
PNOA-2024-GAL-536-4712-H29-NPC01.LAZ,536,4712,57.7,3.1,124.0,ok,
PNOA-2024-GAL-533-4714-H29-NPC01.LAZ,533,4714,61.1,2.6,115.9,ok,
PNOA-2024-GAL-533-4672-H29-NPC01.LAZ,533,4672,95.8,5.5,126.6,ok,
PNOA-2024-GAL-583-4733-H29-NPC01.LAZ,583,4733,77.6,3.4,123.3,ok,
PNOA-2024-GAL-545-4706-H29-NPC01.LAZ,545,4706,111.2,5.0,149.5,ok,
PNOA-2024-GAL-541-4703-H29-NPC01.LAZ,541,4703,80.1,4.0,120.3,ok,
PNOA-2024-GAL-512-4701-H29-NPC01.LAZ,512,4701,25.6,1.5,91.1,ok,
PNOA-2024-GAL-537-4693-H29-NPC01.LAZ,537,4693,139.3,5.5,138.6,ok,
PNOA-2024-GAL-565-4733-H29-NPC01.LAZ,565,4733,71.7,3.1,132.0,ok,
PNOA-2024-GAL-522-4708-H29-NPC01.LAZ,522,4708,95.8,4.2,127.9,ok,
PNOA-2024-GAL-514-4650-H29-NPC01.LAZ,514,4650,49.1,2.2,114.0,ok,
PNOA-2024-GAL-574-4718-H29-NPC01.LAZ,574,4718,46.1,2.2,105.4,ok,
PNOA-2024-GAL-530-4689-H29-NPC01.LAZ,530,4689,50.2,2.1,99.2,ok,
PNOA-2024-GAL-534-4680-H29-NPC01.LAZ,534,4680,99.9,4.6,134.1,ok,
PNOA-2024-GAL-538-4725-H29-NPC01.LAZ,538,4725,87.7,3.8,116.7,ok,
PNOA-2024-GAL-555-4715-H29-NPC01.LAZ,555,4715,91.2,4.1,127.3,ok,
PNOA-2024-GAL-576-4728-H29-NPC01.LAZ,576,4728,56.4,3.8,120.9,ok,
PNOA-2024-GAL-555-4735-H29-NPC01.LAZ,555,4735,54.8,2.3,122.4,ok,
PNOA-2024-GAL-559-4709-H29-NPC01.LAZ,559,4709,45.1,2.3,111.5,ok,
PNOA-2024-GAL-545-4692-H29-NPC01.LAZ,545,4692,76.8,3.4,139.8,ok,
PNOA-2024-GAL-520-4669-H29-NPC01.LAZ,520,4669,63.9,2.6,127.7,ok,
PNOA-2024-GAL-554-4737-H29-NPC01.LAZ,554,4737,45.1,2.3,113.3,ok,
PNOA-2024-GAL-555-4727-H29-NPC01.LAZ,555,4727,89.1,4.2,128.5,ok,
PNOA-2024-GAL-548-4667-H29-NPC01.LAZ,548,4667,115.5,5.4,169.7,ok,
PNOA-2024-GAL-530-4657-H29-NPC01.LAZ,530,4657,51.4,2.5,147.6,ok,
PNOA-2024-GAL-544-4719-H29-NPC01.LAZ,544,4719,55.6,2.4,188.1,ok,
PNOA-2024-GAL-525-4712-H29-NPC01.LAZ,525,4712,116.0,4.8,293.1,ok,
PNOA-2024-GAL-531-4662-H29-NPC01.LAZ,531,4662,43.0,0.0,164.8,ok,
PNOA-2024-GAL-550-4723-H29-NPC01.LAZ,550,4723,47.1,3.4,172.9,ok,
PNOA-2024-GAL-551-4723-H29-NPC01.LAZ,551,4723,40.9,2.8,136.9,ok,
PNOA-2024-GAL-512-4679-H29-NPC01.LAZ,512,4679,26.1,1.7,105.5,ok,
PNOA-2024-GAL-535-4656-H29-NPC01.LAZ,535,4656,61.5,3.0,133.2,ok,
PNOA-2024-GAL-571-4732-H29-NPC01.LAZ,571,4732,41.4,2.2,145.0,ok,
PNOA-2024-GAL-521-4724-H29-NPC01.LAZ,521,4724,25.0,1.5,116.1,ok,
PNOA-2024-GAL-537-4715-H29-NPC01.LAZ,537,4715,82.9,3.8,157.3,ok,
PNOA-2024-GAL-529-4655-H29-NPC01.LAZ,529,4655,36.4,2.1,134.4,ok,
PNOA-2024-GAL-531-4724-H29-NPC01.LAZ,531,4724,57.3,2.5,152.7,ok,
PNOA-2024-GAL-509-4641-H29-NPC01.LAZ,509,4641,24.0,1.5,152.4,ok,
PNOA-2024-GAL-564-4722-H29-NPC01.LAZ,564,4722,87.4,4.6,172.3,ok,
PNOA-2024-GAL-564-4715-H29-NPC01.LAZ,564,4715,56.4,2.5,154.6,ok,
PNOA-2024-GAL-509-4644-H29-NPC01.LAZ,509,4644,44.1,2.6,118.3,ok,
PNOA-2024-GAL-561-4716-H29-NPC01.LAZ,561,4716,28.6,1.7,144.9,ok,
PNOA-2024-GAL-510-4655-H29-NPC01.LAZ,510,4655,58.6,3.1,167.7,ok,
PNOA-2024-GAL-539-4715-H29-NPC01.LAZ,539,4715,84.4,3.4,164.6,ok,
PNOA-2024-GAL-580-4722-H29-NPC01.LAZ,580,4722,71.5,2.9,150.6,ok,
PNOA-2024-GAL-526-4692-H29-NPC01.LAZ,526,4692,75.8,4.0,178.7,ok,
PNOA-2024-GAL-536-4668-H29-NPC01.LAZ,536,4668,70.6,4.0,171.6,ok,
PNOA-2024-GAL-547-4667-H29-NPC01.LAZ,547,4667,142.7,6.7,169.2,ok,
PNOA-2024-GAL-553-4694-H29-NPC01.LAZ,553,4694,58.2,2.7,121.8,ok,
PNOA-2024-GAL-512-4651-H29-NPC01.LAZ,512,4651,73.8,5.0,123.9,ok,
PNOA-2024-GAL-583-4734-H29-NPC01.LAZ,583,4734,54.9,4.1,118.8,ok,
PNOA-2024-GAL-552-4709-H29-NPC01.LAZ,552,4709,102.7,5.8,148.1,ok,
PNOA-2024-GAL-514-4668-H29-NPC01.LAZ,514,4668,17.2,1.1,66.2,ok,
PNOA-2024-GAL-532-4689-H29-NPC01.LAZ,532,4689,67.3,2.9,126.4,ok,
PNOA-2024-GAL-553-4732-H29-NPC01.LAZ,553,4732,75.8,3.5,123.8,ok,
PNOA-2024-GAL-520-4645-H29-NPC01.LAZ,520,4645,56.4,3.9,107.7,ok,
PNOA-2024-GAL-546-4674-H29-NPC01.LAZ,546,4674,199.5,12.8,228.2,ok,
PNOA-2024-GAL-575-4739-H29-NPC01.LAZ,575,4739,50.2,2.7,146.3,ok,
PNOA-2024-GAL-554-4729-H29-NPC01.LAZ,554,4729,118.8,5.2,187.9,ok,
PNOA-2024-GAL-525-4688-H29-NPC01.LAZ,525,4688,62.2,3.3,184.0,ok,
PNOA-2024-GAL-529-4656-H29-NPC01.LAZ,529,4656,57.8,3.1,155.7,ok,
PNOA-2024-GAL-563-4724-H29-NPC01.LAZ,563,4724,67.2,2.9,153.7,ok,
PNOA-2024-GAL-567-4734-H29-NPC01.LAZ,567,4734,71.8,2.9,170.7,ok,
PNOA-2024-GAL-544-4695-H29-NPC01.LAZ,544,4695,63.1,3.0,165.2,ok,
PNOA-2024-GAL-520-4690-H29-NPC01.LAZ,520,4690,22.9,2.1,118.4,ok,
PNOA-2024-GAL-523-4656-H29-NPC01.LAZ,523,4656,93.6,3.9,181.9,ok,
PNOA-2024-GAL-514-4664-H29-NPC01.LAZ,514,4664,24.7,1.3,119.7,ok,
PNOA-2024-GAL-530-4656-H29-NPC01.LAZ,530,4656,51.9,3.2,125.5,ok,
PNOA-2024-GAL-552-4703-H29-NPC01.LAZ,552,4703,58.8,3.2,169.1,ok,
PNOA-2024-GAL-530-4714-H29-NPC01.LAZ,530,4714,63.8,3.2,122.2,ok,
PNOA-2024-GAL-541-4717-H29-NPC01.LAZ,541,4717,63.1,3.3,127.6,ok,
PNOA-2024-GAL-553-4705-H29-NPC01.LAZ,553,4705,50.2,2.4,136.2,ok,
PNOA-2024-GAL-579-4737-H29-NPC01.LAZ,579,4737,40.9,1.9,114.1,ok,
PNOA-2024-GAL-518-4648-H29-NPC01.LAZ,518,4648,45.2,2.2,107.9,ok,
PNOA-2024-GAL-539-4725-H29-NPC01.LAZ,539,4725,83.2,3.6,123.4,ok,
PNOA-2024-GAL-540-4680-H29-NPC01.LAZ,540,4680,112.8,6.0,132.9,ok,
PNOA-2024-GAL-546-4694-H29-NPC01.LAZ,546,4694,115.1,4.7,139.0,ok,
PNOA-2024-GAL-552-4665-H29-NPC01.LAZ,552,4665,67.9,2.9,128.4,ok,
PNOA-2024-GAL-514-4646-H29-NPC01.LAZ,514,4646,75.7,3.0,128.6,ok,
PNOA-2024-GAL-551-4735-H29-NPC01.LAZ,551,4735,64.0,2.8,128.8,ok,
PNOA-2024-GAL-535-4666-H29-NPC01.LAZ,535,4666,51.6,2.2,120.1,ok,
PNOA-2024-GAL-532-4730-H29-NPC01.LAZ,532,4730,68.1,3.0,118.5,ok,
PNOA-2024-GAL-542-4709-H29-NPC01.LAZ,542,4709,58.6,3.2,121.8,ok,
PNOA-2024-GAL-509-4638-H29-NPC01.LAZ,509,4638,16.5,1.0,59.8,ok,
PNOA-2024-GAL-582-4724-H29-NPC01.LAZ,582,4724,87.9,3.5,131.3,ok,
PNOA-2024-GAL-536-4702-H29-NPC01.LAZ,536,4702,35.3,1.9,122.0,ok,
PNOA-2024-GAL-577-4742-H29-NPC01.LAZ,577,4742,66.7,3.9,129.9,ok,
PNOA-2024-GAL-541-4695-H29-NPC01.LAZ,541,4695,68.1,3.0,120.0,ok,
PNOA-2024-GAL-545-4686-H29-NPC01.LAZ,545,4686,93.6,4.1,141.3,ok,
PNOA-2024-GAL-547-4675-H29-NPC01.LAZ,547,4675,178.9,8.0,171.9,ok,
PNOA-2024-GAL-520-4688-H29-NPC01.LAZ,520,4688,41.4,2.3,114.1,ok,
PNOA-2024-GAL-538-4728-H29-NPC01.LAZ,538,4728,53.4,2.1,117.6,ok,
PNOA-2024-GAL-581-4723-H29-NPC01.LAZ,581,4723,42.2,2.1,116.7,ok,
PNOA-2024-GAL-550-4665-H29-NPC01.LAZ,550,4665,70.1,3.1,128.9,ok,
PNOA-2024-GAL-513-4649-H29-NPC01.LAZ,513,4649,56.3,2.8,120.0,ok,
PNOA-2024-GAL-546-4718-H29-NPC01.LAZ,546,4718,177.4,12.7,167.2,ok,
PNOA-2024-GAL-542-4705-H29-NPC01.LAZ,542,4705,89.9,3.7,143.2,ok,
PNOA-2024-GAL-552-4737-H29-NPC01.LAZ,552,4737,48.4,2.7,111.0,ok,
PNOA-2024-GAL-545-4721-H29-NPC01.LAZ,545,4721,99.6,4.2,132.2,ok,
PNOA-2024-GAL-551-4709-H29-NPC01.LAZ,551,4709,114.1,6.3,146.0,ok,
PNOA-2024-GAL-579-4729-H29-NPC01.LAZ,579,4729,94.0,5.5,132.8,ok,
PNOA-2024-GAL-520-4713-H29-NPC01.LAZ,520,4713,157.2,6.7,151.9,ok,
PNOA-2024-GAL-518-4664-H29-NPC01.LAZ,518,4664,49.8,2.3,117.6,ok,
PNOA-2024-GAL-526-4654-H29-NPC01.LAZ,526,4654,83.4,3.6,127.9,ok,
PNOA-2024-GAL-577-4734-H29-NPC01.LAZ,577,4734,65.2,2.7,126.3,ok,
PNOA-2024-GAL-556-4722-H29-NPC01.LAZ,556,4722,57.8,2.9,119.9,ok,
PNOA-2024-GAL-526-4713-H29-NPC01.LAZ,526,4713,133.3,6.1,147.6,ok,
PNOA-2024-GAL-527-4705-H29-NPC01.LAZ,527,4705,83.2,3.6,146.3,ok,
PNOA-2024-GAL-543-4710-H29-NPC01.LAZ,543,4710,82.1,3.3,136.3,ok,
PNOA-2024-GAL-542-4684-H29-NPC01.LAZ,542,4684,94.2,4.4,142.0,ok,
PNOA-2024-GAL-555-4707-H29-NPC01.LAZ,555,4707,52.2,2.1,123.9,ok,
PNOA-2024-GAL-580-4737-H29-NPC01.LAZ,580,4737,47.2,2.0,135.0,ok,
PNOA-2024-GAL-579-4735-H29-NPC01.LAZ,579,4735,56.5,2.7,136.3,ok,
PNOA-2024-GAL-519-4682-H29-NPC01.LAZ,519,4682,112.0,4.5,154.1,ok,
PNOA-2024-GAL-549-4671-H29-NPC01.LAZ,549,4671,159.2,6.5,154.1,ok,
PNOA-2024-GAL-536-4684-H29-NPC01.LAZ,536,4684,54.2,2.6,118.2,ok,
PNOA-2024-GAL-544-4694-H29-NPC01.LAZ,544,4694,78.3,3.8,127.6,ok,
PNOA-2024-GAL-529-4707-H29-NPC01.LAZ,529,4707,58.1,2.7,133.3,ok,
PNOA-2024-GAL-540-4675-H29-NPC01.LAZ,540,4675,59.5,4.0,130.3,ok,
PNOA-2024-GAL-522-4693-H29-NPC01.LAZ,522,4693,58.0,2.6,87.3,ok,
PNOA-2024-GAL-551-4724-H29-NPC01.LAZ,551,4724,61.6,3.0,117.4,ok,
PNOA-2024-GAL-558-4718-H29-NPC01.LAZ,558,4718,51.6,2.6,123.5,ok,
PNOA-2024-GAL-545-4712-H29-NPC01.LAZ,545,4712,68.8,3.1,129.8,ok,
PNOA-2024-GAL-527-4683-H29-NPC01.LAZ,527,4683,47.6,2.7,112.8,ok,
PNOA-2024-GAL-519-4665-H29-NPC01.LAZ,519,4665,86.0,3.5,158.5,ok,
PNOA-2024-GAL-559-4731-H29-NPC01.LAZ,559,4731,110.0,5.0,137.1,ok,
PNOA-2024-GAL-521-4688-H29-NPC01.LAZ,521,4688,76.8,4.0,138.6,ok,
PNOA-2024-GAL-540-4713-H29-NPC01.LAZ,540,4713,79.4,3.4,127.3,ok,
PNOA-2024-GAL-552-4720-H29-NPC01.LAZ,552,4720,73.5,3.1,126.4,ok,
PNOA-2024-GAL-543-4687-H29-NPC01.LAZ,543,4687,70.7,2.7,136.5,ok,
PNOA-2024-GAL-520-4654-H29-NPC01.LAZ,520,4654,100.7,3.8,139.1,ok,
PNOA-2024-GAL-535-4700-H29-NPC01.LAZ,535,4700,87.7,3.6,143.0,ok,
PNOA-2024-GAL-522-4660-H29-NPC01.LAZ,522,4660,97.1,4.0,127.2,ok,
PNOA-2024-GAL-523-4662-H29-NPC01.LAZ,523,4662,80.8,3.7,138.2,ok,
PNOA-2024-GAL-544-4696-H29-NPC01.LAZ,544,4696,85.7,3.4,125.4,ok,
PNOA-2024-GAL-548-4663-H29-NPC01.LAZ,548,4663,82.6,3.2,131.0,ok,
PNOA-2024-GAL-528-4698-H29-NPC01.LAZ,528,4698,49.5,2.3,102.7,ok,
PNOA-2024-GAL-533-4726-H29-NPC01.LAZ,533,4726,50.9,3.4,123.5,ok,
PNOA-2024-GAL-575-4740-H29-NPC01.LAZ,575,4740,89.9,6.4,135.1,ok,
PNOA-2024-GAL-567-4732-H29-NPC01.LAZ,567,4732,55.1,2.4,124.6,ok,
PNOA-2024-GAL-550-4659-H29-NPC01.LAZ,550,4659,43.3,2.1,113.7,ok,
PNOA-2024-GAL-521-4700-H29-NPC01.LAZ,521,4700,84.9,4.3,135.7,ok,
PNOA-2024-GAL-564-4730-H29-NPC01.LAZ,564,4730,106.4,4.3,147.1,ok,
PNOA-2024-GAL-546-4672-H29-NPC01.LAZ,546,4672,174.7,9.8,163.1,ok,
PNOA-2024-GAL-548-4703-H29-NPC01.LAZ,548,4703,134.9,6.1,157.8,ok,
PNOA-2024-GAL-509-4651-H29-NPC01.LAZ,509,4651,16.9,1.2,53.5,ok,
PNOA-2024-GAL-517-4643-H29-NPC01.LAZ,517,4643,57.4,2.4,119.0,ok,
PNOA-2024-GAL-583-4731-H29-NPC01.LAZ,583,4731,129.2,7.4,140.8,ok,
PNOA-2024-GAL-533-4689-H29-NPC01.LAZ,533,4689,82.0,3.8,118.0,ok,
PNOA-2024-GAL-517-4668-H29-NPC01.LAZ,517,4668,73.4,3.0,125.7,ok,
PNOA-2024-GAL-543-4704-H29-NPC01.LAZ,543,4704,57.8,2.8,130.1,ok,
PNOA-2024-GAL-564-4714-H29-NPC01.LAZ,564,4714,40.9,2.9,102.9,ok,
PNOA-2024-GAL-511-4640-H29-NPC01.LAZ,511,4640,54.8,2.4,113.9,ok,
PNOA-2024-GAL-522-4715-H29-NPC01.LAZ,522,4715,66.8,2.8,122.4,ok,
PNOA-2024-GAL-554-4713-H29-NPC01.LAZ,554,4713,90.0,5.5,136.5,ok,
PNOA-2024-GAL-540-4705-H29-NPC01.LAZ,540,4705,96.4,4.4,140.6,ok,
PNOA-2024-GAL-555-4710-H29-NPC01.LAZ,555,4710,96.9,4.6,135.5,ok,
PNOA-2024-GAL-549-4712-H29-NPC01.LAZ,549,4712,149.1,5.9,169.9,ok,
PNOA-2024-GAL-532-4721-H29-NPC01.LAZ,532,4721,60.5,2.6,122.6,ok,
PNOA-2024-GAL-574-4738-H29-NPC01.LAZ,574,4738,70.6,2.9,124.1,ok,
PNOA-2024-GAL-527-4658-H29-NPC01.LAZ,527,4658,104.2,4.8,136.1,ok,
PNOA-2024-GAL-543-4689-H29-NPC01.LAZ,543,4689,99.6,4.8,125.5,ok,
PNOA-2024-GAL-532-4711-H29-NPC01.LAZ,532,4711,103.4,4.7,136.7,ok,
PNOA-2024-GAL-551-4696-H29-NPC01.LAZ,551,4696,59.5,2.8,126.2,ok,
PNOA-2024-GAL-576-4741-H29-NPC01.LAZ,576,4741,55.6,2.2,126.2,ok,
PNOA-2024-GAL-509-4647-H29-NPC01.LAZ,509,4647,57.2,2.6,102.0,ok,
PNOA-2024-GAL-547-4710-H29-NPC01.LAZ,547,4710,166.2,6.6,154.9,ok,
PNOA-2024-GAL-550-4672-H29-NPC01.LAZ,550,4672,137.1,6.0,145.2,ok,
PNOA-2024-GAL-578-4728-H29-NPC01.LAZ,578,4728,54.2,3.5,127.1,ok,
PNOA-2024-GAL-525-4694-H29-NPC01.LAZ,525,4694,78.0,3.2,128.3,ok,
PNOA-2024-GAL-550-4708-H29-NPC01.LAZ,550,4708,150.0,7.0,154.7,ok,
PNOA-2024-GAL-548-4717-H29-NPC01.LAZ,548,4717,162.6,7.4,160.8,ok,
PNOA-2024-GAL-508-4660-H29-NPC01.LAZ,508,4660,20.5,1.1,67.8,ok,
PNOA-2024-GAL-526-4680-H29-NPC01.LAZ,526,4680,14.2,0.7,43.8,ok,
PNOA-2024-GAL-514-4642-H29-NPC01.LAZ,514,4642,79.3,3.2,121.0,ok,
PNOA-2024-GAL-542-4690-H29-NPC01.LAZ,542,4690,58.2,2.6,115.7,ok,
PNOA-2024-GAL-541-4725-H29-NPC01.LAZ,541,4725,103.2,4.5,133.4,ok,
PNOA-2024-GAL-536-4692-H29-NPC01.LAZ,536,4692,64.3,2.5,135.2,ok,
PNOA-2024-GAL-570-4717-H29-NPC01.LAZ,570,4717,73.7,3.0,126.5,ok,
PNOA-2024-GAL-580-4738-H29-NPC01.LAZ,580,4738,78.9,3.4,121.3,ok,
PNOA-2024-GAL-535-4699-H29-NPC01.LAZ,535,4699,62.7,3.3,132.2,ok,
PNOA-2024-GAL-539-4708-H29-NPC01.LAZ,539,4708,94.9,3.8,128.0,ok,
PNOA-2024-GAL-576-4726-H29-NPC01.LAZ,576,4726,80.1,4.3,130.0,ok,
PNOA-2024-GAL-547-4723-H29-NPC01.LAZ,547,4723,133.2,7.7,154.1,ok,
PNOA-2024-GAL-542-4683-H29-NPC01.LAZ,542,4683,55.9,2.3,243.4,ok,
PNOA-2024-GAL-580-4745-H29-NPC01.LAZ,580,4745,65.1,2.9,167.8,ok,
PNOA-2024-GAL-554-4715-H29-NPC01.LAZ,554,4715,92.7,5.2,372.5,ok,
PNOA-2024-GAL-537-4708-H29-NPC01.LAZ,537,4708,98.7,4.5,434.3,ok,
PNOA-2024-GAL-558-4722-H29-NPC01.LAZ,558,4722,55.3,2.4,324.5,ok,
PNOA-2024-GAL-562-4716-H29-NPC01.LAZ,562,4716,48.6,2.6,324.4,ok,
PNOA-2024-GAL-519-4716-H29-NPC01.LAZ,519,4716,49.7,2.3,293.0,ok,
PNOA-2024-GAL-561-4720-H29-NPC01.LAZ,561,4720,78.7,3.8,353.9,ok,
PNOA-2024-GAL-513-4640-H29-NPC01.LAZ,513,4640,42.0,3.6,270.6,ok,
PNOA-2024-GAL-547-4716-H29-NPC01.LAZ,547,4716,147.5,5.7,164.6,ok,
PNOA-2024-GAL-524-4729-H29-NPC01.LAZ,524,4729,49.2,2.2,97.0,ok,
PNOA-2024-GAL-549-4737-H29-NPC01.LAZ,549,4737,71.4,3.6,125.1,ok,
PNOA-2024-GAL-564-4716-H29-NPC01.LAZ,564,4716,52.7,2.8,132.6,ok,
PNOA-2024-GAL-553-4704-H29-NPC01.LAZ,553,4704,74.4,5.1,139.8,ok,
PNOA-2024-GAL-579-4744-H29-NPC01.LAZ,579,4744,43.2,1.9,114.2,ok,
PNOA-2024-GAL-551-4729-H29-NPC01.LAZ,551,4729,121.1,5.1,141.4,ok,
PNOA-2024-GAL-569-4731-H29-NPC01.LAZ,569,4731,103.0,4.6,131.2,ok,
PNOA-2024-GAL-552-4693-H29-NPC01.LAZ,552,4693,49.3,2.1,123.5,ok,
PNOA-2024-GAL-577-4730-H29-NPC01.LAZ,577,4730,99.4,4.6,141.5,ok,
PNOA-2024-GAL-515-4650-H29-NPC01.LAZ,515,4650,51.3,2.2,122.8,ok,
PNOA-2024-GAL-517-4697-H29-NPC01.LAZ,517,4697,64.9,3.0,126.3,ok,
PNOA-2024-GAL-583-4732-H29-NPC01.LAZ,583,4732,44.2,2.0,119.9,ok,
PNOA-2024-GAL-531-4688-H29-NPC01.LAZ,531,4688,21.9,1.3,80.8,ok,
PNOA-2024-GAL-539-4722-H29-NPC01.LAZ,539,4722,68.6,4.2,119.6,ok,
PNOA-2024-GAL-582-4743-H29-NPC01.LAZ,582,4743,76.5,3.5,126.7,ok,
PNOA-2024-GAL-537-4734-H29-NPC01.LAZ,537,4734,75.2,2.9,115.1,ok,
PNOA-2024-GAL-577-4736-H29-NPC01.LAZ,577,4736,77.5,3.1,128.2,ok,
PNOA-2024-GAL-580-4734-H29-NPC01.LAZ,580,4734,62.8,2.7,127.6,ok,
PNOA-2024-GAL-573-4718-H29-NPC01.LAZ,573,4718,61.2,2.4,126.5,ok,
PNOA-2024-GAL-549-4670-H29-NPC01.LAZ,549,4670,215.7,8.9,180.9,ok,
PNOA-2024-GAL-570-4713-H29-NPC01.LAZ,570,4713,73.1,3.3,128.6,ok,
PNOA-2024-GAL-551-4701-H29-NPC01.LAZ,551,4701,56.3,3.1,119.4,ok,
PNOA-2024-GAL-550-4666-H29-NPC01.LAZ,550,4666,57.1,2.5,121.3,ok,
PNOA-2024-GAL-552-4730-H29-NPC01.LAZ,552,4730,96.1,3.8,129.1,ok,
PNOA-2024-GAL-527-4670-H29-NPC01.LAZ,527,4670,89.4,5.4,135.6,ok,
PNOA-2024-GAL-529-4721-H29-NPC01.LAZ,529,4721,80.0,3.5,127.2,ok,
PNOA-2024-GAL-526-4694-H29-NPC01.LAZ,526,4694,107.2,4.6,136.4,ok,
PNOA-2024-GAL-541-4659-H29-NPC01.LAZ,541,4659,33.4,1.7,98.6,ok,
PNOA-2024-GAL-527-4708-H29-NPC01.LAZ,527,4708,78.8,3.3,147.2,ok,
PNOA-2024-GAL-549-4721-H29-NPC01.LAZ,549,4721,101.3,3.9,145.3,ok,
PNOA-2024-GAL-546-4659-H29-NPC01.LAZ,546,4659,40.3,2.0,123.2,ok,
PNOA-2024-GAL-569-4733-H29-NPC01.LAZ,569,4733,61.8,2.7,144.4,ok,
PNOA-2024-GAL-537-4701-H29-NPC01.LAZ,537,4701,102.6,4.1,139.1,ok,
PNOA-2024-GAL-536-4735-H29-NPC01.LAZ,536,4735,42.5,1.9,112.5,ok,
PNOA-2024-GAL-517-4660-H29-NPC01.LAZ,517,4660,97.2,4.3,136.1,ok,
PNOA-2024-GAL-571-4721-H29-NPC01.LAZ,571,4721,57.4,2.8,123.7,ok,
PNOA-2024-GAL-579-4722-H29-NPC01.LAZ,579,4722,75.5,3.8,124.5,ok,
PNOA-2024-GAL-543-4702-H29-NPC01.LAZ,543,4702,61.5,3.7,122.5,ok,
PNOA-2024-GAL-543-4730-H29-NPC01.LAZ,543,4730,64.8,2.6,115.5,ok,
PNOA-2024-GAL-537-4698-H29-NPC01.LAZ,537,4698,98.5,3.9,137.6,ok,
PNOA-2024-GAL-531-4720-H29-NPC01.LAZ,531,4720,104.6,4.8,132.7,ok,
PNOA-2024-GAL-578-4738-H29-NPC01.LAZ,578,4738,68.3,3.1,125.6,ok,
PNOA-2024-GAL-538-4687-H29-NPC01.LAZ,538,4687,83.1,3.4,133.1,ok,
PNOA-2024-GAL-571-4737-H29-NPC01.LAZ,571,4737,105.1,7.7,135.4,ok,
PNOA-2024-GAL-508-4658-H29-NPC01.LAZ,508,4658,26.8,1.3,67.8,ok,
PNOA-2024-GAL-574-4730-H29-NPC01.LAZ,574,4730,86.0,3.9,128.4,ok,
PNOA-2024-GAL-547-4687-H29-NPC01.LAZ,547,4687,147.2,5.7,145.9,ok,
PNOA-2024-GAL-575-4720-H29-NPC01.LAZ,575,4720,68.7,2.9,133.1,ok,
PNOA-2024-GAL-558-4723-H29-NPC01.LAZ,558,4723,39.3,1.8,131.2,ok,
PNOA-2024-GAL-539-4714-H29-NPC01.LAZ,539,4714,52.9,2.5,124.3,ok,
PNOA-2024-GAL-525-4658-H29-NPC01.LAZ,525,4658,107.0,5.9,135.4,ok,
PNOA-2024-GAL-541-4711-H29-NPC01.LAZ,541,4711,95.9,3.8,146.8,ok,
PNOA-2024-GAL-508-4662-H29-NPC01.LAZ,508,4662,31.0,1.4,105.3,ok,
PNOA-2024-GAL-550-4719-H29-NPC01.LAZ,550,4719,52.0,2.4,121.5,ok,
PNOA-2024-GAL-575-4725-H29-NPC01.LAZ,575,4725,35.4,2.0,103.5,ok,
PNOA-2024-GAL-581-4725-H29-NPC01.LAZ,581,4725,44.5,2.5,112.8,ok,
PNOA-2024-GAL-523-4702-H29-NPC01.LAZ,523,4702,48.1,2.2,134.0,ok,
PNOA-2024-GAL-512-4684-H29-NPC01.LAZ,512,4684,27.6,1.4,56.8,ok,
PNOA-2024-GAL-576-4737-H29-NPC01.LAZ,576,4737,35.6,1.5,108.1,ok,
PNOA-2024-GAL-538-4657-H29-NPC01.LAZ,538,4657,47.5,2.0,123.1,ok,
PNOA-2024-GAL-549-4707-H29-NPC01.LAZ,549,4707,135.6,5.4,159.0,ok,
PNOA-2024-GAL-513-4678-H29-NPC01.LAZ,513,4678,18.8,1.2,64.4,ok,
PNOA-2024-GAL-556-4713-H29-NPC01.LAZ,556,4713,90.5,3.9,134.5,ok,
PNOA-2024-GAL-517-4716-H29-NPC01.LAZ,517,4716,22.3,1.7,66.2,ok,
PNOA-2024-GAL-542-4689-H29-NPC01.LAZ,542,4689,63.9,2.7,91.0,ok,
PNOA-2024-GAL-568-4714-H29-NPC01.LAZ,568,4714,54.5,2.4,133.6,ok,
PNOA-2024-GAL-514-4663-H29-NPC01.LAZ,514,4663,24.8,1.2,72.5,ok,
PNOA-2024-GAL-530-4708-H29-NPC01.LAZ,530,4708,103.1,4.5,143.0,ok,
PNOA-2024-GAL-538-4699-H29-NPC01.LAZ,538,4699,69.8,3.7,141.3,ok,
PNOA-2024-GAL-566-4734-H29-NPC01.LAZ,566,4734,68.6,2.9,231.2,ok,
PNOA-2024-GAL-538-4720-H29-NPC01.LAZ,538,4720,82.5,3.3,192.4,ok,
PNOA-2024-GAL-571-4744-H29-NPC01.LAZ,571,4744,33.0,1.5,153.3,ok,
PNOA-2024-GAL-562-4719-H29-NPC01.LAZ,562,4719,56.5,3.2,176.4,ok,
PNOA-2024-GAL-528-4674-H29-NPC01.LAZ,528,4674,76.9,3.3,206.1,ok,
PNOA-2024-GAL-583-4745-H29-NPC01.LAZ,583,4745,65.9,4.0,171.7,ok,
PNOA-2024-GAL-514-4694-H29-NPC01.LAZ,514,4694,51.3,2.6,338.6,ok,
PNOA-2024-GAL-550-4726-H29-NPC01.LAZ,550,4726,74.0,3.1,304.2,ok,
PNOA-2024-GAL-549-4708-H29-NPC01.LAZ,549,4708,219.2,9.2,425.3,ok,
PNOA-2024-GAL-536-4695-H29-NPC01.LAZ,536,4695,81.3,3.4,197.7,ok,
PNOA-2024-GAL-524-4706-H29-NPC01.LAZ,524,4706,92.1,3.8,200.7,ok,
PNOA-2024-GAL-570-4715-H29-NPC01.LAZ,570,4715,83.0,3.1,179.6,ok,
PNOA-2024-GAL-578-4731-H29-NPC01.LAZ,578,4731,110.2,7.1,189.9,ok,
PNOA-2024-GAL-547-4688-H29-NPC01.LAZ,547,4688,134.5,5.6,190.2,ok,
PNOA-2024-GAL-542-4693-H29-NPC01.LAZ,542,4693,99.8,6.4,194.7,ok,
PNOA-2024-GAL-535-4683-H29-NPC01.LAZ,535,4683,36.2,1.9,145.8,ok,
PNOA-2024-GAL-511-4651-H29-NPC01.LAZ,511,4651,78.4,3.5,174.5,ok,
PNOA-2024-GAL-517-4684-H29-NPC01.LAZ,517,4684,73.7,3.4,179.1,ok,
PNOA-2024-GAL-534-4681-H29-NPC01.LAZ,534,4681,106.5,6.0,215.4,ok,
PNOA-2024-GAL-552-4722-H29-NPC01.LAZ,552,4722,65.5,3.0,170.5,ok,
PNOA-2024-GAL-518-4649-H29-NPC01.LAZ,518,4649,66.2,2.6,175.7,ok,
PNOA-2024-GAL-536-4666-H29-NPC01.LAZ,536,4666,48.2,2.4,211.5,ok,
PNOA-2024-GAL-520-4722-H29-NPC01.LAZ,520,4722,28.3,1.5,149.0,ok,
PNOA-2024-GAL-541-4700-H29-NPC01.LAZ,541,4700,86.6,3.6,284.4,ok,
PNOA-2024-GAL-518-4713-H29-NPC01.LAZ,518,4713,143.2,7.0,422.8,ok,
PNOA-2024-GAL-540-4687-H29-NPC01.LAZ,540,4687,69.8,3.0,461.9,ok,
PNOA-2024-GAL-543-4718-H29-NPC01.LAZ,543,4718,95.6,4.0,372.5,ok,
PNOA-2024-GAL-568-4724-H29-NPC01.LAZ,568,4724,82.0,4.6,398.1,ok,
PNOA-2024-GAL-537-4713-H29-NPC01.LAZ,537,4713,100.0,10.3,222.6,ok,
PNOA-2024-GAL-546-4679-H29-NPC01.LAZ,546,4679,158.8,6.1,232.6,ok,
PNOA-2024-GAL-552-4719-H29-NPC01.LAZ,552,4719,60.6,2.6,194.1,ok,
PNOA-2024-GAL-552-4715-H29-NPC01.LAZ,552,4715,65.6,3.2,184.1,ok,
PNOA-2024-GAL-542-4674-H29-NPC01.LAZ,542,4674,110.6,4.1,222.0,ok,
PNOA-2024-GAL-539-4690-H29-NPC01.LAZ,539,4690,48.8,2.4,167.2,ok,
PNOA-2024-GAL-578-4726-H29-NPC01.LAZ,578,4726,52.2,3.0,153.2,ok,
PNOA-2024-GAL-511-4661-H29-NPC01.LAZ,511,4661,90.3,4.1,150.5,ok,
PNOA-2024-GAL-525-4665-H29-NPC01.LAZ,525,4665,92.7,3.7,139.9,ok,
PNOA-2024-GAL-518-4697-H29-NPC01.LAZ,518,4697,63.7,3.6,130.5,ok,
PNOA-2024-GAL-558-4735-H29-NPC01.LAZ,558,4735,49.4,2.8,123.1,ok,
PNOA-2024-GAL-517-4717-H29-NPC01.LAZ,517,4717,15.9,1.2,80.0,ok,
PNOA-2024-GAL-550-4707-H29-NPC01.LAZ,550,4707,47.9,3.0,114.9,ok,
PNOA-2024-GAL-509-4659-H29-NPC01.LAZ,509,4659,61.1,4.0,122.8,ok,
PNOA-2024-GAL-569-4715-H29-NPC01.LAZ,569,4715,71.2,2.9,123.7,ok,
PNOA-2024-GAL-520-4644-H29-NPC01.LAZ,520,4644,58.8,2.9,100.9,ok,
PNOA-2024-GAL-511-4664-H29-NPC01.LAZ,511,4664,23.1,1.2,87.2,ok,
PNOA-2024-GAL-566-4713-H29-NPC01.LAZ,566,4713,73.5,3.3,133.9,ok,
PNOA-2024-GAL-533-4733-H29-NPC01.LAZ,533,4733,44.0,2.7,107.7,ok,
PNOA-2024-GAL-576-4744-H29-NPC01.LAZ,576,4744,54.1,2.3,117.9,ok,
PNOA-2024-GAL-527-4682-H29-NPC01.LAZ,527,4682,14.3,1.5,32.9,ok,
PNOA-2024-GAL-513-4651-H29-NPC01.LAZ,513,4651,106.4,4.1,133.4,ok,
PNOA-2024-GAL-537-4722-H29-NPC01.LAZ,537,4722,96.8,3.9,129.9,ok,
PNOA-2024-GAL-515-4651-H29-NPC01.LAZ,515,4651,81.0,6.5,122.7,ok,
PNOA-2024-GAL-542-4723-H29-NPC01.LAZ,542,4723,88.0,4.0,126.8,ok,
PNOA-2024-GAL-540-4685-H29-NPC01.LAZ,540,4685,61.3,2.7,129.2,ok,
PNOA-2024-GAL-559-4735-H29-NPC01.LAZ,559,4735,57.1,2.6,124.4,ok,
PNOA-2024-GAL-581-4738-H29-NPC01.LAZ,581,4738,69.9,3.3,118.3,ok,
PNOA-2024-GAL-573-4729-H29-NPC01.LAZ,573,4729,76.7,3.4,126.1,ok,
PNOA-2024-GAL-520-4685-H29-NPC01.LAZ,520,4685,88.2,3.6,130.5,ok,
PNOA-2024-GAL-560-4727-H29-NPC01.LAZ,560,4727,87.3,3.4,132.6,ok,
PNOA-2024-GAL-522-4689-H29-NPC01.LAZ,522,4689,103.0,4.1,133.9,ok,
PNOA-2024-GAL-566-4715-H29-NPC01.LAZ,566,4715,70.7,3.1,126.0,ok,
PNOA-2024-GAL-523-4653-H29-NPC01.LAZ,523,4653,100.8,4.1,135.7,ok,
PNOA-2024-GAL-562-4715-H29-NPC01.LAZ,562,4715,72.3,4.3,126.0,ok,
PNOA-2024-GAL-558-4717-H29-NPC01.LAZ,558,4717,55.7,2.5,126.2,ok,
PNOA-2024-GAL-579-4734-H29-NPC01.LAZ,579,4734,64.1,2.6,125.7,ok,
PNOA-2024-GAL-538-4711-H29-NPC01.LAZ,538,4711,94.9,3.8,142.8,ok,
PNOA-2024-GAL-535-4732-H29-NPC01.LAZ,535,4732,86.4,4.6,124.6,ok,
PNOA-2024-GAL-546-4715-H29-NPC01.LAZ,546,4715,188.7,7.4,155.9,ok,
PNOA-2024-GAL-535-4682-H29-NPC01.LAZ,535,4682,132.1,5.3,133.6,ok,
PNOA-2024-GAL-520-4653-H29-NPC01.LAZ,520,4653,94.3,3.7,142.2,ok,
PNOA-2024-GAL-537-4656-H29-NPC01.LAZ,537,4656,68.8,2.9,123.0,ok,
PNOA-2024-GAL-551-4669-H29-NPC01.LAZ,551,4669,67.4,2.9,128.6,ok,
PNOA-2024-GAL-535-4714-H29-NPC01.LAZ,535,4714,63.6,2.6,127.5,ok,
PNOA-2024-GAL-579-4743-H29-NPC01.LAZ,579,4743,89.2,3.8,129.2,ok,
PNOA-2024-GAL-547-4665-H29-NPC01.LAZ,547,4665,82.5,3.5,145.3,ok,
PNOA-2024-GAL-514-4705-H29-NPC01.LAZ,514,4705,45.9,2.0,107.0,ok,
PNOA-2024-GAL-573-4730-H29-NPC01.LAZ,573,4730,78.7,3.5,124.1,ok,
PNOA-2024-GAL-523-4705-H29-NPC01.LAZ,523,4705,83.0,3.3,137.3,ok,
PNOA-2024-GAL-531-4729-H29-NPC01.LAZ,531,4729,86.6,4.4,132.5,ok,
PNOA-2024-GAL-541-4705-H29-NPC01.LAZ,541,4705,86.6,3.4,145.2,ok,
PNOA-2024-GAL-522-4723-H29-NPC01.LAZ,522,4723,83.1,3.4,123.5,ok,
PNOA-2024-GAL-552-4701-H29-NPC01.LAZ,552,4701,76.5,3.8,123.8,ok,
PNOA-2024-GAL-569-4717-H29-NPC01.LAZ,569,4717,71.6,2.9,127.6,ok,
PNOA-2024-GAL-515-4695-H29-NPC01.LAZ,515,4695,28.7,1.3,86.3,ok,
PNOA-2024-GAL-533-4695-H29-NPC01.LAZ,533,4695,71.0,3.0,124.2,ok,
PNOA-2024-GAL-523-4664-H29-NPC01.LAZ,523,4664,50.4,2.4,120.4,ok,
PNOA-2024-GAL-548-4708-H29-NPC01.LAZ,548,4708,211.9,7.7,175.8,ok,
PNOA-2024-GAL-515-4666-H29-NPC01.LAZ,515,4666,40.1,1.7,127.6,ok,
PNOA-2024-GAL-517-4694-H29-NPC01.LAZ,517,4694,33.3,1.7,65.7,ok,
PNOA-2024-GAL-543-4683-H29-NPC01.LAZ,543,4683,36.7,1.7,112.5,ok,
PNOA-2024-GAL-575-4732-H29-NPC01.LAZ,575,4732,52.2,2.3,115.5,ok,
PNOA-2024-GAL-542-4671-H29-NPC01.LAZ,542,4671,65.3,2.9,128.2,ok,
PNOA-2024-GAL-533-4666-H29-NPC01.LAZ,533,4666,54.2,2.7,124.3,ok,
PNOA-2024-GAL-555-4725-H29-NPC01.LAZ,555,4725,67.7,3.1,116.5,ok,
PNOA-2024-GAL-522-4698-H29-NPC01.LAZ,522,4698,104.0,4.2,134.8,ok,
PNOA-2024-GAL-556-4726-H29-NPC01.LAZ,556,4726,63.0,2.6,122.5,ok,
PNOA-2024-GAL-513-4704-H29-NPC01.LAZ,513,4704,23.9,1.4,88.3,ok,
PNOA-2024-GAL-526-4679-H29-NPC01.LAZ,526,4679,44.1,2.3,113.6,ok,
PNOA-2024-GAL-547-4704-H29-NPC01.LAZ,547,4704,106.7,4.8,139.8,ok,
PNOA-2024-GAL-582-4734-H29-NPC01.LAZ,582,4734,56.2,2.4,120.6,ok,
PNOA-2024-GAL-577-4726-H29-NPC01.LAZ,577,4726,65.2,2.7,125.8,ok,
PNOA-2024-GAL-510-4646-H29-NPC01.LAZ,510,4646,44.5,1.9,118.2,ok,
PNOA-2024-GAL-528-4720-H29-NPC01.LAZ,528,4720,99.5,3.7,132.3,ok,
PNOA-2024-GAL-509-4660-H29-NPC01.LAZ,509,4660,85.3,3.7,136.2,ok,
PNOA-2024-GAL-524-4727-H29-NPC01.LAZ,524,4727,95.6,4.2,127.7,ok,
PNOA-2024-GAL-570-4732-H29-NPC01.LAZ,570,4732,46.1,2.2,116.6,ok,
PNOA-2024-GAL-567-4721-H29-NPC01.LAZ,567,4721,51.6,2.1,136.8,ok,
PNOA-2024-GAL-538-4719-H29-NPC01.LAZ,538,4719,50.7,2.2,119.6,ok,
PNOA-2024-GAL-523-4717-H29-NPC01.LAZ,523,4717,37.0,2.0,113.9,ok,
PNOA-2024-GAL-523-4654-H29-NPC01.LAZ,523,4654,99.0,4.7,131.2,ok,
PNOA-2024-GAL-559-4725-H29-NPC01.LAZ,559,4725,75.2,3.7,124.8,ok,
PNOA-2024-GAL-531-4668-H29-NPC01.LAZ,531,4668,45.9,2.5,118.2,ok,
PNOA-2024-GAL-529-4686-H29-NPC01.LAZ,529,4686,14.6,1.1,58.6,ok,
PNOA-2024-GAL-513-4652-H29-NPC01.LAZ,513,4652,71.4,2.9,152.0,ok,
PNOA-2024-GAL-532-4732-H29-NPC01.LAZ,532,4732,81.8,4.0,123.5,ok,
PNOA-2024-GAL-554-4710-H29-NPC01.LAZ,554,4710,90.4,4.2,127.8,ok,
PNOA-2024-GAL-547-4699-H29-NPC01.LAZ,547,4699,132.5,5.8,182.4,ok,
PNOA-2024-GAL-574-4729-H29-NPC01.LAZ,574,4729,116.3,4.4,139.1,ok,
PNOA-2024-GAL-578-4729-H29-NPC01.LAZ,578,4729,105.5,4.4,135.7,ok,
PNOA-2024-GAL-543-4708-H29-NPC01.LAZ,543,4708,97.3,4.1,128.9,ok,
PNOA-2024-GAL-559-4720-H29-NPC01.LAZ,559,4720,55.3,2.5,123.8,ok,
PNOA-2024-GAL-514-4693-H29-NPC01.LAZ,514,4693,17.3,1.0,52.5,ok,
PNOA-2024-GAL-583-4744-H29-NPC01.LAZ,583,4744,50.2,2.3,115.6,ok,
PNOA-2024-GAL-579-4732-H29-NPC01.LAZ,579,4732,45.3,1.8,112.8,ok,
PNOA-2024-GAL-514-4666-H29-NPC01.LAZ,514,4666,21.6,1.3,82.4,ok,
PNOA-2024-GAL-527-4722-H29-NPC01.LAZ,527,4722,77.0,3.0,121.8,ok,
PNOA-2024-GAL-535-4718-H29-NPC01.LAZ,535,4718,92.8,4.2,129.1,ok,
PNOA-2024-GAL-521-4665-H29-NPC01.LAZ,521,4665,97.6,4.9,137.7,ok,
PNOA-2024-GAL-545-4674-H29-NPC01.LAZ,545,4674,104.5,3.9,139.0,ok,
PNOA-2024-GAL-582-4745-H29-NPC01.LAZ,582,4745,82.5,3.3,119.0,ok,
PNOA-2024-GAL-523-4658-H29-NPC01.LAZ,523,4658,105.1,4.1,133.3,ok,
PNOA-2024-GAL-551-4725-H29-NPC01.LAZ,551,4725,50.6,2.2,118.5,ok,
PNOA-2024-GAL-531-4715-H29-NPC01.LAZ,531,4715,86.6,3.2,129.5,ok,
PNOA-2024-GAL-564-4729-H29-NPC01.LAZ,564,4729,135.6,5.5,146.2,ok,
PNOA-2024-GAL-564-4735-H29-NPC01.LAZ,564,4735,45.8,2.3,118.5,ok,
PNOA-2024-GAL-536-4691-H29-NPC01.LAZ,536,4691,118.1,4.9,146.9,ok,
PNOA-2024-GAL-531-4687-H29-NPC01.LAZ,531,4687,29.3,1.3,72.8,ok,
PNOA-2024-GAL-542-4719-H29-NPC01.LAZ,542,4719,53.7,2.5,119.0,ok,
PNOA-2024-GAL-513-4713-H29-NPC01.LAZ,513,4713,26.0,1.4,61.7,ok,
PNOA-2024-GAL-574-4745-H29-NPC01.LAZ,574,4745,68.7,2.8,109.8,ok,
PNOA-2024-GAL-538-4706-H29-NPC01.LAZ,538,4706,104.0,5.9,147.7,ok,
PNOA-2024-GAL-530-4716-H29-NPC01.LAZ,530,4716,85.4,3.3,130.8,ok,
PNOA-2024-GAL-546-4693-H29-NPC01.LAZ,546,4693,115.4,4.6,145.7,ok,
PNOA-2024-GAL-572-4737-H29-NPC01.LAZ,572,4737,89.2,3.6,135.6,ok,
PNOA-2024-GAL-552-4726-H29-NPC01.LAZ,552,4726,42.8,2.0,124.9,ok,
PNOA-2024-GAL-521-4713-H29-NPC01.LAZ,521,4713,151.8,6.1,146.3,ok,
PNOA-2024-GAL-521-4707-H29-NPC01.LAZ,521,4707,64.1,2.7,132.6,ok,
PNOA-2024-GAL-540-4689-H29-NPC01.LAZ,540,4689,91.7,3.8,129.8,ok,
PNOA-2024-GAL-523-4681-H29-NPC01.LAZ,523,4681,29.1,1.7,83.4,ok,
PNOA-2024-GAL-509-4697-H29-NPC01.LAZ,509,4697,9.8,1.1,47.1,ok,
PNOA-2024-GAL-509-4658-H29-NPC01.LAZ,509,4658,80.3,3.1,127.9,ok,
PNOA-2024-GAL-550-4671-H29-NPC01.LAZ,550,4671,128.8,5.6,144.2,ok,
PNOA-2024-GAL-513-4683-H29-NPC01.LAZ,513,4683,21.3,1.7,80.9,ok,
PNOA-2024-GAL-539-4685-H29-NPC01.LAZ,539,4685,67.7,3.1,124.6,ok,
PNOA-2024-GAL-533-4723-H29-NPC01.LAZ,533,4723,84.6,3.3,123.5,ok,
PNOA-2024-GAL-526-4668-H29-NPC01.LAZ,526,4668,72.7,3.3,127.1,ok,
PNOA-2024-GAL-534-4705-H29-NPC01.LAZ,534,4705,86.1,3.7,137.8,ok,
PNOA-2024-GAL-580-4724-H29-NPC01.LAZ,580,4724,70.3,2.7,120.4,ok,
PNOA-2024-GAL-579-4739-H29-NPC01.LAZ,579,4739,53.8,2.7,122.5,ok,
PNOA-2024-GAL-580-4743-H29-NPC01.LAZ,580,4743,68.5,2.6,121.5,ok,
PNOA-2024-GAL-552-4714-H29-NPC01.LAZ,552,4714,40.5,1.7,105.4,ok,
PNOA-2024-GAL-557-4721-H29-NPC01.LAZ,557,4721,37.4,1.7,119.9,ok,
PNOA-2024-GAL-547-4695-H29-NPC01.LAZ,547,4695,112.7,4.4,149.5,ok,
PNOA-2024-GAL-545-4681-H29-NPC01.LAZ,545,4681,105.2,4.4,137.2,ok,
PNOA-2024-GAL-554-4736-H29-NPC01.LAZ,554,4736,96.7,4.0,134.1,ok,
PNOA-2024-GAL-558-4708-H29-NPC01.LAZ,558,4708,77.7,3.0,128.4,ok,
PNOA-2024-GAL-530-4685-H29-NPC01.LAZ,530,4685,19.1,1.2,65.9,ok,
PNOA-2024-GAL-539-4702-H29-NPC01.LAZ,539,4702,59.5,2.4,142.2,ok,
PNOA-2024-GAL-540-4708-H29-NPC01.LAZ,540,4708,82.9,3.8,126.2,ok,
PNOA-2024-GAL-529-4731-H29-NPC01.LAZ,529,4731,56.1,2.2,117.7,ok,
PNOA-2024-GAL-544-4682-H29-NPC01.LAZ,544,4682,125.4,5.0,142.0,ok,
PNOA-2024-GAL-539-4720-H29-NPC01.LAZ,539,4720,79.9,4.3,128.3,ok,
PNOA-2024-GAL-510-4647-H29-NPC01.LAZ,510,4647,82.4,3.5,130.4,ok,
PNOA-2024-GAL-534-4668-H29-NPC01.LAZ,534,4668,67.3,2.8,123.8,ok,
PNOA-2024-GAL-511-4644-H29-NPC01.LAZ,511,4644,114.5,6.0,144.4,ok,
PNOA-2024-GAL-560-4725-H29-NPC01.LAZ,560,4725,75.9,3.0,129.7,ok,
PNOA-2024-GAL-561-4715-H29-NPC01.LAZ,561,4715,70.5,2.8,119.5,ok,
PNOA-2024-GAL-522-4682-H29-NPC01.LAZ,522,4682,51.7,3.5,102.6,ok,
PNOA-2024-GAL-537-4675-H29-NPC01.LAZ,537,4675,69.2,3.4,134.0,ok,
PNOA-2024-GAL-508-4659-H29-NPC01.LAZ,508,4659,20.9,1.9,79.8,ok,
PNOA-2024-GAL-535-4707-H29-NPC01.LAZ,535,4707,55.5,2.3,126.1,ok,
PNOA-2024-GAL-537-4694-H29-NPC01.LAZ,537,4694,131.8,6.1,143.9,ok,
PNOA-2024-GAL-534-4664-H29-NPC01.LAZ,534,4664,51.0,2.5,118.7,ok,
PNOA-2024-GAL-522-4656-H29-NPC01.LAZ,522,4656,103.7,4.5,131.9,ok,
PNOA-2024-GAL-545-4714-H29-NPC01.LAZ,545,4714,82.7,3.6,130.8,ok,
PNOA-2024-GAL-553-4728-H29-NPC01.LAZ,553,4728,44.4,2.1,131.2,ok,
PNOA-2024-GAL-542-4686-H29-NPC01.LAZ,542,4686,91.7,3.8,129.7,ok,
PNOA-2024-GAL-542-4672-H29-NPC01.LAZ,542,4672,91.7,3.7,142.3,ok,
PNOA-2024-GAL-553-4724-H29-NPC01.LAZ,553,4724,52.5,2.3,121.3,ok,
PNOA-2024-GAL-547-4712-H29-NPC01.LAZ,547,4712,126.2,6.3,160.1,ok,
PNOA-2024-GAL-561-4714-H29-NPC01.LAZ,561,4714,38.6,1.9,111.2,ok,
PNOA-2024-GAL-579-4728-H29-NPC01.LAZ,579,4728,56.5,2.5,130.2,ok,
PNOA-2024-GAL-572-4743-H29-NPC01.LAZ,572,4743,92.7,3.7,130.6,ok,
PNOA-2024-GAL-559-4717-H29-NPC01.LAZ,559,4717,46.2,2.1,125.3,ok,
PNOA-2024-GAL-527-4700-H29-NPC01.LAZ,527,4700,84.1,3.2,136.3,ok,
PNOA-2024-GAL-534-4733-H29-NPC01.LAZ,534,4733,48.7,2.5,110.1,ok,
PNOA-2024-GAL-554-4724-H29-NPC01.LAZ,554,4724,54.6,2.2,122.6,ok,
PNOA-2024-GAL-530-4684-H29-NPC01.LAZ,530,4684,15.1,1.1,45.8,ok,
PNOA-2024-GAL-525-4702-H29-NPC01.LAZ,525,4702,59.4,3.0,131.8,ok,
PNOA-2024-GAL-527-4693-H29-NPC01.LAZ,527,4693,113.1,5.3,139.4,ok,
PNOA-2024-GAL-529-4729-H29-NPC01.LAZ,529,4729,87.1,3.3,132.0,ok,
PNOA-2024-GAL-570-4728-H29-NPC01.LAZ,570,4728,41.9,2.0,125.2,ok,
PNOA-2024-GAL-526-4687-H29-NPC01.LAZ,526,4687,108.9,4.6,138.2,ok,
PNOA-2024-GAL-555-4720-H29-NPC01.LAZ,555,4720,53.7,2.7,113.7,ok,
PNOA-2024-GAL-524-4720-H29-NPC01.LAZ,524,4720,85.5,3.5,136.7,ok,
PNOA-2024-GAL-526-4726-H29-NPC01.LAZ,526,4726,58.0,2.5,121.3,ok,
PNOA-2024-GAL-545-4709-H29-NPC01.LAZ,545,4709,75.1,3.2,121.0,ok,
PNOA-2024-GAL-527-4688-H29-NPC01.LAZ,527,4688,62.0,2.9,117.5,ok,
PNOA-2024-GAL-541-4680-H29-NPC01.LAZ,541,4680,104.0,4.5,143.0,ok,
PNOA-2024-GAL-536-4669-H29-NPC01.LAZ,536,4669,76.7,3.6,129.4,ok,
PNOA-2024-GAL-517-4657-H29-NPC01.LAZ,517,4657,49.0,2.1,115.6,ok,
PNOA-2024-GAL-541-4673-H29-NPC01.LAZ,541,4673,50.1,2.3,114.3,ok,
PNOA-2024-GAL-580-4728-H29-NPC01.LAZ,580,4728,62.0,2.6,127.2,ok,
PNOA-2024-GAL-521-4680-H29-NPC01.LAZ,521,4680,14.0,1.0,36.7,ok,
PNOA-2024-GAL-528-4705-H29-NPC01.LAZ,528,4705,66.5,3.1,129.7,ok,
PNOA-2024-GAL-523-4648-H29-NPC01.LAZ,523,4648,37.3,1.6,106.8,ok,
PNOA-2024-GAL-528-4724-H29-NPC01.LAZ,528,4724,56.8,2.6,120.1,ok,
PNOA-2024-GAL-566-4746-H29-NPC01.LAZ,566,4746,32.5,1.6,107.7,ok,
PNOA-2024-GAL-550-4668-H29-NPC01.LAZ,550,4668,86.4,4.1,136.3,ok,
PNOA-2024-GAL-555-4713-H29-NPC01.LAZ,555,4713,86.3,5.0,130.0,ok,
PNOA-2024-GAL-549-4722-H29-NPC01.LAZ,549,4722,147.4,5.8,139.2,ok,
PNOA-2024-GAL-547-4707-H29-NPC01.LAZ,547,4707,118.4,4.9,150.2,ok,
PNOA-2024-GAL-533-4725-H29-NPC01.LAZ,533,4725,87.3,3.6,134.5,ok,
PNOA-2024-GAL-509-4661-H29-NPC01.LAZ,509,4661,85.2,8.4,132.1,ok,
PNOA-2024-GAL-563-4735-H29-NPC01.LAZ,563,4735,50.7,2.5,126.6,ok,
PNOA-2024-GAL-539-4713-H29-NPC01.LAZ,539,4713,86.8,3.6,136.1,ok,
PNOA-2024-GAL-551-4732-H29-NPC01.LAZ,551,4732,77.4,3.0,128.7,ok,
PNOA-2024-GAL-523-4655-H29-NPC01.LAZ,523,4655,64.0,2.6,121.8,ok,
PNOA-2024-GAL-558-4710-H29-NPC01.LAZ,558,4710,90.8,4.3,130.7,ok,
PNOA-2024-GAL-526-4663-H29-NPC01.LAZ,526,4663,103.7,4.2,138.5,ok,
PNOA-2024-GAL-548-4711-H29-NPC01.LAZ,548,4711,155.4,6.6,166.6,ok,
PNOA-2024-GAL-577-4732-H29-NPC01.LAZ,577,4732,50.1,2.0,118.0,ok,
PNOA-2024-GAL-548-4737-H29-NPC01.LAZ,548,4737,90.7,3.7,131.5,ok,
PNOA-2024-GAL-531-4714-H29-NPC01.LAZ,531,4714,63.2,2.8,129.7,ok,
PNOA-2024-GAL-555-4718-H29-NPC01.LAZ,555,4718,66.6,3.0,134.2,ok,
PNOA-2024-GAL-518-4683-H29-NPC01.LAZ,518,4683,65.7,4.2,125.2,ok,
PNOA-2024-GAL-543-4673-H29-NPC01.LAZ,543,4673,53.9,3.1,121.6,ok,
PNOA-2024-GAL-518-4720-H29-NPC01.LAZ,518,4720,9.1,0.9,39.6,ok,
PNOA-2024-GAL-551-4712-H29-NPC01.LAZ,551,4712,64.6,3.5,128.0,ok,
PNOA-2024-GAL-565-4717-H29-NPC01.LAZ,565,4717,62.8,4.0,123.2,ok,
PNOA-2024-GAL-544-4709-H29-NPC01.LAZ,544,4709,53.8,2.3,117.4,ok,
PNOA-2024-GAL-573-4736-H29-NPC01.LAZ,573,4736,106.0,5.0,135.4,ok,
PNOA-2024-GAL-550-4715-H29-NPC01.LAZ,550,4715,75.6,3.6,134.0,ok,
PNOA-2024-GAL-551-4718-H29-NPC01.LAZ,551,4718,54.7,2.3,120.5,ok,
PNOA-2024-GAL-582-4721-H29-NPC01.LAZ,582,4721,61.6,2.7,133.2,ok,
PNOA-2024-GAL-541-4710-H29-NPC01.LAZ,541,4710,106.4,4.6,147.5,ok,
PNOA-2024-GAL-537-4672-H29-NPC01.LAZ,537,4672,83.3,3.4,133.4,ok,
PNOA-2024-GAL-578-4742-H29-NPC01.LAZ,578,4742,62.6,2.5,128.6,ok,
PNOA-2024-GAL-549-4718-H29-NPC01.LAZ,549,4718,85.3,4.1,140.5,ok,
PNOA-2024-GAL-545-4682-H29-NPC01.LAZ,545,4682,136.4,8.1,148.2,ok,
PNOA-2024-GAL-554-4728-H29-NPC01.LAZ,554,4728,53.3,2.8,132.9,ok,
PNOA-2024-GAL-542-4710-H29-NPC01.LAZ,542,4710,93.0,4.1,134.3,ok,
PNOA-2024-GAL-537-4673-H29-NPC01.LAZ,537,4673,62.9,2.7,127.8,ok,
PNOA-2024-GAL-579-4733-H29-NPC01.LAZ,579,4733,85.6,4.8,131.4,ok,
PNOA-2024-GAL-538-4694-H29-NPC01.LAZ,538,4694,139.8,5.8,148.9,ok,
PNOA-2024-GAL-553-4719-H29-NPC01.LAZ,553,4719,43.0,1.9,116.1,ok,
PNOA-2024-GAL-521-4718-H29-NPC01.LAZ,521,4718,80.2,4.2,128.3,ok,
PNOA-2024-GAL-519-4713-H29-NPC01.LAZ,519,4713,142.8,6.4,157.4,ok,
PNOA-2024-GAL-537-4703-H29-NPC01.LAZ,537,4703,81.9,5.8,127.9,ok,
PNOA-2024-GAL-548-4701-H29-NPC01.LAZ,548,4701,105.9,6.1,144.3,ok,
PNOA-2024-GAL-531-4725-H29-NPC01.LAZ,531,4725,94.8,3.6,129.1,ok,
PNOA-2024-GAL-516-4645-H29-NPC01.LAZ,516,4645,69.8,3.2,123.8,ok,
PNOA-2024-GAL-571-4717-H29-NPC01.LAZ,571,4717,72.5,4.0,121.2,ok,
PNOA-2024-GAL-523-4668-H29-NPC01.LAZ,523,4668,49.2,2.1,114.8,ok,
PNOA-2024-GAL-544-4721-H29-NPC01.LAZ,544,4721,79.9,4.1,132.9,ok,
PNOA-2024-GAL-538-4664-H29-NPC01.LAZ,538,4664,111.0,4.4,144.3,ok,
PNOA-2024-GAL-542-4691-H29-NPC01.LAZ,542,4691,90.2,4.1,141.7,ok,
PNOA-2024-GAL-547-4681-H29-NPC01.LAZ,547,4681,218.1,10.3,179.6,ok,
PNOA-2024-GAL-513-4663-H29-NPC01.LAZ,513,4663,17.6,1.2,52.6,ok,
PNOA-2024-GAL-509-4643-H29-NPC01.LAZ,509,4643,34.3,1.8,100.7,ok,
PNOA-2024-GAL-549-4724-H29-NPC01.LAZ,549,4724,130.2,6.3,147.0,ok,
PNOA-2024-GAL-555-4708-H29-NPC01.LAZ,555,4708,95.4,4.2,131.4,ok,
PNOA-2024-GAL-575-4726-H29-NPC01.LAZ,575,4726,68.8,2.9,127.0,ok,
PNOA-2024-GAL-531-4726-H29-NPC01.LAZ,531,4726,52.9,3.1,118.8,ok,
PNOA-2024-GAL-528-4700-H29-NPC01.LAZ,528,4700,59.8,3.1,130.2,ok,
PNOA-2024-GAL-563-4715-H29-NPC01.LAZ,563,4715,89.1,3.9,133.5,ok,
PNOA-2024-GAL-554-4709-H29-NPC01.LAZ,554,4709,83.4,3.8,117.6,ok,
PNOA-2024-GAL-524-4703-H29-NPC01.LAZ,524,4703,92.0,3.7,147.0,ok,
PNOA-2024-GAL-571-4731-H29-NPC01.LAZ,571,4731,78.6,3.1,122.7,ok,
PNOA-2024-GAL-512-4661-H29-NPC01.LAZ,512,4661,81.9,4.5,117.8,ok,
PNOA-2024-GAL-515-4694-H29-NPC01.LAZ,515,4694,14.5,1.0,46.3,ok,
PNOA-2024-GAL-547-4718-H29-NPC01.LAZ,547,4718,163.3,6.8,147.1,ok,
PNOA-2024-GAL-577-4727-H29-NPC01.LAZ,577,4727,48.9,2.3,124.2,ok,
PNOA-2024-GAL-566-4714-H29-NPC01.LAZ,566,4714,42.0,2.6,116.3,ok,
PNOA-2024-GAL-568-4716-H29-NPC01.LAZ,568,4716,41.3,2.8,128.0,ok,
PNOA-2024-GAL-532-4723-H29-NPC01.LAZ,532,4723,85.7,3.9,125.0,ok,
PNOA-2024-GAL-518-4693-H29-NPC01.LAZ,518,4693,17.1,0.9,55.4,ok,
PNOA-2024-GAL-575-4745-H29-NPC01.LAZ,575,4745,93.0,3.9,132.4,ok,
PNOA-2024-GAL-548-4665-H29-NPC01.LAZ,548,4665,60.4,2.6,125.1,ok,
PNOA-2024-GAL-546-4673-H29-NPC01.LAZ,546,4673,125.3,5.8,149.4,ok,
PNOA-2024-GAL-561-4724-H29-NPC01.LAZ,561,4724,76.9,3.9,120.6,ok,
PNOA-2024-GAL-558-4724-H29-NPC01.LAZ,558,4724,81.9,4.2,141.6,ok,
PNOA-2024-GAL-535-4681-H29-NPC01.LAZ,535,4681,104.2,7.3,154.2,ok,
PNOA-2024-GAL-534-4704-H29-NPC01.LAZ,534,4704,60.7,2.7,133.7,ok,
PNOA-2024-GAL-517-4719-H29-NPC01.LAZ,517,4719,30.1,1.6,76.8,ok,
PNOA-2024-GAL-534-4709-H29-NPC01.LAZ,534,4709,78.7,3.9,133.4,ok,
PNOA-2024-GAL-515-4647-H29-NPC01.LAZ,515,4647,90.3,4.3,126.8,ok,
PNOA-2024-GAL-536-4685-H29-NPC01.LAZ,536,4685,50.2,2.6,112.0,ok,
PNOA-2024-GAL-521-4658-H29-NPC01.LAZ,521,4658,110.8,5.1,149.9,ok,
PNOA-2024-GAL-509-4637-H29-NPC01.LAZ,509,4637,12.2,1.1,56.1,ok,
PNOA-2024-GAL-569-4713-H29-NPC01.LAZ,569,4713,79.6,3.2,138.8,ok,
PNOA-2024-GAL-584-4745-H29-NPC01.LAZ,584,4745,67.9,3.3,107.2,ok,
PNOA-2024-GAL-568-4735-H29-NPC01.LAZ,568,4735,39.2,2.0,114.0,ok,
PNOA-2024-GAL-572-4715-H29-NPC01.LAZ,572,4715,67.6,4.0,115.6,ok,
PNOA-2024-GAL-564-4731-H29-NPC01.LAZ,564,4731,125.7,5.2,134.5,ok,
PNOA-2024-GAL-538-4674-H29-NPC01.LAZ,538,4674,99.2,4.1,123.1,ok,
PNOA-2024-GAL-567-4714-H29-NPC01.LAZ,567,4714,45.0,2.3,109.3,ok,
PNOA-2024-GAL-577-4722-H29-NPC01.LAZ,577,4722,67.1,3.1,111.6,ok,
PNOA-2024-GAL-576-4734-H29-NPC01.LAZ,576,4734,75.5,3.1,125.9,ok,
PNOA-2024-GAL-559-4711-H29-NPC01.LAZ,559,4711,68.2,3.6,120.6,ok,
PNOA-2024-GAL-539-4704-H29-NPC01.LAZ,539,4704,48.4,2.6,106.8,ok,
PNOA-2024-GAL-547-4700-H29-NPC01.LAZ,547,4700,119.2,4.8,142.0,ok,
PNOA-2024-GAL-578-4741-H29-NPC01.LAZ,578,4741,62.2,3.2,124.6,ok,
PNOA-2024-GAL-519-4702-H29-NPC01.LAZ,519,4702,64.2,3.5,129.4,ok,
PNOA-2024-GAL-554-4720-H29-NPC01.LAZ,554,4720,60.3,2.5,117.1,ok,
PNOA-2024-GAL-564-4719-H29-NPC01.LAZ,564,4719,63.8,2.7,115.3,ok,
PNOA-2024-GAL-578-4744-H29-NPC01.LAZ,578,4744,41.0,2.0,111.8,ok,
PNOA-2024-GAL-569-4736-H29-NPC01.LAZ,569,4736,98.5,4.6,122.5,ok,
PNOA-2024-GAL-527-4650-H29-NPC01.LAZ,527,4650,33.5,1.7,90.4,ok,
PNOA-2024-GAL-542-4659-H29-NPC01.LAZ,542,4659,31.7,1.4,96.9,ok,
PNOA-2024-GAL-563-4714-H29-NPC01.LAZ,563,4714,61.8,2.9,182.3,ok,
PNOA-2024-GAL-531-4664-H29-NPC01.LAZ,531,4664,32.6,1.8,122.2,ok,
PNOA-2024-GAL-515-4648-H29-NPC01.LAZ,515,4648,51.1,2.7,111.2,ok,
PNOA-2024-GAL-564-4718-H29-NPC01.LAZ,564,4718,63.6,3.6,122.4,ok,
PNOA-2024-GAL-536-4698-H29-NPC01.LAZ,536,4698,111.2,4.9,141.2,ok,
PNOA-2024-GAL-529-4683-H29-NPC01.LAZ,529,4683,19.3,1.3,75.6,ok,
PNOA-2024-GAL-546-4710-H29-NPC01.LAZ,546,4710,184.0,8.1,256.0,ok,
PNOA-2024-GAL-561-4735-H29-NPC01.LAZ,561,4735,55.1,41.2,289.2,ok,
PNOA-2024-GAL-568-4713-H29-NPC01.LAZ,568,4713,70.5,5.1,278.1,ok,
PNOA-2024-GAL-580-4729-H29-NPC01.LAZ,580,4729,118.0,4.8,262.1,ok,
PNOA-2024-GAL-518-4701-H29-NPC01.LAZ,518,4701,90.5,3.8,343.0,ok,
PNOA-2024-GAL-553-4699-H29-NPC01.LAZ,553,4699,92.9,0.0,201.4,ok,
PNOA-2024-GAL-565-4721-H29-NPC01.LAZ,565,4721,52.5,2.3,171.0,ok,
PNOA-2024-GAL-529-4681-H29-NPC01.LAZ,529,4681,129.7,5.9,277.6,ok,
PNOA-2024-GAL-570-4743-H29-NPC01.LAZ,570,4743,49.3,3.5,151.8,ok,
PNOA-2024-GAL-511-4694-H29-NPC01.LAZ,511,4694,16.4,1.2,76.9,ok,
PNOA-2024-GAL-535-4674-H29-NPC01.LAZ,535,4674,81.8,3.3,176.2,ok,
PNOA-2024-GAL-537-4686-H29-NPC01.LAZ,537,4686,91.2,6.3,341.3,ok,
PNOA-2024-GAL-544-4698-H29-NPC01.LAZ,544,4698,120.4,5.5,440.1,ok,
PNOA-2024-GAL-531-4723-H29-NPC01.LAZ,531,4723,90.9,4.2,364.2,ok,
PNOA-2024-GAL-546-4711-H29-NPC01.LAZ,546,4711,178.1,7.3,455.2,ok,
PNOA-2024-GAL-541-4716-H29-NPC01.LAZ,541,4716,57.6,2.8,338.7,ok,
PNOA-2024-GAL-510-4645-H29-NPC01.LAZ,510,4645,45.3,2.4,180.5,ok,
PNOA-2024-GAL-524-4694-H29-NPC01.LAZ,524,4694,53.9,2.7,188.9,ok,
PNOA-2024-GAL-570-4737-H29-NPC01.LAZ,570,4737,92.1,4.0,152.2,ok,
PNOA-2024-GAL-539-4719-H29-NPC01.LAZ,539,4719,54.8,2.2,173.1,ok,
PNOA-2024-GAL-550-4711-H29-NPC01.LAZ,550,4711,93.6,3.7,194.6,ok,
PNOA-2024-GAL-528-4685-H29-NPC01.LAZ,528,4685,18.5,1.4,86.9,ok,
PNOA-2024-GAL-550-4725-H29-NPC01.LAZ,550,4725,83.7,3.8,137.7,ok,
PNOA-2024-GAL-513-4668-H29-NPC01.LAZ,513,4668,20.8,1.8,63.3,ok,
PNOA-2024-GAL-527-4719-H29-NPC01.LAZ,527,4719,57.5,2.8,140.1,ok,
PNOA-2024-GAL-582-4726-H29-NPC01.LAZ,582,4726,66.0,3.0,153.1,ok,
PNOA-2024-GAL-571-4714-H29-NPC01.LAZ,571,4714,43.1,2.5,144.2,ok,
PNOA-2024-GAL-511-4683-H29-NPC01.LAZ,511,4683,27.4,1.7,113.3,ok,
PNOA-2024-GAL-540-4678-H29-NPC01.LAZ,540,4678,82.2,4.0,172.2,ok,
PNOA-2024-GAL-570-4742-H29-NPC01.LAZ,570,4742,54.6,2.9,151.5,ok,
PNOA-2024-GAL-527-4701-H29-NPC01.LAZ,527,4701,88.4,4.1,164.8,ok,
PNOA-2024-GAL-574-4717-H29-NPC01.LAZ,574,4717,61.9,3.6,139.0,ok,
PNOA-2024-GAL-557-4707-H29-NPC01.LAZ,557,4707,57.5,2.7,167.7,ok,
PNOA-2024-GAL-577-4729-H29-NPC01.LAZ,577,4729,110.8,4.5,173.8,ok,
PNOA-2024-GAL-579-4724-H29-NPC01.LAZ,579,4724,75.5,3.8,152.8,ok,
PNOA-2024-GAL-549-4694-H29-NPC01.LAZ,549,4694,127.9,4.7,183.4,ok,
PNOA-2024-GAL-529-4675-H29-NPC01.LAZ,529,4675,48.0,2.3,131.3,ok,
PNOA-2024-GAL-549-4659-H29-NPC01.LAZ,549,4659,40.7,1.8,99.1,ok,
PNOA-2024-GAL-508-4657-H29-NPC01.LAZ,508,4657,15.8,1.2,69.8,ok,
PNOA-2024-GAL-545-4702-H29-NPC01.LAZ,545,4702,61.3,2.7,146.8,ok,
PNOA-2024-GAL-548-4713-H29-NPC01.LAZ,548,4713,195.3,7.9,166.1,ok,
PNOA-2024-GAL-545-4707-H29-NPC01.LAZ,545,4707,74.0,4.2,127.2,ok,
PNOA-2024-GAL-538-4696-H29-NPC01.LAZ,538,4696,89.5,3.7,125.3,ok,
PNOA-2024-GAL-520-4684-H29-NPC01.LAZ,520,4684,106.4,4.5,125.6,ok,
PNOA-2024-GAL-541-4699-H29-NPC01.LAZ,541,4699,53.8,2.8,116.2,ok,
PNOA-2024-GAL-548-4720-H29-NPC01.LAZ,548,4720,187.3,10.4,171.8,ok,
PNOA-2024-GAL-556-4719-H29-NPC01.LAZ,556,4719,53.7,2.6,139.2,ok,
PNOA-2024-GAL-541-4689-H29-NPC01.LAZ,541,4689,96.6,4.4,136.7,ok,
PNOA-2024-GAL-543-4672-H29-NPC01.LAZ,543,4672,102.9,5.0,132.1,ok,
PNOA-2024-GAL-560-4709-H29-NPC01.LAZ,560,4709,44.3,2.9,152.0,ok,
PNOA-2024-GAL-512-4653-H29-NPC01.LAZ,512,4653,63.5,2.9,161.3,ok,
PNOA-2024-GAL-573-4740-H29-NPC01.LAZ,573,4740,85.4,4.3,161.5,ok,
PNOA-2024-GAL-524-4698-H29-NPC01.LAZ,524,4698,21.4,1.4,74.6,ok,
PNOA-2024-GAL-523-4718-H29-NPC01.LAZ,523,4718,55.1,2.5,146.0,ok,
PNOA-2024-GAL-556-4725-H29-NPC01.LAZ,556,4725,70.7,3.5,163.0,ok,
PNOA-2024-GAL-549-4713-H29-NPC01.LAZ,549,4713,226.5,10.3,383.5,ok,
PNOA-2024-GAL-524-4718-H29-NPC01.LAZ,524,4718,64.3,3.4,202.2,ok,
PNOA-2024-GAL-541-4712-H29-NPC01.LAZ,541,4712,63.1,3.2,226.7,ok,
PNOA-2024-GAL-544-4687-H29-NPC01.LAZ,544,4687,66.9,4.6,357.3,ok,
PNOA-2024-GAL-550-4729-H29-NPC01.LAZ,550,4729,146.8,7.7,376.6,ok,
PNOA-2024-GAL-519-4659-H29-NPC01.LAZ,519,4659,57.0,3.1,301.2,ok,
PNOA-2024-GAL-581-4745-H29-NPC01.LAZ,581,4745,82.4,3.7,298.2,ok,
PNOA-2024-GAL-516-4694-H29-NPC01.LAZ,516,4694,17.3,1.5,126.9,ok,
PNOA-2024-GAL-510-4700-H29-NPC01.LAZ,510,4700,28.7,1.8,228.1,ok,
PNOA-2024-GAL-548-4691-H29-NPC01.LAZ,548,4691,136.7,6.8,299.2,ok,
PNOA-2024-GAL-523-4688-H29-NPC01.LAZ,523,4688,63.3,2.9,267.0,ok,
PNOA-2024-GAL-569-4714-H29-NPC01.LAZ,569,4714,39.0,2.1,217.3,ok,
PNOA-2024-GAL-549-4690-H29-NPC01.LAZ,549,4690,101.6,4.3,270.0,ok,
PNOA-2024-GAL-551-4711-H29-NPC01.LAZ,551,4711,85.1,4.0,282.5,ok,
PNOA-2024-GAL-517-4646-H29-NPC01.LAZ,517,4646,68.3,3.2,235.7,ok,
PNOA-2024-GAL-576-4735-H29-NPC01.LAZ,576,4735,64.6,2.8,189.1,ok,
PNOA-2024-GAL-544-4689-H29-NPC01.LAZ,544,4689,78.1,3.5,183.8,ok,
PNOA-2024-GAL-578-4734-H29-NPC01.LAZ,578,4734,60.2,3.0,246.6,ok,
PNOA-2024-GAL-516-4658-H29-NPC01.LAZ,516,4658,97.2,4.1,206.1,ok,
PNOA-2024-GAL-552-4710-H29-NPC01.LAZ,552,4710,123.2,5.4,180.9,ok,
PNOA-2024-GAL-550-4720-H29-NPC01.LAZ,550,4720,70.7,3.0,212.3,ok,
PNOA-2024-GAL-525-4664-H29-NPC01.LAZ,525,4664,52.0,2.5,238.2,ok,
PNOA-2024-GAL-573-4714-H29-NPC01.LAZ,573,4714,46.8,2.1,198.7,ok,
PNOA-2024-GAL-512-4664-H29-NPC01.LAZ,512,4664,23.7,1.2,143.4,ok,
PNOA-2024-GAL-524-4681-H29-NPC01.LAZ,524,4681,24.5,1.5,110.0,ok,
PNOA-2024-GAL-528-4691-H29-NPC01.LAZ,528,4691,120.0,4.9,232.9,ok,
PNOA-2024-GAL-527-4689-H29-NPC01.LAZ,527,4689,96.8,5.2,211.3,ok,
PNOA-2024-GAL-529-4678-H29-NPC01.LAZ,529,4678,87.4,3.7,209.6,ok,
PNOA-2024-GAL-562-4723-H29-NPC01.LAZ,562,4723,43.5,2.3,184.4,ok,
PNOA-2024-GAL-525-4726-H29-NPC01.LAZ,525,4726,61.2,2.6,208.7,ok,
PNOA-2024-GAL-548-4666-H29-NPC01.LAZ,548,4666,45.5,2.1,175.2,ok,
PNOA-2024-GAL-537-4719-H29-NPC01.LAZ,537,4719,49.5,2.7,190.9,ok,
PNOA-2024-GAL-532-4733-H29-NPC01.LAZ,532,4733,43.9,2.1,167.6,ok,
PNOA-2024-GAL-529-4654-H29-NPC01.LAZ,529,4654,45.8,2.5,179.7,ok,
PNOA-2024-GAL-543-4707-H29-NPC01.LAZ,543,4707,62.5,3.9,206.9,ok,
PNOA-2024-GAL-534-4665-H29-NPC01.LAZ,534,4665,97.3,4.6,224.5,ok,
PNOA-2024-GAL-516-4644-H29-NPC01.LAZ,516,4644,77.4,3.4,195.6,ok,
PNOA-2024-GAL-526-4688-H29-NPC01.LAZ,526,4688,72.9,3.8,217.5,ok,
PNOA-2024-GAL-534-4675-H29-NPC01.LAZ,534,4675,66.9,3.1,276.9,ok,
PNOA-2024-GAL-542-4701-H29-NPC01.LAZ,542,4701,99.3,4.4,245.2,ok,
PNOA-2024-GAL-537-4717-H29-NPC01.LAZ,537,4717,66.0,3.3,206.8,ok,
PNOA-2024-GAL-536-4679-H29-NPC01.LAZ,536,4679,62.7,2.9,209.7,ok,
PNOA-2024-GAL-518-4718-H29-NPC01.LAZ,518,4718,15.1,1.0,72.6,ok,
PNOA-2024-GAL-537-4682-H29-NPC01.LAZ,537,4682,116.9,5.8,252.4,ok,
PNOA-2024-GAL-512-4637-H29-NPC01.LAZ,512,4637,12.0,1.1,91.2,ok,
PNOA-2024-GAL-546-4691-H29-NPC01.LAZ,546,4691,163.3,7.6,237.2,ok,
PNOA-2024-GAL-582-4742-H29-NPC01.LAZ,582,4742,73.8,3.5,206.6,ok,
PNOA-2024-GAL-553-4723-H29-NPC01.LAZ,553,4723,39.7,1.9,147.5,ok,
PNOA-2024-GAL-511-4636-H29-NPC01.LAZ,511,4636,23.6,1.3,184.3,ok,
PNOA-2024-GAL-527-4674-H29-NPC01.LAZ,527,4674,60.6,2.8,380.5,ok,
PNOA-2024-GAL-526-4730-H29-NPC01.LAZ,526,4730,49.8,2.0,315.7,ok,
PNOA-2024-GAL-559-4718-H29-NPC01.LAZ,559,4718,48.3,2.6,375.0,ok,
PNOA-2024-GAL-565-4746-H29-NPC01.LAZ,565,4746,45.1,2.1,314.8,ok,
PNOA-2024-GAL-536-4680-H29-NPC01.LAZ,536,4680,80.0,3.5,263.7,ok,
PNOA-2024-GAL-548-4723-H29-NPC01.LAZ,548,4723,121.8,7.9,426.4,ok,
PNOA-2024-GAL-518-4679-H29-NPC01.LAZ,518,4679,11.2,0.7,147.7,ok,
PNOA-2024-GAL-517-4647-H29-NPC01.LAZ,517,4647,76.9,3.3,362.5,ok,
PNOA-2024-GAL-531-4721-H29-NPC01.LAZ,531,4721,82.5,4.7,368.8,ok,
PNOA-2024-GAL-546-4700-H29-NPC01.LAZ,546,4700,169.0,7.3,488.6,ok,
PNOA-2024-GAL-530-4728-H29-NPC01.LAZ,530,4728,53.3,2.7,235.8,ok,
PNOA-2024-GAL-530-4676-H29-NPC01.LAZ,530,4676,54.1,3.7,360.2,ok,
PNOA-2024-GAL-529-4677-H29-NPC01.LAZ,529,4677,106.5,4.4,362.6,ok,
PNOA-2024-GAL-538-4692-H29-NPC01.LAZ,538,4692,46.3,2.2,323.5,ok,
PNOA-2024-GAL-573-4737-H29-NPC01.LAZ,573,4737,63.6,3.1,331.2,ok,
PNOA-2024-GAL-532-4725-H29-NPC01.LAZ,532,4725,100.4,4.2,390.6,ok,
PNOA-2024-GAL-578-4736-H29-NPC01.LAZ,578,4736,61.0,3.4,345.7,ok,
PNOA-2024-GAL-512-4681-H29-NPC01.LAZ,512,4681,57.1,3.0,338.9,ok,
PNOA-2024-GAL-530-4683-H29-NPC01.LAZ,530,4683,18.6,1.0,129.9,ok,
PNOA-2024-GAL-528-4693-H29-NPC01.LAZ,528,4693,113.9,5.1,389.2,ok,
PNOA-2024-GAL-525-4651-H29-NPC01.LAZ,525,4651,85.8,3.5,349.1,ok,
PNOA-2024-GAL-534-4674-H29-NPC01.LAZ,534,4674,104.2,4.3,369.8,ok,
PNOA-2024-GAL-535-4697-H29-NPC01.LAZ,535,4697,54.7,2.5,333.3,ok,
PNOA-2024-GAL-537-4735-H29-NPC01.LAZ,537,4735,39.1,1.7,312.5,ok,
PNOA-2024-GAL-542-4706-H29-NPC01.LAZ,542,4706,101.9,4.4,413.2,ok,
PNOA-2024-GAL-574-4746-H29-NPC01.LAZ,574,4746,48.8,2.1,315.8,ok,
PNOA-2024-GAL-513-4708-H29-NPC01.LAZ,513,4708,7.5,0.5,93.3,ok,
PNOA-2024-GAL-539-4659-H29-NPC01.LAZ,539,4659,46.4,2.1,244.5,ok,
PNOA-2024-GAL-535-4726-H29-NPC01.LAZ,535,4726,59.4,2.6,208.2,ok,
PNOA-2024-GAL-547-4703-H29-NPC01.LAZ,547,4703,136.0,12.3,235.2,ok,
PNOA-2024-GAL-513-4714-H29-NPC01.LAZ,513,4714,14.1,0.8,96.7,ok,
PNOA-2024-GAL-522-4726-H29-NPC01.LAZ,522,4726,37.9,1.6,106.7,ok,
PNOA-2024-GAL-581-4735-H29-NPC01.LAZ,581,4735,64.6,2.8,164.2,ok,
PNOA-2024-GAL-546-4734-H29-NPC01.LAZ,546,4734,150.2,5.8,203.3,ok,
PNOA-2024-GAL-563-4733-H29-NPC01.LAZ,563,4733,57.9,2.3,168.2,ok,
PNOA-2024-GAL-547-4671-H29-NPC01.LAZ,547,4671,112.8,4.8,193.0,ok,
PNOA-2024-GAL-547-4711-H29-NPC01.LAZ,547,4711,162.5,7.1,181.3,ok,
PNOA-2024-GAL-522-4696-H29-NPC01.LAZ,522,4696,7.0,0.7,35.9,ok,
PNOA-2024-GAL-582-4725-H29-NPC01.LAZ,582,4725,44.5,2.8,159.9,ok,
PNOA-2024-GAL-514-4707-H29-NPC01.LAZ,514,4707,20.1,1.0,121.6,ok,
PNOA-2024-GAL-584-4744-H29-NPC01.LAZ,584,4744,48.3,1.9,145.2,ok,
